ATIRE Version 0.5 alpha (64-bit DEBUGGING-build)
Written (w) 2008-2014 Andrew Trotman, University of Otago
<ATIREsearch>
D:raspberried->raspberry
D:raspberries->raspberry
D:raspberry->raspberry
D:raspberrying->raspberry
D:raspberryness->raspberry
D:raspberrys->raspberry
D:pi->pi
D:piability->pi
D:piable->pi
D:pial->pi
D:pieer->pi
D:pieor->pi
D:pieorities->pi
D:piial->pi
D:piical->pi
D:piity->pi
D:piive->pi
D:piize->pi
D:piizes->pi
D:piment->pi
D:pimentities->pi
D:pimentity->pi
D:piments->pi
<query> raspberry pi</query><numhits>10</numhits><time>1395</time>
</ATIREsearch>
<ATIREsearch>
D:uss->uss
D:ussness->uss
D:carl->carl
D:carling->carl
D:carlings->carl
D:carlism->carl
D:carlisms->carl
D:carlity->carl
D:carlly->carl
D:carllys->carl
D:carlness->carl
D:carls->carl
D:vinson->vinson
D:vinsons->vinson
<query> uss carl vinson</query><numhits>10</numhits><time>2503</time>
</ATIREsearch>
<ATIREsearch>
Q:reviews->review
D:review->review
D:reviewability->review
D:reviewable->review
D:reviewables->review
D:reviewably->review
D:reviewal->review
D:reviewals->review
D:reviewed->review
D:revieweds->review
D:revieweer->review
D:revieweers->review
D:reviewence->review
D:reviewer->review
D:reviewerness->review
D:reviewers->review
D:reviewes->review
D:reviewing->review
D:reviewings->review
D:reviewion->review
D:reviewity->review
D:reviewly->review
D:reviewness->review
D:reviewor->review
D:reviews->review
D:reviewwed->review
D:reviewwing->review
D:of->of
D:ofabilities->of
D:ofal->of
D:ofallied->of
D:ofally->of
D:ofals->of
D:ofeer->of
D:ofeers->of
D:ofence->of
D:ofences->of
D:ofeor->of
D:ofer->of
D:ofers->of
D:ofes->of
D:offor->of
D:offors->of
D:ofial->of
D:ofic->of
D:ofical->of
D:ofically->of
D:oficals->of
D:ofics->of
D:ofion->of
D:ofions->of
D:ofism->of
D:ofities->of
D:ofive->of
D:oflies->of
D:ofly->of
D:ofment->of
D:ofness->of
D:ofor->of
D:ofors->of
Q:les->le
D:le->le
D:leism->le
D:leisms->le
D:lelies->le
D:leliness->le
D:lely->le
D:lelys->le
D:leness->le
D:les->le
Q:miserables->miserable
D:miserabilities->miserable
D:miserability->miserable
D:miserable->miserable
D:miserableism->miserable
D:miserablelies->miserable
D:miserablely->miserable
D:miserablement->miserable
D:miserableness->miserable
D:miserabler->miserable
D:miserables->miserable
D:miserablize->miserable
D:miserably->miserable
<query> reviews of les miserables</query><numhits>10</numhits><time>7392</time>
</ATIREsearch>
<ATIREsearch>
Q:rules->rule
D:rulability->rule
D:rulable->rule
D:rulal->rule
D:rule->rule
D:ruled->rule
D:ruleds->rule
D:ruleed->rule
D:rulees->rule
D:ruleing->rule
D:ruleings->rule
D:rulely->rule
D:rulement->rule
D:rulence->rule
D:ruleness->rule
D:ruler->rule
D:rulers->rule
D:rules->rule
D:rulic->rule
D:rulies->rule
D:ruling->rule
D:rulings->rule
D:rulion->rule
D:rulive->rule
D:rulor->rule
D:ruly->rule
D:rulys->rule
D:of->of
D:ofabilities->of
D:ofal->of
D:ofallied->of
D:ofally->of
D:ofals->of
D:ofeer->of
D:ofeers->of
D:ofence->of
D:ofences->of
D:ofeor->of
D:ofer->of
D:ofers->of
D:ofes->of
D:offor->of
D:offors->of
D:ofial->of
D:ofic->of
D:ofical->of
D:ofically->of
D:oficals->of
D:ofics->of
D:ofion->of
D:ofions->of
D:ofism->of
D:ofities->of
D:ofive->of
D:oflies->of
D:ofly->of
D:ofment->of
D:ofness->of
D:ofor->of
D:ofors->of
D:golf->golf
D:golfability->golf
D:golfable->golf
D:golfal->golf
D:golfed->golf
D:golfer->golf
D:golfers->golf
D:golfes->golf
D:golffing->golf
D:golfing->golf
D:golfings->golf
D:golfism->golf
D:golfity->golf
D:golfly->golf
D:golfment->golf
D:golfness->golf
D:golfs->golf
<query> rules of golf</query><numhits>10</numhits><time>4908</time>
</ATIREsearch>
<ATIREsearch>
D:averagable->average
D:average->average
D:averageable->average
D:averageal->average
D:averaged->average
D:averageds->average
D:averageed->average
D:averagees->average
D:averageing->average
D:averagely->average
D:averageness->average
D:averageor->average
D:averager->average
D:averagers->average
D:averages->average
D:averaging->average
D:averagings->average
D:charitability->charitable
D:charitable->charitable
D:charitableness->charitable
D:charitables->charitable
D:charitablity->charitable
D:charitably->charitable
Q:donation->donate
D:donatable->donate
D:donatal->donate
D:donatation->donate
D:donatations->donate
D:donate->donate
D:donateables->donate
D:donated->donate
D:donateds->donate
D:donateed->donate
D:donatees->donate
D:donateing->donate
D:donateion->donate
D:donately->donate
D:donateor->donate
D:donater->donate
D:donaters->donate
D:donates->donate
D:donating->donate
D:donation->donate
D:donations->donate
D:donatition->donate
D:donative->donate
D:donatives->donate
D:donator->donate
D:donators->donate
<query> average charitable donation</query><numhits>10</numhits><time>2743</time>
</ATIREsearch>
<ATIREsearch>
D:wind->wind
D:windability->wind
D:windable->wind
D:windal->wind
D:windals->wind
D:windance->wind
D:windation->wind
D:windding->wind
D:winddor->wind
D:winded->wind
D:windeers->wind
D:windeor->wind
D:winder->wind
D:winderness->wind
D:winders->wind
D:windes->wind
D:windial->wind
D:winding->wind
D:windings->wind
D:windive->wind
D:windlied->wind
D:windly->wind
D:windment->wind
D:windness->wind
D:windor->wind
D:windors->wind
D:winds->wind
D:power->power
D:powerability->power
D:powerable->power
D:poweral->power
D:powerallies->power
D:powerally->power
D:poweration->power
D:powered->power
D:powereds->power
D:powerer->power
D:powerers->power
D:poweres->power
D:poweric->power
D:powering->power
D:powerings->power
D:powerism->power
D:powerize->power
D:powerized->power
D:powerizer->power
D:powerizers->power
D:powerizing->power
D:powerlies->power
D:powerly->power
D:powerment->power
D:powerness->power
D:poweror->power
D:powerrally->power
D:powerred->power
D:powerring->power
D:powerrizer->power
D:powerrizers->power
D:powers->power
<query> wind power</query><numhits>10</numhits><time>2429</time>
</ATIREsearch>
<ATIREsearch>
D:bph->bph
D:bphly->bph
D:bphs->bph
Q:treatment->treat
D:treat->treat
D:treatability->treat
D:treatable->treat
D:treatableness->treat
D:treatables->treat
D:treatably->treat
D:treated->treat
D:treateds->treat
D:treater->treat
D:treaters->treat
D:treates->treat
D:treatibility->treat
D:treating->treat
D:treatings->treat
D:treative->treat
D:treativity->treat
D:treatize->treat
D:treatly->treat
D:treatment->treat
D:treatmenting->treat
D:treatments->treat
D:treator->treat
D:treators->treat
D:treats->treat
D:treatted->treat
D:treatting->treat
<query> bph treatment</query><numhits>10</numhits><time>1350</time>
</ATIREsearch>
<ATIREsearch>
D:doctor->doctor
D:doctorability->doctor
D:doctorable->doctor
D:doctored->doctor
D:doctorers->doctor
D:doctores->doctor
D:doctorial->doctor
D:doctorially->doctor
D:doctorials->doctor
D:doctoric->doctor
D:doctoring->doctor
D:doctorings->doctor
D:doctorism->doctor
D:doctoriving->doctor
D:doctorize->doctor
D:doctorized->doctor
D:doctorly->doctor
D:doctorness->doctor
D:doctoror->doctor
D:doctorral->doctor
D:doctorred->doctor
D:doctors->doctor
D:zhivago->zhivago
D:zhivagos->zhivago
<query> doctor zhivago</query><numhits>10</numhits><time>1102</time>
</ATIREsearch>
<ATIREsearch>
D:land->land
D:landable->land
D:landal->land
D:landals->land
D:landance->land
D:landded->land
D:landding->land
D:landed->land
D:landeds->land
D:landeer->land
D:lander->land
D:landers->land
D:landes->land
D:landial->land
D:landic->land
D:landing->land
D:landings->land
D:landion->land
D:landism->land
D:landive->land
D:landized->land
D:landly->land
D:landness->land
D:landor->land
D:landors->land
D:lands->land
D:surveyor->surveyor
D:surveyores->surveyor
D:surveyoring->surveyor
D:surveyors->surveyor
<query> land surveyor</query><numhits>10</numhits><time>2012</time>
</ATIREsearch>
<ATIREsearch>
D:golf->golf
D:golfability->golf
D:golfable->golf
D:golfal->golf
D:golfed->golf
D:golfer->golf
D:golfers->golf
D:golfes->golf
D:golffing->golf
D:golfing->golf
D:golfings->golf
D:golfism->golf
D:golfity->golf
D:golfly->golf
D:golfment->golf
D:golfness->golf
D:golfs->golf
D:gps->gps
D:gpsisms->gps
D:gpsly->gps
D:gpsness->gps
<query> golf gps</query><numhits>10</numhits><time>1010</time>
</ATIREsearch>
<ATIREsearch>
D:what->what
D:whatabilities->what
D:whatability->what
D:whatal->what
D:whated->what
D:whateer->what
D:whater->what
D:whaters->what
D:whates->what
D:whating->what
D:whatings->what
D:whatism->what
D:whatisms->what
D:whative->what
D:whatived->what
D:whatlies->what
D:whatly->what
D:whatness->what
D:whator->what
D:whats->what
D:whattable->what
D:whatted->what
D:whatter->what
D:whatters->what
D:whatting->what
D:is->is
D:isabilities->is
D:isability->is
D:isable->is
D:isabled->is
D:isables->is
D:isal->is
D:isally->is
D:isals->is
D:isance->is
D:isances->is
D:isation->is
D:isations->is
D:iseer->is
D:isence->is
D:iseor->is
D:iser->is
D:isers->is
D:ises->is
D:isial->is
D:isially->is
D:isibility->is
D:isible->is
D:isibles->is
D:isic->is
D:isical->is
D:isics->is
D:ision->is
D:isions->is
D:isism->is
D:isity->is
D:isive->is
D:isize->is
D:isized->is
D:isizes->is
D:isizing->is
D:isment->is
D:isness->is
D:isor->is
D:isors->is
D:issable->is
D:issal->is
D:issed->is
D:isser->is
D:issers->is
D:issible->is
D:issing->is
D:issings->is
D:issize->is
D:issized->is
D:issizer->is
D:issizing->is
D:issor->is
D:issors->is
D:madagascan->madagascar
D:madagascans->madagascar
D:madagascar->madagascar
D:madagascars->madagascar
D:known->known
D:knownable->known
D:knowned->known
D:knowner->known
D:knowners->known
D:knowning->known
D:knownity->known
D:knownly->known
D:knownness->known
D:knownor->known
D:knowns->known
D:for->for
D:forable->for
D:forably->for
D:foral->for
D:forally->for
D:forals->for
D:foreer->for
D:foreor->for
D:forible->for
D:fority->for
D:forive->for
D:foriveness->for
D:forlied->for
D:forlies->for
D:forly->for
D:forment->for
D:formenting->for
D:formentity->for
D:forments->for
D:forness->for
D:foror->for
D:forral->for
D:forrally->for
D:forred->for
D:forrer->for
D:forrers->for
D:forrible->for
D:forror->for
D:fors->for
<query> what is madagascar known for</query><numhits>10</numhits><time>10062</time>
</ATIREsearch>
<ATIREsearch>
D:homal->home
D:homally->home
D:homals->home
D:homance->home
D:homances->home
D:home->home
D:homeable->home
D:homeables->home
D:homeal->home
D:homeance->home
D:homed->home
D:homeds->home
D:homeed->home
D:homeer->home
D:homeers->home
D:homees->home
D:homeics->home
D:homeing->home
D:homeings->home
D:homeion->home
D:homeize->home
D:homeness->home
D:homeor->home
D:homer->home
D:homerness->home
D:homers->home
D:homes->home
D:homic->home
D:homical->home
D:homing->home
D:homings->home
D:homity->home
D:theater->theater
D:theaters->theater
Q:systems->system
D:system->system
D:systemability->system
D:systemal->system
D:systemation->system
D:systemations->system
D:systemative->system
D:systemed->system
D:systemer->system
D:systemes->system
D:systeming->system
D:systemism->system
D:systemity->system
D:systemize->system
D:systemized->system
D:systemizer->system
D:systemizers->system
D:systemizes->system
D:systemizing->system
D:systemly->system
D:systemmed->system
D:systemness->system
D:systemor->system
D:systems->system
<query> home theater systems</query><numhits>10</numhits><time>4928</time>
</ATIREsearch>
<ATIREsearch>
D:carpal->carpal
D:carpales->carpal
D:carpals->carpal
D:tunnel->tunnel
D:tunnelable->tunnel
D:tunneled->tunnel
D:tunneler->tunnel
D:tunnelers->tunnel
D:tunneles->tunnel
D:tunneling->tunnel
D:tunnelings->tunnel
D:tunnelization->tunnel
D:tunnelized->tunnel
D:tunnelled->tunnel
D:tunneller->tunnel
D:tunnellers->tunnel
D:tunnelling->tunnel
D:tunnellings->tunnel
D:tunnelly->tunnel
D:tunnels->tunnel
D:syndromal->syndrome
D:syndrome->syndrome
D:syndromed->syndrome
D:syndromer->syndrome
D:syndromers->syndrome
D:syndromes->syndrome
D:syndromic->syndrome
D:syndromically->syndrome
D:syndroming->syndrome
D:syndromized->syndrome
<query> carpal tunnel syndrome</query><numhits>10</numhits><time>2139</time>
</ATIREsearch>
<ATIREsearch>
D:capital->capital
D:capitalation->capital
D:capitaled->capital
D:capitaler->capital
D:capitales->capital
D:capitaling->capital
D:capitalism->capital
D:capitalisms->capital
D:capitalive->capital
D:capitalization->capital
D:capitalizations->capital
D:capitalize->capital
D:capitalized->capital
D:capitalizer->capital
D:capitalizers->capital
D:capitalizes->capital
D:capitalizing->capital
D:capitalled->capital
D:capitaller->capital
D:capitalling->capital
D:capitallization->capital
D:capitallized->capital
D:capitallizing->capital
D:capitally->capital
D:capitalness->capital
D:capitalor->capital
D:capitalors->capital
D:capitals->capital
Q:gains->gain
D:gain->gain
D:gainable->gain
D:gainables->gain
D:gained->gain
D:gaineds->gain
D:gaineer->gain
D:gainer->gain
D:gainers->gain
D:gaines->gain
D:gaining->gain
D:gainings->gain
D:gainism->gain
D:gainliness->gain
D:gainly->gain
D:gainment->gain
D:gainned->gain
D:gainner->gain
D:gainness->gain
D:gainning->gain
D:gainor->gain
D:gainors->gain
D:gains->gain
D:tax->tax
D:taxabilities->tax
D:taxability->tax
D:taxable->tax
D:taxableness->tax
D:taxables->tax
D:taxably->tax
D:taxal->tax
D:taxative->tax
D:taxed->tax
D:taxeds->tax
D:taxer->tax
D:taxers->tax
D:taxes->tax
D:taxibility->tax
D:taxible->tax
D:taxic->tax
D:taxical->tax
D:taxicity->tax
D:taxing->tax
D:taxings->tax
D:taxion->tax
D:taxism->tax
D:taxities->tax
D:taxity->tax
D:taxivity->tax
D:taxization->tax
D:taxor->tax
D:taxors->tax
D:taxs->tax
D:taxxable->tax
D:taxxed->tax
D:taxxing->tax
D:ratance->rate
D:ratation->rate
D:rate->rate
D:rateabilities->rate
D:rateability->rate
D:rateable->rate
D:rateables->rate
D:rateably->rate
D:rateal->rate
D:rated->rate
D:rateds->rate
D:rateed->rate
D:ratees->rate
D:rateing->rate
D:rateings->rate
D:rateion->rate
D:rately->rate
D:ratency->rate
D:rateness->rate
D:rates->rate
D:ratic->rate
D:ratics->rate
D:rating->rate
D:ratings->rate
<query> capital gains tax rate</query><numhits>10</numhits><time>4947</time>
</ATIREsearch>
<ATIREsearch>
D:maryland->maryland
D:marylands->maryland
D:department->department
D:departmental->department
D:departmentally->department
D:departmentals->department
D:departmentation->department
D:departmented->department
D:departmentes->department
D:departmentize->department
D:departmentment->department
D:departmentments->department
D:departmentor->department
D:departments->department
D:of->of
D:ofabilities->of
D:ofal->of
D:ofallied->of
D:ofally->of
D:ofals->of
D:ofeer->of
D:ofeers->of
D:ofence->of
D:ofences->of
D:ofeor->of
D:ofer->of
D:ofers->of
D:ofes->of
D:offor->of
D:offors->of
D:ofial->of
D:ofic->of
D:ofical->of
D:ofically->of
D:oficals->of
D:ofics->of
D:ofion->of
D:ofions->of
D:ofism->of
D:ofities->of
D:ofive->of
D:oflies->of
D:ofly->of
D:ofment->of
D:ofness->of
D:ofor->of
D:ofors->of
D:natural->natural
D:naturalabilities->natural
D:naturalability->natural
D:naturalality->natural
D:naturalally->natural
D:naturaled->natural
D:naturalers->natural
D:naturales->natural
D:naturaling->natural
D:naturalism->natural
D:naturalisms->natural
D:naturalities->natural
D:naturality->natural
D:naturalive->natural
D:naturaliving->natural
D:naturalled->natural
D:naturallies->natural
D:naturalling->natural
D:naturallization->natural
D:naturallize->natural
D:naturallized->natural
D:naturallizer->natural
D:naturally->natural
D:naturallys->natural
D:naturalment->natural
D:naturalness->natural
D:naturalor->natural
D:naturals->natural
Q:resources->resource
D:resource->resource
D:resourced->resource
D:resourceds->resource
D:resourceness->resource
D:resources->resource
<query> maryland department of natural resources</query><numhits>10</numhits><time>9708</time>
</ATIREsearch>
<ATIREsearch>
Q:nicolas->nicola
D:nicola->nicola
D:nicolaism->nicola
D:nicolaity->nicola
D:nicolas->nicola
D:cagable->cage
D:cagal->cage
D:cagality->cage
D:cagally->cage
D:cagation->cage
D:cage->cage
D:cageable->cage
D:caged->cage
D:cageds->cage
D:cageer->cage
D:cageers->cage
D:cagees->cage
D:cageing->cage
D:cageism->cage
D:cageisms->cage
D:cagely->cage
D:cagency->cage
D:cager->cage
D:cagers->cage
D:cages->cage
D:cagic->cage
D:cagical->cage
D:caging->cage
D:cagings->cage
D:cagion->cage
D:cagive->cage
D:cagor->cage
Q:movies->movie
D:moviable->movie
D:movial->movie
D:moviation->movie
D:moviations->movie
D:movie->movie
D:movieable->movie
D:movieal->movie
D:movied->movie
D:movieds->movie
D:movieed->movie
D:movieer->movie
D:moviees->movie
D:movieing->movie
D:movieings->movie
D:movieize->movie
D:moviely->movie
D:moviement->movie
D:movieness->movie
D:movieor->movie
D:movier->movie
D:moviers->movie
D:movies->movie
D:moviing->movie
<query> nicolas cage movies</query><numhits>10</numhits><time>3248</time>
</ATIREsearch>
<ATIREsearch>
Q:kids->kid
D:kid->kid
D:kidabilities->kid
D:kidability->kid
D:kidable->kid
D:kidal->kid
D:kidals->kid
D:kiddal->kid
D:kidded->kid
D:kidder->kid
D:kidders->kid
D:kidding->kid
D:kiddings->kid
D:kiddor->kid
D:kided->kid
D:kider->kid
D:kiders->kid
D:kides->kid
D:kidic->kid
D:kidical->kid
D:kidicity->kid
D:kiding->kid
D:kidings->kid
D:kidion->kid
D:kidism->kid
D:kidisms->kid
D:kidlies->kid
D:kidly->kid
D:kidness->kid
D:kidor->kid
D:kids->kid
D:earth->earth
D:earthable->earth
D:earthables->earth
D:earthal->earth
D:earthed->earth
D:earther->earth
D:earthers->earth
D:earthes->earth
D:earthial->earth
D:earthical->earth
D:earthing->earth
D:earthings->earth
D:earthion->earth
D:earthism->earth
D:earthity->earth
D:earthize->earth
D:earthlies->earth
D:earthliness->earth
D:earthly->earth
D:earthlys->earth
D:earthness->earth
D:earthor->earth
D:earthority->earth
D:earths->earth
D:daic->day
D:daicly->day
D:daics->day
D:daied->day
D:daier->day
D:daiers->day
D:daies->day
D:dailies->day
D:dailiness->day
D:daily->day
D:dailyness->day
D:dailys->day
D:dainess->day
D:day->day
D:dayability->day
D:dayable->day
D:dayal->day
D:dayals->day
D:dayance->day
D:dayed->day
D:dayeds->day
D:dayence->day
D:dayer->day
D:dayers->day
D:dayes->day
D:daying->day
D:dayisms->day
D:daylies->day
D:dayly->day
D:dayment->day
D:dayness->day
D:dayor->day
D:days->day
Q:activities->activity
D:activitics->activity
D:activitied->activity
D:activitiers->activity
D:activities->activity
D:activitily->activity
D:activitiness->activity
D:activitior->activity
D:activity->activity
D:activityable->activity
D:activityality->activity
D:activityed->activity
D:activityes->activity
D:activitying->activity
D:activityor->activity
D:activitys->activity
<query> kids earth day activities</query><numhits>10</numhits><time>4837</time>
</ATIREsearch>
<ATIREsearch>
D:solar->solar
D:solarance->solar
D:solared->solar
D:solarer->solar
D:solares->solar
D:solarial->solar
D:solaric->solar
D:solaricity->solar
D:solarics->solar
D:solaring->solar
D:solarion->solar
D:solarions->solar
D:solarism->solar
D:solarisms->solar
D:solarity->solar
D:solarization->solar
D:solarizations->solar
D:solarize->solar
D:solarized->solar
D:solarizer->solar
D:solarizes->solar
D:solarizing->solar
D:solarly->solar
D:solaror->solar
D:solars->solar
D:water->water
D:waterable->water
D:wateral->water
D:waterative->water
D:watered->water
D:watereds->water
D:waterer->water
D:waterers->water
D:wateres->water
D:waterial->water
D:waterials->water
D:waterical->water
D:watering->water
D:waterings->water
D:waterion->water
D:waterism->water
D:waterive->water
D:waterization->water
D:waterize->water
D:waterized->water
D:waterlies->water
D:waterly->water
D:waterment->water
D:waterness->water
D:wateror->water
D:waterred->water
D:waterrible->water
D:waterring->water
D:waterror->water
D:waters->water
Q:fountains->fountain
D:fountain->fountain
D:fountainal->fountain
D:fountained->fountain
D:fountaineer->fountain
D:fountaineers->fountain
D:fountainer->fountain
D:fountainers->fountain
D:fountaines->fountain
D:fountaining->fountain
D:fountainizing->fountain
D:fountains->fountain
<query> solar water fountains</query><numhits>10</numhits><time>2561</time>
</ATIREsearch>
<ATIREsearch>
D:what->what
D:whatabilities->what
D:whatability->what
D:whatal->what
D:whated->what
D:whateer->what
D:whater->what
D:whaters->what
D:whates->what
D:whating->what
D:whatings->what
D:whatism->what
D:whatisms->what
D:whative->what
D:whatived->what
D:whatlies->what
D:whatly->what
D:whatness->what
D:whator->what
D:whats->what
D:whattable->what
D:whatted->what
D:whatter->what
D:whatters->what
D:whatting->what
D:was->was
D:wasable->was
D:wasal->was
D:wased->was
D:waseer->was
D:waser->was
D:wasers->was
D:wases->was
D:wasic->was
D:wasing->was
D:wasion->was
D:wasions->was
D:wasity->was
D:wasiving->was
D:wasize->was
D:waslied->was
D:waslies->was
D:wasly->was
D:wasness->was
D:wasor->was
D:wasors->was
D:wassal->was
D:wassed->was
D:wasser->was
D:wassers->was
D:wassing->was
D:wassor->was
D:thable->the
D:thables->the
D:thably->the
D:thal->the
D:thality->the
D:thally->the
D:thallys->the
D:thals->the
D:thance->the
D:thances->the
D:thation->the
D:thations->the
D:the->the
D:theability->the
D:theably->the
D:theal->the
D:theality->the
D:theallied->the
D:theallies->the
D:theally->the
D:theals->the
D:theeer->the
D:theial->the
D:theity->the
D:theive->the
D:theived->the
D:theively->the
D:theives->the
D:theiving->the
D:theivity->the
D:theize->the
D:theizer->the
D:theizing->the
D:thelied->the
D:thelies->the
D:theliness->the
D:thely->the
D:thelyness->the
D:thelys->the
D:thement->the
D:thements->the
D:theness->the
D:theor->the
D:theorities->the
D:theority->the
D:theors->the
D:ther->the
D:thers->the
D:thes->the
D:thible->the
D:thion->the
D:thities->the
D:thity->the
D:thive->the
D:thived->the
D:thively->the
D:thives->the
D:thiving->the
D:thize->the
D:thized->the
D:thizer->the
D:thizers->the
D:thizing->the
D:thor->the
D:thorities->the
D:thority->the
D:thorness->the
D:thors->the
D:namable->name
D:namables->name
D:namal->name
D:namance->name
D:namation->name
D:name->name
D:named->name
D:nameds->name
D:nameed->name
D:nameer->name
D:namees->name
D:nameing->name
D:nameings->name
D:nameism->name
D:nameisms->name
D:nameize->name
D:nameness->name
D:nameor->name
D:namer->name
D:namers->name
D:names->name
D:namic->name
D:namical->name
D:namically->name
D:namics->name
D:naming->name
D:namings->name
D:namion->name
D:namor->name
D:namors->name
D:of->of
D:ofabilities->of
D:ofal->of
D:ofallied->of
D:ofally->of
D:ofals->of
D:ofeer->of
D:ofeers->of
D:ofence->of
D:ofences->of
D:ofeor->of
D:ofer->of
D:ofers->of
D:ofes->of
D:offor->of
D:offors->of
D:ofial->of
D:ofic->of
D:ofical->of
D:ofically->of
D:oficals->of
D:ofics->of
D:ofion->of
D:ofions->of
D:ofism->of
D:ofities->of
D:ofive->of
D:oflies->of
D:ofly->of
D:ofment->of
D:ofness->of
D:ofor->of
D:ofors->of
Q:elvis->elvi
D:elvi->elvi
D:elvis->elvi
D:presley->presley
D:presleyism->presley
D:presleys->presley
D:s->s
D:homal->home
D:homally->home
D:homals->home
D:homance->home
D:homances->home
D:home->home
D:homeable->home
D:homeables->home
D:homeal->home
D:homeance->home
D:homed->home
D:homeds->home
D:homeed->home
D:homeer->home
D:homeers->home
D:homees->home
D:homeics->home
D:homeing->home
D:homeings->home
D:homeion->home
D:homeize->home
D:homeness->home
D:homeor->home
D:homer->home
D:homerness->home
D:homers->home
D:homes->home
D:homic->home
D:homical->home
D:homing->home
D:homings->home
D:homity->home
<query> what was the name of elvis presley s home</query><numhits>10</numhits><time>20266</time>
</ATIREsearch>
<ATIREsearch>
D:nba->nba
D:nbas->nba
Q:records->record
D:record->record
D:recordability->record
D:recordable->record
D:recordables->record
D:recordably->record
D:recordal->record
D:recordality->record
D:recordals->record
D:recordance->record
D:recordation->record
D:recordations->record
D:recordded->record
D:recordder->record
D:recordding->record
D:recorded->record
D:recordeds->record
D:recordeer->record
D:recordes->record
D:recordic->record
D:recordical->record
D:recording->record
D:recordings->record
D:recordivity->record
D:recordization->record
D:recordized->record
D:recordly->record
D:recordment->record
D:recordness->record
D:recordor->record
D:records->record
<query> nba records</query><numhits>10</numhits><time>1975</time>
</ATIREsearch>
<ATIREsearch>
D:electoral->electoral
D:electorales->electoral
D:electoralism->electoral
D:electorality->electoral
D:electorally->electoral
D:electorals->electoral
D:collegal->college
D:collegation->college
D:collegative->college
D:college->college
D:collegeal->college
D:collegeality->college
D:colleged->college
D:collegeds->college
D:collegeed->college
D:collegees->college
D:collegeic->college
D:collegeing->college
D:collegeness->college
D:collegeor->college
D:colleger->college
D:collegers->college
D:colleges->college
D:collegic->college
D:colleging->college
D:collegor->college
Q:results->result
D:result->result
D:resultable->result
D:resultables->result
D:resultance->result
D:resultation->result
D:resultations->result
D:resultative->result
D:resultativeness->result
D:resultatives->result
D:resultativity->result
D:resulted->result
D:resulteds->result
D:resulter->result
D:resultes->result
D:resultic->result
D:resultics->result
D:resulting->result
D:resultings->result
D:resultion->result
D:resultions->result
D:resultive->result
D:resultively->result
D:resultly->result
D:resultness->result
D:resultor->result
D:results->result
D:resulttable->result
D:resultted->result
D:resultting->result
<query> electoral college 2008 results</query><numhits>10</numhits><time>4971</time>
</ATIREsearch>
<ATIREsearch>
D:malable->male
D:malably->male
D:malal->male
D:malally->male
D:malals->male
D:malance->male
D:malancy->male
D:malation->male
D:malations->male
D:male->male
D:maleability->male
D:maleable->male
D:maleal->male
D:maled->male
D:maleed->male
D:maleer->male
D:malees->male
D:maleial->male
D:maleic->male
D:maleics->male
D:maleing->male
D:maleion->male
D:maleism->male
D:maleives->male
D:malely->male
D:maleness->male
D:maleor->male
D:maler->male
D:malers->male
D:males->male
D:malible->male
D:malic->male
D:malics->male
D:malied->male
D:malies->male
D:maliness->male
D:maling->male
D:malings->male
D:malion->male
D:malions->male
D:malities->male
D:malition->male
D:malitions->male
D:mality->male
D:malive->male
D:malives->male
D:maliving->male
D:malization->male
D:malize->male
D:malized->male
D:malizer->male
D:malor->male
D:malority->male
D:maly->male
D:malys->male
D:menopausal->menopause
D:menopausally->menopause
D:menopausalness->menopause
D:menopausals->menopause
D:menopause->menopause
D:menopauseal->menopause
D:menopaused->menopause
D:menopausees->menopause
D:menopauser->menopause
D:menopausers->menopause
D:menopauses->menopause
D:menopausic->menopause
D:menopausical->menopause
D:menopausing->menopause
<query> male menopause</query><numhits>10</numhits><time>2855</time>
</ATIREsearch>
<ATIREsearch>
D:usda->usda
D:usdas->usda
D:food->food
D:foodability->food
D:foodable->food
D:foodables->food
D:foodably->food
D:foodal->food
D:fooded->food
D:fooder->food
D:fooders->food
D:foodes->food
D:foodic->food
D:foodically->food
D:fooding->food
D:foodings->food
D:foodism->food
D:foodisms->food
D:foodities->food
D:foodity->food
D:foodivities->food
D:foodization->food
D:foodizer->food
D:foodlies->food
D:foodliness->food
D:foodly->food
D:foodments->food
D:foodness->food
D:foodor->food
D:foods->food
D:pyramid->pyramid
D:pyramidded->pyramid
D:pyramided->pyramid
D:pyramider->pyramid
D:pyramiders->pyramid
D:pyramides->pyramid
D:pyramidial->pyramid
D:pyramidic->pyramid
D:pyramidical->pyramid
D:pyramidically->pyramid
D:pyramiding->pyramid
D:pyramidings->pyramid
D:pyramidion->pyramid
D:pyramidions->pyramid
D:pyramidism->pyramid
D:pyramidization->pyramid
D:pyramidize->pyramid
D:pyramidized->pyramid
D:pyramidor->pyramid
D:pyramids->pyramid
<query> usda food pyramid</query><numhits>10</numhits><time>1673</time>
</ATIREsearch>
<ATIREsearch>
Q:making->make
D:makability->make
D:makable->make
D:makables->make
D:makal->make
D:makally->make
D:make->make
D:makeability->make
D:makeable->make
D:makeables->make
D:makeal->make
D:maked->make
D:makeds->make
D:makeed->make
D:makeer->make
D:makeers->make
D:makees->make
D:makeing->make
D:makeings->make
D:makeisms->make
D:makeity->make
D:makely->make
D:makence->make
D:makeness->make
D:makeor->make
D:makeors->make
D:maker->make
D:makerness->make
D:makers->make
D:makes->make
D:makible->make
D:makic->make
D:making->make
D:makings->make
D:makion->make
D:makity->make
D:makor->make
D:makority->make
D:makors->make
D:chicken->chicken
D:chickenability->chicken
D:chickenal->chicken
D:chickened->chicken
D:chickeneer->chicken
D:chickeneers->chicken
D:chickener->chicken
D:chickeners->chicken
D:chickening->chicken
D:chickenism->chicken
D:chickenity->chicken
D:chickenization->chicken
D:chickenize->chicken
D:chickenized->chicken
D:chickenizing->chicken
D:chickenly->chicken
D:chickenness->chicken
D:chickenor->chicken
D:chickens->chicken
D:soup->soup
D:souped->soup
D:souper->soup
D:soupers->soup
D:soupes->soup
D:soupic->soup
D:souping->soup
D:soupions->soup
D:soupity->soup
D:souply->soup
D:soupness->soup
D:soupor->soup
D:soupped->soup
D:soupper->soup
D:soupping->soup
D:soups->soup
D:from->from
D:fromable->from
D:fromal->from
D:fromalities->from
D:fromally->from
D:fromance->from
D:fromation->from
D:fromations->from
D:fromative->from
D:fromed->from
D:fromer->from
D:fromers->from
D:fromes->from
D:fromic->from
D:froming->from
D:fromings->from
D:fromion->from
D:fromions->from
D:fromity->from
D:fromly->from
D:fromment->from
D:frommer->from
D:frommers->from
D:fromming->from
D:frommor->from
D:frommors->from
D:fromor->from
D:fromors->from
D:froms->from
D:scratch->scratch
D:scratchability->scratch
D:scratchable->scratch
D:scratchables->scratch
D:scratched->scratch
D:scratcher->scratch
D:scratchers->scratch
D:scratches->scratch
D:scratching->scratch
D:scratchings->scratch
D:scratchism->scratch
D:scratchity->scratch
D:scratchness->scratch
D:scratchor->scratch
D:scratchs->scratch
<query> making chicken soup from scratch</query><numhits>10</numhits><time>8236</time>
</ATIREsearch>
<ATIREsearch>
D:black->black
D:blackability->black
D:blackable->black
D:blackal->black
D:blackally->black
D:blacked->black
D:blackeds->black
D:blacker->black
D:blackers->black
D:blackes->black
D:blackic->black
D:blacking->black
D:blackings->black
D:blackion->black
D:blackism->black
D:blackisms->black
D:blackity->black
D:blackize->black
D:blackking->black
D:blacklies->black
D:blackly->black
D:blacklys->black
D:blackness->black
D:blackor->black
D:blacks->black
D:and->and
D:andabilities->and
D:andability->and
D:andable->and
D:andal->and
D:andallied->and
D:andallies->and
D:andally->and
D:andals->and
D:andance->and
D:andanced->and
D:andative->and
D:anddal->and
D:andded->and
D:andder->and
D:andders->and
D:andding->and
D:anded->and
D:andeer->and
D:andeers->and
D:andeor->and
D:ander->and
D:anderness->and
D:anders->and
D:andial->and
D:andible->and
D:andic->and
D:andical->and
D:andics->and
D:anding->and
D:andings->and
D:andion->and
D:andities->and
D:andity->and
D:andive->and
D:andives->and
D:andize->and
D:andized->and
D:andizing->and
D:andlies->and
D:andly->and
D:andment->and
D:andments->and
D:andness->and
D:andor->and
D:andors->and
D:ands->and
D:gold->gold
D:goldal->gold
D:goldance->gold
D:goldation->gold
D:goldding->gold
D:golded->gold
D:goldeer->gold
D:goldency->gold
D:golder->gold
D:golders->gold
D:goldes->gold
D:goldic->gold
D:golding->gold
D:goldings->gold
D:goldion->gold
D:goldism->gold
D:goldisms->gold
D:goldization->gold
D:goldized->gold
D:goldlies->gold
D:goldliness->gold
D:goldly->gold
D:goldlys->gold
D:goldness->gold
D:goldor->gold
D:golds->gold
<query> black and gold</query><numhits>10</numhits><time>6126</time>
</ATIREsearch>
<ATIREsearch>
D:traverse->traverse
D:traverseable->traverse
D:traversed->traverse
D:traversees->traverse
D:traverseing->traverse
D:traversely->traverse
D:traversement->traverse
D:traversements->traverse
D:traverser->traverse
D:traversers->traverse
D:traverses->traverse
D:traversibility->traverse
D:traversible->traverse
D:traversing->traverse
D:traversings->traverse
D:traversion->traverse
D:traversity->traverse
D:traversor->traverse
D:citic->city
D:citicism->city
D:citicisms->city
D:citics->city
D:citied->city
D:citier->city
D:citiers->city
D:cities->city
D:citily->city
D:citiness->city
D:citior->city
D:city->city
D:cityal->city
D:cityed->city
D:cityeds->city
D:cityers->city
D:cityes->city
D:citying->city
D:cityism->city
D:cityity->city
D:cityly->city
D:cityment->city
D:cityness->city
D:cityor->city
D:citys->city
<query> traverse city</query><numhits>10</numhits><time>1844</time>
</ATIREsearch>
<ATIREsearch>
D:i->i
D:will->will
D:willable->will
D:willal->will
D:willance->will
D:willation->will
D:willed->will
D:willence->will
D:willency->will
D:willer->will
D:willers->will
D:willes->will
D:willial->will
D:willic->will
D:willicism->will
D:willics->will
D:willing->will
D:willings->will
D:willion->will
D:willions->will
D:willism->will
D:willisms->will
D:willity->will
D:willitys->will
D:willive->will
D:willled->will
D:willlies->will
D:willling->will
D:willly->will
D:willlys->will
D:willment->will
D:willments->will
D:willness->will
D:willor->will
D:wills->will
D:survivability->survive
D:survivable->survive
D:survivables->survive
D:survivably->survive
D:survivance->survive
D:survivances->survive
D:survivancy->survive
D:survive->survive
D:surviveability->survive
D:surviveable->survive
D:surviveal->survive
D:survived->survive
D:surviveed->survive
D:surviveence->survive
D:surviveer->survive
D:surviveing->survive
D:survivency->survive
D:surviveor->survive
D:surviver->survive
D:survivers->survive
D:survives->survive
D:survivibility->survive
D:surviving->survive
D:survivived->survive
D:surviviving->survive
Q:lyrics->lyric
D:lyric->lyric
D:lyrical->lyric
D:lyricality->lyric
D:lyricallies->lyric
D:lyrically->lyric
D:lyricalness->lyric
D:lyricals->lyric
D:lyrication->lyric
D:lyricced->lyric
D:lyriced->lyric
D:lyricer->lyric
D:lyricers->lyric
D:lyrices->lyric
D:lyricial->lyric
D:lyricing->lyric
D:lyricings->lyric
D:lyricity->lyric
D:lyricization->lyric
D:lyricize->lyric
D:lyricized->lyric
D:lyricizes->lyric
D:lyricizing->lyric
D:lyricly->lyric
D:lyricness->lyric
D:lyrics->lyric
<query> i will survive lyrics</query><numhits>10</numhits><time>5573</time>
</ATIREsearch>
<ATIREsearch>
Q:hawaiian->hawaii
D:hawaii->hawaii
D:hawaiian->hawaii
D:hawaiianation->hawaii
D:hawaiianer->hawaii
D:hawaiianers->hawaii
D:hawaiianism->hawaii
D:hawaiianization->hawaii
D:hawaiianize->hawaii
D:hawaiianized->hawaii
D:hawaiianly->hawaii
D:hawaiianness->hawaii
D:hawaiians->hawaii
D:hawaiis->hawaii
D:volcano->volcano
D:volcanoed->volcano
D:volcanoes->volcano
D:volcanoic->volcano
D:volcanoism->volcano
D:volcanor->volcano
D:volcanos->volcano
Q:observatories->observatory
D:observatories->observatory
D:observatory->observatory
D:observatorys->observatory
<query> hawaiian volcano observatories</query><numhits>10</numhits><time>1676</time>
</ATIREsearch>
<ATIREsearch>
D:beef->beef
D:beefal->beef
D:beefancy->beef
D:beefed->beef
D:beefer->beef
D:beefers->beef
D:beefical->beef
D:beefing->beef
D:beefism->beef
D:beefity->beef
D:beefive->beef
D:beeflies->beef
D:beefly->beef
D:beeflys->beef
D:beefment->beef
D:beefness->beef
D:beefor->beef
D:beefors->beef
D:beefs->beef
D:stroganoff->stroganoff
D:stroganoffed->stroganoff
D:stroganoffs->stroganoff
D:recipal->recipe
D:recipals->recipe
D:recipe->recipe
D:reciped->recipe
D:recipeds->recipe
D:recipeer->recipe
D:recipees->recipe
D:recipely->recipe
D:reciper->recipe
D:recipers->recipe
D:recipes->recipe
D:recipical->recipe
D:recipics->recipe
D:reciping->recipe
D:recipor->recipe
<query> beef stroganoff recipe</query><numhits>10</numhits><time>3774</time>
</ATIREsearch>
<ATIREsearch>
D:world->world
D:worldal->world
D:worldance->world
D:worldation->world
D:worlded->world
D:worlder->world
D:worlderness->world
D:worlders->world
D:worldes->world
D:worlding->world
D:worldings->world
D:worldism->world
D:worldisms->world
D:worldity->world
D:worldive->world
D:worldization->world
D:worldized->world
D:worldizing->world
D:worldlies->world
D:worldliness->world
D:worldly->world
D:worldlyness->world
D:worldlys->world
D:worldness->world
D:worldor->world
D:worlds->world
D:s->s
D:biggest->biggest
D:biggesting->biggest
D:biggestly->biggest
D:biggestness->biggest
D:biggests->biggest
D:dog->dog
D:dogability->dog
D:dogable->dog
D:dogably->dog
D:dogal->dog
D:dogality->dog
D:doged->dog
D:doggable->dog
D:doggables->dog
D:doggal->dog
D:dogged->dog
D:doggeds->dog
D:dogger->dog
D:doggerness->dog
D:doggers->dog
D:doggize->dog
D:doggor->dog
D:doging->dog
D:dogism->dog
D:dogisms->dog
D:dogity->dog
D:dogive->dog
D:dogliness->dog
D:dogly->dog
D:dogness->dog
D:dogor->dog
D:dogs->dog
<query> world s biggest dog</query><numhits>10</numhits><time>5460</time>
</ATIREsearch>
<ATIREsearch>
D:what->what
D:whatabilities->what
D:whatability->what
D:whatal->what
D:whated->what
D:whateer->what
D:whater->what
D:whaters->what
D:whates->what
D:whating->what
D:whatings->what
D:whatism->what
D:whatisms->what
D:whative->what
D:whatived->what
D:whatlies->what
D:whatly->what
D:whatness->what
D:whator->what
D:whats->what
D:whattable->what
D:whatted->what
D:whatter->what
D:whatters->what
D:whatting->what
D:aral->are
D:arally->are
D:arals->are
D:arance->are
D:arances->are
D:arancy->are
D:aration->are
D:arations->are
D:arative->are
D:aratively->are
D:aratives->are
D:are->are
D:areabilities->are
D:areable->are
D:areal->are
D:areality->are
D:areally->are
D:areals->are
D:areation->are
D:areations->are
D:areative->are
D:areed->are
D:areence->are
D:areer->are
D:areers->are
D:arees->are
D:areial->are
D:areials->are
D:areic->are
D:areical->are
D:areing->are
D:areings->are
D:areion->are
D:areions->are
D:areity->are
D:areive->are
D:areiving->are
D:arelies->are
D:arely->are
D:arelys->are
D:arement->are
D:arence->are
D:arences->are
D:arencies->are
D:arency->are
D:areness->are
D:areor->are
D:arer->are
D:arers->are
D:ares->are
D:arible->are
D:aribles->are
D:aric->are
D:arical->are
D:aricals->are
D:aricism->are
D:arics->are
D:arion->are
D:arions->are
D:arities->are
D:arition->are
D:arity->are
D:arive->are
D:arived->are
D:arives->are
D:ariving->are
D:arization->are
D:arize->are
D:arized->are
D:arizer->are
D:arizers->are
D:arizes->are
D:arizing->are
D:aror->are
D:arors->are
D:thable->the
D:thables->the
D:thably->the
D:thal->the
D:thality->the
D:thally->the
D:thallys->the
D:thals->the
D:thance->the
D:thances->the
D:thation->the
D:thations->the
D:the->the
D:theability->the
D:theably->the
D:theal->the
D:theality->the
D:theallied->the
D:theallies->the
D:theally->the
D:theals->the
D:theeer->the
D:theial->the
D:theity->the
D:theive->the
D:theived->the
D:theively->the
D:theives->the
D:theiving->the
D:theivity->the
D:theize->the
D:theizer->the
D:theizing->the
D:thelied->the
D:thelies->the
D:theliness->the
D:thely->the
D:thelyness->the
D:thelys->the
D:thement->the
D:thements->the
D:theness->the
D:theor->the
D:theorities->the
D:theority->the
D:theors->the
D:ther->the
D:thers->the
D:thes->the
D:thible->the
D:thion->the
D:thities->the
D:thity->the
D:thive->the
D:thived->the
D:thively->the
D:thives->the
D:thiving->the
D:thize->the
D:thized->the
D:thizer->the
D:thizers->the
D:thizing->the
D:thor->the
D:thorities->the
D:thority->the
D:thorness->the
D:thors->the
D:seven->seven
D:sevenal->seven
D:sevenality->seven
D:sevenation->seven
D:sevened->seven
D:seveneer->seven
D:sevener->seven
D:seveners->seven
D:sevenes->seven
D:sevenic->seven
D:sevening->seven
D:sevenion->seven
D:sevenism->seven
D:sevenities->seven
D:sevenity->seven
D:sevenize->seven
D:sevenlies->seven
D:sevenly->seven
D:sevenner->seven
D:sevenness->seven
D:sevenning->seven
D:sevenor->seven
D:sevens->seven
Q:deadly->dead
D:dead->dead
D:deadal->dead
D:deadally->dead
D:deadance->dead
D:deadder->dead
D:deadding->dead
D:deaddors->dead
D:deaded->dead
D:deader->dead
D:deaders->dead
D:deades->dead
D:deading->dead
D:deadings->dead
D:deadism->dead
D:deadity->dead
D:deadlies->dead
D:deadliness->dead
D:deadly->dead
D:deadlyity->dead
D:deadlyness->dead
D:deadlys->dead
D:deadment->dead
D:deadness->dead
D:deador->dead
D:deads->dead
Q:sins->sin
D:sin->sin
D:sinability->sin
D:sinable->sin
D:sinal->sin
D:sinality->sin
D:sinally->sin
D:sinals->sin
D:sined->sin
D:sineds->sin
D:sineer->sin
D:sineers->sin
D:sinial->sin
D:sinical->sin
D:sinically->sin
D:sining->sin
D:sinism->sin
D:sinity->sin
D:sinization->sin
D:sinizer->sin
D:sinly->sin
D:sinnable->sin
D:sinnal->sin
D:sinned->sin
D:sinner->sin
D:sinnerness->sin
D:sinners->sin
D:sinness->sin
D:sinning->sin
D:sinnings->sin
D:sinnize->sin
D:sinnor->sin
D:sinor->sin
D:sinors->sin
D:sins->sin
<query> what are the seven deadly sins</query><numhits>10</numhits><time>13033</time>
</ATIREsearch>
<ATIREsearch>
D:hurricanation->hurricane
D:hurricane->hurricane
D:hurricaneally->hurricane
D:hurricaned->hurricane
D:hurricanees->hurricane
D:hurricaner->hurricane
D:hurricanes->hurricane
D:hurricanic->hurricane
D:hurricaning->hurricane
D:hurricanizing->hurricane
D:irene->irene
D:irened->irene
D:ireneism->irene
D:irenes->irene
D:irening->irene
Q:flooding->flood
D:flood->flood
D:floodability->flood
D:floodable->flood
D:floodded->flood
D:floodding->flood
D:flooded->flood
D:floodeds->flood
D:flooder->flood
D:flooders->flood
D:floodes->flood
D:flooding->flood
D:floodings->flood
D:floodion->flood
D:floodor->flood
D:floods->flood
D:in->in
D:inable->in
D:inabled->in
D:inables->in
D:inably->in
D:inal->in
D:inality->in
D:inally->in
D:inals->in
D:inance->in
D:inanced->in
D:inances->in
D:inancy->in
D:ination->in
D:inations->in
D:inative->in
D:inatives->in
D:ineer->in
D:ineers->in
D:inence->in
D:inences->in
D:ineor->in
D:iner->in
D:inerness->in
D:iners->in
D:ines->in
D:inial->in
D:inially->in
D:inibility->in
D:inic->in
D:inical->in
D:inicals->in
D:inicity->in
D:inics->in
D:inion->in
D:inions->in
D:inism->in
D:inisms->in
D:initied->in
D:inities->in
D:inity->in
D:initys->in
D:inive->in
D:inived->in
D:inives->in
D:inizations->in
D:inize->in
D:inized->in
D:inizer->in
D:inizing->in
D:inlied->in
D:inlies->in
D:inly->in
D:inlys->in
D:inment->in
D:inness->in
D:innor->in
D:inor->in
D:inorities->in
D:inority->in
D:inors->in
D:manville->manville
D:manvilles->manville
D:nj->nj
D:njly->nj
<query> hurricane irene flooding in manville nj</query><numhits>10</numhits><time>7280</time>
</ATIREsearch>
<ATIREsearch>
D:hair->hair
D:hairal->hair
D:haired->hair
D:haireds->hair
D:hairer->hair
D:hairers->hair
D:haires->hair
D:hairing->hair
D:hairings->hair
D:hairion->hair
D:hairism->hair
D:hairity->hair
D:hairly->hair
D:hairness->hair
D:hairor->hair
D:hairred->hair
D:hairrings->hair
D:hairs->hair
D:dyability->dye
D:dyable->dye
D:dyables->dye
D:dyal->dye
D:dyals->dye
D:dyance->dye
D:dye->dye
D:dyeability->dye
D:dyeable->dye
D:dyeables->dye
D:dyeed->dye
D:dyeer->dye
D:dyees->dye
D:dyelies->dye
D:dyement->dye
D:dyeness->dye
D:dyeor->dye
D:dyes->dye
D:dyic->dye
D:dyion->dye
D:dyor->dye
D:dyors->dye
<query> hair dye</query><numhits>10</numhits><time>1381</time>
</ATIREsearch>
<ATIREsearch>
D:dark->dark
D:darkal->dark
D:darkally->dark
D:darked->dark
D:darkeer->dark
D:darker->dark
D:darkerness->dark
D:darkers->dark
D:darkes->dark
D:darkic->dark
D:darking->dark
D:darkings->dark
D:darkion->dark
D:darkism->dark
D:darkisms->dark
D:darkity->dark
D:darkive->dark
D:darkives->dark
D:darkker->dark
D:darkking->dark
D:darkkizer->dark
D:darkment->dark
D:darkness->dark
D:darknessed->dark
D:darkor->dark
D:darks->dark
D:chocolatal->chocolate
D:chocolate->chocolate
D:chocolated->chocolate
D:chocolateeer->chocolate
D:chocolateer->chocolate
D:chocolateers->chocolate
D:chocolatees->chocolate
D:chocolately->chocolate
D:chocolatelyness->chocolate
D:chocolateness->chocolate
D:chocolateor->chocolate
D:chocolater->chocolate
D:chocolaters->chocolate
D:chocolates->chocolate
D:chocolatic->chocolate
D:chocolating->chocolate
D:chocolation->chocolate
D:chocolations->chocolate
D:chocolatized->chocolate
D:health->health
D:healthability->health
D:healthallies->health
D:healthation->health
D:healthed->health
D:healthency->health
D:healther->health
D:healthers->health
D:healthher->health
D:healthing->health
D:healthism->health
D:healthisms->health
D:healthization->health
D:healthize->health
D:healthly->health
D:healthment->health
D:healthness->health
D:healthor->health
D:healths->health
Q:benefits->benefit
D:benefit->benefit
D:benefitable->benefit
D:benefital->benefit
D:benefited->benefit
D:benefiteds->benefit
D:benefiter->benefit
D:benefiters->benefit
D:benefites->benefit
D:benefitial->benefit
D:benefitic->benefit
D:benefitical->benefit
D:benefiting->benefit
D:benefitism->benefit
D:benefitive->benefit
D:benefitized->benefit
D:benefitness->benefit
D:benefitor->benefit
D:benefitors->benefit
D:benefits->benefit
D:benefitted->benefit
D:benefitter->benefit
D:benefitters->benefit
D:benefitting->benefit
<query> dark chocolate health benefits</query><numhits>10</numhits><time>5060</time>
</ATIREsearch>
<ATIREsearch>
D:ham->ham
D:hamal->ham
D:hamals->ham
D:hamed->ham
D:hameds->ham
D:hameer->ham
D:hamence->ham
D:hameor->ham
D:hamer->ham
D:hamers->ham
D:hames->ham
D:hamic->ham
D:haming->ham
D:hamion->ham
D:hamity->ham
D:hamly->ham
D:hammal->ham
D:hammals->ham
D:hammed->ham
D:hamment->ham
D:hamments->ham
D:hamming->ham
D:hammings->ham
D:hammor->ham
D:hamness->ham
D:hamor->ham
D:hamors->ham
D:hams->ham
D:radio->radio
D:radioable->radio
D:radioal->radio
D:radioation->radio
D:radioative->radio
D:radioed->radio
D:radioer->radio
D:radioers->radio
D:radioes->radio
D:radioic->radio
D:radioing->radio
D:radioism->radio
D:radiolied->radio
D:radiolies->radio
D:radioness->radio
D:radioor->radio
D:radios->radio
<query> ham radio</query><numhits>10</numhits><time>1948</time>
</ATIREsearch>
<ATIREsearch>
Q:symptoms->symptom
D:symptom->symptom
D:symptomal->symptom
D:symptomative->symptom
D:symptomed->symptom
D:symptomer->symptom
D:symptomes->symptom
D:symptomic->symptom
D:symptomization->symptom
D:symptomize->symptom
D:symptomized->symptom
D:symptomizes->symptom
D:symptomizing->symptom
D:symptoms->symptom
D:of->of
D:ofabilities->of
D:ofal->of
D:ofallied->of
D:ofally->of
D:ofals->of
D:ofeer->of
D:ofeers->of
D:ofence->of
D:ofences->of
D:ofeor->of
D:ofer->of
D:ofers->of
D:ofes->of
D:offor->of
D:offors->of
D:ofial->of
D:ofic->of
D:ofical->of
D:ofically->of
D:oficals->of
D:ofics->of
D:ofion->of
D:ofions->of
D:ofism->of
D:ofities->of
D:ofive->of
D:oflies->of
D:ofly->of
D:ofment->of
D:ofness->of
D:ofor->of
D:ofors->of
D:mad->mad
D:madal->mad
D:madalities->mad
D:madals->mad
D:maddal->mad
D:maddally->mad
D:madded->mad
D:maddeds->mad
D:madding->mad
D:maddings->mad
D:maddor->mad
D:madeer->mad
D:madeor->mad
D:madial->mad
D:madical->mad
D:madism->mad
D:madity->mad
D:madive->mad
D:madives->mad
D:madiving->mad
D:madize->mad
D:madly->mad
D:madlys->mad
D:madness->mad
D:madnessing->mad
D:mador->mad
D:madors->mad
D:mads->mad
D:cow->cow
D:cowable->cow
D:cowal->cow
D:cowals->cow
D:cowation->cow
D:cowed->cow
D:cowes->cow
D:cowic->cow
D:cowing->cow
D:cowings->cow
D:cowism->cow
D:cowisms->cow
D:cowives->cow
D:cowlies->cow
D:cowliness->cow
D:cowly->cow
D:cowment->cow
D:cowments->cow
D:cowness->cow
D:cowor->cow
D:cowors->cow
D:cows->cow
D:cowwed->cow
D:cowwer->cow
D:disease->disease
D:diseased->disease
D:diseases->disease
D:diseasing->disease
D:in->in
D:inable->in
D:inabled->in
D:inables->in
D:inably->in
D:inal->in
D:inality->in
D:inally->in
D:inals->in
D:inance->in
D:inanced->in
D:inances->in
D:inancy->in
D:ination->in
D:inations->in
D:inative->in
D:inatives->in
D:ineer->in
D:ineers->in
D:inence->in
D:inences->in
D:ineor->in
D:iner->in
D:inerness->in
D:iners->in
D:ines->in
D:inial->in
D:inially->in
D:inibility->in
D:inic->in
D:inical->in
D:inicals->in
D:inicity->in
D:inics->in
D:inion->in
D:inions->in
D:inism->in
D:inisms->in
D:initied->in
D:inities->in
D:inity->in
D:initys->in
D:inive->in
D:inived->in
D:inives->in
D:inizations->in
D:inize->in
D:inized->in
D:inizer->in
D:inizing->in
D:inlied->in
D:inlies->in
D:inly->in
D:inlys->in
D:inment->in
D:inness->in
D:innor->in
D:inor->in
D:inorities->in
D:inority->in
D:inors->in
Q:humans->human
D:human->human
D:humanability->human
D:humanable->human
D:humanal->human
D:humanalities->human
D:humanality->human
D:humanical->human
D:humanism->human
D:humanisms->human
D:humanity->human
D:humanitys->human
D:humanive->human
D:humanization->human
D:humanizations->human
D:humanize->human
D:humanized->human
D:humanizer->human
D:humanizers->human
D:humanizes->human
D:humanizing->human
D:humanizings->human
D:humanlies->human
D:humanliness->human
D:humanly->human
D:humanness->human
D:humannization->human
D:humannizer->human
D:humanor->human
D:humans->human
<query> symptoms of mad cow disease in humans</query><numhits>10</numhits><time>12995</time>
</ATIREsearch>
<ATIREsearch>
D:lump->lump
D:lumpability->lump
D:lumpable->lump
D:lumped->lump
D:lumper->lump
D:lumpers->lump
D:lumpes->lump
D:lumping->lump
D:lumpings->lump
D:lumpity->lump
D:lumply->lump
D:lumpor->lump
D:lumpped->lump
D:lumps->lump
D:in->in
D:inable->in
D:inabled->in
D:inables->in
D:inably->in
D:inal->in
D:inality->in
D:inally->in
D:inals->in
D:inance->in
D:inanced->in
D:inances->in
D:inancy->in
D:ination->in
D:inations->in
D:inative->in
D:inatives->in
D:ineer->in
D:ineers->in
D:inence->in
D:inences->in
D:ineor->in
D:iner->in
D:inerness->in
D:iners->in
D:ines->in
D:inial->in
D:inially->in
D:inibility->in
D:inic->in
D:inical->in
D:inicals->in
D:inicity->in
D:inics->in
D:inion->in
D:inions->in
D:inism->in
D:inisms->in
D:initied->in
D:inities->in
D:inity->in
D:initys->in
D:inive->in
D:inived->in
D:inives->in
D:inizations->in
D:inize->in
D:inized->in
D:inizer->in
D:inizing->in
D:inlied->in
D:inlies->in
D:inly->in
D:inlys->in
D:inment->in
D:inness->in
D:innor->in
D:inor->in
D:inorities->in
D:inority->in
D:inors->in
D:throat->throat
D:throatable->throat
D:throatal->throat
D:throated->throat
D:throateds->throat
D:throater->throat
D:throaters->throat
D:throates->throat
D:throating->throat
D:throatness->throat
D:throator->throat
D:throats->throat
<query> lump in throat</query><numhits>10</numhits><time>5762</time>
</ATIREsearch>
<ATIREsearch>
D:george->george
D:georged->george
D:georgeds->george
D:georgeism->george
D:georgely->george
D:georgeness->george
D:georges->george
D:bush->bush
D:bushability->bush
D:bushable->bush
D:bushal->bush
D:bushals->bush
D:bushed->bush
D:busheds->bush
D:busher->bush
D:bushers->bush
D:bushes->bush
D:bushhed->bush
D:bushher->bush
D:bushing->bush
D:bushings->bush
D:bushism->bush
D:bushisms->bush
D:bushlied->bush
D:bushlies->bush
D:bushliness->bush
D:bushly->bush
D:bushment->bush
D:bushments->bush
D:bushness->bush
D:bushor->bush
D:bushs->bush
D:sr->sr
D:srism->sr
D:srisms->sr
D:srities->sr
D:srity->sr
D:sritys->sr
D:srly->sr
D:srlys->sr
D:srness->sr
D:bio->bio
D:bioism->bio
D:bioly->bio
D:biolys->bio
D:bioness->bio
D:bios->bio
<query> george bush sr bio</query><numhits>10</numhits><time>2936</time>
</ATIREsearch>
<ATIREsearch>
D:frank->frank
D:frankability->frank
D:frankable->frank
D:frankal->frank
D:franked->frank
D:frankeer->frank
D:franker->frank
D:frankers->frank
D:frankes->frank
D:frankial->frank
D:frankic->frank
D:franking->frank
D:frankings->frank
D:frankism->frank
D:frankisms->frank
D:frankity->frank
D:frankize->frank
D:frankized->frank
D:frankizing->frank
D:frankking->frank
D:frankly->frank
D:franklys->frank
D:frankness->frank
D:frankor->frank
D:franks->frank
D:lloyd->lloyd
D:lloyding->lloyd
D:lloyds->lloyd
D:wright->wright
D:wrightable->wright
D:wrighted->wright
D:wrighteer->wright
D:wrighter->wright
D:wrighters->wright
D:wrighting->wright
D:wrightings->wright
D:wrightism->wright
D:wrightisms->wright
D:wrightly->wright
D:wrightness->wright
D:wrights->wright
D:wrightting->wright
D:biographic->biography
D:biographical->biography
D:biographicalities->biography
D:biographically->biography
D:biographicals->biography
D:biographication->biography
D:biographicity->biography
D:biographicly->biography
D:biographics->biography
D:biographied->biography
D:biographies->biography
D:biography->biography
D:biographyes->biography
D:biographying->biography
D:biographyity->biography
D:biographys->biography
<query> frank lloyd wright biography</query><numhits>10</numhits><time>2063</time>
</ATIREsearch>
<ATIREsearch>
D:presidential->presidential
D:presidentialed->presidential
D:presidentialism->presidential
D:presidentiality->presidential
D:presidentialization->presidential
D:presidentialized->presidential
D:presidentializing->presidential
D:presidentially->presidential
D:presidentialness->presidential
D:presidentials->presidential
D:middle->middle
D:middled->middle
D:middlement->middle
D:middleness->middle
D:middleor->middle
D:middler->middle
D:middlers->middle
D:middles->middle
D:middlies->middle
D:middling->middle
D:middlings->middle
D:middlization->middle
D:middlized->middle
D:middly->middle
Q:names->name
D:namable->name
D:namables->name
D:namal->name
D:namance->name
D:namation->name
D:name->name
D:named->name
D:nameds->name
D:nameed->name
D:nameer->name
D:namees->name
D:nameing->name
D:nameings->name
D:nameism->name
D:nameisms->name
D:nameize->name
D:nameness->name
D:nameor->name
D:namer->name
D:namers->name
D:names->name
D:namic->name
D:namical->name
D:namically->name
D:namics->name
D:naming->name
D:namings->name
D:namion->name
D:namor->name
D:namors->name
<query> presidential middle names</query><numhits>10</numhits><time>3819</time>
</ATIREsearch>
<ATIREsearch>
D:what->what
D:whatabilities->what
D:whatability->what
D:whatal->what
D:whated->what
D:whateer->what
D:whater->what
D:whaters->what
D:whates->what
D:whating->what
D:whatings->what
D:whatism->what
D:whatisms->what
D:whative->what
D:whatived->what
D:whatlies->what
D:whatly->what
D:whatness->what
D:whator->what
D:whats->what
D:whattable->what
D:whatted->what
D:whatter->what
D:whatters->what
D:whatting->what
D:is->is
D:isabilities->is
D:isability->is
D:isable->is
D:isabled->is
D:isables->is
D:isal->is
D:isally->is
D:isals->is
D:isance->is
D:isances->is
D:isation->is
D:isations->is
D:iseer->is
D:isence->is
D:iseor->is
D:iser->is
D:isers->is
D:ises->is
D:isial->is
D:isially->is
D:isibility->is
D:isible->is
D:isibles->is
D:isic->is
D:isical->is
D:isics->is
D:ision->is
D:isions->is
D:isism->is
D:isity->is
D:isive->is
D:isize->is
D:isized->is
D:isizes->is
D:isizing->is
D:isment->is
D:isness->is
D:isor->is
D:isors->is
D:issable->is
D:issal->is
D:issed->is
D:isser->is
D:issers->is
D:issible->is
D:issing->is
D:issings->is
D:issize->is
D:issized->is
D:issizer->is
D:issizing->is
D:issor->is
D:issors->is
D:a->a
D:wiki->wiki
D:wikiism->wiki
D:wikily->wiki
D:wikis->wiki
<query> what is a wiki</query><numhits>10</numhits><time>8101</time>
</ATIREsearch>
<ATIREsearch>
D:cannellini->cannellini
D:cannellinis->cannellini
Q:beans->bean
D:bean->bean
D:beanable->bean
D:beanal->bean
D:beaned->bean
D:beaner->bean
D:beaners->bean
D:beanes->bean
D:beaning->bean
D:beanings->bean
D:beanions->bean
D:beanism->bean
D:beanities->bean
D:beanizer->bean
D:beanly->bean
D:beanned->bean
D:beanner->bean
D:beanning->bean
D:beanor->bean
D:beans->bean
<query> cannellini beans</query><numhits>10</numhits><time>2400</time>
</ATIREsearch>
<ATIREsearch>
D:afghan->afghanistan
D:afghaned->afghanistan
D:afghaner->afghanistan
D:afghanes->afghanistan
D:afghanic->afghanistan
D:afghanistan->afghanistan
D:afghanistanism->afghanistan
D:afghanistans->afghanistan
D:afghanization->afghanistan
D:afghanize->afghanistan
D:afghanized->afghanistan
D:afghanizing->afghanistan
D:afghans->afghanistan
D:flag->flag
D:flagable->flag
D:flagal->flag
D:flaged->flag
D:flagencies->flag
D:flagency->flag
D:flagencys->flag
D:flager->flag
D:flagers->flag
D:flages->flag
D:flaggability->flag
D:flaggable->flag
D:flaggal->flag
D:flagged->flag
D:flaggeds->flag
D:flagger->flag
D:flaggers->flag
D:flaggor->flag
D:flaging->flag
D:flagism->flag
D:flagized->flag
D:flagly->flag
D:flagment->flag
D:flagments->flag
D:flagness->flag
D:flagor->flag
D:flags->flag
<query> afghanistan flag</query><numhits>10</numhits><time>1037</time>
</ATIREsearch>
<ATIREsearch>
D:old->old
D:oldable->old
D:oldal->old
D:oldals->old
D:oldance->old
D:oldation->old
D:oldder->old
D:olded->old
D:oldeer->old
D:older->old
D:olderness->old
D:olders->old
D:oldes->old
D:olding->old
D:oldings->old
D:oldion->old
D:oldism->old
D:oldity->old
D:oldiving->old
D:oldize->old
D:oldizer->old
D:oldly->old
D:oldment->old
D:oldness->old
D:oldor->old
D:olds->old
D:town->town
D:towned->town
D:towner->town
D:towners->town
D:townes->town
D:towning->town
D:townly->town
D:townness->town
D:towns->town
D:scottsdale->scottsdale
D:scottsdaled->scottsdale
D:scottsdaleds->scottsdale
D:scottsdales->scottsdale
<query> old town scottsdale</query><numhits>10</numhits><time>2391</time>
</ATIREsearch>
<ATIREsearch>
D:roosevelt->roosevelt
D:roosevelts->roosevelt
D:island->island
D:islandable->island
D:islandal->island
D:islanded->island
D:islandeds->island
D:islandeer->island
D:islander->island
D:islanderness->island
D:islanders->island
D:islandes->island
D:islandic->island
D:islandics->island
D:islanding->island
D:islandism->island
D:islandive->island
D:islandization->island
D:islandized->island
D:islandness->island
D:islands->island
<query> roosevelt island</query><numhits>10</numhits><time>1533</time>
</ATIREsearch>
<ATIREsearch>
D:civil->civil
D:civilally->civil
D:civilation->civil
D:civilations->civil
D:civiled->civil
D:civiler->civil
D:civiles->civil
D:civiliality->civil
D:civilially->civil
D:civiling->civil
D:civilion->civil
D:civilions->civil
D:civilism->civil
D:civilities->civil
D:civility->civil
D:civilitys->civil
D:civiller->civil
D:civillization->civil
D:civillizations->civil
D:civillized->civil
D:civilly->civil
D:civilness->civil
D:civilor->civil
D:civils->civil
D:war->war
D:warable->war
D:warables->war
D:waral->war
D:wareer->war
D:warial->war
D:warism->war
D:warisms->war
D:warities->war
D:warity->war
D:warive->war
D:warlied->war
D:warlies->war
D:warly->war
D:warlys->war
D:warment->war
D:warments->war
D:warness->war
D:warors->war
D:warral->war
D:warrally->war
D:warred->war
D:warreds->war
D:warrer->war
D:warrers->war
D:warring->war
D:warrings->war
D:warror->war
D:warrors->war
D:wars->war
Q:battles->battle
D:battlation->battle
D:battle->battle
D:battleable->battle
D:battleals->battle
D:battled->battle
D:battleed->battle
D:battleers->battle
D:battleing->battle
D:battleized->battle
D:battlement->battle
D:battlementing->battle
D:battlements->battle
D:battleness->battle
D:battler->battle
D:battlers->battle
D:battles->battle
D:battlies->battle
D:battling->battle
D:battlings->battle
D:battlion->battle
D:battlions->battle
D:battlize->battle
D:battlized->battle
D:battlizer->battle
D:battlizers->battle
D:battlor->battle
D:battly->battle
D:in->in
D:inable->in
D:inabled->in
D:inables->in
D:inably->in
D:inal->in
D:inality->in
D:inally->in
D:inals->in
D:inance->in
D:inanced->in
D:inances->in
D:inancy->in
D:ination->in
D:inations->in
D:inative->in
D:inatives->in
D:ineer->in
D:ineers->in
D:inence->in
D:inences->in
D:ineor->in
D:iner->in
D:inerness->in
D:iners->in
D:ines->in
D:inial->in
D:inially->in
D:inibility->in
D:inic->in
D:inical->in
D:inicals->in
D:inicity->in
D:inics->in
D:inion->in
D:inions->in
D:inism->in
D:inisms->in
D:initied->in
D:inities->in
D:inity->in
D:initys->in
D:inive->in
D:inived->in
D:inives->in
D:inizations->in
D:inize->in
D:inized->in
D:inizer->in
D:inizing->in
D:inlied->in
D:inlies->in
D:inly->in
D:inlys->in
D:inment->in
D:inness->in
D:innor->in
D:inor->in
D:inorities->in
D:inority->in
D:inors->in
D:south->south
D:southal->south
D:southed->south
D:souther->south
D:southerness->south
D:southers->south
D:southes->south
D:southing->south
D:southings->south
D:southion->south
D:southisms->south
D:southly->south
D:southness->south
D:southor->south
D:souths->south
D:carolina->carolina
D:carolinas->carolina
<query> civil war battles in south carolina</query><numhits>10</numhits><time>9896</time>
</ATIREsearch>
<ATIREsearch>
D:rain->rain
D:rainability->rain
D:rainal->rain
D:rainals->rain
D:raination->rain
D:rained->rain
D:raineds->rain
D:raineer->rain
D:rainer->rain
D:rainers->rain
D:raines->rain
D:raining->rain
D:rainings->rain
D:rainism->rain
D:rainity->rain
D:rainization->rain
D:rainly->rain
D:rainment->rain
D:rainments->rain
D:rainned->rain
D:rainner->rain
D:rainning->rain
D:rainor->rain
D:rainors->rain
D:rains->rain
D:man->man
D:manability->man
D:manable->man
D:manal->man
D:manally->man
D:manals->man
D:maned->man
D:maneds->man
D:maneer->man
D:manial->man
D:manible->man
D:manibles->man
D:maning->man
D:manings->man
D:manism->man
D:manisms->man
D:manities->man
D:manity->man
D:manive->man
D:maniving->man
D:manization->man
D:manize->man
D:manized->man
D:manizer->man
D:manizers->man
D:manizes->man
D:manizing->man
D:manlies->man
D:manliness->man
D:manly->man
D:manlyness->man
D:manlys->man
D:manment->man
D:mannable->man
D:mannal->man
D:mannally->man
D:mannals->man
D:manned->man
D:manness->man
D:manning->man
D:mannings->man
D:mannor->man
D:mannors->man
D:mans->man
<query> rain man</query><numhits>10</numhits><time>3059</time>
</ATIREsearch>
<ATIREsearch>
Q:eggs->egg
D:egg->egg
D:eggability->egg
D:eggable->egg
D:eggables->egg
D:eggal->egg
D:eggality->egg
D:egged->egg
D:eggeds->egg
D:egger->egg
D:eggerness->egg
D:eggers->egg
D:egges->egg
D:egggers->egg
D:egging->egg
D:eggings->egg
D:eggly->egg
D:egglys->egg
D:eggment->egg
D:eggments->egg
D:eggness->egg
D:eggor->egg
D:eggors->egg
D:eggs->egg
D:shelf->shelf
D:shelfability->shelf
D:shelfal->shelf
D:shelfed->shelf
D:shelfer->shelf
D:shelfers->shelf
D:shelfes->shelf
D:shelffor->shelf
D:shelfing->shelf
D:shelfness->shelf
D:shelfor->shelf
D:shelfs->shelf
D:lifal->life
D:life->life
D:lifeability->life
D:lifeable->life
D:lifeables->life
D:lifeal->life
D:lifeally->life
D:lifed->life
D:lifeds->life
D:lifeed->life
D:lifeer->life
D:lifees->life
D:lifeically->life
D:lifeing->life
D:lifeings->life
D:lifeism->life
D:lifeisms->life
D:lifeliness->life
D:lifely->life
D:lifelyness->life
D:lifence->life
D:lifeness->life
D:lifeor->life
D:lifer->life
D:lifers->life
D:lifes->life
D:lific->life
D:lifing->life
D:lifities->life
D:lifity->life
D:lifor->life
<query> eggs shelf life</query><numhits>10</numhits><time>2967</time>
</ATIREsearch>
<ATIREsearch>
Q:occupational->occupation
D:occupation->occupation
D:occupational->occupation
D:occupationally->occupation
D:occupationals->occupation
D:occupationer->occupation
D:occupationes->occupation
D:occupationial->occupation
D:occupationnal->occupation
D:occupations->occupation
D:occupative->occupation
D:therapist->therapist
D:therapistes->therapist
D:therapistic->therapist
D:therapistor->therapist
D:therapists->therapist
<query> occupational therapist</query><numhits>10</numhits><time>1846</time>
</ATIREsearch>
<ATIREsearch>
D:ford->ford
D:fordability->ford
D:fordable->ford
D:fordal->ford
D:fordance->ford
D:forded->ford
D:fordeer->ford
D:forder->ford
D:forders->ford
D:fordes->ford
D:fordial->ford
D:fording->ford
D:fordings->ford
D:fordion->ford
D:fordism->ford
D:fordisms->ford
D:fordiveness->ford
D:fordiving->ford
D:fordized->ford
D:fordlied->ford
D:fordliness->ford
D:fordly->ford
D:fordor->ford
D:fordors->ford
D:fords->ford
D:edgabilities->edge
D:edgable->edge
D:edgal->edge
D:edgally->edge
D:edge->edge
D:edgeabilities->edge
D:edgeability->edge
D:edgeable->edge
D:edgeal->edge
D:edged->edge
D:edgeds->edge
D:edgeed->edge
D:edgees->edge
D:edgeing->edge
D:edgeings->edge
D:edgely->edge
D:edgement->edge
D:edgements->edge
D:edgeness->edge
D:edger->edge
D:edgers->edge
D:edges->edge
D:edgible->edge
D:edgity->edge
D:edgor->edge
Q:problems->problem
D:problem->problem
D:problemation->problem
D:problemative->problem
D:problemed->problem
D:problemer->problem
D:problemes->problem
D:problemic->problem
D:problemical->problem
D:probleming->problem
D:problemization->problem
D:problemize->problem
D:problemizing->problem
D:problemly->problem
D:problemmed->problem
D:problemming->problem
D:problemness->problem
D:problemor->problem
D:problems->problem
<query> ford edge problems</query><numhits>10</numhits><time>2666</time>
</ATIREsearch>
<ATIREsearch>
Q:identifying->identify
D:identific->identify
D:identifical->identify
D:identifically->identify
D:identification->identify
D:identifications->identify
D:identified->identify
D:identifieds->identify
D:identifier->identify
D:identifiers->identify
D:identifies->identify
D:identify->identify
D:identifyability->identify
D:identifyable->identify
D:identifyably->identify
D:identifyed->identify
D:identifyer->identify
D:identifyers->identify
D:identifying->identify
D:identifyor->identify
D:identifys->identify
D:spider->spider
D:spiderabilities->spider
D:spiderability->spider
D:spiderable->spider
D:spidered->spider
D:spiderer->spider
D:spiderers->spider
D:spideres->spider
D:spiderical->spider
D:spidering->spider
D:spiderings->spider
D:spiderism->spider
D:spiderisms->spider
D:spiderize->spider
D:spiderized->spider
D:spiderizing->spider
D:spiderly->spider
D:spiderness->spider
D:spiderring->spider
D:spiders->spider
Q:bites->bite
D:bitance->bite
D:bitation->bite
D:bitations->bite
D:bite->bite
D:biteable->bite
D:bited->bite
D:biteed->bite
D:bitees->bite
D:biteing->bite
D:biteion->bite
D:bitely->bite
D:bitency->bite
D:biter->bite
D:biterness->bite
D:biters->bite
D:bites->bite
D:bitic->bite
D:biting->bite
D:bitings->bite
<query> identifying spider bites</query><numhits>10</numhits><time>2009</time>
</ATIREsearch>
<ATIREsearch>
D:historied->history
D:historier->history
D:histories->history
D:history->history
D:historyability->history
D:historyal->history
D:historyed->history
D:historyes->history
D:historyic->history
D:historyical->history
D:historyically->history
D:historying->history
D:historyor->history
D:historys->history
D:of->of
D:ofabilities->of
D:ofal->of
D:ofallied->of
D:ofally->of
D:ofals->of
D:ofeer->of
D:ofeers->of
D:ofence->of
D:ofences->of
D:ofeor->of
D:ofer->of
D:ofers->of
D:ofes->of
D:offor->of
D:offors->of
D:ofial->of
D:ofic->of
D:ofical->of
D:ofically->of
D:oficals->of
D:ofics->of
D:ofion->of
D:ofions->of
D:ofism->of
D:ofities->of
D:ofive->of
D:oflies->of
D:ofly->of
D:ofment->of
D:ofness->of
D:ofor->of
D:ofors->of
Q:orcas->orca
D:orca->orca
D:orcas->orca
D:island->island
D:islandable->island
D:islandal->island
D:islanded->island
D:islandeds->island
D:islandeer->island
D:islander->island
D:islanderness->island
D:islanders->island
D:islandes->island
D:islandic->island
D:islandics->island
D:islanding->island
D:islandism->island
D:islandive->island
D:islandization->island
D:islandized->island
D:islandness->island
D:islands->island
<query> history of orcas island</query><numhits>10</numhits><time>5693</time>
</ATIREsearch>
<ATIREsearch>
D:tooth->tooth
D:toothal->tooth
D:toothed->tooth
D:tootheds->tooth
D:toother->tooth
D:toothers->tooth
D:toothes->tooth
D:toothing->tooth
D:toothly->tooth
D:toothness->tooth
D:tooths->tooth
D:abscess->abscess
D:abscessal->abscess
D:abscessation->abscess
D:abscessations->abscess
D:abscessed->abscess
D:abscesses->abscess
D:abscessing->abscess
D:abscession->abscess
D:abscessive->abscess
<query> tooth abscess</query><numhits>10</numhits><time>1146</time>
</ATIREsearch>
<ATIREsearch>
D:barrett->barrett
D:barretts->barrett
D:s->s
D:esophagus->esophagus
D:esophaguses->esophagus
<query> barrett s esophagus</query><numhits>10</numhits><time>3750</time>
</ATIREsearch>
<ATIREsearch>
D:teddies->teddy
D:teddiness->teddy
D:teddy->teddy
D:teddyism->teddy
D:teddyness->teddy
D:teddys->teddy
Q:bears->bear
D:bear->bear
D:bearabilities->bear
D:bearability->bear
D:bearable->bear
D:bearableness->bear
D:bearably->bear
D:bearance->bear
D:beared->bear
D:bearence->bear
D:bearer->bear
D:bearers->bear
D:beares->bear
D:bearible->bear
D:bearic->bear
D:bearics->bear
D:bearing->bear
D:bearings->bear
D:bearion->bear
D:bearism->bear
D:bearisms->bear
D:bearize->bear
D:bearly->bear
D:bearlys->bear
D:bearness->bear
D:bearor->bear
D:bearrable->bear
D:bearred->bear
D:bearrer->bear
D:bearring->bear
D:bearrings->bear
D:bearror->bear
D:bears->bear
<query> teddy bears</query><numhits>10</numhits><time>2034</time>
</ATIREsearch>
<ATIREsearch>
D:patron->patron
D:patronal->patron
D:patronally->patron
D:patronals->patron
D:patroned->patron
D:patroner->patron
D:patrones->patron
D:patronial->patron
D:patronic->patron
D:patronics->patron
D:patroning->patron
D:patronism->patron
D:patronization->patron
D:patronizations->patron
D:patronize->patron
D:patronized->patron
D:patronizer->patron
D:patronizers->patron
D:patronizes->patron
D:patronizing->patron
D:patronly->patron
D:patronness->patron
D:patronnized->patron
D:patrons->patron
D:saint->saint
D:saintal->saint
D:saintals->saint
D:saintation->saint
D:saintations->saint
D:sainted->saint
D:sainteds->saint
D:sainter->saint
D:sainters->saint
D:saintes->saint
D:saintic->saint
D:sainting->saint
D:saintism->saint
D:saintity->saint
D:saintive->saint
D:saintives->saint
D:saintizer->saint
D:saintlies->saint
D:saintliness->saint
D:saintly->saint
D:saintlyness->saint
D:saintness->saint
D:saints->saint
D:saintter->saint
D:of->of
D:ofabilities->of
D:ofal->of
D:ofallied->of
D:ofally->of
D:ofals->of
D:ofeer->of
D:ofeers->of
D:ofence->of
D:ofences->of
D:ofeor->of
D:ofer->of
D:ofers->of
D:ofes->of
D:offor->of
D:offors->of
D:ofial->of
D:ofic->of
D:ofical->of
D:ofically->of
D:oficals->of
D:ofics->of
D:ofion->of
D:ofions->of
D:ofism->of
D:ofities->of
D:ofive->of
D:oflies->of
D:ofly->of
D:ofment->of
D:ofness->of
D:ofor->of
D:ofors->of
D:mental->mental
D:mentalality->mental
D:mentaler->mental
D:mentales->mental
D:mentalic->mental
D:mentalics->mental
D:mentalism->mental
D:mentalisms->mental
D:mentalities->mental
D:mentality->mental
D:mentalitys->mental
D:mentalization->mental
D:mentalizations->mental
D:mentalize->mental
D:mentalized->mental
D:mentalizer->mental
D:mentalizes->mental
D:mentalizing->mental
D:mentalled->mental
D:mentaller->mental
D:mentallers->mental
D:mentalling->mental
D:mentally->mental
D:mentalment->mental
D:mentalness->mental
D:mentals->mental
Q:illness->ill
D:ill->ill
D:illabilities->ill
D:illability->ill
D:illable->ill
D:illal->ill
D:illance->ill
D:illation->ill
D:illations->ill
D:illative->ill
D:illatively->ill
D:illed->ill
D:iller->ill
D:illers->ill
D:illes->ill
D:illial->ill
D:illic->ill
D:illicities->ill
D:illicity->ill
D:illing->ill
D:illings->ill
D:illion->ill
D:illions->ill
D:illism->ill
D:illities->ill
D:illity->ill
D:illled->ill
D:illler->ill
D:illly->ill
D:illment->ill
D:illments->ill
D:illness->ill
D:illnessed->ill
D:illnessing->ill
D:illor->ill
D:illors->ill
D:ills->ill
<query> patron saint of mental illness</query><numhits>10</numhits><time>7264</time>
</ATIREsearch>
<ATIREsearch>
Q:holes->hole
D:holable->hole
D:holal->hole
D:hole->hole
D:holeal->hole
D:holed->hole
D:holeer->hole
D:holeers->hole
D:holees->hole
D:holeing->hole
D:holeism->hole
D:holely->hole
D:holence->hole
D:holency->hole
D:holeness->hole
D:holer->hole
D:holers->hole
D:holes->hole
D:holing->hole
D:holings->hole
D:holition->hole
D:holive->hole
D:holized->hole
D:holizer->hole
D:holor->hole
D:holors->hole
D:by->by
D:byable->by
D:byal->by
D:byeor->by
D:byity->by
D:bylies->by
D:byly->by
D:byness->by
D:byor->by
D:byors->by
D:louis->louis
D:louisal->louis
D:louised->louis
D:louiser->louis
D:louises->louis
D:louising->louis
D:louisness->louis
D:louisor->louis
D:louisser->louis
D:sachar->sachar
D:sacharness->sachar
D:sachars->sachar
<query> holes by louis sachar</query><numhits>10</numhits><time>5333</time>
</ATIREsearch>
<ATIREsearch>
D:hip->hip
D:hipal->hip
D:hipals->hip
D:hiped->hip
D:hipeer->hip
D:hiper->hip
D:hiperness->hip
D:hipers->hip
D:hipes->hip
D:hipic->hip
D:hipical->hip
D:hiping->hip
D:hipism->hip
D:hipity->hip
D:hiplies->hip
D:hiply->hip
D:hipment->hip
D:hipments->hip
D:hipness->hip
D:hippal->hip
D:hipped->hip
D:hipper->hip
D:hipperness->hip
D:hippers->hip
D:hipping->hip
D:hippings->hip
D:hips->hip
D:roof->roof
D:roofable->roof
D:roofed->roof
D:roofence->roof
D:roofer->roof
D:roofers->roof
D:roofes->roof
D:rooffed->roof
D:rooffer->roof
D:rooffing->roof
D:rooffor->roof
D:roofic->roof
D:roofing->roof
D:roofings->roof
D:roofliness->roof
D:roofly->roof
D:roofor->roof
D:roofs->roof
<query> hip roof</query><numhits>10</numhits><time>1396</time>
</ATIREsearch>
<ATIREsearch>
D:carpenter->carpenter
D:carpentered->carpenter
D:carpenteres->carpenter
D:carpentering->carpenter
D:carpenterion->carpenter
D:carpenterism->carpenter
D:carpenterly->carpenter
D:carpenters->carpenter
D:beance->bee
D:beances->bee
D:beation->bee
D:bee->bee
D:beeal->bee
D:beeed->bee
D:beeeds->bee
D:beeeer->bee
D:beeeers->bee
D:beees->bee
D:beeing->bee
D:beeings->bee
D:beeism->bee
D:beeive->bee
D:beeived->bee
D:beeives->bee
D:beeizer->bee
D:beelies->bee
D:beely->bee
D:beelys->bee
D:beement->bee
D:beements->bee
D:beence->bee
D:beency->bee
D:beeness->bee
D:bees->bee
D:beion->bee
D:beions->bee
D:beition->bee
<query> carpenter bee</query><numhits>10</numhits><time>2426</time>
</ATIREsearch>
<ATIREsearch>
D:thable->the
D:thables->the
D:thably->the
D:thal->the
D:thality->the
D:thally->the
D:thallys->the
D:thals->the
D:thance->the
D:thances->the
D:thation->the
D:thations->the
D:the->the
D:theability->the
D:theably->the
D:theal->the
D:theality->the
D:theallied->the
D:theallies->the
D:theally->the
D:theals->the
D:theeer->the
D:theial->the
D:theity->the
D:theive->the
D:theived->the
D:theively->the
D:theives->the
D:theiving->the
D:theivity->the
D:theize->the
D:theizer->the
D:theizing->the
D:thelied->the
D:thelies->the
D:theliness->the
D:thely->the
D:thelyness->the
D:thelys->the
D:thement->the
D:thements->the
D:theness->the
D:theor->the
D:theorities->the
D:theority->the
D:theors->the
D:ther->the
D:thers->the
D:thes->the
D:thible->the
D:thion->the
D:thities->the
D:thity->the
D:thive->the
D:thived->the
D:thively->the
D:thives->the
D:thiving->the
D:thize->the
D:thized->the
D:thizer->the
D:thizers->the
D:thizing->the
D:thor->the
D:thorities->the
D:thority->the
D:thorness->the
D:thors->the
Q:american->america
D:america->america
D:americaism->america
D:americaisms->america
D:american->america
D:americanable->america
D:americanallies->america
D:americaned->america
D:americaneer->america
D:americaneers->america
D:americaner->america
D:americaners->america
D:americanes->america
D:americaness->america
D:americanic->america
D:americanicity->america
D:americanics->america
D:americaning->america
D:americanism->america
D:americanisms->america
D:americanity->america
D:americanization->america
D:americanizations->america
D:americanize->america
D:americanized->america
D:americanizer->america
D:americanizers->america
D:americanizes->america
D:americanizing->america
D:americanly->america
D:americannable->america
D:americanned->america
D:americanness->america
D:americans->america
D:americas->america
D:revolutionaries->revolutionary
D:revolutionarily->revolutionary
D:revolutionariness->revolutionary
D:revolutionary->revolutionary
D:revolutionaryism->revolutionary
D:revolutionaryor->revolutionary
D:revolutionarys->revolutionary
<query> the american revolutionary</query><numhits>10</numhits><time>7728</time>
</ATIREsearch>
<ATIREsearch>
D:folk->folk
D:folkal->folk
D:folkals->folk
D:folked->folk
D:folker->folk
D:folkers->folk
D:folkes->folk
D:folkic->folk
D:folking->folk
D:folkism->folk
D:folkisms->folk
D:folkities->folk
D:folkization->folk
D:folkker->folk
D:folkkings->folk
D:folkly->folk
D:folkness->folk
D:folkor->folk
D:folks->folk
Q:remedies->remedy
D:remedic->remedy
D:remedical->remedy
D:remedication->remedy
D:remedics->remedy
D:remedied->remedy
D:remedieds->remedy
D:remedier->remedy
D:remedies->remedy
D:remedy->remedy
D:remedyed->remedy
D:remedyes->remedy
D:remedying->remedy
D:remedyment->remedy
D:remedyor->remedy
D:remedys->remedy
D:soral->sore
D:sorals->sore
D:sorance->sore
D:sorancy->sore
D:soration->sore
D:sore->sore
D:soreal->sore
D:soreality->sore
D:soreally->sore
D:sored->sore
D:soreed->sore
D:soreing->sore
D:soreities->sore
D:sorely->sore
D:sorelys->sore
D:sorence->sore
D:sorency->sore
D:soreness->sore
D:soreority->sore
D:sorer->sore
D:sorers->sore
D:sores->sore
D:soric->sore
D:sorical->sore
D:soring->sore
D:sorings->sore
D:sorion->sore
D:sorities->sore
D:sority->sore
D:sorize->sore
D:sorized->sore
D:soror->sore
D:sorors->sore
D:throat->throat
D:throatable->throat
D:throatal->throat
D:throated->throat
D:throateds->throat
D:throater->throat
D:throaters->throat
D:throates->throat
D:throating->throat
D:throatness->throat
D:throator->throat
D:throats->throat
<query> folk remedies sore throat</query><numhits>10</numhits><time>4310</time>
</ATIREsearch>
<ATIREsearch>
Q:balding->bald
D:bald->bald
D:baldal->bald
D:baldder->bald
D:baldders->bald
D:balddor->bald
D:balded->bald
D:baldeds->bald
D:baldeer->bald
D:balder->bald
D:balders->bald
D:baldes->bald
D:balding->bald
D:baldings->bald
D:baldion->bald
D:baldism->bald
D:baldives->bald
D:baldness->bald
D:baldor->bald
D:baldors->bald
D:balds->bald
D:curance->cure
D:curancy->cure
D:cure->cure
D:cureable->cure
D:cureables->cure
D:cureal->cure
D:cureals->cure
D:cureation->cure
D:cureative->cure
D:cured->cure
D:cureds->cure
D:cureed->cure
D:cureency->cure
D:curees->cure
D:cureial->cure
D:cureic->cure
D:cureing->cure
D:curely->cure
D:curement->cure
D:curence->cure
D:curencies->cure
D:curency->cure
D:cureness->cure
D:curer->cure
D:curers->cure
D:cures->cure
D:curic->cure
D:curicity->cure
D:curics->cure
D:curing->cure
D:curings->cure
D:curion->cure
D:curions->cure
<query> balding cure</query><numhits>10</numhits><time>1562</time>
</ATIREsearch>
<ATIREsearch>
D:evidence->evidence
D:evidenced->evidence
D:evidences->evidence
D:for->for
D:forable->for
D:forably->for
D:foral->for
D:forally->for
D:forals->for
D:foreer->for
D:foreor->for
D:forible->for
D:fority->for
D:forive->for
D:foriveness->for
D:forlied->for
D:forlies->for
D:forly->for
D:forment->for
D:formenting->for
D:formentity->for
D:forments->for
D:forness->for
D:foror->for
D:forral->for
D:forrally->for
D:forred->for
D:forrer->for
D:forrers->for
D:forrible->for
D:forror->for
D:fors->for
D:evolution->evolution
D:evolutional->evolution
D:evolutionally->evolution
D:evolutioned->evolution
D:evolutioneer->evolution
D:evolutioner->evolution
D:evolutioning->evolution
D:evolutionism->evolution
D:evolutionisms->evolution
D:evolutionization->evolution
D:evolutionize->evolution
D:evolutionized->evolution
D:evolutionizer->evolution
D:evolutionizes->evolution
D:evolutionizing->evolution
D:evolutions->evolution
D:evolutive->evolution
D:evolutively->evolution
D:evolutives->evolution
D:evolutivity->evolution
<query> evidence for evolution</query><numhits>10</numhits><time>4020</time>
</ATIREsearch>
<ATIREsearch>
D:tribable->tribe
D:tribe->tribe
D:tribeal->tribe
D:tribed->tribe
D:tribeer->tribe
D:tribeism->tribe
D:tribely->tribe
D:tribeness->tribe
D:triber->tribe
D:tribers->tribe
D:tribes->tribe
D:tribing->tribe
D:tribion->tribe
D:tribity->tribe
D:tribor->tribe
D:tribors->tribe
Q:formerly->former
D:former->former
D:formerally->former
D:formered->former
D:formerer->former
D:formering->former
D:formerlies->former
D:formerly->former
D:formerlys->former
D:formerness->former
D:formerror->former
D:formerrors->former
D:formers->former
Q:living->live
D:livability->live
D:livable->live
D:livableness->live
D:livables->live
D:livably->live
D:lival->live
D:livality->live
D:livals->live
D:livance->live
D:livation->live
D:livations->live
D:live->live
D:liveabilities->live
D:liveability->live
D:liveable->live
D:liveableness->live
D:liveal->live
D:lived->live
D:liveds->live
D:liveed->live
D:liveeds->live
D:liveer->live
D:livees->live
D:liveing->live
D:liveings->live
D:liveism->live
D:liveity->live
D:livelied->live
D:livelies->live
D:liveliness->live
D:lively->live
D:livelyness->live
D:livelys->live
D:livence->live
D:liveness->live
D:liveor->live
D:lives->live
D:livibilities->live
D:livibility->live
D:livible->live
D:livic->live
D:living->live
D:livings->live
D:livion->live
D:livity->live
D:liviving->live
D:livor->live
D:livorness->live
D:in->in
D:inable->in
D:inabled->in
D:inables->in
D:inably->in
D:inal->in
D:inality->in
D:inally->in
D:inals->in
D:inance->in
D:inanced->in
D:inances->in
D:inancy->in
D:ination->in
D:inations->in
D:inative->in
D:inatives->in
D:ineer->in
D:ineers->in
D:inence->in
D:inences->in
D:ineor->in
D:iner->in
D:inerness->in
D:iners->in
D:ines->in
D:inial->in
D:inially->in
D:inibility->in
D:inic->in
D:inical->in
D:inicals->in
D:inicity->in
D:inics->in
D:inion->in
D:inions->in
D:inism->in
D:inisms->in
D:initied->in
D:inities->in
D:inity->in
D:initys->in
D:inive->in
D:inived->in
D:inives->in
D:inizations->in
D:inize->in
D:inized->in
D:inizer->in
D:inizing->in
D:inlied->in
D:inlies->in
D:inly->in
D:inlys->in
D:inment->in
D:inness->in
D:innor->in
D:inor->in
D:inorities->in
D:inority->in
D:inors->in
D:alabama->alabama
D:alabamas->alabama
<query> tribe formerly living in alabama</query><numhits>10</numhits><time>8225</time>
</ATIREsearch>
<ATIREsearch>
D:tornado->tornado
D:tornadoed->tornado
D:tornadoer->tornado
D:tornadoes->tornado
D:tornadoing->tornado
D:tornador->tornado
D:tornadors->tornado
D:tornados->tornado
<query> f5 tornado</query><numhits>10</numhits><time>709</time>
</ATIREsearch>
<ATIREsearch>
Q:symptoms->symptom
D:symptom->symptom
D:symptomal->symptom
D:symptomative->symptom
D:symptomed->symptom
D:symptomer->symptom
D:symptomes->symptom
D:symptomic->symptom
D:symptomization->symptom
D:symptomize->symptom
D:symptomized->symptom
D:symptomizes->symptom
D:symptomizing->symptom
D:symptoms->symptom
D:of->of
D:ofabilities->of
D:ofal->of
D:ofallied->of
D:ofally->of
D:ofals->of
D:ofeer->of
D:ofeers->of
D:ofence->of
D:ofences->of
D:ofeor->of
D:ofer->of
D:ofers->of
D:ofes->of
D:offor->of
D:offors->of
D:ofial->of
D:ofic->of
D:ofical->of
D:ofically->of
D:oficals->of
D:ofics->of
D:ofion->of
D:ofions->of
D:ofism->of
D:ofities->of
D:ofive->of
D:oflies->of
D:ofly->of
D:ofment->of
D:ofness->of
D:ofor->of
D:ofors->of
D:heart->heart
D:heartable->heart
D:heartal->heart
D:heartally->heart
D:hearted->heart
D:hearteds->heart
D:hearter->heart
D:hearters->heart
D:heartes->heart
D:heartical->heart
D:heartically->heart
D:hearting->heart
D:heartings->heart
D:heartion->heart
D:heartism->heart
D:heartive->heart
D:heartlies->heart
D:heartliness->heart
D:heartly->heart
D:heartlys->heart
D:heartness->heart
D:heartor->heart
D:hearts->heart
D:heartted->heart
D:heartter->heart
D:attack->attack
D:attackability->attack
D:attackable->attack
D:attackal->attack
D:attackative->attack
D:attacked->attack
D:attackeds->attack
D:attacker->attack
D:attackers->attack
D:attackes->attack
D:attacking->attack
D:attackings->attack
D:attackive->attack
D:attackly->attack
D:attackment->attack
D:attackments->attack
D:attackness->attack
D:attackor->attack
D:attacks->attack
<query> symptoms of heart attack</query><numhits>10</numhits><time>5616</time>
</ATIREsearch>
<ATIREsearch>
D:feliz->feliz
D:felizs->feliz
D:navidad->navidad
D:navidads->navidad
Q:lyrics->lyric
D:lyric->lyric
D:lyrical->lyric
D:lyricality->lyric
D:lyricallies->lyric
D:lyrically->lyric
D:lyricalness->lyric
D:lyricals->lyric
D:lyrication->lyric
D:lyricced->lyric
D:lyriced->lyric
D:lyricer->lyric
D:lyricers->lyric
D:lyrices->lyric
D:lyricial->lyric
D:lyricing->lyric
D:lyricings->lyric
D:lyricity->lyric
D:lyricization->lyric
D:lyricize->lyric
D:lyricized->lyric
D:lyricizes->lyric
D:lyricizing->lyric
D:lyricly->lyric
D:lyricness->lyric
D:lyrics->lyric
<query> feliz navidad lyrics</query><numhits>10</numhits><time>1463</time>
</ATIREsearch>
<ATIREsearch>
Q:benefits->benefit
D:benefit->benefit
D:benefitable->benefit
D:benefital->benefit
D:benefited->benefit
D:benefiteds->benefit
D:benefiter->benefit
D:benefiters->benefit
D:benefites->benefit
D:benefitial->benefit
D:benefitic->benefit
D:benefitical->benefit
D:benefiting->benefit
D:benefitism->benefit
D:benefitive->benefit
D:benefitized->benefit
D:benefitness->benefit
D:benefitor->benefit
D:benefitors->benefit
D:benefits->benefit
D:benefitted->benefit
D:benefitter->benefit
D:benefitters->benefit
D:benefitting->benefit
D:of->of
D:ofabilities->of
D:ofal->of
D:ofallied->of
D:ofally->of
D:ofals->of
D:ofeer->of
D:ofeers->of
D:ofence->of
D:ofences->of
D:ofeor->of
D:ofer->of
D:ofers->of
D:ofes->of
D:offor->of
D:offors->of
D:ofial->of
D:ofic->of
D:ofical->of
D:ofically->of
D:oficals->of
D:ofics->of
D:ofion->of
D:ofions->of
D:ofism->of
D:ofities->of
D:ofive->of
D:oflies->of
D:ofly->of
D:ofment->of
D:ofness->of
D:ofor->of
D:ofors->of
Q:running->run
D:run->run
D:runability->run
D:runable->run
D:runal->run
D:runals->run
D:runed->run
D:runeer->run
D:runing->run
D:runings->run
D:runism->run
D:runly->run
D:runnability->run
D:runnable->run
D:runnables->run
D:runnal->run
D:runnals->run
D:runned->run
D:runner->run
D:runners->run
D:running->run
D:runnings->run
D:runnor->run
D:runnors->run
D:runor->run
D:runors->run
D:runs->run
<query> benefits of running</query><numhits>10</numhits><time>5506</time>
</ATIREsearch>
<ATIREsearch>
D:marshall->marshall
D:marshallism->marshall
D:marshalls->marshall
D:countic->county
D:countied->county
D:countier->county
D:countiers->county
D:counties->county
D:countily->county
D:countiness->county
D:county->county
D:countyal->county
D:countyer->county
D:countyers->county
D:countyes->county
D:countying->county
D:countyor->county
D:countys->county
Q:schools->school
D:school->school
D:schoolable->school
D:schoolal->school
D:schooled->school
D:schooleers->school
D:schooler->school
D:schoolers->school
D:schooles->school
D:schooling->school
D:schoolings->school
D:schoolism->school
D:schoolity->school
D:schoolization->school
D:schoolized->school
D:schoolled->school
D:schoollers->school
D:schoollies->school
D:schoolling->school
D:schoollization->school
D:schoollizes->school
D:schoolly->school
D:schoolness->school
D:schoolor->school
D:schools->school
<query> marshall county schools</query><numhits>10</numhits><time>4939</time>
</ATIREsearch>
<ATIREsearch>
D:sun->sun
D:sunable->sun
D:sunal->sun
D:sunance->sun
D:sunation->sun
D:suned->sun
D:suneer->sun
D:suner->sun
D:sunes->sun
D:sunial->sun
D:sunic->sun
D:sunics->sun
D:suning->sun
D:sunings->sun
D:sunion->sun
D:sunity->sun
D:sunize->sun
D:sunlies->sun
D:sunly->sun
D:sunlys->sun
D:sunnal->sun
D:sunned->sun
D:sunner->sun
D:sunners->sun
D:sunness->sun
D:sunning->sun
D:sunnings->sun
D:sunnor->sun
D:sunor->sun
D:suns->sun
D:tzu->tzu
D:tzuly->tzu
D:tzulys->tzu
D:tzus->tzu
<query> sun tzu</query><numhits>10</numhits><time>1407</time>
</ATIREsearch>
<ATIREsearch>
D:halloween->halloween
D:halloweenism->halloween
D:halloweenity->halloween
D:halloweenness->halloween
D:halloweens->halloween
Q:activities->activity
D:activitics->activity
D:activitied->activity
D:activitiers->activity
D:activities->activity
D:activitily->activity
D:activitiness->activity
D:activitior->activity
D:activity->activity
D:activityable->activity
D:activityality->activity
D:activityed->activity
D:activityes->activity
D:activitying->activity
D:activityor->activity
D:activitys->activity
D:for->for
D:forable->for
D:forably->for
D:foral->for
D:forally->for
D:forals->for
D:foreer->for
D:foreor->for
D:forible->for
D:fority->for
D:forive->for
D:foriveness->for
D:forlied->for
D:forlies->for
D:forly->for
D:forment->for
D:formenting->for
D:formentity->for
D:forments->for
D:forness->for
D:foror->for
D:forral->for
D:forrally->for
D:forred->for
D:forrer->for
D:forrers->for
D:forrible->for
D:forror->for
D:fors->for
D:middle->middle
D:middled->middle
D:middlement->middle
D:middleness->middle
D:middleor->middle
D:middler->middle
D:middlers->middle
D:middles->middle
D:middlies->middle
D:middling->middle
D:middlings->middle
D:middlization->middle
D:middlized->middle
D:middly->middle
D:school->school
D:schoolable->school
D:schoolal->school
D:schooled->school
D:schooleers->school
D:schooler->school
D:schoolers->school
D:schooles->school
D:schooling->school
D:schoolings->school
D:schoolism->school
D:schoolity->school
D:schoolization->school
D:schoolized->school
D:schoolled->school
D:schoollers->school
D:schoollies->school
D:schoolling->school
D:schoollization->school
D:schoollizes->school
D:schoolly->school
D:schoolness->school
D:schoolor->school
D:schools->school
<query> halloween activities for middle school</query><numhits>10</numhits><time>7226</time>
</ATIREsearch>
<ATIREsearch>
Q:dreams->dream
D:dream->dream
D:dreamability->dream
D:dreamable->dream
D:dreamal->dream
D:dreamality->dream
D:dreamally->dream
D:dreamance->dream
D:dreamation->dream
D:dreamations->dream
D:dreamativity->dream
D:dreamed->dream
D:dreameds->dream
D:dreameer->dream
D:dreameers->dream
D:dreamer->dream
D:dreamers->dream
D:dreames->dream
D:dreaming->dream
D:dreamings->dream
D:dreamion->dream
D:dreamism->dream
D:dreamity->dream
D:dreamizer->dream
D:dreamlies->dream
D:dreamly->dream
D:dreammed->dream
D:dreammer->dream
D:dreammers->dream
D:dreamming->dream
D:dreamness->dream
D:dreamor->dream
D:dreams->dream
D:interpretation->interpretation
D:interpretational->interpretation
D:interpretationality->interpretation
D:interpretationally->interpretation
D:interpretationed->interpretation
D:interpretationes->interpretation
D:interpretationism->interpretation
D:interpretationness->interpretation
D:interpretationor->interpretation
D:interpretations->interpretation
<query> dreams interpretation</query><numhits>10</numhits><time>2026</time>
</ATIREsearch>
<ATIREsearch>
D:wilson->wilson
D:wilsonism->wilson
D:wilsonisms->wilson
D:wilsons->wilson
D:s->s
D:disease->disease
D:diseased->disease
D:diseases->disease
D:diseasing->disease
<query> wilson s disease</query><numhits>10</numhits><time>4030</time>
</ATIREsearch>
<ATIREsearch>
D:golf->golf
D:golfability->golf
D:golfable->golf
D:golfal->golf
D:golfed->golf
D:golfer->golf
D:golfers->golf
D:golfes->golf
D:golffing->golf
D:golfing->golf
D:golfings->golf
D:golfism->golf
D:golfity->golf
D:golfly->golf
D:golfment->golf
D:golfness->golf
D:golfs->golf
Q:instruction->instruct
D:instruct->instruct
D:instructability->instruct
D:instructable->instruct
D:instructables->instruct
D:instructably->instruct
D:instructation->instruct
D:instructed->instruct
D:instructer->instruct
D:instructers->instruct
D:instructes->instruct
D:instructible->instruct
D:instructibles->instruct
D:instructing->instruct
D:instructings->instruct
D:instruction->instruct
D:instructions->instruct
D:instructive->instruct
D:instructively->instruct
D:instructiveness->instruct
D:instructives->instruct
D:instructment->instruct
D:instructments->instruct
D:instructs->instruct
D:instructtor->instruct
<query> golf instruction</query><numhits>10</numhits><time>2052</time>
</ATIREsearch>
<ATIREsearch>
D:uss->uss
D:ussness->uss
D:cole->cole
D:coleism->cole
D:coleisms->cole
D:colely->cole
<query> uss cole</query><numhits>10</numhits><time>1925</time>
</ATIREsearch>
<ATIREsearch>
D:how->how
D:howal->how
D:howed->how
D:howeer->how
D:hower->how
D:howers->how
D:howes->how
D:howial->how
D:howible->how
D:howic->how
D:howing->how
D:howings->how
D:howizer->how
D:howlies->how
D:howliness->how
D:howly->how
D:howness->how
D:howor->how
D:hows->how
D:howwible->how
D:howwor->how
D:has->has
D:hasity->has
D:haslied->has
D:hasly->has
D:hasness->has
Q:african->africa
D:africa->africa
D:african->africa
D:africanation->africa
D:africaneers->africa
D:africaner->africa
D:africaners->africa
D:africanes->africa
D:africaness->africa
D:africanic->africa
D:africanicity->africa
D:africanism->africa
D:africanisms->africa
D:africanities->africa
D:africanity->africa
D:africanization->africa
D:africanizations->africa
D:africanize->africa
D:africanized->africa
D:africanizes->africa
D:africanizing->africa
D:africanness->africa
D:africans->africa
D:africas->africa
Q:american->america
D:america->america
D:americaism->america
D:americaisms->america
D:american->america
D:americanable->america
D:americanallies->america
D:americaned->america
D:americaneer->america
D:americaneers->america
D:americaner->america
D:americaners->america
D:americanes->america
D:americaness->america
D:americanic->america
D:americanicity->america
D:americanics->america
D:americaning->america
D:americanism->america
D:americanisms->america
D:americanity->america
D:americanization->america
D:americanizations->america
D:americanize->america
D:americanized->america
D:americanizer->america
D:americanizers->america
D:americanizes->america
D:americanizing->america
D:americanly->america
D:americannable->america
D:americanned->america
D:americanness->america
D:americans->america
D:americas->america
D:music->music
D:musicability->music
D:musicable->music
D:musical->music
D:musicallies->music
D:musically->music
D:musicallyness->music
D:musicalness->music
D:musicals->music
D:musication->music
D:musiccal->music
D:musiced->music
D:musiceds->music
D:musiceer->music
D:musicer->music
D:musicers->music
D:musices->music
D:musicial->music
D:musiciality->music
D:musicially->music
D:musicials->music
D:musicical->music
D:musicically->music
D:musicing->music
D:musicings->music
D:musicion->music
D:musicions->music
D:musicism->music
D:musicisms->music
D:musicity->music
D:musicly->music
D:musicness->music
D:musicor->music
D:musics->music
D:influencable->influence
D:influencables->influence
D:influencal->influence
D:influence->influence
D:influenceability->influence
D:influenceable->influence
D:influenceables->influence
D:influenced->influence
D:influenceds->influence
D:influenceed->influence
D:influencees->influence
D:influenceing->influence
D:influenceiveness->influence
D:influencement->influence
D:influencence->influence
D:influencer->influence
D:influencers->influence
D:influences->influence
D:influencible->influence
D:influencical->influence
D:influencing->influence
D:influencings->influence
D:influencive->influence
D:influencors->influence
D:historied->history
D:historier->history
D:histories->history
D:history->history
D:historyability->history
D:historyal->history
D:historyed->history
D:historyes->history
D:historyic->history
D:historyical->history
D:historyically->history
D:historying->history
D:historyor->history
D:historys->history
<query> how has african american music influence history</query><numhits>10</numhits><time>8616</time>
</ATIREsearch>
<ATIREsearch>
Q:bewitched->bewitch
D:bewitch->bewitch
D:bewitched->bewitch
D:bewitcher->bewitch
D:bewitchers->bewitch
D:bewitches->bewitch
D:bewitching->bewitch
D:bewitchings->bewitch
D:bewitchment->bewitch
D:bewitchments->bewitch
D:cast->cast
D:castabilities->cast
D:castability->cast
D:castable->cast
D:castables->cast
D:castal->cast
D:casted->cast
D:casteds->cast
D:casteer->cast
D:casteers->cast
D:castial->cast
D:castials->cast
D:castibility->cast
D:castible->cast
D:casting->cast
D:castings->cast
D:castism->cast
D:castisms->cast
D:castity->cast
D:castive->cast
D:castness->cast
D:casts->cast
D:castted->cast
D:castters->cast
D:castting->cast
D:casttings->cast
D:casttor->cast
<query> bewitched cast</query><numhits>10</numhits><time>2487</time>
</ATIREsearch>
<ATIREsearch>
D:mister->mister
D:misterable->mister
D:misteral->mister
D:mistered->mister
D:misterer->mister
D:misteres->mister
D:misterial->mister
D:mistering->mister
D:misterion->mister
D:misterlies->mister
D:misterly->mister
D:misterlys->mister
D:misterred->mister
D:misterreds->mister
D:misters->mister
D:rogers->rogers
D:rogersal->rogers
D:rogerses->rogers
D:rogersly->rogers
<query> mister rogers</query><numhits>10</numhits><time>1717</time>
</ATIREsearch>
<ATIREsearch>
D:gamation->game
D:game->game
D:gameability->game
D:gameable->game
D:gameal->game
D:gamed->game
D:gameds->game
D:gameed->game
D:gameeer->game
D:gamees->game
D:gameing->game
D:gameism->game
D:gameisms->game
D:gameized->game
D:gameliness->game
D:gamely->game
D:gameness->game
D:gamer->game
D:gamerness->game
D:gamers->game
D:games->game
D:gamic->game
D:gamics->game
D:gaming->game
D:gamings->game
D:gamion->game
D:theoric->theory
D:theorical->theory
D:theorically->theory
D:theoricly->theory
D:theorics->theory
D:theoried->theory
D:theories->theory
D:theoriority->theory
D:theory->theory
D:theoryes->theory
D:theorys->theory
<query> game theory</query><numhits>10</numhits><time>2982</time>
</ATIREsearch>
<ATIREsearch>
D:view->view
D:viewability->view
D:viewable->view
D:viewabled->view
D:viewables->view
D:viewably->view
D:viewal->view
D:viewed->view
D:vieweds->view
D:vieweer->view
D:viewer->view
D:viewers->view
D:viewes->view
D:viewing->view
D:viewings->view
D:viewity->view
D:viewly->view
D:viewness->view
D:viewor->view
D:views->view
D:viewwed->view
D:viewwer->view
D:viewwers->view
D:viewwing->view
D:my->my
D:myabilities->my
D:myability->my
D:myables->my
D:myal->my
D:myals->my
D:myance->my
D:myancy->my
D:myeer->my
D:myeers->my
D:myency->my
D:myeor->my
D:myer->my
D:myes->my
D:myic->my
D:myics->my
D:myion->my
D:myions->my
D:myism->my
D:myisms->my
D:myizer->my
D:mylies->my
D:myliness->my
D:myly->my
D:mylys->my
D:myment->my
D:myness->my
D:myor->my
D:myors->my
D:internet->internet
D:internetism->internet
D:internetisms->internet
D:internetly->internet
D:internetness->internet
D:internets->internet
D:historied->history
D:historier->history
D:histories->history
D:history->history
D:historyability->history
D:historyal->history
D:historyed->history
D:historyes->history
D:historyic->history
D:historyical->history
D:historyically->history
D:historying->history
D:historyor->history
D:historys->history
<query> view my internet history</query><numhits>10</numhits><time>6194</time>
</ATIREsearch>
<ATIREsearch>
D:ketogenic->ketogenic
D:ketogenically->ketogenic
D:ketogenics->ketogenic
D:diet->diet
D:dietal->diet
D:dietance->diet
D:dietation->diet
D:dieted->diet
D:dieteer->diet
D:dieteers->diet
D:dieter->diet
D:dieters->diet
D:dietes->diet
D:dieting->diet
D:dietings->diet
D:dietion->diet
D:dietivity->diet
D:dietize->diet
D:dietized->diet
D:dietizing->diet
D:dietly->diet
D:dietor->diet
D:dietors->diet
D:diets->diet
D:dietted->diet
D:dietter->diet
D:dietters->diet
D:dietting->diet
<query> ketogenic diet</query><numhits>10</numhits><time>1505</time>
</ATIREsearch>
<ATIREsearch>
D:nasa->nasa
D:nasaly->nasa
D:nasas->nasa
D:interplanetaries->interplanetary
D:interplanetary->interplanetary
Q:missions->mission
D:mission->mission
D:missionable->mission
D:missional->mission
D:missionality->mission
D:missionally->mission
D:missionals->mission
D:missioned->mission
D:missioneds->mission
D:missioneer->mission
D:missioner->mission
D:missioners->mission
D:missiones->mission
D:missioning->mission
D:missionism->mission
D:missionization->mission
D:missionizations->mission
D:missionize->mission
D:missionized->mission
D:missionizer->mission
D:missionizers->mission
D:missionizes->mission
D:missionizing->mission
D:missionned->mission
D:missionner->mission
D:missions->mission
<query> nasa interplanetary missions</query><numhits>10</numhits><time>3019</time>
</ATIREsearch>
<ATIREsearch>
Q:hayrides->hayride
D:hayride->hayride
D:hayrides->hayride
D:hayriding->hayride
D:in->in
D:inable->in
D:inabled->in
D:inables->in
D:inably->in
D:inal->in
D:inality->in
D:inally->in
D:inals->in
D:inance->in
D:inanced->in
D:inances->in
D:inancy->in
D:ination->in
D:inations->in
D:inative->in
D:inatives->in
D:ineer->in
D:ineers->in
D:inence->in
D:inences->in
D:ineor->in
D:iner->in
D:inerness->in
D:iners->in
D:ines->in
D:inial->in
D:inially->in
D:inibility->in
D:inic->in
D:inical->in
D:inicals->in
D:inicity->in
D:inics->in
D:inion->in
D:inions->in
D:inism->in
D:inisms->in
D:initied->in
D:inities->in
D:inity->in
D:initys->in
D:inive->in
D:inived->in
D:inives->in
D:inizations->in
D:inize->in
D:inized->in
D:inizer->in
D:inizing->in
D:inlied->in
D:inlies->in
D:inly->in
D:inlys->in
D:inment->in
D:inness->in
D:innor->in
D:inor->in
D:inorities->in
D:inority->in
D:inors->in
D:pa->pa
D:paable->pa
D:paables->pa
D:paal->pa
D:paallys->pa
D:paals->pa
D:paation->pa
D:paeer->pa
D:paeers->pa
D:paeor->pa
D:paer->pa
D:paers->pa
D:paes->pa
D:paial->pa
D:paible->pa
D:paical->pa
D:paion->pa
D:paism->pa
D:paity->pa
D:paive->pa
D:paived->pa
D:paives->pa
D:paiving->pa
D:paivitys->pa
D:paize->pa
D:paizely->pa
D:paizer->pa
D:paizes->pa
D:pament->pa
D:paments->pa
D:paness->pa
D:paor->pa
D:paors->pa
<query> hayrides in pa</query><numhits>10</numhits><time>5980</time>
</ATIREsearch>
<ATIREsearch>
D:wherables->where
D:where->where
D:whereables->where
D:whereal->where
D:whered->where
D:whereeer->where
D:whereer->where
D:wherees->where
D:whereing->where
D:wherely->where
D:whereness->where
D:whereor->where
D:wherer->where
D:wheres->where
D:whering->where
D:wherity->where
D:to->to
D:toable->to
D:toal->to
D:toality->to
D:toally->to
D:toals->to
D:toeer->to
D:toially->to
D:toible->to
D:toical->to
D:toism->to
D:toities->to
D:toity->to
D:toitys->to
D:toive->to
D:toively->to
D:toives->to
D:toiving->to
D:toize->to
D:toizer->to
D:tolies->to
D:toliness->to
D:toly->to
D:tolys->to
D:toment->to
D:tomenting->to
D:toments->to
D:toness->to
D:find->find
D:findability->find
D:findable->find
D:findableness->find
D:findables->find
D:findably->find
D:findal->find
D:findally->find
D:findals->find
D:findance->find
D:findder->find
D:findding->find
D:finddings->find
D:finded->find
D:findeer->find
D:finder->find
D:finders->find
D:findes->find
D:findibility->find
D:findic->find
D:finding->find
D:findings->find
D:findion->find
D:findism->find
D:findity->find
D:findly->find
D:findness->find
D:findor->find
D:findors->find
D:finds->find
D:morel->morel
D:morelation->morel
D:moreleds->morel
D:morelers->morel
D:moreles->morel
D:moreling->morel
D:morelion->morel
D:morelive->morel
D:moreliving->morel
D:morelling->morel
D:morellor->morel
D:morelly->morel
D:morels->morel
Q:mushrooms->mushroom
D:mushroom->mushroom
D:mushroomed->mushroom
D:mushroomeds->mushroom
D:mushroomer->mushroom
D:mushroomers->mushroom
D:mushroomes->mushroom
D:mushroomic->mushroom
D:mushrooming->mushroom
D:mushroomism->mushroom
D:mushroomity->mushroom
D:mushroomization->mushroom
D:mushroomize->mushroom
D:mushroomized->mushroom
D:mushroomness->mushroom
D:mushrooms->mushroom
<query> where to find morel mushrooms</query><numhits>10</numhits><time>8147</time>
</ATIREsearch>
<ATIREsearch>
D:magnesial->magnesium
D:magnesium->magnesium
D:magnesiumize->magnesium
D:magnesiums->magnesium
D:rich->rich
D:richability->rich
D:richable->rich
D:richal->rich
D:riched->rich
D:richeds->rich
D:richer->rich
D:richers->rich
D:riches->rich
D:richic->rich
D:riching->rich
D:richings->rich
D:richism->rich
D:richives->rich
D:richly->rich
D:richment->rich
D:richness->rich
D:richnessing->rich
D:richor->rich
D:richs->rich
Q:foods->food
D:food->food
D:foodability->food
D:foodable->food
D:foodables->food
D:foodably->food
D:foodal->food
D:fooded->food
D:fooder->food
D:fooders->food
D:foodes->food
D:foodic->food
D:foodically->food
D:fooding->food
D:foodings->food
D:foodism->food
D:foodisms->food
D:foodities->food
D:foodity->food
D:foodivities->food
D:foodization->food
D:foodizer->food
D:foodlies->food
D:foodliness->food
D:foodly->food
D:foodments->food
D:foodness->food
D:foodor->food
D:foods->food
<query> magnesium rich foods</query><numhits>10</numhits><time>3429</time>
</ATIREsearch>
<ATIREsearch>
D:common->common
D:commonable->common
D:commonal->common
D:commonally->common
D:commoned->common
D:commoneers->common
D:commoning->common
D:commonism->common
D:commonities->common
D:commonity->common
D:commonization->common
D:commonize->common
D:commonized->common
D:commonizer->common
D:commonizes->common
D:commonizing->common
D:commonlies->common
D:commonly->common
D:commonner->common
D:commonners->common
D:commonness->common
D:commonor->common
D:commonors->common
D:commons->common
D:schizophrenia->schizophrenia
D:schizophrenias->schizophrenia
Q:drugs->drug
D:drug->drug
D:drugability->drug
D:drugable->drug
D:drugal->drug
D:drugals->drug
D:druged->drug
D:druger->drug
D:drugers->drug
D:druges->drug
D:druggability->drug
D:druggable->drug
D:drugged->drug
D:drugger->drug
D:druggers->drug
D:drugic->drug
D:drugics->drug
D:druging->drug
D:drugism->drug
D:drugly->drug
D:drugness->drug
D:drugor->drug
D:drugs->drug
<query> common schizophrenia drugs</query><numhits>10</numhits><time>3256</time>
</ATIREsearch>
<ATIREsearch>
D:carotid->carotid
D:carotids->carotid
D:cavernous->cavernous
D:cavernously->cavernous
D:cavernousness->cavernous
D:fistula->fistula
D:fistulas->fistula
Q:treatment->treat
D:treat->treat
D:treatability->treat
D:treatable->treat
D:treatableness->treat
D:treatables->treat
D:treatably->treat
D:treated->treat
D:treateds->treat
D:treater->treat
D:treaters->treat
D:treates->treat
D:treatibility->treat
D:treating->treat
D:treatings->treat
D:treative->treat
D:treativity->treat
D:treatize->treat
D:treatly->treat
D:treatment->treat
D:treatmenting->treat
D:treatments->treat
D:treator->treat
D:treators->treat
D:treats->treat
D:treatted->treat
D:treatting->treat
<query> carotid cavernous fistula treatment</query><numhits>10</numhits><time>4353</time>
</ATIREsearch>
<ATIREsearch>
D:fidel->fidel
D:fidelism->fidel
D:fidelly->fidel
D:fidels->fidel
D:castro->castro
D:castroism->castro
D:castros->castro
<query> fidel castro</query><numhits>10</numhits><time>1945</time>
</ATIREsearch>
<ATIREsearch>
Q:benefits->benefit
D:benefit->benefit
D:benefitable->benefit
D:benefital->benefit
D:benefited->benefit
D:benefiteds->benefit
D:benefiter->benefit
D:benefiters->benefit
D:benefites->benefit
D:benefitial->benefit
D:benefitic->benefit
D:benefitical->benefit
D:benefiting->benefit
D:benefitism->benefit
D:benefitive->benefit
D:benefitized->benefit
D:benefitness->benefit
D:benefitor->benefit
D:benefitors->benefit
D:benefits->benefit
D:benefitted->benefit
D:benefitter->benefit
D:benefitters->benefit
D:benefitting->benefit
D:of->of
D:ofabilities->of
D:ofal->of
D:ofallied->of
D:ofally->of
D:ofals->of
D:ofeer->of
D:ofeers->of
D:ofence->of
D:ofences->of
D:ofeor->of
D:ofer->of
D:ofers->of
D:ofes->of
D:offor->of
D:offors->of
D:ofial->of
D:ofic->of
D:ofical->of
D:ofically->of
D:oficals->of
D:ofics->of
D:ofion->of
D:ofions->of
D:ofism->of
D:ofities->of
D:ofive->of
D:oflies->of
D:ofly->of
D:ofment->of
D:ofness->of
D:ofor->of
D:ofors->of
D:yoga->yoga
D:yogaal->yoga
D:yogaed->yoga
D:yogaes->yoga
D:yogaing->yoga
D:yogaion->yoga
D:yoganess->yoga
D:yogas->yoga
<query> benefits of yoga</query><numhits>10</numhits><time>5155</time>
</ATIREsearch>
<ATIREsearch>
D:norwaies->norway
D:norway->norway
D:norwayness->norway
D:norways->norway
D:norwegian->norway
D:norwegianers->norway
D:norwegianism->norway
D:norwegianity->norway
D:norwegianization->norway
D:norwegianize->norway
D:norwegianized->norway
D:norwegianness->norway
D:norwegians->norway
D:sprucance->spruce
D:spruce->spruce
D:spruced->spruce
D:spruceing->spruce
D:sprucely->spruce
D:spruceness->spruce
D:spruceor->spruce
D:sprucer->spruce
D:sprucers->spruce
D:spruces->spruce
D:sprucing->spruce
<query> norway spruce</query><numhits>10</numhits><time>1461</time>
</ATIREsearch>
<ATIREsearch>
D:sangre->sangre
D:sangred->sangre
D:sangres->sangre
D:de->de
D:delies->de
D:dely->de
D:delys->de
D:deness->de
D:des->de
D:cristo->cristo
D:cristos->cristo
Q:mountains->mountain
D:mountain->mountain
D:mountained->mountain
D:mountainer->mountain
D:mountainers->mountain
D:mountaines->mountain
D:mountainical->mountain
D:mountaining->mountain
D:mountainism->mountain
D:mountainized->mountain
D:mountainly->mountain
D:mountainner->mountain
D:mountainners->mountain
D:mountains->mountain
<query> sangre de cristo mountains</query><numhits>10</numhits><time>4337</time>
</ATIREsearch>
<ATIREsearch>
D:historied->history
D:historier->history
D:histories->history
D:history->history
D:historyability->history
D:historyal->history
D:historyed->history
D:historyes->history
D:historyic->history
D:historyical->history
D:historyically->history
D:historying->history
D:historyor->history
D:historys->history
D:of->of
D:ofabilities->of
D:ofal->of
D:ofallied->of
D:ofally->of
D:ofals->of
D:ofeer->of
D:ofeers->of
D:ofence->of
D:ofences->of
D:ofeor->of
D:ofer->of
D:ofers->of
D:ofes->of
D:offor->of
D:offors->of
D:ofial->of
D:ofic->of
D:ofical->of
D:ofically->of
D:oficals->of
D:ofics->of
D:ofion->of
D:ofions->of
D:ofism->of
D:ofities->of
D:ofive->of
D:oflies->of
D:ofly->of
D:ofment->of
D:ofness->of
D:ofor->of
D:ofors->of
D:thable->the
D:thables->the
D:thably->the
D:thal->the
D:thality->the
D:thally->the
D:thallys->the
D:thals->the
D:thance->the
D:thances->the
D:thation->the
D:thations->the
D:the->the
D:theability->the
D:theably->the
D:theal->the
D:theality->the
D:theallied->the
D:theallies->the
D:theally->the
D:theals->the
D:theeer->the
D:theial->the
D:theity->the
D:theive->the
D:theived->the
D:theively->the
D:theives->the
D:theiving->the
D:theivity->the
D:theize->the
D:theizer->the
D:theizing->the
D:thelied->the
D:thelies->the
D:theliness->the
D:thely->the
D:thelyness->the
D:thelys->the
D:thement->the
D:thements->the
D:theness->the
D:theor->the
D:theorities->the
D:theority->the
D:theors->the
D:ther->the
D:thers->the
D:thes->the
D:thible->the
D:thion->the
D:thities->the
D:thity->the
D:thive->the
D:thived->the
D:thively->the
D:thives->the
D:thiving->the
D:thize->the
D:thized->the
D:thizer->the
D:thizers->the
D:thizing->the
D:thor->the
D:thorities->the
D:thority->the
D:thorness->the
D:thors->the
D:electronic->electronic
D:electronical->electronic
D:electronically->electronic
D:electronicals->electronic
D:electroniccable->electronic
D:electroniccally->electronic
D:electronices->electronic
D:electronicially->electronic
D:electronicic->electronic
D:electronicics->electronic
D:electronicism->electronic
D:electronicity->electronic
D:electronicization->electronic
D:electronicize->electronic
D:electronicized->electronic
D:electronicizing->electronic
D:electronicly->electronic
D:electronicness->electronic
D:electronicor->electronic
D:electronics->electronic
D:medical->medical
D:medicaled->medical
D:medicaler->medical
D:medicales->medical
D:medicalions->medical
D:medicalism->medical
D:medicalisms->medical
D:medicalities->medical
D:medicality->medical
D:medicalive->medical
D:medicalization->medical
D:medicalizations->medical
D:medicalize->medical
D:medicalized->medical
D:medicalizers->medical
D:medicalizes->medical
D:medicalizing->medical
D:medicalling->medical
D:medically->medical
D:medicalment->medical
D:medicalness->medical
D:medicals->medical
D:record->record
D:recordability->record
D:recordable->record
D:recordables->record
D:recordably->record
D:recordal->record
D:recordality->record
D:recordals->record
D:recordance->record
D:recordation->record
D:recordations->record
D:recordded->record
D:recordder->record
D:recordding->record
D:recorded->record
D:recordeds->record
D:recordeer->record
D:recordes->record
D:recordic->record
D:recordical->record
D:recording->record
D:recordings->record
D:recordivity->record
D:recordization->record
D:recordized->record
D:recordly->record
D:recordment->record
D:recordness->record
D:recordor->record
D:records->record
<query> history of the electronic medical record</query><numhits>10</numhits><time>13036</time>
</ATIREsearch>
<ATIREsearch>
D:educational->educational
D:educationalism->educational
D:educationality->educational
D:educationally->educational
D:educationals->educational
Q:advantages->advantage
D:advantagable->advantage
D:advantage->advantage
D:advantageable->advantage
D:advantageal->advantage
D:advantaged->advantage
D:advantageds->advantage
D:advantageed->advantage
D:advantagees->advantage
D:advantageive->advantage
D:advantagely->advantage
D:advantagement->advantage
D:advantager->advantage
D:advantagers->advantage
D:advantages->advantage
D:advantaging->advantage
D:advantagings->advantage
D:advantagizing->advantage
D:of->of
D:ofabilities->of
D:ofal->of
D:ofallied->of
D:ofally->of
D:ofals->of
D:ofeer->of
D:ofeers->of
D:ofence->of
D:ofences->of
D:ofeor->of
D:ofer->of
D:ofers->of
D:ofes->of
D:offor->of
D:offors->of
D:ofial->of
D:ofic->of
D:ofical->of
D:ofically->of
D:oficals->of
D:ofics->of
D:ofion->of
D:ofions->of
D:ofism->of
D:ofities->of
D:ofive->of
D:oflies->of
D:ofly->of
D:ofment->of
D:ofness->of
D:ofor->of
D:ofors->of
D:social->social
D:socialabilities->social
D:socialability->social
D:socialable->social
D:socialableness->social
D:socialables->social
D:socialably->social
D:socialalities->social
D:socialally->social
D:socialance->social
D:socialation->social
D:socialed->social
D:socialer->social
D:socialers->social
D:sociales->social
D:socialial->social
D:socialiality->social
D:socialibility->social
D:socialible->social
D:socialing->social
D:socialism->social
D:socialisms->social
D:socialities->social
D:sociality->social
D:socialive->social
D:socialization->social
D:socializations->social
D:socialize->social
D:socialized->social
D:socializeds->social
D:socializer->social
D:socializers->social
D:socializes->social
D:socializing->social
D:socializings->social
D:socialling->social
D:sociallization->social
D:sociallize->social
D:sociallized->social
D:sociallizing->social
D:socially->social
D:sociallys->social
D:socialness->social
D:socials->social
Q:networking->network
D:network->network
D:networkability->network
D:networkable->network
D:networkal->network
D:networkallies->network
D:networked->network
D:networker->network
D:networkers->network
D:networkes->network
D:networking->network
D:networkings->network
D:networkism->network
D:networkization->network
D:networkized->network
D:networkizing->network
D:networkking->network
D:networkly->network
D:networkness->network
D:networkor->network
D:networks->network
Q:sites->site
D:sitance->site
D:sitation->site
D:sitations->site
D:site->site
D:siteable->site
D:siteal->site
D:siteation->site
D:sited->site
D:siteds->site
D:sitees->site
D:siteic->site
D:siteing->site
D:siteings->site
D:sitely->site
D:sitement->site
D:siteness->site
D:siter->site
D:siters->site
D:sites->site
D:sitic->site
D:siting->site
D:sitings->site
D:sition->site
D:sitions->site
<query> educational advantages of social networking sites</query><numhits>10</numhits><time>8978</time>
</ATIREsearch>
<ATIREsearch>
Q:flowering->flower
D:flower->flower
D:floweral->flower
D:flowered->flower
D:flowereds->flower
D:flowerer->flower
D:flowerers->flower
D:floweres->flower
D:flowering->flower
D:flowerings->flower
D:flowerion->flower
D:flowerity->flower
D:flowerize->flower
D:flowerized->flower
D:flowerizer->flower
D:flowerly->flower
D:flowerness->flower
D:flowerred->flower
D:flowerring->flower
D:flowerror->flower
D:flowers->flower
Q:plants->plant
D:plancy->plant
D:plant->plant
D:plantability->plant
D:plantable->plant
D:plantables->plant
D:plantal->plant
D:plantality->plant
D:plantative->plant
D:planted->plant
D:planteds->plant
D:planteer->plant
D:planteers->plant
D:plantence->plant
D:planter->plant
D:planters->plant
D:plantes->plant
D:plantic->plant
D:plantically->plant
D:plantics->plant
D:planting->plant
D:plantings->plant
D:plantion->plant
D:plantions->plant
D:plantism->plant
D:plantive->plant
D:plantivity->plant
D:plantly->plant
D:plantor->plant
D:plantors->plant
D:plants->plant
D:plantted->plant
D:plantting->plant
<query> flowering plants</query><numhits>10</numhits><time>1433</time>
</ATIREsearch>
<ATIREsearch>
D:how->how
D:howal->how
D:howed->how
D:howeer->how
D:hower->how
D:howers->how
D:howes->how
D:howial->how
D:howible->how
D:howic->how
D:howing->how
D:howings->how
D:howizer->how
D:howlies->how
D:howliness->how
D:howly->how
D:howness->how
D:howor->how
D:hows->how
D:howwible->how
D:howwor->how
D:to->to
D:toable->to
D:toal->to
D:toality->to
D:toally->to
D:toals->to
D:toeer->to
D:toially->to
D:toible->to
D:toical->to
D:toism->to
D:toities->to
D:toity->to
D:toitys->to
D:toive->to
D:toively->to
D:toives->to
D:toiving->to
D:toize->to
D:toizer->to
D:tolies->to
D:toliness->to
D:toly->to
D:tolys->to
D:toment->to
D:tomenting->to
D:toments->to
D:toness->to
D:tiance->tie
D:tiancy->tie
D:tiation->tie
D:tiations->tie
D:tiative->tie
D:tiatives->tie
D:tie->tie
D:tieable->tie
D:tieableness->tie
D:tieal->tie
D:tied->tie
D:tiedal->tie
D:tieded->tie
D:tieder->tie
D:tiedes->tie
D:tiedic->tie
D:tiedly->tie
D:tiedness->tie
D:tieds->tie
D:tieed->tie
D:tiees->tie
D:tieing->tie
D:tieings->tie
D:tiely->tie
D:tielys->tie
D:tiement->tie
D:tience->tie
D:tieness->tie
D:ties->tie
D:tiic->tie
D:tiics->tie
D:tiion->tie
D:tiions->tie
D:tiition->tie
D:tior->tie
D:tiors->tie
D:a->a
D:windsor->windsor
D:windsors->windsor
D:knot->knot
D:knotability->knot
D:knotable->knot
D:knotation->knot
D:knotations->knot
D:knoted->knot
D:knoter->knot
D:knoters->knot
D:knotes->knot
D:knotic->knot
D:knotical->knot
D:knoting->knot
D:knotion->knot
D:knotions->knot
D:knotness->knot
D:knotor->knot
D:knots->knot
D:knottable->knot
D:knottal->knot
D:knotted->knot
D:knotter->knot
D:knotters->knot
D:knotting->knot
D:knottings->knot
<query> how to tie a windsor knot</query><numhits>10</numhits><time>10273</time>
</ATIREsearch>
<ATIREsearch>
Q:recycling->recycle
D:recyclability->recycle
D:recyclable->recycle
D:recyclables->recycle
D:recyclably->recycle
D:recyclation->recycle
D:recyclative->recycle
D:recycle->recycle
D:recycleability->recycle
D:recycleable->recycle
D:recycleables->recycle
D:recycled->recycle
D:recycleds->recycle
D:recycleed->recycle
D:recyclees->recycle
D:recycleing->recycle
D:recyclely->recycle
D:recyclement->recycle
D:recycler->recycle
D:recyclers->recycle
D:recycles->recycle
D:recyclible->recycle
D:recyclibles->recycle
D:recyclic->recycle
D:recyclical->recycle
D:recyclicity->recycle
D:recycling->recycle
D:recyclings->recycle
D:recyclion->recycle
D:recyclization->recycle
D:recyclizations->recycle
D:recyclize->recycle
D:recyclized->recycle
D:recycly->recycle
D:lead->lead
D:leadable->lead
D:leadance->lead
D:leadder->lead
D:leadders->lead
D:leadding->lead
D:leaded->lead
D:leadeer->lead
D:leadeers->lead
D:leader->lead
D:leaders->lead
D:leades->lead
D:leading->lead
D:leadings->lead
D:leadism->lead
D:leadly->lead
D:leadness->lead
D:leador->lead
D:leads->lead
D:acid->acid
D:acidal->acid
D:acidance->acid
D:acidation->acid
D:acidder->acid
D:aciddor->acid
D:acided->acid
D:acider->acid
D:acides->acid
D:acidial->acid
D:aciding->acid
D:acidism->acid
D:acidities->acid
D:acidity->acid
D:acidization->acid
D:acidize->acid
D:acidized->acid
D:acidizer->acid
D:acidizing->acid
D:acidly->acid
D:acidness->acid
D:acidor->acid
D:acids->acid
Q:batteries->battery
D:batteried->battery
D:batterieds->battery
D:batterier->battery
D:batteriers->battery
D:batteries->battery
D:batterily->battery
D:battery->battery
D:batteryer->battery
D:batteryes->battery
D:batterying->battery
D:batteryor->battery
D:batterys->battery
<query> recycling lead acid batteries</query><numhits>10</numhits><time>4442</time>
</ATIREsearch>
<ATIREsearch>
D:altitudal->altitude
D:altitude->altitude
D:altituded->altitude
D:altitudeds->altitude
D:altituders->altitude
D:altitudes->altitude
Q:sickness->sick
D:sick->sick
D:sickability->sick
D:sickal->sick
D:sickation->sick
D:sickations->sick
D:sicked->sick
D:sicker->sick
D:sickerness->sick
D:sickers->sick
D:sickes->sick
D:sickic->sick
D:sicking->sick
D:sickings->sick
D:sickity->sick
D:sickness->sick
D:sicknessing->sick
D:sickor->sick
D:sicks->sick
<query> altitude sickness</query><numhits>10</numhits><time>1717</time>
</ATIREsearch>
<ATIREsearch>
D:medical->medical
D:medicaled->medical
D:medicaler->medical
D:medicales->medical
D:medicalions->medical
D:medicalism->medical
D:medicalisms->medical
D:medicalities->medical
D:medicality->medical
D:medicalive->medical
D:medicalization->medical
D:medicalizations->medical
D:medicalize->medical
D:medicalized->medical
D:medicalizers->medical
D:medicalizes->medical
D:medicalizing->medical
D:medicalling->medical
D:medically->medical
D:medicalment->medical
D:medicalness->medical
D:medicals->medical
D:carance->care
D:caration->care
D:carative->care
D:care->care
D:careable->care
D:careables->care
D:careal->care
D:careallies->care
D:careally->care
D:careance->care
D:careation->care
D:careative->care
D:cared->care
D:careds->care
D:careed->care
D:careeds->care
D:careeer->care
D:careeers->care
D:careeor->care
D:carees->care
D:careing->care
D:careings->care
D:careism->care
D:careity->care
D:carely->care
D:carelys->care
D:carement->care
D:carence->care
D:carences->care
D:carencies->care
D:carency->care
D:careness->care
D:carer->care
D:carers->care
D:cares->care
D:caric->care
D:caring->care
D:carings->care
D:carion->care
D:carions->care
D:and->and
D:andabilities->and
D:andability->and
D:andable->and
D:andal->and
D:andallied->and
D:andallies->and
D:andally->and
D:andals->and
D:andance->and
D:andanced->and
D:andative->and
D:anddal->and
D:andded->and
D:andder->and
D:andders->and
D:andding->and
D:anded->and
D:andeer->and
D:andeers->and
D:andeor->and
D:ander->and
D:anderness->and
D:anders->and
D:andial->and
D:andible->and
D:andic->and
D:andical->and
D:andics->and
D:anding->and
D:andings->and
D:andion->and
D:andities->and
D:andity->and
D:andive->and
D:andives->and
D:andize->and
D:andized->and
D:andizing->and
D:andlies->and
D:andly->and
D:andment->and
D:andments->and
D:andness->and
D:andor->and
D:andors->and
D:ands->and
D:jehovah->jehovah
D:jehovahism->jehovah
D:jehovahs->jehovah
D:s->s
Q:witnesses->witness
D:witness->witness
D:witnessable->witness
D:witnessably->witness
D:witnessed->witness
D:witnesseds->witness
D:witnesser->witness
D:witnessers->witness
D:witnesses->witness
D:witnessing->witness
D:witnessings->witness
D:witnessism->witness
D:witnessness->witness
D:witnessor->witness
D:witnesssed->witness
D:witnesssing->witness
<query> medical care and jehovah s witnesses</query><numhits>10</numhits><time>10798</time>
</ATIREsearch>
<ATIREsearch>
D:pink->pink
D:pinkal->pink
D:pinkality->pink
D:pinkance->pink
D:pinked->pink
D:pinker->pink
D:pinkers->pink
D:pinkes->pink
D:pinking->pink
D:pinkism->pink
D:pinkity->pink
D:pinkization->pink
D:pinkker->pink
D:pinklies->pink
D:pinkliness->pink
D:pinkly->pink
D:pinkness->pink
D:pinks->pink
D:slime->slime
D:slimees->slime
D:slimely->slime
D:slimeness->slime
D:slimer->slime
D:slimers->slime
D:slimes->slime
D:in->in
D:inable->in
D:inabled->in
D:inables->in
D:inably->in
D:inal->in
D:inality->in
D:inally->in
D:inals->in
D:inance->in
D:inanced->in
D:inances->in
D:inancy->in
D:ination->in
D:inations->in
D:inative->in
D:inatives->in
D:ineer->in
D:ineers->in
D:inence->in
D:inences->in
D:ineor->in
D:iner->in
D:inerness->in
D:iners->in
D:ines->in
D:inial->in
D:inially->in
D:inibility->in
D:inic->in
D:inical->in
D:inicals->in
D:inicity->in
D:inics->in
D:inion->in
D:inions->in
D:inism->in
D:inisms->in
D:initied->in
D:inities->in
D:inity->in
D:initys->in
D:inive->in
D:inived->in
D:inives->in
D:inizations->in
D:inize->in
D:inized->in
D:inizer->in
D:inizing->in
D:inlied->in
D:inlies->in
D:inly->in
D:inlys->in
D:inment->in
D:inness->in
D:innor->in
D:inor->in
D:inorities->in
D:inority->in
D:inors->in
D:ground->ground
D:groundable->ground
D:groundal->ground
D:groundation->ground
D:groundations->ground
D:grounded->ground
D:groundeds->ground
D:grounder->ground
D:grounders->ground
D:groundes->ground
D:grounding->ground
D:groundings->ground
D:groundion->ground
D:groundism->ground
D:groundly->ground
D:groundment->ground
D:groundness->ground
D:groundor->ground
D:grounds->ground
D:beef->beef
D:beefal->beef
D:beefancy->beef
D:beefed->beef
D:beefer->beef
D:beefers->beef
D:beefical->beef
D:beefing->beef
D:beefism->beef
D:beefity->beef
D:beefive->beef
D:beeflies->beef
D:beefly->beef
D:beeflys->beef
D:beefment->beef
D:beefness->beef
D:beefor->beef
D:beefors->beef
D:beefs->beef
<query> pink slime in ground beef</query><numhits>10</numhits><time>6818</time>
</ATIREsearch>
<ATIREsearch>
D:how->how
D:howal->how
D:howed->how
D:howeer->how
D:hower->how
D:howers->how
D:howes->how
D:howial->how
D:howible->how
D:howic->how
D:howing->how
D:howings->how
D:howizer->how
D:howlies->how
D:howliness->how
D:howly->how
D:howness->how
D:howor->how
D:hows->how
D:howwible->how
D:howwor->how
D:to->to
D:toable->to
D:toal->to
D:toality->to
D:toally->to
D:toals->to
D:toeer->to
D:toially->to
D:toible->to
D:toical->to
D:toism->to
D:toities->to
D:toity->to
D:toitys->to
D:toive->to
D:toively->to
D:toives->to
D:toiving->to
D:toize->to
D:toizer->to
D:tolies->to
D:toliness->to
D:toly->to
D:tolys->to
D:toment->to
D:tomenting->to
D:toments->to
D:toness->to
D:find->find
D:findability->find
D:findable->find
D:findableness->find
D:findables->find
D:findably->find
D:findal->find
D:findally->find
D:findals->find
D:findance->find
D:findder->find
D:findding->find
D:finddings->find
D:finded->find
D:findeer->find
D:finder->find
D:finders->find
D:findes->find
D:findibility->find
D:findic->find
D:finding->find
D:findings->find
D:findion->find
D:findism->find
D:findity->find
D:findly->find
D:findness->find
D:findor->find
D:findors->find
D:finds->find
D:thable->the
D:thables->the
D:thably->the
D:thal->the
D:thality->the
D:thally->the
D:thallys->the
D:thals->the
D:thance->the
D:thances->the
D:thation->the
D:thations->the
D:the->the
D:theability->the
D:theably->the
D:theal->the
D:theality->the
D:theallied->the
D:theallies->the
D:theally->the
D:theals->the
D:theeer->the
D:theial->the
D:theity->the
D:theive->the
D:theived->the
D:theively->the
D:theives->the
D:theiving->the
D:theivity->the
D:theize->the
D:theizer->the
D:theizing->the
D:thelied->the
D:thelies->the
D:theliness->the
D:thely->the
D:thelyness->the
D:thelys->the
D:thement->the
D:thements->the
D:theness->the
D:theor->the
D:theorities->the
D:theority->the
D:theors->the
D:ther->the
D:thers->the
D:thes->the
D:thible->the
D:thion->the
D:thities->the
D:thity->the
D:thive->the
D:thived->the
D:thively->the
D:thives->the
D:thiving->the
D:thize->the
D:thized->the
D:thizer->the
D:thizers->the
D:thizing->the
D:thor->the
D:thorities->the
D:thority->the
D:thorness->the
D:thors->the
D:mean->mean
D:meanable->mean
D:meanal->mean
D:meanance->mean
D:meaned->mean
D:meaneds->mean
D:meaneers->mean
D:meaner->mean
D:meaners->mean
D:meanes->mean
D:meanial->mean
D:meanic->mean
D:meaning->mean
D:meanings->mean
D:meanion->mean
D:meanities->mean
D:meanive->mean
D:meanized->mean
D:meanly->mean
D:meanlyness->mean
D:meanness->mean
D:meanning->mean
D:meannings->mean
D:meanor->mean
D:meanors->mean
D:means->mean
<query> how to find the mean</query><numhits>10</numhits><time>13709</time>
</ATIREsearch>
Total elapsed time including startup and shutdown 07:37.798 minutes
Kernel: 1.970 seconds
  User: 441.000 seconds
