ATIRE Version 0.5 alpha (64-bit DEBUGGING-build)
Written (w) 2008-2014 Andrew Trotman, University of Otago
<ATIREsearch>
Q:raspberry->raspber
D:raspber->raspber
D:raspberi->raspber
D:raspberies->raspber
D:raspberr->raspber
D:raspberres->raspber
D:raspberri->raspber
D:raspberrial->raspber
D:raspberried->raspber
D:raspberries->raspber
D:raspberring->raspber
D:raspberris->raspber
D:raspberrish->raspber
D:raspberrism->raspber
D:raspberry->raspber
D:raspberrying->raspber
D:raspberryish->raspber
D:raspberryl->raspber
D:raspberyl->raspber
D:pi->pi
D:pia->pi
D:piability->pi
D:piable->pi
D:piacy->pi
D:piae->pi
D:piaic->pi
D:piar->pi
D:piaristic->pi
D:piars->pi
D:piata->pi
D:piate->pi
D:piated->pi
D:piates->pi
D:piating->pi
D:piator->pi
D:pie->pi
D:pied->pi
D:pieful->pi
D:pieless->pi
D:piely->pi
D:piement->pi
D:pience->pi
D:piences->pi
D:piene->pi
D:piened->pi
D:pieness->pi
D:piening->pi
D:pieous->pi
D:piery->pi
D:pies->pi
D:piese->pi
D:pihood->pi
D:pii->pi
D:piia->pi
D:piial->pi
D:piian->pi
D:piic->pi
D:piical->pi
D:piics->pi
D:piied->pi
D:piier->pi
D:piies->pi
D:piiful->pi
D:piifully->pi
D:piine->pi
D:piines->pi
D:piiness->pi
D:piis->pi
D:piist->pi
D:piity->pi
D:piium->pi
D:piive->pi
D:piless->pi
D:piness->pi
D:pio->pi
D:piogen->pi
D:pioid->pi
D:pious->pi
D:piously->pi
D:piousness->pi
D:pis->pi
<query> raspberry pi</query><numhits>10</numhits><time>683</time>
</ATIREsearch>
<ATIREsearch>
Q:uss->us
D:us->us
D:usa->us
D:usability->us
D:usable->us
D:usableness->us
D:usably->us
D:usacies->us
D:usacity->us
D:usacy->us
D:usae->us
D:usaic->us
D:usalist->us
D:usality->us
D:usata->us
D:usate->us
D:usated->us
D:usates->us
D:usating->us
D:usator->us
D:usators->us
D:use->us
D:useableness->us
D:used->us
D:usedly->us
D:useful->us
D:usefully->us
D:useity->us
D:useless->us
D:usely->us
D:usement->us
D:usene->us
D:usened->us
D:useness->us
D:usening->us
D:useous->us
D:usery->us
D:uses->us
D:usese->us
D:usful->us
D:usfully->us
D:usfulness->us
D:ushood->us
D:usi->us
D:usia->us
D:usial->us
D:usially->us
D:usian->us
D:usians->us
D:usibility->us
D:usible->us
D:usic->us
D:usical->us
D:usicality->us
D:usician->us
D:usicians->us
D:usicide->us
D:usics->us
D:usied->us
D:usier->us
D:usies->us
D:usiful->us
D:usily->us
D:usine->us
D:usines->us
D:usiness->us
D:usional->us
D:usioned->us
D:usionist->us
D:usious->us
D:usis->us
D:usist->us
D:usity->us
D:usium->us
D:usive->us
D:usively->us
D:usivity->us
D:usless->us
D:uslessly->us
D:uslessness->us
D:usness->us
D:usnesses->us
D:uso->us
D:usor->us
D:uss->us
D:ussa->us
D:ussability->us
D:ussable->us
D:ussage->us
D:ussal->us
D:ussally->us
D:ussant->us
D:ussary->us
D:ussas->us
D:usse->us
D:ussed->us
D:usseful->us
D:ussely->us
D:ussen->us
D:ussence->us
D:ussene->us
D:ussentials->us
D:ussery->us
D:usses->us
D:usshood->us
D:ussi->us
D:ussia->us
D:ussian->us
D:ussic->us
D:ussied->us
D:ussier->us
D:ussies->us
D:ussing->us
D:ussion->us
D:ussions->us
D:ussis->us
D:ussist->us
D:ussive->us
D:ussize->us
D:ussless->us
D:ussness->us
D:usso->us
D:ussor->us
D:ussy->us
D:usward->us
D:carl->carl
D:carla->carl
D:carlable->carl
D:carlacy->carl
D:carlae->carl
D:carlage->carl
D:carlal->carl
D:carlance->carl
D:carlantic->carl
D:carlar->carl
D:carlars->carl
D:carlary->carl
D:carlas->carl
D:carlata->carl
D:carlate->carl
D:carlates->carl
D:carlations->carl
D:carle->carl
D:carled->carl
D:carlely->carl
D:carlen->carl
D:carlence->carl
D:carlene->carl
D:carlened->carl
D:carlent->carl
D:carleous->carl
D:carles->carl
D:carlese->carl
D:carli->carl
D:carlia->carl
D:carlian->carl
D:carlians->carl
D:carlic->carl
D:carlicism->carl
D:carlied->carl
D:carlier->carl
D:carliers->carl
D:carlies->carl
D:carlihood->carl
D:carline->carl
D:carlines->carl
D:carling->carl
D:carlings->carl
D:carlinism->carl
D:carlious->carl
D:carlis->carl
D:carlish->carl
D:carlishness->carl
D:carlism->carl
D:carlisms->carl
D:carlist->carl
D:carlists->carl
D:carlite->carl
D:carlity->carl
D:carlize->carl
D:carll->carl
D:carlla->carl
D:carllae->carl
D:carllar->carl
D:carlle->carl
D:carllen->carl
D:carllene->carl
D:carllese->carl
D:carllian->carl
D:carlling->carl
D:carllo->carl
D:carlls->carl
D:carlly->carl
D:carlness->carl
D:carlo->carl
D:carlous->carl
D:carls->carl
D:carlward->carl
D:carlwise->carl
D:carul->carl
D:carula->carl
D:carulary->carl
D:carulas->carl
D:carulata->carl
D:carule->carl
D:carules->carl
D:caruli->carl
D:carulian->carl
D:carulite->carl
D:carull->carl
D:carulla->carl
D:carulli->carl
D:carullo->carl
D:carulo->carl
D:vinson->vinson
D:vinsone->vinson
D:vinsoni->vinson
D:vinsonia->vinson
D:vinsonizer->vinson
D:vinsonn->vinson
D:vinsonna->vinson
D:vinsons->vinson
<query> uss carl vinson</query><numhits>10</numhits><time>3361</time>
</ATIREsearch>
<ATIREsearch>
Q:reviews->review
D:review->review
D:reviewa->review
D:reviewability->review
D:reviewable->review
D:reviewably->review
D:reviewage->review
D:reviewages->review
D:reviewal->review
D:reviewals->review
D:reviewant->review
D:reviewas->review
D:reviewe->review
D:reviewed->review
D:reviewen->review
D:reviewence->review
D:reviewery->review
D:reviewes->review
D:reviewese->review
D:reviewi->review
D:reviewian->review
D:reviewied->review
D:reviewier->review
D:reviewiers->review
D:reviewies->review
D:reviewiness->review
D:reviewing->review
D:reviewings->review
D:reviewion->review
D:reviewis->review
D:reviewish->review
D:reviewist->review
D:reviewists->review
D:reviewity->review
D:reviewless->review
D:reviewly->review
D:reviewness->review
D:reviewo->review
D:reviews->review
D:reviewwise->review
D:reviewy->review
D:of->of
D:ofa->of
D:ofacy->of
D:ofae->of
D:ofata->of
D:ofate->of
D:ofates->of
D:ofe->of
D:ofed->of
D:ofely->of
D:ofence->of
D:ofences->of
D:ofene->of
D:ofening->of
D:ofently->of
D:ofes->of
D:offul->of
D:offully->of
D:ofi->of
D:ofia->of
D:ofial->of
D:ofian->of
D:ofic->of
D:ofical->of
D:ofically->of
D:ofician->of
D:oficist->of
D:ofics->of
D:ofide->of
D:ofied->of
D:ofier->of
D:ofies->of
D:ofily->of
D:ofine->of
D:ofis->of
D:ofist->of
D:ofite->of
D:ofities->of
D:ofive->of
D:ofless->of
D:ofness->of
D:ofnesses->of
D:ofo->of
D:ofous->of
D:ofously->of
D:ofs->of
D:ofward->of
D:ofwise->of
Q:les->le
D:le->le
D:lea->le
D:leability->le
D:leable->le
D:leacy->le
D:leae->le
D:leaic->le
D:leality->le
D:lealize->le
D:lealness->le
D:learic->le
D:learies->le
D:learization->le
D:leata->le
D:leate->le
D:leately->le
D:leates->le
D:leator->le
D:leatory->le
D:lee->le
D:leeful->le
D:leefully->le
D:leement->le
D:leese->le
D:leful->le
D:lefully->le
D:lehood->le
D:lei->le
D:leia->le
D:leial->le
D:leian->le
D:leians->le
D:leible->le
D:leibly->le
D:leic->le
D:leical->le
D:leics->le
D:leide->le
D:leides->le
D:leied->le
D:leier->le
D:leiers->le
D:leies->le
D:leily->le
D:leis->le
D:leished->le
D:leist->le
D:leities->le
D:leity->le
D:leive->le
D:lelily->le
D:leness->le
D:leo->le
D:leogen->le
D:leoid->le
D:leotide->le
D:leous->le
D:les->le
D:leward->le
D:lewise->le
Q:miserables->miserabl
D:miserabl->miserabl
D:miserabla->miserabl
D:miserablely->miserabl
D:miserablement->miserabl
D:miserablen->miserabl
D:miserablery->miserabl
D:miserables->miserabl
D:miserablian->miserabl
D:miserablier->miserabl
D:miserablis->miserabl
D:miserablism->miserabl
D:miserablist->miserabl
D:miserablists->miserabl
D:miserablite->miserabl
D:miserablize->miserabl
D:miserablly->miserabl
D:miserabls->miserabl
D:miserabul->miserabl
D:miserabull->miserabl
<query> reviews of les miserables</query><numhits>10</numhits><time>5244</time>
</ATIREsearch>
<ATIREsearch>
Q:rules->rl
D:rl->rl
D:rla->rl
D:rlable->rl
D:rlacy->rl
D:rlae->rl
D:rlaic->rl
D:rlar->rl
D:rlars->rl
D:rlata->rl
D:rlate->rl
D:rlated->rl
D:rlates->rl
D:rlating->rl
D:rlative->rl
D:rlatively->rl
D:rlatives->rl
D:rle->rl
D:rled->rl
D:rlely->rl
D:rlement->rl
D:rlene->rl
D:rles->rl
D:rlese->rl
D:rlful->rl
D:rlhood->rl
D:rli->rl
D:rlia->rl
D:rlial->rl
D:rlian->rl
D:rlic->rl
D:rlical->rl
D:rlics->rl
D:rlide->rl
D:rlied->rl
D:rlier->rl
D:rliers->rl
D:rlies->rl
D:rlily->rl
D:rline->rl
D:rlines->rl
D:rlis->rl
D:rlist->rl
D:rlistic->rl
D:rlite->rl
D:rlity->rl
D:rlive->rl
D:rlively->rl
D:rll->rl
D:rlla->rl
D:rllae->rl
D:rllas->rl
D:rllation->rl
D:rlle->rl
D:rlled->rl
D:rllement->rl
D:rlles->rl
D:rlli->rl
D:rlline->rl
D:rllines->rl
D:rlling->rl
D:rllis->rl
D:rllist->rl
D:rllly->rl
D:rllo->rl
D:rlls->rl
D:rlly->rl
D:rlness->rl
D:rlo->rl
D:rloid->rl
D:rlous->rl
D:rls->rl
D:rlum->rl
D:rlward->rl
D:of->of
D:ofa->of
D:ofacy->of
D:ofae->of
D:ofata->of
D:ofate->of
D:ofates->of
D:ofe->of
D:ofed->of
D:ofely->of
D:ofence->of
D:ofences->of
D:ofene->of
D:ofening->of
D:ofently->of
D:ofes->of
D:offul->of
D:offully->of
D:ofi->of
D:ofia->of
D:ofial->of
D:ofian->of
D:ofic->of
D:ofical->of
D:ofically->of
D:ofician->of
D:oficist->of
D:ofics->of
D:ofide->of
D:ofied->of
D:ofier->of
D:ofies->of
D:ofily->of
D:ofine->of
D:ofis->of
D:ofist->of
D:ofite->of
D:ofities->of
D:ofive->of
D:ofless->of
D:ofness->of
D:ofnesses->of
D:ofo->of
D:ofous->of
D:ofously->of
D:ofs->of
D:ofward->of
D:ofwise->of
D:golf->golf
D:golfa->golf
D:golfability->golf
D:golfable->golf
D:golfae->golf
D:golfal->golf
D:golfas->golf
D:golfe->golf
D:golfed->golf
D:golfen->golf
D:golfent->golf
D:golfery->golf
D:golfes->golf
D:golfi->golf
D:golfier->golf
D:golfies->golf
D:golfine->golf
D:golfines->golf
D:golfiness->golf
D:golfing->golf
D:golfingly->golf
D:golfings->golf
D:golfis->golf
D:golfish->golf
D:golfism->golf
D:golfist->golf
D:golfistic->golf
D:golfists->golf
D:golfity->golf
D:golfless->golf
D:golflessness->golf
D:golfly->golf
D:golfness->golf
D:golfo->golf
D:golfs->golf
D:golfwise->golf
D:golfy->golf
<query> rules of golf</query><numhits>10</numhits><time>3843</time>
</ATIREsearch>
<ATIREsearch>
Q:average->aver
D:aver->aver
D:avera->aver
D:averae->aver
D:average->aver
D:averages->aver
D:averaging->aver
D:averal->aver
D:averals->aver
D:averance->aver
D:averant->aver
D:averary->aver
D:averas->aver
D:averate->aver
D:averated->aver
D:averates->aver
D:averation->aver
D:avere->aver
D:avered->aver
D:averen->aver
D:averence->aver
D:averene->aver
D:averent->aver
D:averes->aver
D:averi->aver
D:averia->aver
D:averial->aver
D:averian->aver
D:averic->aver
D:averies->aver
D:averine->aver
D:avering->aver
D:averion->aver
D:averis->aver
D:averishness->aver
D:averism->aver
D:averist->aver
D:averists->aver
D:averite->aver
D:averity->aver
D:averium->aver
D:averly->aver
D:averness->aver
D:avero->aver
D:averone->aver
D:averous->aver
D:averr->aver
D:averra->aver
D:averrable->aver
D:averrage->aver
D:averrages->aver
D:averral->aver
D:averrant->aver
D:averre->aver
D:averred->aver
D:averren->aver
D:averri->aver
D:averring->aver
D:averro->aver
D:averrs->aver
D:averry->aver
D:avers->aver
D:averum->aver
D:averyl->aver
Q:charitable->charit
D:charit->charit
D:charita->charit
D:charitability->charit
D:charitable->charit
D:charitableness->charit
D:charitably->charit
D:charitage->charit
D:charital->charit
D:charitas->charit
D:charitate->charit
D:charitative->charit
D:charite->charit
D:chariten->charit
D:charites->charit
D:chariti->charit
D:charitibility->charit
D:charitible->charit
D:charitibly->charit
D:charitied->charit
D:charitier->charit
D:chariting->charit
D:charition->charit
D:charitious->charit
D:charitis->charit
D:charitities->charit
D:charitity->charit
D:charitive->charit
D:charitly->charit
D:charito->charit
D:chariton->charit
D:charitor->charit
D:charits->charit
D:charitt->charit
D:charittable->charit
D:charitte->charit
D:charitties->charit
D:charitto->charit
D:charitty->charit
D:charitying->charit
Q:donation->don
D:don->don
D:dona->don
D:donability->don
D:donable->don
D:donae->don
D:donage->don
D:donal->don
D:donally->don
D:donals->don
D:donant->don
D:donants->don
D:donaries->don
D:donary->don
D:donas->don
D:donata->don
D:donatable->don
D:donate->don
D:donated->don
D:donately->don
D:donates->don
D:donating->don
D:donation->don
D:donational->don
D:donations->don
D:donative->don
D:donatives->don
D:donator->don
D:donators->don
D:donatory->don
D:done->don
D:doned->don
D:doneless->don
D:donely->don
D:donement->don
D:donen->don
D:donence->don
D:donene->don
D:doneness->don
D:donery->don
D:dones->don
D:donese->don
D:donhood->don
D:doni->don
D:donia->don
D:donial->don
D:donian->don
D:donians->don
D:donic->don
D:donicist->don
D:donics->don
D:donide->don
D:donidine->don
D:donied->don
D:donier->don
D:donies->don
D:donily->don
D:doninate->don
D:donination->don
D:donine->don
D:doning->don
D:donings->don
D:donions->don
D:donis->don
D:donism->don
D:donisms->don
D:donist->don
D:donistic->don
D:donists->don
D:donize->don
D:donly->don
D:donn->don
D:donna->don
D:donnability->don
D:donnable->don
D:donnae->don
D:donnage->don
D:donnal->don
D:donnalistic->don
D:donnally->don
D:donnals->don
D:donnance->don
D:donnances->don
D:donnant->don
D:donnants->don
D:donnary->don
D:donnas->don
D:donnata->don
D:donnate->don
D:donnated->don
D:donnates->don
D:donnating->don
D:donnation->don
D:donnations->don
D:donnators->don
D:donne->don
D:donned->don
D:donnedly->don
D:donnely->don
D:donnement->don
D:donnen->don
D:donnent->don
D:donnery->don
D:donnes->don
D:donness->don
D:donnesses->don
D:donni->don
D:donnia->don
D:donnial->don
D:donnian->don
D:donnians->don
D:donnic->don
D:donnied->don
D:donnier->don
D:donnies->don
D:donnine->don
D:donning->don
D:donnings->don
D:donnions->don
D:donnis->don
D:donnish->don
D:donnishness->don
D:donnism->don
D:donno->don
D:donnone->don
D:donnous->don
D:donns->don
D:donnum->don
D:donny->don
D:donnyl->don
D:dono->don
D:donone->don
D:donous->don
D:dons->don
D:donum->don
D:donward->don
D:donwise->don
D:dony->don
D:donying->don
<query> average charitable donation</query><numhits>10</numhits><time>2169</time>
</ATIREsearch>
<ATIREsearch>
D:wind->wind
D:winda->wind
D:windability->wind
D:windable->wind
D:windae->wind
D:windage->wind
D:windages->wind
D:windal->wind
D:windals->wind
D:windance->wind
D:windas->wind
D:windata->wind
D:windate->wind
D:windates->wind
D:windation->wind
D:windd->wind
D:windda->wind
D:winddance->wind
D:winddancing->wind
D:winddata->wind
D:windde->wind
D:winddi->wind
D:windding->wind
D:windds->wind
D:winddy->wind
D:winde->wind
D:winded->wind
D:windedly->wind
D:windely->wind
D:winden->wind
D:windene->wind
D:windened->wind
D:windening->wind
D:windent->wind
D:windentist->wind
D:windery->wind
D:windes->wind
D:windful->wind
D:windhood->wind
D:windi->wind
D:windia->wind
D:windial->wind
D:windian->wind
D:windians->wind
D:windic->wind
D:windide->wind
D:windier->wind
D:windies->wind
D:windiful->wind
D:windily->wind
D:windine->wind
D:windiness->wind
D:winding->wind
D:windingly->wind
D:windings->wind
D:windis->wind
D:windish->wind
D:windist->wind
D:windive->wind
D:windless->wind
D:windlessly->wind
D:windlessness->wind
D:windlily->wind
D:windly->wind
D:windness->wind
D:windo->wind
D:windoid->wind
D:windous->wind
D:winds->wind
D:windward->wind
D:windwise->wind
D:windy->wind
D:windyish->wind
D:power->power
D:powera->power
D:powerability->power
D:powerable->power
D:powerae->power
D:powerage->power
D:powerages->power
D:poweraging->power
D:poweral->power
D:powerally->power
D:powerant->power
D:powerants->power
D:poweras->power
D:powerate->power
D:powerated->power
D:powerating->power
D:poweration->power
D:powerator->power
D:powere->power
D:powered->power
D:poweredly->power
D:powereful->power
D:powereless->power
D:poweren->power
D:powerening->power
D:poweres->power
D:powerful->power
D:powerfully->power
D:powerfulness->power
D:powerhood->power
D:poweri->power
D:poweria->power
D:poweric->power
D:poweride->power
D:poweries->power
D:powerine->power
D:poweriness->power
D:powering->power
D:poweringly->power
D:powerings->power
D:powerious->power
D:poweris->power
D:powerish->power
D:powerished->power
D:powerism->power
D:powerite->power
D:powerize->power
D:powerized->power
D:powerizer->power
D:powerizers->power
D:powerizing->power
D:powerless->power
D:powerlessly->power
D:powerlessness->power
D:powerlily->power
D:powerly->power
D:powerness->power
D:powero->power
D:poweroid->power
D:powerone->power
D:powerr->power
D:powerrage->power
D:powerrages->power
D:powerrally->power
D:powerrate->power
D:powerrating->power
D:powerre->power
D:powerred->power
D:powerren->power
D:powerres->power
D:powerrful->power
D:powerride->power
D:powerring->power
D:powerrizer->power
D:powerrizers->power
D:powerrless->power
D:powerro->power
D:powerrs->power
D:powers->power
D:powerwise->power
<query> wind power</query><numhits>10</numhits><time>1624</time>
</ATIREsearch>
<ATIREsearch>
D:bph->bph
D:bpha->bph
D:bphal->bph
D:bphe->bph
D:bphed->bph
D:bphen->bph
D:bphes->bph
D:bphi->bph
D:bphic->bph
D:bphics->bph
D:bphis->bph
D:bphist->bph
D:bphly->bph
D:bpho->bph
D:bphs->bph
D:bphy->bph
Q:treatment->treatm
D:treatm->treatm
D:treatmant->treatm
D:treatmants->treatm
D:treatme->treatm
D:treatmed->treatm
D:treatmement->treatm
D:treatmen->treatm
D:treatmene->treatm
D:treatmening->treatm
D:treatment->treatm
D:treatmental->treatm
D:treatmented->treatm
D:treatmenting->treatm
D:treatmment->treatm
D:treatmum->treatm
D:treatmy->treatm
<query> bph treatment</query><numhits>10</numhits><time>625</time>
</ATIREsearch>
<ATIREsearch>
Q:doctor->doct
D:doct->doct
D:docta->doct
D:doctable->doct
D:doctae->doct
D:doctal->doct
D:doctas->doct
D:doctate->doct
D:doctated->doct
D:doctation->doct
D:doctations->doct
D:doctator->doct
D:doctators->doct
D:docte->doct
D:docted->doct
D:doctement->doct
D:docten->doct
D:doctery->doct
D:doctes->doct
D:docti->doct
D:doctic->doct
D:doctine->doct
D:doctines->doct
D:doctis->doct
D:docto->doct
D:doctoid->doct
D:docton->doct
D:doctor->doct
D:docts->doct
D:doctt->doct
D:doctta->doct
D:docttor->doct
D:doctts->doct
D:docty->doct
Q:zhivago->zhivag
D:zhivag->zhivag
D:zhivagi->zhivag
D:zhivago->zhivag
<query> doctor zhivago</query><numhits>10</numhits><time>555</time>
</ATIREsearch>
<ATIREsearch>
D:land->land
D:landa->land
D:landable->land
D:landacious->land
D:landae->land
D:landage->land
D:landal->land
D:landals->land
D:landance->land
D:landary->land
D:landas->land
D:landata->land
D:landate->land
D:landd->land
D:landda->land
D:landdage->land
D:landdance->land
D:landdata->land
D:landde->land
D:landded->land
D:landden->land
D:landdier->land
D:landding->land
D:landdis->land
D:landdo->land
D:landds->land
D:landdy->land
D:lande->land
D:landed->land
D:landely->land
D:landen->land
D:landene->land
D:landery->land
D:landes->land
D:landese->land
D:landful->land
D:landfulness->land
D:landhood->land
D:landi->land
D:landia->land
D:landial->land
D:landian->land
D:landians->land
D:landic->land
D:landier->land
D:landiers->land
D:landies->land
D:landine->land
D:landines->land
D:landiness->land
D:landing->land
D:landings->land
D:landion->land
D:landis->land
D:landish->land
D:landism->land
D:landist->land
D:landive->land
D:landized->land
D:landless->land
D:landlessness->land
D:landly->land
D:landness->land
D:lando->land
D:lands->land
D:landward->land
D:landwise->land
D:landy->land
D:surveyor->surveyor
D:surveyora->surveyor
D:surveyores->surveyor
D:surveyoring->surveyor
D:surveyors->surveyor
<query> land surveyor</query><numhits>10</numhits><time>892</time>
</ATIREsearch>
<ATIREsearch>
D:golf->golf
D:golfa->golf
D:golfability->golf
D:golfable->golf
D:golfae->golf
D:golfal->golf
D:golfas->golf
D:golfe->golf
D:golfed->golf
D:golfen->golf
D:golfent->golf
D:golfery->golf
D:golfes->golf
D:golfi->golf
D:golfier->golf
D:golfies->golf
D:golfine->golf
D:golfines->golf
D:golfiness->golf
D:golfing->golf
D:golfingly->golf
D:golfings->golf
D:golfis->golf
D:golfish->golf
D:golfism->golf
D:golfist->golf
D:golfistic->golf
D:golfists->golf
D:golfity->golf
D:golfless->golf
D:golflessness->golf
D:golfly->golf
D:golfness->golf
D:golfo->golf
D:golfs->golf
D:golfwise->golf
D:golfy->golf
Q:gps->gp
D:gp->gp
D:gpa->gp
D:gpae->gp
D:gpaic->gp
D:gpate->gp
D:gpated->gp
D:gpates->gp
D:gpe->gp
D:gped->gp
D:gpence->gp
D:gpene->gp
D:gpening->gp
D:gpes->gp
D:gpese->gp
D:gphood->gp
D:gpi->gp
D:gpia->gp
D:gpian->gp
D:gpic->gp
D:gpics->gp
D:gpides->gp
D:gpier->gp
D:gpiers->gp
D:gpinate->gp
D:gpine->gp
D:gpines->gp
D:gpis->gp
D:gpless->gp
D:gpo->gp
D:gpoid->gp
D:gpp->gp
D:gppa->gp
D:gppal->gp
D:gppe->gp
D:gpped->gp
D:gppen->gp
D:gppes->gp
D:gppi->gp
D:gppia->gp
D:gppic->gp
D:gppics->gp
D:gppis->gp
D:gpply->gp
D:gppo->gp
D:gpps->gp
D:gppy->gp
D:gps->gp
<query> golf gps</query><numhits>10</numhits><time>682</time>
</ATIREsearch>
<ATIREsearch>
D:what->what
D:whatability->what
D:whatacity->what
D:whatage->what
D:whatal->what
D:whatas->what
D:whatata->what
D:whatating->what
D:whaten->what
D:whati->what
D:whatia->what
D:whaticant->what
D:whatide->what
D:whaties->what
D:whatings->what
D:whatis->what
D:whatish->what
D:whatism->what
D:whatisms->what
D:whatist->what
D:whatless->what
D:whatly->what
D:whatness->what
D:whatnesses->what
D:whato->what
D:whaton->what
D:whats->what
D:whatt->what
D:whatta->what
D:whattable->what
D:whattae->what
D:whattage->what
D:whatte->what
D:whatted->what
D:whattely->what
D:whatten->what
D:whattery->what
D:whatti->what
D:whattia->what
D:whatting->what
D:whatto->what
D:whatts->what
D:whatty->what
D:whaty->what
D:is->is
D:isa->is
D:isability->is
D:isable->is
D:isacy->is
D:isae->is
D:isaic->is
D:isaical->is
D:isalist->is
D:isaric->is
D:isata->is
D:isate->is
D:isated->is
D:isates->is
D:ise->is
D:ised->is
D:iseful->is
D:isely->is
D:isement->is
D:isence->is
D:isene->is
D:isened->is
D:isental->is
D:isery->is
D:ises->is
D:isese->is
D:isful->is
D:isfully->is
D:isi->is
D:isia->is
D:isial->is
D:isially->is
D:isian->is
D:isians->is
D:isibility->is
D:isible->is
D:isic->is
D:isical->is
D:isics->is
D:isidine->is
D:isied->is
D:isier->is
D:isies->is
D:isily->is
D:isine->is
D:isines->is
D:isional->is
D:isious->is
D:isis->is
D:isist->is
D:isists->is
D:isity->is
D:isium->is
D:isive->is
D:isless->is
D:isness->is
D:iso->is
D:isogen->is
D:isoid->is
D:isor->is
D:isous->is
D:iss->is
D:issa->is
D:issable->is
D:issae->is
D:issage->is
D:issaic->is
D:issal->is
D:issance->is
D:issances->is
D:issant->is
D:issants->is
D:issaries->is
D:issary->is
D:issas->is
D:issata->is
D:issate->is
D:isse->is
D:issed->is
D:issement->is
D:issen->is
D:issential->is
D:issentials->is
D:isses->is
D:issful->is
D:issfully->is
D:issi->is
D:issia->is
D:issian->is
D:issible->is
D:issic->is
D:issied->is
D:issier->is
D:issiers->is
D:issies->is
D:issing->is
D:issings->is
D:ission->is
D:issioned->is
D:issioning->is
D:issions->is
D:issis->is
D:issist->is
D:issistic->is
D:issists->is
D:issity->is
D:issium->is
D:issive->is
D:issizable->is
D:issize->is
D:issized->is
D:issizer->is
D:issizing->is
D:issness->is
D:isso->is
D:issor->is
D:issous->is
D:issy->is
D:iswise->is
D:madagascar->madagascar
D:madagascara->madagascar
D:madagascaras->madagascar
D:madagascare->madagascar
D:madagascarian->madagascar
D:madagascarians->madagascar
D:madagascaris->madagascar
D:madagascarr->madagascar
D:madagascars->madagascar
D:known->known
D:knowna->known
D:knownable->known
D:knownage->known
D:knownas->known
D:knowne->known
D:knowned->known
D:knownen->known
D:knowni->known
D:knowning->known
D:knowningly->known
D:knownis->known
D:knownity->known
D:knownly->known
D:knownn->known
D:knownness->known
D:knownno->known
D:knowno->known
D:knowns->known
D:for->for
D:fora->for
D:forable->for
D:forably->for
D:foracious->for
D:forae->for
D:forage->for
D:forages->for
D:foraging->for
D:foral->for
D:foralism->for
D:forally->for
D:forals->for
D:forance->for
D:forant->for
D:forary->for
D:foras->for
D:forata->for
D:foratable->for
D:forate->for
D:forated->for
D:forately->for
D:foration->for
D:forations->for
D:forature->for
D:fore->for
D:fored->for
D:foreful->for
D:forefully->for
D:forehood->for
D:foreless->for
D:forement->for
D:foren->for
D:forence->for
D:forene->for
D:foreness->for
D:forening->for
D:forery->for
D:fores->for
D:forese->for
D:forful->for
D:forfully->for
D:fori->for
D:foria->for
D:forian->for
D:forians->for
D:forible->for
D:foribly->for
D:foric->for
D:foride->for
D:foried->for
D:forier->for
D:foriers->for
D:fories->for
D:forine->for
D:foring->for
D:forion->for
D:forious->for
D:foris->for
D:forist->for
D:foristic->for
D:forists->for
D:forite->for
D:fority->for
D:forium->for
D:forive->for
D:foriveness->for
D:forless->for
D:forly->for
D:forness->for
D:foro->for
D:foroid->for
D:forone->for
D:forous->for
D:forr->for
D:forra->for
D:forrae->for
D:forrage->for
D:forraging->for
D:forral->for
D:forrally->for
D:forrance->for
D:forrant->for
D:forrary->for
D:forras->for
D:forrate->for
D:forrating->for
D:forre->for
D:forred->for
D:forren->for
D:forrence->for
D:forrent->for
D:forrental->for
D:forrenting->for
D:forres->for
D:forri->for
D:forrian->for
D:forrible->for
D:forric->for
D:forride->for
D:forried->for
D:forrier->for
D:forries->for
D:forris->for
D:forrish->for
D:forrist->for
D:forro->for
D:forrs->for
D:forrum->for
D:forrward->for
D:forry->for
D:fors->for
D:forum->for
D:forward->for
D:forwise->for
D:fory->for
D:foryl->for
<query> what is madagascar known for</query><numhits>10</numhits><time>7911</time>
</ATIREsearch>
<ATIREsearch>
Q:home->hom
D:hom->hom
D:homa->hom
D:homae->hom
D:homage->hom
D:homages->hom
D:homaging->hom
D:homal->hom
D:homally->hom
D:homals->hom
D:homance->hom
D:homances->hom
D:homant->hom
D:homaroid->hom
D:homary->hom
D:homas->hom
D:homata->hom
D:homate->hom
D:homatic->hom
D:home->hom
D:homed->hom
D:homeful->hom
D:homefully->hom
D:homeless->hom
D:homely->hom
D:homen->hom
D:homene->hom
D:homened->hom
D:homeness->hom
D:homery->hom
D:homes->hom
D:homese->hom
D:homi->hom
D:homia->hom
D:homian->hom
D:homic->hom
D:homical->hom
D:homicide->hom
D:homicist->hom
D:homide->hom
D:homides->hom
D:homied->hom
D:homier->hom
D:homies->hom
D:homily->hom
D:homination->hom
D:hominess->hom
D:homing->hom
D:homings->hom
D:hominism->hom
D:homis->hom
D:homishness->hom
D:homity->hom
D:homium->hom
D:homless->hom
D:homlessness->hom
D:homly->hom
D:homm->hom
D:homma->hom
D:hommae->hom
D:hommage->hom
D:hommages->hom
D:hommaging->hom
D:hommas->hom
D:hommata->hom
D:homme->hom
D:hommed->hom
D:hommeless->hom
D:hommen->hom
D:hommes->hom
D:hommi->hom
D:hommia->hom
D:hommicide->hom
D:hommies->hom
D:homming->hom
D:hommis->hom
D:hommism->hom
D:hommity->hom
D:hommization->hom
D:hommo->hom
D:hommous->hom
D:homms->hom
D:hommy->hom
D:homo->hom
D:homogen->hom
D:homous->hom
D:homs->hom
D:homum->hom
D:homward->hom
D:homy->hom
D:theater->theater
D:theatera->theater
D:theateras->theater
D:theatere->theater
D:theateres->theater
D:theaterese->theater
D:theaterful->theater
D:theateri->theater
D:theaterical->theater
D:theaterically->theater
D:theaterics->theater
D:theatering->theater
D:theateris->theater
D:theaterish->theater
D:theaterists->theater
D:theaterization->theater
D:theaterless->theater
D:theaterone->theater
D:theaterrating->theater
D:theaterre->theater
D:theaterrs->theater
D:theaters->theater
Q:systems->system
D:system->system
D:systema->system
D:systemability->system
D:systemacity->system
D:systemae->system
D:systemage->system
D:systemaic->system
D:systemaically->system
D:systemal->system
D:systemantic->system
D:systemas->system
D:systemata->system
D:systemate->system
D:systemated->system
D:systemates->system
D:systematic->system
D:systemation->system
D:systemations->system
D:systemative->system
D:systemator->system
D:systeme->system
D:systemed->system
D:systemen->system
D:systemene->system
D:systemental->system
D:systemes->system
D:systemfully->system
D:systemhood->system
D:systemi->system
D:systemia->system
D:systemic->system
D:systemical->system
D:systemically->system
D:systemicist->system
D:systemicists->system
D:systemicity->system
D:systemics->system
D:systeming->system
D:systemis->system
D:systemisation->system
D:systemish->system
D:systemism->system
D:systemist->system
D:systemistic->system
D:systemistics->system
D:systemists->system
D:systemity->system
D:systemizable->system
D:systemization->system
D:systemizations->system
D:systemize->system
D:systemized->system
D:systemizer->system
D:systemizers->system
D:systemizing->system
D:systemless->system
D:systemlessness->system
D:systemly->system
D:systemm->system
D:systemma->system
D:systemmate->system
D:systemmatic->system
D:systemme->system
D:systemmed->system
D:systemmic->system
D:systemmically->system
D:systemms->system
D:systemmy->system
D:systemness->system
D:systemo->system
D:systemoid->system
D:systems->system
D:systemum->system
D:systemwise->system
D:systemy->system
<query> home theater systems</query><numhits>10</numhits><time>3604</time>
</ATIREsearch>
<ATIREsearch>
Q:carpal->carp
D:carp->carp
D:carpa->carp
D:carpae->carp
D:carpage->carp
D:carpages->carp
D:carpal->carp
D:carpals->carp
D:carpant->carp
D:carpants->carp
D:carpas->carp
D:carpate->carp
D:carpated->carp
D:carpates->carp
D:carpatic->carp
D:carpator->carp
D:carpe->carp
D:carped->carp
D:carpen->carp
D:carpency->carp
D:carpene->carp
D:carpening->carp
D:carpent->carp
D:carpented->carp
D:carpenting->carp
D:carpery->carp
D:carpes->carp
D:carpese->carp
D:carpi->carp
D:carpia->carp
D:carpian->carp
D:carpians->carp
D:carpic->carp
D:carpics->carp
D:carpide->carp
D:carpied->carp
D:carpier->carp
D:carpies->carp
D:carpine->carp
D:carping->carp
D:carpingly->carp
D:carpings->carp
D:carpion->carp
D:carpious->carp
D:carpis->carp
D:carpish->carp
D:carpist->carp
D:carpists->carp
D:carpium->carp
D:carpo->carp
D:carpoid->carp
D:carpoides->carp
D:carpous->carp
D:carpp->carp
D:carppa->carp
D:carppal->carp
D:carppe->carp
D:carpped->carp
D:carppies->carp
D:carppiness->carp
D:carppo->carp
D:carppy->carp
D:carps->carp
D:carpwise->carp
D:carpy->carp
D:tunnel->tunnel
D:tunnela->tunnel
D:tunnelable->tunnel
D:tunnelage->tunnel
D:tunnelar->tunnel
D:tunnelas->tunnel
D:tunnelator->tunnel
D:tunnele->tunnel
D:tunneled->tunnel
D:tunnelen->tunnel
D:tunneles->tunnel
D:tunnelful->tunnel
D:tunneli->tunnel
D:tunnelier->tunnel
D:tunneliers->tunnel
D:tunneling->tunnel
D:tunnelings->tunnel
D:tunnelish->tunnel
D:tunnelist->tunnel
D:tunnelite->tunnel
D:tunnelization->tunnel
D:tunnelized->tunnel
D:tunnell->tunnel
D:tunnelle->tunnel
D:tunnelled->tunnel
D:tunnelless->tunnel
D:tunnelling->tunnel
D:tunnellings->tunnel
D:tunnellist->tunnel
D:tunnellite->tunnel
D:tunnello->tunnel
D:tunnells->tunnel
D:tunnelly->tunnel
D:tunnellying->tunnel
D:tunnelo->tunnel
D:tunnelous->tunnel
D:tunnels->tunnel
Q:syndrome->syndrom
D:syndrom->syndrom
D:syndroma->syndrom
D:syndromae->syndrom
D:syndromal->syndrom
D:syndromas->syndrom
D:syndromatic->syndrom
D:syndrome->syndrom
D:syndromed->syndrom
D:syndromeless->syndrom
D:syndromen->syndrom
D:syndromes->syndrom
D:syndromi->syndrom
D:syndromian->syndrom
D:syndromic->syndrom
D:syndromically->syndrom
D:syndroming->syndrom
D:syndromis->syndrom
D:syndromized->syndrom
D:syndromme->syndrom
D:syndromo->syndrom
D:syndroms->syndrom
D:syndromy->syndrom
<query> carpal tunnel syndrome</query><numhits>10</numhits><time>853</time>
</ATIREsearch>
<ATIREsearch>
Q:capital->capit
D:capit->capit
D:capita->capit
D:capitable->capit
D:capitae->capit
D:capitage->capit
D:capital->capit
D:capitalism->capit
D:capitalist->capit
D:capitalistic->capit
D:capitalistically->capit
D:capitalize->capit
D:capitally->capit
D:capitalness->capit
D:capitals->capit
D:capitance->capit
D:capitancy->capit
D:capitant->capit
D:capitas->capit
D:capitata->capit
D:capitate->capit
D:capitated->capit
D:capitates->capit
D:capitating->capit
D:capitation->capit
D:capitations->capit
D:capitative->capit
D:capitator->capit
D:capitators->capit
D:capite->capit
D:capiten->capit
D:capites->capit
D:capiti->capit
D:capitia->capit
D:capitial->capit
D:capitialist->capit
D:capitialize->capit
D:capitials->capit
D:capitian->capit
D:capitine->capit
D:capiting->capit
D:capitings->capit
D:capition->capit
D:capitioning->capit
D:capitions->capit
D:capitis->capit
D:capitism->capit
D:capitist->capit
D:capitistic->capit
D:capitive->capit
D:capitivity->capit
D:capitization->capit
D:capitize->capit
D:capito->capit
D:capiton->capit
D:capitor->capit
D:capits->capit
D:capitt->capit
D:capitta->capit
D:capittal->capit
D:capitte->capit
D:capitti->capit
D:capitto->capit
Q:gains->gain
D:gain->gain
D:gaina->gain
D:gainable->gain
D:gainage->gain
D:gainages->gain
D:gainant->gain
D:gainas->gain
D:gaine->gain
D:gained->gain
D:gainefully->gain
D:gainely->gain
D:gainen->gain
D:gainery->gain
D:gaines->gain
D:gainful->gain
D:gainfully->gain
D:gainfulness->gain
D:gaini->gain
D:gainia->gain
D:gainian->gain
D:gainied->gain
D:gainier->gain
D:gaining->gain
D:gainings->gain
D:gainis->gain
D:gainism->gain
D:gainium->gain
D:gainless->gain
D:gainlessly->gain
D:gainlessness->gain
D:gainly->gain
D:gainn->gain
D:gainna->gain
D:gainnas->gain
D:gainne->gain
D:gainned->gain
D:gainnes->gain
D:gainness->gain
D:gainnful->gain
D:gainni->gain
D:gainnier->gain
D:gainning->gain
D:gainnis->gain
D:gainns->gain
D:gainny->gain
D:gaino->gain
D:gainone->gain
D:gainous->gain
D:gains->gain
D:gainum->gain
D:gainward->gain
D:gainwise->gain
D:gainy->gain
Q:tax->tac
D:tac->tac
D:taca->tac
D:tacal->tac
D:tacant->tac
D:tacas->tac
D:tacata->tac
D:tacate->tac
D:tace->tac
D:taced->tac
D:taceless->tac
D:tacen->tac
D:tacene->tac
D:taceous->tac
D:taces->tac
D:tacful->tac
D:tacfully->tac
D:taci->tac
D:tacia->tac
D:tacial->tac
D:tacic->tac
D:tacical->tac
D:tacics->tac
D:tacier->tac
D:tacily->tac
D:tacing->tac
D:tacings->tac
D:tacion->tac
D:tacious->tac
D:tacis->tac
D:tacism->tac
D:tacist->tac
D:tacists->tac
D:tacity->tac
D:tacize->tac
D:tacly->tac
D:taco->tac
D:tacs->tac
D:tacus->tac
D:tacwise->tac
D:tacy->tac
D:tax->tac
D:taxa->tac
D:taxability->tac
D:taxable->tac
D:taxableness->tac
D:taxably->tac
D:taxaceous->tac
D:taxae->tac
D:taxage->tac
D:taxal->tac
D:taxalist->tac
D:taxant->tac
D:taxas->tac
D:taxate->tac
D:taxation->tac
D:taxational->tac
D:taxations->tac
D:taxative->tac
D:taxator->tac
D:taxators->tac
D:taxe->tac
D:taxed->tac
D:taxen->tac
D:taxes->tac
D:taxi->tac
D:taxia->tac
D:taxial->tac
D:taxialist->tac
D:taxian->tac
D:taxibility->tac
D:taxible->tac
D:taxic->tac
D:taxical->tac
D:taxicide->tac
D:taxicity->tac
D:taxied->tac
D:taxier->tac
D:taxiers->tac
D:taxies->tac
D:taxine->tac
D:taxiness->tac
D:taxing->tac
D:taxingly->tac
D:taxings->tac
D:taxion->tac
D:taxis->tac
D:taxishness->tac
D:taxism->tac
D:taxist->tac
D:taxists->tac
D:taxities->tac
D:taxity->tac
D:taxium->tac
D:taxivity->tac
D:taxization->tac
D:taxless->tac
D:taxlessness->tac
D:taxo->tac
D:taxoid->tac
D:taxoides->tac
D:taxous->tac
D:taxs->tac
D:taxwise->tac
D:taxy->tac
D:taxying->tac
Q:rate->rat
D:rat->rat
D:rata->rat
D:ratability->rat
D:ratable->rat
D:ratably->rat
D:ratae->rat
D:ratage->rat
D:ratages->rat
D:rataic->rat
D:ratal->rat
D:ratals->rat
D:ratance->rat
D:ratant->rat
D:ratary->rat
D:ratas->rat
D:ratata->rat
D:ratatable->rat
D:ratate->rat
D:ratated->rat
D:ratating->rat
D:ratation->rat
D:ratational->rat
D:ratator->rat
D:rate->rat
D:rated->rat
D:ratedly->rat
D:rateful->rat
D:ratefully->rat
D:ratehood->rat
D:rateless->rat
D:rately->rat
D:raten->rat
D:ratency->rat
D:ratene->rat
D:rateness->rat
D:ratery->rat
D:rates->rat
D:ratese->rat
D:ratful->rat
D:rathood->rat
D:rati->rat
D:ratia->rat
D:ratial->rat
D:ratially->rat
D:ratic->rat
D:ratical->rat
D:ratically->rat
D:raticide->rat
D:ratics->rat
D:ratides->rat
D:ratidine->rat
D:ratied->rat
D:ratier->rat
D:ratiers->rat
D:raties->rat
D:ratine->rat
D:ratines->rat
D:rating->rat
D:ratingness->rat
D:ratings->rat
D:ration->rat
D:rational->rat
D:rationalism->rat
D:rationality->rat
D:rationalize->rat
D:rationally->rat
D:rationalness->rat
D:rationals->rat
D:rationed->rat
D:rationing->rat
D:rationist->rat
D:rations->rat
D:ratis->rat
D:ratisation->rat
D:ratism->rat
D:ratisms->rat
D:ratist->rat
D:ratistic->rat
D:ratists->rat
D:ratite->rat
D:ratities->rat
D:ratium->rat
D:rative->rat
D:ratively->rat
D:rativity->rat
D:ratization->rat
D:ratizing->rat
D:ratless->rat
D:ratly->rat
D:ratness->rat
D:rato->rat
D:ratogen->rat
D:raton->rat
D:rator->rat
D:ratous->rat
D:rats->rat
D:ratt->rat
D:ratta->rat
D:rattage->rat
D:rattal->rat
D:rattant->rat
D:rattary->rat
D:rattas->rat
D:rattata->rat
D:rattate->rat
D:ratte->rat
D:ratted->rat
D:ratten->rat
D:rattened->rat
D:rattening->rat
D:rattery->rat
D:rattes->rat
D:ratti->rat
D:rattia->rat
D:rattian->rat
D:rattic->rat
D:rattical->rat
D:rattier->rat
D:rattiers->rat
D:ratties->rat
D:rattily->rat
D:rattine->rat
D:rattiness->rat
D:ratting->rat
D:rattings->rat
D:rattion->rat
D:rattional->rat
D:rattionally->rat
D:rattis->rat
D:rattish->rat
D:rattite->rat
D:rattless->rat
D:rattly->rat
D:ratto->rat
D:rattor->rat
D:ratts->rat
D:ratty->rat
D:ratward->rat
D:ratwise->rat
D:raty->rat
D:ratying->rat
<query> capital gains tax rate</query><numhits>10</numhits><time>2667</time>
</ATIREsearch>
<ATIREsearch>
D:maryland->maryland
D:marylanda->maryland
D:marylandata->maryland
D:marylandd->maryland
D:marylanddata->maryland
D:marylanddating->maryland
D:marylanddo->maryland
D:marylande->maryland
D:marylanden->maryland
D:marylandi->maryland
D:marylandia->maryland
D:marylandian->maryland
D:marylandians->maryland
D:marylandium->maryland
D:marylandize->maryland
D:marylands->maryland
D:marylandy->maryland
Q:department->departm
D:departm->departm
D:departmancy->departm
D:departmant->departm
D:departmants->departm
D:departme->departm
D:departmed->departm
D:departmement->departm
D:departmen->departm
D:department->departm
D:departmental->departm
D:departmentally->departm
D:departmentation->departm
D:departmented->departm
D:departmes->departm
D:departmment->departm
D:departmmental->departm
D:of->of
D:ofa->of
D:ofacy->of
D:ofae->of
D:ofata->of
D:ofate->of
D:ofates->of
D:ofe->of
D:ofed->of
D:ofely->of
D:ofence->of
D:ofences->of
D:ofene->of
D:ofening->of
D:ofently->of
D:ofes->of
D:offul->of
D:offully->of
D:ofi->of
D:ofia->of
D:ofial->of
D:ofian->of
D:ofic->of
D:ofical->of
D:ofically->of
D:ofician->of
D:oficist->of
D:ofics->of
D:ofide->of
D:ofied->of
D:ofier->of
D:ofies->of
D:ofily->of
D:ofine->of
D:ofis->of
D:ofist->of
D:ofite->of
D:ofities->of
D:ofive->of
D:ofless->of
D:ofness->of
D:ofnesses->of
D:ofo->of
D:ofous->of
D:ofously->of
D:ofs->of
D:ofward->of
D:ofwise->of
Q:natural->natur
D:natur->natur
D:natura->natur
D:naturability->natur
D:naturae->natur
D:naturage->natur
D:natural->natur
D:naturalism->natur
D:naturalist->natur
D:naturalistic->natur
D:naturalistically->natur
D:naturalities->natur
D:naturality->natur
D:naturalize->natur
D:naturally->natur
D:naturalness->natur
D:naturals->natur
D:naturas->natur
D:naturata->natur
D:naturated->natur
D:naturating->natur
D:naturation->natur
D:nature->natur
D:natured->natur
D:naturedly->natur
D:natureful->natur
D:naturehood->natur
D:natureless->natur
D:naturelity->natur
D:naturely->natur
D:naturen->natur
D:naturence->natur
D:naturene->natur
D:natureness->natur
D:naturent->natur
D:natures->natur
D:naturi->natur
D:naturia->natur
D:naturial->natur
D:naturially->natur
D:naturian->natur
D:naturians->natur
D:naturicity->natur
D:naturics->natur
D:naturides->natur
D:naturine->natur
D:naturing->natur
D:naturion->natur
D:naturious->natur
D:naturis->natur
D:naturisation->natur
D:naturish->natur
D:naturism->natur
D:naturisms->natur
D:naturist->natur
D:naturistic->natur
D:naturistically->natur
D:naturistics->natur
D:naturists->natur
D:naturity->natur
D:naturium->natur
D:naturization->natur
D:naturizational->natur
D:naturize->natur
D:naturized->natur
D:naturizer->natur
D:naturless->natur
D:naturly->natur
D:naturo->natur
D:naturoid->natur
D:naturone->natur
D:naturous->natur
D:naturr->natur
D:naturra->natur
D:naturral->natur
D:naturrally->natur
D:naturrals->natur
D:naturre->natur
D:naturring->natur
D:naturs->natur
D:natursa->natur
D:natursal->natur
D:naturse->natur
D:naturum->natur
D:natury->natur
D:naturyl->natur
Q:resources->resourc
D:resourc->resourc
D:resourca->resourc
D:resourcas->resourc
D:resource->resourc
D:resourced->resourc
D:resourceful->resourc
D:resourcefully->resourc
D:resourceless->resourc
D:resourcement->resourc
D:resourcen->resourc
D:resourceness->resourc
D:resourcery->resourc
D:resources->resourc
D:resourcese->resourc
D:resourcful->resourc
D:resourcfulness->resourc
D:resourci->resourc
D:resourcing->resourc
D:resourcings->resourc
D:resourcis->resourc
D:resourcism->resourc
D:resourcist->resourc
D:resourcists->resourc
D:resourcities->resourc
D:resourcium->resourc
D:resourcs->resourc
<query> maryland department of natural resources</query><numhits>10</numhits><time>6100</time>
</ATIREsearch>
<ATIREsearch>
Q:nicolas->nicol
D:nicol->nicol
D:nicola->nicol
D:nicolacy->nicol
D:nicolae->nicol
D:nicolage->nicol
D:nicolal->nicol
D:nicolance->nicol
D:nicolar->nicol
D:nicolaries->nicol
D:nicolars->nicol
D:nicolary->nicol
D:nicolas->nicol
D:nicolata->nicol
D:nicolate->nicol
D:nicolation->nicol
D:nicolations->nicol
D:nicole->nicol
D:nicoled->nicol
D:nicolely->nicol
D:nicolen->nicol
D:nicolene->nicol
D:nicolery->nicol
D:nicoles->nicol
D:nicoli->nicol
D:nicolia->nicol
D:nicolian->nicol
D:nicolic->nicol
D:nicolical->nicol
D:nicolics->nicol
D:nicolier->nicol
D:nicolinate->nicol
D:nicoline->nicol
D:nicolines->nicol
D:nicolis->nicol
D:nicolish->nicol
D:nicolism->nicol
D:nicolist->nicol
D:nicolistical->nicol
D:nicolite->nicol
D:nicolive->nicol
D:nicoll->nicol
D:nicolla->nicol
D:nicollas->nicol
D:nicolle->nicol
D:nicolled->nicol
D:nicolles->nicol
D:nicolli->nicol
D:nicollian->nicol
D:nicollier->nicol
D:nicolline->nicol
D:nicollo->nicol
D:nicolls->nicol
D:nicolly->nicol
D:nicolo->nicol
D:nicoloid->nicol
D:nicolous->nicol
D:nicols->nicol
D:nicolum->nicol
Q:cage->cag
D:cag->cag
D:caga->cag
D:cagable->cag
D:cagal->cag
D:cagality->cag
D:cagally->cag
D:cagary->cag
D:cagas->cag
D:cagata->cag
D:cagate->cag
D:cagation->cag
D:cagatory->cag
D:cage->cag
D:caged->cag
D:cageful->cag
D:cageless->cag
D:cagely->cag
D:cagen->cag
D:cagency->cag
D:cagene->cag
D:cages->cag
D:cagese->cag
D:cagg->cag
D:cagga->cag
D:caggage->cag
D:caggal->cag
D:cagge->cag
D:cagged->cag
D:caggent->cag
D:cagges->cag
D:caggese->cag
D:caggi->cag
D:caggia->cag
D:caggily->cag
D:cagging->cag
D:caggo->cag
D:caggs->cag
D:caggy->cag
D:cagi->cag
D:cagia->cag
D:cagian->cag
D:cagic->cag
D:cagical->cag
D:cagide->cag
D:cagier->cag
D:cagies->cag
D:cagily->cag
D:cagine->cag
D:caginess->cag
D:caging->cag
D:cagings->cag
D:cagion->cag
D:cagis->cag
D:cagisms->cag
D:cagists->cag
D:cagive->cag
D:cagness->cag
D:cago->cag
D:cagoid->cag
D:cagous->cag
D:cags->cag
D:cagy->cag
Q:movies->mov
D:mov->mov
D:mova->mov
D:movability->mov
D:movable->mov
D:movableness->mov
D:movably->mov
D:movae->mov
D:movage->mov
D:movages->mov
D:moval->mov
D:movals->mov
D:movance->mov
D:movant->mov
D:movants->mov
D:movary->mov
D:movas->mov
D:movate->mov
D:movation->mov
D:movational->mov
D:movations->mov
D:move->mov
D:moveableness->mov
D:moved->mov
D:movedly->mov
D:moveless->mov
D:movely->mov
D:movement->mov
D:moven->mov
D:movene->mov
D:movening->mov
D:movery->mov
D:moves->mov
D:movese->mov
D:movi->mov
D:movia->mov
D:movial->mov
D:movian->mov
D:movible->mov
D:movic->mov
D:movical->mov
D:movicians->mov
D:movics->mov
D:movide->mov
D:movides->mov
D:movied->mov
D:movier->mov
D:moviers->mov
D:movies->mov
D:movily->mov
D:movine->mov
D:movines->mov
D:moving->mov
D:movingly->mov
D:movingness->mov
D:movings->mov
D:movion->mov
D:movis->mov
D:movist->mov
D:movity->mov
D:movium->mov
D:movive->mov
D:movize->mov
D:movized->mov
D:movless->mov
D:movly->mov
D:movo->mov
D:movs->mov
D:movy->mov
D:movying->mov
<query> nicolas cage movies</query><numhits>10</numhits><time>1986</time>
</ATIREsearch>
<ATIREsearch>
Q:kids->kid
D:kid->kid
D:kida->kid
D:kidability->kid
D:kidable->kid
D:kidae->kid
D:kidage->kid
D:kidal->kid
D:kidals->kid
D:kidas->kid
D:kidata->kid
D:kidate->kid
D:kidd->kid
D:kidda->kid
D:kiddal->kid
D:kiddance->kid
D:kiddas->kid
D:kiddata->kid
D:kidde->kid
D:kidded->kid
D:kidden->kid
D:kiddening->kid
D:kiddent->kid
D:kiddery->kid
D:kiddes->kid
D:kiddi->kid
D:kiddia->kid
D:kiddical->kid
D:kiddicity->kid
D:kiddied->kid
D:kiddier->kid
D:kiddies->kid
D:kiddily->kid
D:kiddine->kid
D:kiddiness->kid
D:kidding->kid
D:kiddingly->kid
D:kiddings->kid
D:kiddis->kid
D:kiddish->kid
D:kiddishness->kid
D:kiddism->kid
D:kiddisms->kid
D:kiddless->kid
D:kiddly->kid
D:kiddo->kid
D:kiddoid->kid
D:kidds->kid
D:kiddy->kid
D:kiddying->kid
D:kiddyish->kid
D:kide->kid
D:kided->kid
D:kiden->kid
D:kidening->kid
D:kidery->kid
D:kides->kid
D:kidhood->kid
D:kidi->kid
D:kidia->kid
D:kidian->kid
D:kidic->kid
D:kidical->kid
D:kidicity->kid
D:kidides->kid
D:kidied->kid
D:kidier->kid
D:kidies->kid
D:kidine->kid
D:kiding->kid
D:kidings->kid
D:kidion->kid
D:kidis->kid
D:kidism->kid
D:kidisms->kid
D:kidist->kid
D:kidium->kid
D:kidless->kid
D:kidlessness->kid
D:kidly->kid
D:kidness->kid
D:kido->kid
D:kidoid->kid
D:kidous->kid
D:kids->kid
D:kidward->kid
D:kidwise->kid
D:kidy->kid
D:kidying->kid
D:earth->earth
D:eartha->earth
D:earthable->earth
D:earthage->earth
D:earthal->earth
D:earthas->earth
D:earthatic->earth
D:earthe->earth
D:earthed->earth
D:earthely->earth
D:earthen->earth
D:earthened->earth
D:earthenly->earth
D:earthent->earth
D:earthential->earth
D:earthery->earth
D:earthes->earth
D:earthful->earth
D:earthfully->earth
D:earthi->earth
D:earthia->earth
D:earthial->earth
D:earthian->earth
D:earthians->earth
D:earthical->earth
D:earthicide->earth
D:earthics->earth
D:earthied->earth
D:earthier->earth
D:earthies->earth
D:earthily->earth
D:earthiness->earth
D:earthing->earth
D:earthings->earth
D:earthion->earth
D:earthis->earth
D:earthish->earth
D:earthism->earth
D:earthist->earth
D:earthistic->earth
D:earthists->earth
D:earthite->earth
D:earthity->earth
D:earthium->earth
D:earthize->earth
D:earthless->earth
D:earthlessness->earth
D:earthly->earth
D:earthness->earth
D:eartho->earth
D:earthoid->earth
D:earths->earth
D:earthward->earth
D:earthwise->earth
D:earthy->earth
D:day->day
D:daya->day
D:dayability->day
D:dayable->day
D:dayae->day
D:dayage->day
D:dayal->day
D:dayals->day
D:dayance->day
D:dayant->day
D:dayas->day
D:dayata->day
D:dayate->day
D:daye->day
D:dayed->day
D:dayely->day
D:dayen->day
D:dayence->day
D:dayene->day
D:dayes->day
D:dayful->day
D:dayhood->day
D:dayi->day
D:dayia->day
D:dayian->day
D:dayicide->day
D:dayies->day
D:dayily->day
D:dayine->day
D:daying->day
D:dayis->day
D:dayisms->day
D:dayless->day
D:daylily->day
D:dayly->day
D:dayness->day
D:dayo->day
D:days->day
D:dayward->day
D:daywise->day
D:dayy->day
Q:activities->act
D:act->act
D:acta->act
D:actability->act
D:actable->act
D:actae->act
D:actage->act
D:actal->act
D:actally->act
D:actals->act
D:actance->act
D:actances->act
D:actancy->act
D:actant->act
D:actants->act
D:actarial->act
D:actary->act
D:actas->act
D:actata->act
D:actate->act
D:actates->act
D:actation->act
D:acte->act
D:acted->act
D:actely->act
D:acten->act
D:actene->act
D:actery->act
D:actes->act
D:actful->act
D:actfully->act
D:acti->act
D:actia->act
D:actial->act
D:actially->act
D:actian->act
D:actians->act
D:actibly->act
D:actic->act
D:actical->act
D:acticality->act
D:actically->act
D:acticide->act
D:acticism->act
D:acticist->act
D:acticity->act
D:actics->act
D:actidine->act
D:actied->act
D:acties->act
D:actily->act
D:actine->act
D:actines->act
D:acting->act
D:actingly->act
D:actings->act
D:actinism->act
D:action->act
D:actional->act
D:actionality->act
D:actionalize->act
D:actionally->act
D:actioned->act
D:actioning->act
D:actionist->act
D:actions->act
D:actious->act
D:actis->act
D:actism->act
D:actist->act
D:actists->act
D:actities->act
D:actity->act
D:actium->act
D:active->act
D:actively->act
D:activeness->act
D:activistic->act
D:activities->act
D:activity->act
D:actless->act
D:actly->act
D:actness->act
D:acto->act
D:actoid->act
D:acton->act
D:actor->act
D:actous->act
D:acts->act
D:actt->act
D:actta->act
D:acttally->act
D:actte->act
D:actted->act
D:actti->act
D:acttia->act
D:actting->act
D:acttion->act
D:acttions->act
D:acttive->act
D:acttively->act
D:acttivities->act
D:acttivity->act
D:acttly->act
D:actto->act
D:acttor->act
D:actts->act
D:actwise->act
D:acty->act
<query> kids earth day activities</query><numhits>10</numhits><time>3881</time>
</ATIREsearch>
<ATIREsearch>
Q:solar->sol
D:sol->sol
D:sola->sol
D:solability->sol
D:solable->sol
D:solacious->sol
D:solacity->sol
D:solacy->sol
D:solae->sol
D:solage->sol
D:solages->sol
D:solaic->sol
D:solal->sol
D:solance->sol
D:solanced->sol
D:solant->sol
D:solar->sol
D:solarial->sol
D:solaric->sol
D:solaries->sol
D:solarisation->sol
D:solarisations->sol
D:solariser->sol
D:solaristic->sol
D:solarity->sol
D:solarization->sol
D:solarizations->sol
D:solarize->sol
D:solarized->sol
D:solarizer->sol
D:solarizing->sol
D:solarly->sol
D:solaroid->sol
D:solars->sol
D:solary->sol
D:solas->sol
D:solata->sol
D:solate->sol
D:solated->sol
D:solately->sol
D:solates->sol
D:solatic->sol
D:solating->sol
D:solation->sol
D:solations->sol
D:solator->sol
D:solators->sol
D:solature->sol
D:sole->sol
D:soled->sol
D:soleful->sol
D:solefully->sol
D:soleless->sol
D:solely->sol
D:solen->sol
D:solence->sol
D:solene->sol
D:solened->sol
D:soleness->sol
D:solently->sol
D:soleous->sol
D:solery->sol
D:soles->sol
D:solful->sol
D:soli->sol
D:solia->sol
D:solial->sol
D:solialist->sol
D:solialize->sol
D:solian->sol
D:solians->sol
D:solic->sol
D:solical->sol
D:solicalism->sol
D:solicalist->sol
D:solicism->sol
D:solicist->sol
D:solicity->sol
D:solics->sol
D:solide->sol
D:solides->sol
D:solidine->sol
D:solied->sol
D:solier->sol
D:soliers->sol
D:solies->sol
D:soline->sol
D:solines->sol
D:soliness->sol
D:solis->sol
D:solism->sol
D:solist->sol
D:solistic->sol
D:solistically->sol
D:solistics->sol
D:solists->sol
D:solite->sol
D:solity->sol
D:solium->sol
D:solive->sol
D:solively->sol
D:solize->sol
D:soll->sol
D:solla->sol
D:sollae->sol
D:sollage->sol
D:sollal->sol
D:sollance->sol
D:sollant->sol
D:sollar->sol
D:sollars->sol
D:sollary->sol
D:sollas->sol
D:sollate->sol
D:sollation->sol
D:solle->sol
D:solled->sol
D:sollely->sol
D:sollen->sol
D:sollene->sol
D:sollery->sol
D:solles->sol
D:solli->sol
D:sollia->sol
D:sollian->sol
D:sollic->sol
D:sollicity->sol
D:sollics->sol
D:sollied->sol
D:sollier->sol
D:solliers->sol
D:sollies->sol
D:solline->sol
D:solling->sol
D:sollings->sol
D:sollis->sol
D:sollish->sol
D:sollist->sol
D:sollite->sol
D:sollium->sol
D:sollo->sol
D:solloid->sol
D:sollous->sol
D:solls->sol
D:sollum->sol
D:solly->sol
D:solness->sol
D:solo->sol
D:sologen->sol
D:soloid->sol
D:solous->sol
D:sols->sol
D:solum->sol
D:solward->sol
D:solwise->sol
D:soly->sol
D:solying->sol
D:water->water
D:watera->water
D:waterable->water
D:waterage->water
D:waterages->water
D:wateral->water
D:waterant->water
D:wateras->water
D:waterate->water
D:waterative->water
D:watere->water
D:watered->water
D:wateren->water
D:waterent->water
D:waterery->water
D:wateres->water
D:waterful->water
D:waterhood->water
D:wateri->water
D:wateria->water
D:waterial->water
D:waterials->water
D:waterian->water
D:waterians->water
D:waterical->water
D:wateride->water
D:waterier->water
D:wateriers->water
D:wateries->water
D:waterily->water
D:waterine->water
D:wateriness->water
D:watering->water
D:wateringly->water
D:waterings->water
D:waterion->water
D:waterious->water
D:wateris->water
D:waterish->water
D:waterishness->water
D:waterism->water
D:waterist->water
D:waterite->water
D:waterive->water
D:waterization->water
D:waterize->water
D:waterized->water
D:waterless->water
D:waterlessly->water
D:waterlessness->water
D:waterlily->water
D:waterly->water
D:waterness->water
D:watero->water
D:waterogen->water
D:waterone->water
D:waterous->water
D:waterousness->water
D:waterr->water
D:waterra->water
D:waterrate->water
D:waterrates->water
D:waterrating->water
D:waterre->water
D:waterred->water
D:waterren->water
D:waterres->water
D:waterri->water
D:waterrible->water
D:waterride->water
D:waterring->water
D:waterrs->water
D:waterry->water
D:waters->water
D:waterward->water
D:waterwise->water
D:wateryish->water
D:wateryl->water
Q:fountains->fountain
D:fountain->fountain
D:fountaina->fountain
D:fountainal->fountain
D:fountaine->fountain
D:fountained->fountain
D:fountaines->fountain
D:fountainhood->fountain
D:fountaini->fountain
D:fountaining->fountain
D:fountainious->fountain
D:fountainis->fountain
D:fountainizing->fountain
D:fountainless->fountain
D:fountainlily->fountain
D:fountainn->fountain
D:fountainnature->fountain
D:fountainno->fountain
D:fountainnum->fountain
D:fountainous->fountain
D:fountains->fountain
D:fountainy->fountain
<query> solar water fountains</query><numhits>10</numhits><time>1528</time>
</ATIREsearch>
<ATIREsearch>
D:what->what
D:whatability->what
D:whatacity->what
D:whatage->what
D:whatal->what
D:whatas->what
D:whatata->what
D:whatating->what
D:whaten->what
D:whati->what
D:whatia->what
D:whaticant->what
D:whatide->what
D:whaties->what
D:whatings->what
D:whatis->what
D:whatish->what
D:whatism->what
D:whatisms->what
D:whatist->what
D:whatless->what
D:whatly->what
D:whatness->what
D:whatnesses->what
D:whato->what
D:whaton->what
D:whats->what
D:whatt->what
D:whatta->what
D:whattable->what
D:whattae->what
D:whattage->what
D:whatte->what
D:whatted->what
D:whattely->what
D:whatten->what
D:whattery->what
D:whatti->what
D:whattia->what
D:whatting->what
D:whatto->what
D:whatts->what
D:whatty->what
D:whaty->what
Q:was->wa
D:wa->wa
D:waa->wa
D:waacy->wa
D:waae->wa
D:waata->wa
D:waate->wa
D:waating->wa
D:wae->wa
D:waed->wa
D:waeful->wa
D:waely->wa
D:waene->wa
D:waening->wa
D:waery->wa
D:waes->wa
D:waese->wa
D:waful->wa
D:wafully->wa
D:wai->wa
D:waia->wa
D:waial->wa
D:waian->wa
D:waible->wa
D:waic->wa
D:waide->wa
D:waides->wa
D:waied->wa
D:waier->wa
D:waies->wa
D:waiful->wa
D:waily->wa
D:wainate->wa
D:wainess->wa
D:wais->wa
D:waist->wa
D:waists->wa
D:waities->wa
D:waity->wa
D:waium->wa
D:waive->wa
D:waless->wa
D:walily->wa
D:waness->wa
D:wao->wa
D:waoid->wa
D:was->wa
D:waward->wa
D:wayish->wa
Q:the->th
D:th->th
D:tha->th
D:thable->th
D:thably->th
D:thacity->th
D:thacy->th
D:thae->th
D:thaic->th
D:thaical->th
D:thalist->th
D:thality->th
D:tharic->th
D:tharies->th
D:thata->th
D:thatable->th
D:thate->th
D:thated->th
D:thates->th
D:thating->th
D:thative->th
D:thator->th
D:thature->th
D:the->th
D:theature->th
D:thed->th
D:thedly->th
D:theful->th
D:thefully->th
D:thehood->th
D:theity->th
D:theless->th
D:thelity->th
D:thely->th
D:thement->th
D:thence->th
D:thency->th
D:thene->th
D:thened->th
D:theness->th
D:thening->th
D:thenly->th
D:thental->th
D:theous->th
D:thery->th
D:thes->th
D:these->th
D:thful->th
D:thfully->th
D:thi->th
D:thia->th
D:thial->th
D:thian->th
D:thians->th
D:thible->th
D:thic->th
D:thical->th
D:thically->th
D:thician->th
D:thicians->th
D:thics->th
D:thide->th
D:thides->th
D:thied->th
D:thier->th
D:thiers->th
D:thies->th
D:thily->th
D:thination->th
D:thine->th
D:thines->th
D:thiness->th
D:thingness->th
D:thinism->th
D:thional->th
D:thious->th
D:this->th
D:thist->th
D:thistic->th
D:thists->th
D:thite->th
D:thities->th
D:thity->th
D:thium->th
D:thive->th
D:thively->th
D:thless->th
D:thlessly->th
D:tho->th
D:thogen->th
D:thoid->th
D:thoides->th
D:thous->th
D:thously->th
D:ths->th
D:thward->th
Q:name->nam
D:nam->nam
D:nama->nam
D:namable->nam
D:namae->nam
D:namage->nam
D:namal->nam
D:namalist->nam
D:namance->nam
D:namary->nam
D:namas->nam
D:namata->nam
D:namate->nam
D:namatic->nam
D:namation->nam
D:name->nam
D:named->nam
D:namedly->nam
D:nameful->nam
D:namefully->nam
D:namehood->nam
D:nameless->nam
D:namely->nam
D:namen->nam
D:namene->nam
D:nameness->nam
D:namental->nam
D:namentation->nam
D:nameous->nam
D:namery->nam
D:names->nam
D:namese->nam
D:nami->nam
D:namia->nam
D:namials->nam
D:namian->nam
D:namic->nam
D:namical->nam
D:namically->nam
D:namics->nam
D:namide->nam
D:namides->nam
D:namier->nam
D:namies->nam
D:namily->nam
D:naminate->nam
D:namination->nam
D:naminess->nam
D:naming->nam
D:namingly->nam
D:namings->nam
D:namion->nam
D:namis->nam
D:namism->nam
D:namium->nam
D:namless->nam
D:namly->nam
D:namm->nam
D:namma->nam
D:nammae->nam
D:nammage->nam
D:nammal->nam
D:nammary->nam
D:nammas->nam
D:namme->nam
D:nammed->nam
D:nammely->nam
D:nammen->nam
D:nammes->nam
D:nammi->nam
D:nammies->nam
D:namming->nam
D:nammis->nam
D:nammish->nam
D:nammly->nam
D:nammness->nam
D:nammo->nam
D:nammous->nam
D:namms->nam
D:nammy->nam
D:namo->nam
D:namoid->nam
D:namous->nam
D:nams->nam
D:namum->nam
D:namwise->nam
D:namy->nam
D:of->of
D:ofa->of
D:ofacy->of
D:ofae->of
D:ofata->of
D:ofate->of
D:ofates->of
D:ofe->of
D:ofed->of
D:ofely->of
D:ofence->of
D:ofences->of
D:ofene->of
D:ofening->of
D:ofently->of
D:ofes->of
D:offul->of
D:offully->of
D:ofi->of
D:ofia->of
D:ofial->of
D:ofian->of
D:ofic->of
D:ofical->of
D:ofically->of
D:ofician->of
D:oficist->of
D:ofics->of
D:ofide->of
D:ofied->of
D:ofier->of
D:ofies->of
D:ofily->of
D:ofine->of
D:ofis->of
D:ofist->of
D:ofite->of
D:ofities->of
D:ofive->of
D:ofless->of
D:ofness->of
D:ofnesses->of
D:ofo->of
D:ofous->of
D:ofously->of
D:ofs->of
D:ofward->of
D:ofwise->of
Q:elvis->elv
D:elv->elv
D:elva->elv
D:elvae->elv
D:elvage->elv
D:elval->elv
D:elvals->elv
D:elvary->elv
D:elvas->elv
D:elvata->elv
D:elvate->elv
D:elvated->elv
D:elvating->elv
D:elvation->elv
D:elvations->elv
D:elvator->elv
D:elvators->elv
D:elve->elv
D:elved->elv
D:elvely->elv
D:elven->elv
D:elvene->elv
D:elveness->elv
D:elvenly->elv
D:elvery->elv
D:elves->elv
D:elvi->elv
D:elvia->elv
D:elvial->elv
D:elvian->elv
D:elvic->elv
D:elvics->elv
D:elvier->elv
D:elvies->elv
D:elvine->elv
D:elvines->elv
D:elving->elv
D:elvings->elv
D:elvious->elv
D:elvis->elv
D:elvishness->elv
D:elvism->elv
D:elvist->elv
D:elvistic->elv
D:elvium->elv
D:elvive->elv
D:elvo->elv
D:elvoid->elv
D:elvs->elv
D:elvy->elv
Q:presley->presle
D:preslea->presle
D:preslee->presle
D:preslei->presle
D:presley->presle
D:s->s
Q:home->hom
D:hom->hom
D:homa->hom
D:homae->hom
D:homage->hom
D:homages->hom
D:homaging->hom
D:homal->hom
D:homally->hom
D:homals->hom
D:homance->hom
D:homances->hom
D:homant->hom
D:homaroid->hom
D:homary->hom
D:homas->hom
D:homata->hom
D:homate->hom
D:homatic->hom
D:home->hom
D:homed->hom
D:homeful->hom
D:homefully->hom
D:homeless->hom
D:homely->hom
D:homen->hom
D:homene->hom
D:homened->hom
D:homeness->hom
D:homery->hom
D:homes->hom
D:homese->hom
D:homi->hom
D:homia->hom
D:homian->hom
D:homic->hom
D:homical->hom
D:homicide->hom
D:homicist->hom
D:homide->hom
D:homides->hom
D:homied->hom
D:homier->hom
D:homies->hom
D:homily->hom
D:homination->hom
D:hominess->hom
D:homing->hom
D:homings->hom
D:hominism->hom
D:homis->hom
D:homishness->hom
D:homity->hom
D:homium->hom
D:homless->hom
D:homlessness->hom
D:homly->hom
D:homm->hom
D:homma->hom
D:hommae->hom
D:hommage->hom
D:hommages->hom
D:hommaging->hom
D:hommas->hom
D:hommata->hom
D:homme->hom
D:hommed->hom
D:hommeless->hom
D:hommen->hom
D:hommes->hom
D:hommi->hom
D:hommia->hom
D:hommicide->hom
D:hommies->hom
D:homming->hom
D:hommis->hom
D:hommism->hom
D:hommity->hom
D:hommization->hom
D:hommo->hom
D:hommous->hom
D:homms->hom
D:hommy->hom
D:homo->hom
D:homogen->hom
D:homous->hom
D:homs->hom
D:homum->hom
D:homward->hom
D:homy->hom
<query> what was the name of elvis presley s home</query><numhits>10</numhits><time>17266</time>
</ATIREsearch>
<ATIREsearch>
Q:nba->nb
D:nb->nb
D:nba->nb
D:nbability->nb
D:nbacity->nb
D:nbacy->nb
D:nbae->nb
D:nbaic->nb
D:nbata->nb
D:nbate->nb
D:nbates->nb
D:nbative->nb
D:nbature->nb
D:nbb->nb
D:nbba->nb
D:nbbae->nb
D:nbbas->nb
D:nbbating->nb
D:nbbe->nb
D:nbben->nb
D:nbbi->nb
D:nbbia->nb
D:nbbly->nb
D:nbbo->nb
D:nbbs->nb
D:nbby->nb
D:nbe->nb
D:nbed->nb
D:nbely->nb
D:nbery->nb
D:nbes->nb
D:nbese->nb
D:nbful->nb
D:nbhood->nb
D:nbi->nb
D:nbia->nb
D:nbial->nb
D:nbian->nb
D:nbible->nb
D:nbic->nb
D:nbics->nb
D:nbide->nb
D:nbier->nb
D:nbies->nb
D:nbine->nb
D:nbis->nb
D:nbity->nb
D:nbless->nb
D:nbo->nb
D:nbogen->nb
D:nbs->nb
Q:records->record
D:record->record
D:recorda->record
D:recordability->record
D:recordable->record
D:recordably->record
D:recordage->record
D:recordal->record
D:recordality->record
D:recordals->record
D:recordance->record
D:recordant->record
D:recordas->record
D:recordata->record
D:recordate->record
D:recordation->record
D:recordations->record
D:recordatory->record
D:recordd->record
D:recorddata->record
D:recorddate->record
D:recordde->record
D:recordded->record
D:recorddes->record
D:recordding->record
D:recorddo->record
D:recordds->record
D:recorde->record
D:recorded->record
D:recorden->record
D:recordery->record
D:recordes->record
D:recordi->record
D:recordia->record
D:recordian->record
D:recordic->record
D:recordical->record
D:recordied->record
D:recordier->record
D:recording->record
D:recordingly->record
D:recordings->record
D:recordis->record
D:recordish->record
D:recordist->record
D:recordists->record
D:recordium->record
D:recordivity->record
D:recordization->record
D:recordized->record
D:recordless->record
D:recordly->record
D:recordness->record
D:recordo->record
D:recordoid->record
D:recordous->record
D:records->record
D:recordwise->record
D:recordy->record
<query> nba records</query><numhits>10</numhits><time>1014</time>
</ATIREsearch>
<ATIREsearch>
Q:electoral->elector
D:electora->elector
D:electorae->elector
D:electoral->elector
D:electoralism->elector
D:electoralist->elector
D:electorality->elector
D:electorally->elector
D:electorals->elector
D:electoras->elector
D:electorate->elector
D:electorates->elector
D:electore->elector
D:electored->elector
D:electores->elector
D:electori->elector
D:electorial->elector
D:electorially->elector
D:electorials->elector
D:electoric->elector
D:electorical->elector
D:electoricity->elector
D:electorics->elector
D:electoris->elector
D:electorism->elector
D:electorite->elector
D:electorium->elector
D:electoro->elector
D:electors->elector
D:electorum->elector
D:electory->elector
Q:college->colleg
D:colleg->colleg
D:collega->colleg
D:collegae->colleg
D:collegal->colleg
D:collegant->colleg
D:collegas->colleg
D:collegata->colleg
D:collegate->colleg
D:collegation->colleg
D:collegative->colleg
D:college->colleg
D:colleged->colleg
D:collegen->colleg
D:collegeness->colleg
D:collegent->colleg
D:collegently->colleg
D:collegeous->colleg
D:colleges->colleg
D:collegese->colleg
D:collegg->colleg
D:collegge->colleg
D:collegges->colleg
D:collegi->colleg
D:collegia->colleg
D:collegial->colleg
D:collegiality->colleg
D:collegially->colleg
D:collegials->colleg
D:collegian->colleg
D:collegians->colleg
D:collegic->colleg
D:collegies->colleg
D:colleginess->colleg
D:colleging->colleg
D:collegional->colleg
D:collegis->colleg
D:collegistics->colleg
D:collegium->colleg
D:collego->colleg
D:collegous->colleg
D:collegs->colleg
D:collegy->colleg
Q:results->result
D:result->result
D:resulta->result
D:resultable->result
D:resultance->result
D:resultancy->result
D:resultant->result
D:resultants->result
D:resultary->result
D:resultas->result
D:resultata->result
D:resultate->result
D:resultated->result
D:resultates->result
D:resultating->result
D:resultation->result
D:resultations->result
D:resultative->result
D:resultativeness->result
D:resultatives->result
D:resulte->result
D:resulted->result
D:resultedly->result
D:resulten->result
D:resultent->result
D:resultes->result
D:resultful->result
D:resultfulness->result
D:resulti->result
D:resultic->result
D:resultics->result
D:resultied->result
D:resultination->result
D:resulting->result
D:resultingly->result
D:resultings->result
D:resultion->result
D:resultions->result
D:resultis->result
D:resultive->result
D:resultively->result
D:resultless->result
D:resultlessness->result
D:resultly->result
D:resultness->result
D:resulto->result
D:resulton->result
D:resultor->result
D:results->result
D:resultt->result
D:resulttable->result
D:resulttant->result
D:resultted->result
D:resultten->result
D:resultting->result
D:resulttive->result
D:resultto->result
D:resultts->result
D:resultty->result
D:resultwise->result
D:resulty->result
D:resultying->result
<query> electoral college 2008 results</query><numhits>10</numhits><time>2458</time>
</ATIREsearch>
<ATIREsearch>
Q:male->mal
D:mal->mal
D:mala->mal
D:malable->mal
D:malably->mal
D:malaceous->mal
D:malacious->mal
D:malacy->mal
D:malae->mal
D:malage->mal
D:malaic->mal
D:malal->mal
D:malally->mal
D:malals->mal
D:malance->mal
D:malancy->mal
D:malant->mal
D:malar->mal
D:malarial->mal
D:malaric->mal
D:malarity->mal
D:malars->mal
D:malary->mal
D:malas->mal
D:malata->mal
D:malate->mal
D:malates->mal
D:malating->mal
D:malation->mal
D:malations->mal
D:malator->mal
D:male->mal
D:maled->mal
D:maleful->mal
D:malehood->mal
D:maleless->mal
D:malely->mal
D:malen->mal
D:malene->mal
D:maleness->mal
D:malery->mal
D:males->mal
D:malese->mal
D:malful->mal
D:mali->mal
D:malia->mal
D:malial->mal
D:malian->mal
D:malians->mal
D:malible->mal
D:malic->mal
D:malicant->mal
D:malician->mal
D:malicide->mal
D:malicity->mal
D:malics->mal
D:malide->mal
D:malied->mal
D:malier->mal
D:maliers->mal
D:malies->mal
D:maline->mal
D:malines->mal
D:maliness->mal
D:maling->mal
D:malingly->mal
D:malings->mal
D:malions->mal
D:malious->mal
D:maliously->mal
D:malis->mal
D:malism->mal
D:malist->mal
D:malistic->mal
D:malists->mal
D:malite->mal
D:malities->mal
D:mality->mal
D:malium->mal
D:malive->mal
D:malization->mal
D:malize->mal
D:malized->mal
D:malizer->mal
D:mall->mal
D:malla->mal
D:mallable->mal
D:mallacious->mal
D:mallage->mal
D:mallal->mal
D:mallally->mal
D:mallant->mal
D:mallants->mal
D:mallar->mal
D:mallaroid->mal
D:mallars->mal
D:mallary->mal
D:mallas->mal
D:mallata->mal
D:mallate->mal
D:mallates->mal
D:mallation->mal
D:malle->mal
D:malleableness->mal
D:malled->mal
D:mallely->mal
D:mallement->mal
D:mallen->mal
D:mallence->mal
D:mallene->mal
D:mallent->mal
D:malleous->mal
D:mallery->mal
D:malles->mal
D:mallese->mal
D:malless->mal
D:mallful->mal
D:malli->mal
D:mallia->mal
D:mallian->mal
D:mallians->mal
D:mallic->mal
D:mallide->mal
D:mallier->mal
D:malliers->mal
D:mallies->mal
D:mallily->mal
D:malline->mal
D:mallines->mal
D:malling->mal
D:mallingly->mal
D:mallings->mal
D:mallions->mal
D:mallis->mal
D:mallish->mal
D:mallism->mal
D:mallist->mal
D:mallistic->mal
D:mallite->mal
D:mallity->mal
D:mallium->mal
D:mallization->mal
D:mallize->mal
D:mallly->mal
D:mallness->mal
D:mallo->mal
D:mallogen->mal
D:mallous->mal
D:malls->mal
D:mallum->mal
D:mallwise->mal
D:mally->mal
D:malness->mal
D:malo->mal
D:malogen->mal
D:maloid->mal
D:maloides->mal
D:malous->mal
D:mals->mal
D:malum->mal
D:malward->mal
D:maly->mal
Q:menopause->menopaus
D:menopaus->menopaus
D:menopausa->menopaus
D:menopausal->menopaus
D:menopausally->menopaus
D:menopausalness->menopaus
D:menopausals->menopaus
D:menopause->menopaus
D:menopaused->menopaus
D:menopauses->menopaus
D:menopausi->menopaus
D:menopausia->menopaus
D:menopausic->menopaus
D:menopausical->menopaus
D:menopausing->menopaus
D:menopausish->menopaus
D:menopaussi->menopaus
D:menopaussia->menopaus
<query> male menopause</query><numhits>10</numhits><time>1070</time>
</ATIREsearch>
<ATIREsearch>
Q:usda->usd
D:usd->usd
D:usda->usd
D:usdage->usd
D:usdal->usd
D:usdance->usd
D:usdancing->usd
D:usdant->usd
D:usdas->usd
D:usdata->usd
D:usdate->usd
D:usdating->usd
D:usdations->usd
D:usdd->usd
D:usdda->usd
D:usdde->usd
D:usdden->usd
D:usddenly->usd
D:usddi->usd
D:usdding->usd
D:usddings->usd
D:usdds->usd
D:usde->usd
D:usded->usd
D:usdeless->usd
D:usden->usd
D:usdental->usd
D:usdful->usd
D:usdi->usd
D:usdia->usd
D:usdial->usd
D:usdine->usd
D:usding->usd
D:usdist->usd
D:usdo->usd
D:usds->usd
D:usdy->usd
D:food->food
D:fooda->food
D:foodability->food
D:foodable->food
D:foodably->food
D:foodacity->food
D:foodae->food
D:foodage->food
D:foodages->food
D:foodal->food
D:foodaries->food
D:foodarity->food
D:foodas->food
D:foodata->food
D:foodate->food
D:foodd->food
D:foodda->food
D:fooddary->food
D:fooddata->food
D:fooddental->food
D:fooddish->food
D:fooddo->food
D:foodds->food
D:fooddy->food
D:foode->food
D:fooded->food
D:foodelity->food
D:fooden->food
D:foodening->food
D:foodery->food
D:foodes->food
D:foodful->food
D:foodhood->food
D:foodi->food
D:foodia->food
D:foodian->food
D:foodians->food
D:foodic->food
D:foodically->food
D:foodier->food
D:foodies->food
D:foodily->food
D:foodiness->food
D:fooding->food
D:foodings->food
D:foodis->food
D:foodish->food
D:foodishness->food
D:foodism->food
D:foodisms->food
D:foodist->food
D:foodists->food
D:foodite->food
D:foodities->food
D:foodity->food
D:foodivities->food
D:foodization->food
D:foodizer->food
D:foodless->food
D:foodlessness->food
D:foodlily->food
D:foodly->food
D:foodness->food
D:foodo->food
D:foods->food
D:foodward->food
D:foodwise->food
D:foody->food
D:pyramid->pyramid
D:pyramida->pyramid
D:pyramidage->pyramid
D:pyramidal->pyramid
D:pyramidalism->pyramid
D:pyramidalist->pyramid
D:pyramidality->pyramid
D:pyramidally->pyramid
D:pyramidals->pyramid
D:pyramidas->pyramid
D:pyramidata->pyramid
D:pyramidd->pyramid
D:pyramidded->pyramid
D:pyramiddental->pyramid
D:pyramiddy->pyramid
D:pyramided->pyramid
D:pyramiden->pyramid
D:pyramidene->pyramid
D:pyramident->pyramid
D:pyramidi->pyramid
D:pyramidia->pyramid
D:pyramidial->pyramid
D:pyramidian->pyramid
D:pyramidic->pyramid
D:pyramidical->pyramid
D:pyramidically->pyramid
D:pyramidiers->pyramid
D:pyramidines->pyramid
D:pyramiding->pyramid
D:pyramidings->pyramid
D:pyramidion->pyramid
D:pyramidions->pyramid
D:pyramidis->pyramid
D:pyramidish->pyramid
D:pyramidism->pyramid
D:pyramidium->pyramid
D:pyramidization->pyramid
D:pyramidize->pyramid
D:pyramidized->pyramid
D:pyramido->pyramid
D:pyramidoid->pyramid
D:pyramidoides->pyramid
D:pyramids->pyramid
D:pyramidwise->pyramid
D:pyramidy->pyramid
<query> usda food pyramid</query><numhits>10</numhits><time>1212</time>
</ATIREsearch>
<ATIREsearch>
Q:making->mak
D:mak->mak
D:maka->mak
D:makability->mak
D:makable->mak
D:makae->mak
D:makage->mak
D:makal->mak
D:makally->mak
D:makant->mak
D:makaric->mak
D:makaries->mak
D:makarize->mak
D:makary->mak
D:makas->mak
D:makata->mak
D:makate->mak
D:makating->mak
D:makature->mak
D:make->mak
D:maked->mak
D:makedly->mak
D:makeity->mak
D:makeless->mak
D:makely->mak
D:maken->mak
D:makence->mak
D:makene->mak
D:makeness->mak
D:makening->mak
D:makenly->mak
D:makery->mak
D:makes->mak
D:makese->mak
D:makfully->mak
D:maki->mak
D:makia->mak
D:makian->mak
D:makible->mak
D:makic->mak
D:makide->mak
D:makier->mak
D:makiers->mak
D:makies->mak
D:makily->mak
D:makine->mak
D:makines->mak
D:makiness->mak
D:making->mak
D:makingly->mak
D:makingness->mak
D:makings->mak
D:makion->mak
D:makis->mak
D:makism->mak
D:makisms->mak
D:makist->mak
D:makistic->mak
D:makity->mak
D:makium->mak
D:makly->mak
D:mako->mak
D:makogen->mak
D:makoid->mak
D:makous->mak
D:maks->mak
D:makward->mak
D:maky->mak
D:makying->mak
Q:chicken->chick
D:chick->chick
D:chicka->chick
D:chickable->chick
D:chickage->chick
D:chickal->chick
D:chickalistic->chick
D:chickas->chick
D:chickator->chick
D:chicke->chick
D:chicked->chick
D:chicken->chick
D:chickene->chick
D:chickened->chick
D:chickeness->chick
D:chickening->chick
D:chickenly->chick
D:chickent->chick
D:chickery->chick
D:chickes->chick
D:chickhood->chick
D:chicki->chick
D:chickied->chick
D:chickies->chick
D:chickine->chick
D:chicking->chick
D:chickings->chick
D:chickis->chick
D:chickish->chick
D:chickism->chick
D:chickity->chick
D:chickless->chick
D:chicklessness->chick
D:chickly->chick
D:chickness->chick
D:chicko->chick
D:chicks->chick
D:chickward->chick
D:chicky->chick
D:soup->soup
D:soupa->soup
D:soupage->soup
D:soupant->soup
D:soupas->soup
D:soupata->soup
D:soupe->soup
D:souped->soup
D:soupen->soup
D:soupene->soup
D:soupent->soup
D:soupery->soup
D:soupes->soup
D:soupese->soup
D:soupful->soup
D:souphood->soup
D:soupi->soup
D:soupia->soup
D:soupians->soup
D:soupic->soup
D:soupicide->soup
D:soupier->soup
D:soupiers->soup
D:soupies->soup
D:soupily->soup
D:soupiness->soup
D:souping->soup
D:soupions->soup
D:soupis->soup
D:soupish->soup
D:soupist->soup
D:soupity->soup
D:soupless->soup
D:souply->soup
D:soupness->soup
D:soupo->soup
D:soupous->soup
D:soupp->soup
D:souppa->soup
D:souppas->soup
D:souppe->soup
D:soupped->soup
D:souppes->soup
D:souppi->soup
D:soupping->soup
D:souppity->soup
D:soupply->soup
D:soupps->soup
D:souppy->soup
D:soups->soup
D:soupwise->soup
D:soupy->soup
D:from->from
D:froma->from
D:fromable->from
D:fromae->from
D:fromage->from
D:fromages->from
D:fromal->from
D:fromalism->from
D:fromalist->from
D:fromalities->from
D:fromally->from
D:fromance->from
D:fromancing->from
D:fromant->from
D:fromantic->from
D:fromary->from
D:fromas->from
D:fromate->from
D:fromated->from
D:fromatic->from
D:fromation->from
D:fromational->from
D:fromations->from
D:fromative->from
D:fromator->from
D:frome->from
D:fromed->from
D:fromen->from
D:froment->from
D:fromental->from
D:fromes->from
D:fromi->from
D:fromia->from
D:fromian->from
D:fromic->from
D:froming->from
D:fromings->from
D:fromion->from
D:fromions->from
D:fromis->from
D:fromish->from
D:fromists->from
D:fromity->from
D:fromless->from
D:fromly->from
D:fromm->from
D:fromma->from
D:frommacy->from
D:frommage->from
D:frommaging->from
D:frommary->from
D:frommata->from
D:frommator->from
D:fromme->from
D:frommen->from
D:fromment->from
D:frommental->from
D:frommes->from
D:frommi->from
D:fromming->from
D:frommis->from
D:frommo->from
D:fromms->from
D:frommy->from
D:fromo->from
D:fromoid->from
D:froms->from
D:fromum->from
D:fromward->from
D:fromy->from
D:scratch->scratch
D:scratcha->scratch
D:scratchability->scratch
D:scratchable->scratch
D:scratchant->scratch
D:scratchator->scratch
D:scratchatory->scratch
D:scratche->scratch
D:scratched->scratch
D:scratchen->scratch
D:scratchening->scratch
D:scratchery->scratch
D:scratches->scratch
D:scratchese->scratch
D:scratchi->scratch
D:scratchide->scratch
D:scratchier->scratch
D:scratchies->scratch
D:scratchily->scratch
D:scratchiness->scratch
D:scratching->scratch
D:scratchingly->scratch
D:scratchings->scratch
D:scratchis->scratch
D:scratchism->scratch
D:scratchity->scratch
D:scratchless->scratch
D:scratchlessness->scratch
D:scratchness->scratch
D:scratchnesses->scratch
D:scratcho->scratch
D:scratchs->scratch
D:scratchy->scratch
<query> making chicken soup from scratch</query><numhits>10</numhits><time>4760</time>
</ATIREsearch>
<ATIREsearch>
D:black->black
D:blacka->black
D:blackability->black
D:blackable->black
D:blackacious->black
D:blackae->black
D:blackage->black
D:blackages->black
D:blackal->black
D:blackally->black
D:blackant->black
D:blackants->black
D:blackaries->black
D:blackas->black
D:blackate->black
D:blackating->black
D:blackator->black
D:blacke->black
D:blacked->black
D:blackely->black
D:blacken->black
D:blackene->black
D:blackened->black
D:blackeness->black
D:blackening->black
D:blackenly->black
D:blackent->black
D:blackery->black
D:blackes->black
D:blackful->black
D:blackfully->black
D:blackhood->black
D:blacki->black
D:blackia->black
D:blackian->black
D:blackic->black
D:blackied->black
D:blackier->black
D:blackies->black
D:blackine->black
D:blackines->black
D:blackiness->black
D:blacking->black
D:blackingly->black
D:blackings->black
D:blackion->black
D:blackis->black
D:blackish->black
D:blackishness->black
D:blackism->black
D:blackisms->black
D:blackist->black
D:blackists->black
D:blackity->black
D:blackize->black
D:blackless->black
D:blacklily->black
D:blackly->black
D:blackness->black
D:blacknesses->black
D:blacko->black
D:blackous->black
D:blacks->black
D:blackward->black
D:blackwise->black
D:blacky->black
D:and->and
D:anda->and
D:andability->and
D:andable->and
D:andacious->and
D:andacity->and
D:andae->and
D:andage->and
D:andages->and
D:andal->and
D:andalism->and
D:andalize->and
D:andally->and
D:andals->and
D:andance->and
D:andanced->and
D:andant->and
D:andants->and
D:andarial->and
D:andaries->and
D:andarization->and
D:andary->and
D:andas->and
D:andata->and
D:andatable->and
D:andate->and
D:andated->and
D:andates->and
D:andating->and
D:andative->and
D:andatory->and
D:andature->and
D:andd->and
D:andda->and
D:anddal->and
D:anddance->and
D:anddanced->and
D:anddancing->and
D:anddata->and
D:anddate->and
D:anddated->and
D:anddates->and
D:anddating->and
D:andde->and
D:andded->and
D:andden->and
D:anddent->and
D:anddental->and
D:anddes->and
D:anddi->and
D:anddia->and
D:anddials->and
D:anddied->and
D:anddies->and
D:anddine->and
D:andding->and
D:anddis->and
D:anddished->and
D:anddo->and
D:anddoid->and
D:andds->and
D:anddy->and
D:anddying->and
D:ande->and
D:anded->and
D:andedly->and
D:andeity->and
D:andely->and
D:andement->and
D:anden->and
D:andene->and
D:andery->and
D:andes->and
D:andese->and
D:andful->and
D:andfully->and
D:andhood->and
D:andi->and
D:andia->and
D:andial->and
D:andian->and
D:andians->and
D:andible->and
D:andic->and
D:andical->and
D:andics->and
D:andide->and
D:andied->and
D:andier->and
D:andies->and
D:andily->and
D:andine->and
D:andines->and
D:andiness->and
D:anding->and
D:andings->and
D:andinism->and
D:andion->and
D:andis->and
D:andist->and
D:andite->and
D:andities->and
D:andity->and
D:andium->and
D:andive->and
D:andize->and
D:andized->and
D:andizing->and
D:andless->and
D:andly->and
D:andness->and
D:ando->and
D:andogen->and
D:andoid->and
D:andoides->and
D:andous->and
D:ands->and
D:andward->and
D:andwise->and
D:andy->and
D:andyish->and
D:gold->gold
D:golda->gold
D:goldage->gold
D:goldal->gold
D:goldance->gold
D:goldaries->gold
D:goldary->gold
D:goldas->gold
D:goldata->gold
D:goldate->gold
D:goldation->gold
D:goldd->gold
D:goldde->gold
D:goldden->gold
D:golddi->gold
D:golddial->gold
D:goldding->gold
D:golddish->gold
D:golddo->gold
D:golddy->gold
D:golde->gold
D:golded->gold
D:golden->gold
D:goldency->gold
D:goldene->gold
D:goldened->gold
D:goldeness->gold
D:goldening->gold
D:goldenly->gold
D:goldent->gold
D:goldental->gold
D:goldes->gold
D:goldese->gold
D:goldful->gold
D:goldi->gold
D:goldia->gold
D:goldian->gold
D:goldic->gold
D:goldier->gold
D:goldiers->gold
D:goldies->gold
D:goldine->gold
D:goldiness->gold
D:golding->gold
D:goldings->gold
D:goldion->gold
D:goldious->gold
D:goldis->gold
D:goldisation->gold
D:goldish->gold
D:goldism->gold
D:goldisms->gold
D:goldist->gold
D:goldite->gold
D:goldium->gold
D:goldization->gold
D:goldized->gold
D:goldless->gold
D:goldlessness->gold
D:goldlily->gold
D:goldly->gold
D:goldness->gold
D:goldo->gold
D:golds->gold
D:goldward->gold
D:goldwise->gold
D:goldy->gold
D:goldying->gold
D:goldyish->gold
<query> black and gold</query><numhits>10</numhits><time>4949</time>
</ATIREsearch>
<ATIREsearch>
Q:traverse->travers
D:traversa->travers
D:traversability->travers
D:traversable->travers
D:traversal->travers
D:traversally->travers
D:traversals->travers
D:traversant->travers
D:traversary->travers
D:traversata->travers
D:traversate->travers
D:traverse->travers
D:traversed->travers
D:traversely->travers
D:traversement->travers
D:traversen->travers
D:traversent->travers
D:traverses->travers
D:traversi->travers
D:traversia->travers
D:traversian->travers
D:traversibility->travers
D:traversible->travers
D:traversier->travers
D:traversiers->travers
D:traversine->travers
D:traversing->travers
D:traversings->travers
D:traversion->travers
D:traversity->travers
D:traverso->travers
D:traversor->travers
D:traverss->travers
D:traversse->travers
D:traversses->travers
D:traverssing->travers
D:traversy->travers
D:travert->travers
D:traverten->travers
D:travertene->travers
D:traverti->travers
D:travertine->travers
D:travertines->travers
D:traverting->travers
D:travertite->travers
D:travertive->travers
D:traverton->travers
D:traverttine->travers
Q:city->cit
D:cit->cit
D:cita->cit
D:citability->cit
D:citable->cit
D:citacity->cit
D:citae->cit
D:citage->cit
D:cital->cit
D:citally->cit
D:citals->cit
D:citance->cit
D:citant->cit
D:citary->cit
D:citas->cit
D:citata->cit
D:citate->cit
D:citated->cit
D:citates->cit
D:citating->cit
D:citation->cit
D:citational->cit
D:citationally->cit
D:citations->cit
D:citator->cit
D:citators->cit
D:citatory->cit
D:cite->cit
D:cited->cit
D:citedly->cit
D:citeful->cit
D:citement->cit
D:citen->cit
D:citery->cit
D:cites->cit
D:citese->cit
D:citi->cit
D:citia->cit
D:citially->cit
D:citian->cit
D:citians->cit
D:citic->cit
D:citical->cit
D:citically->cit
D:citicide->cit
D:citicism->cit
D:citics->cit
D:citidine->cit
D:citied->cit
D:citier->cit
D:citiers->cit
D:cities->cit
D:citihood->cit
D:citily->cit
D:citine->cit
D:citines->cit
D:citiness->cit
D:citing->cit
D:citingly->cit
D:citings->cit
D:cition->cit
D:citions->cit
D:citious->cit
D:citis->cit
D:citism->cit
D:citist->cit
D:citite->cit
D:citities->cit
D:citium->cit
D:citive->cit
D:citize->cit
D:citized->cit
D:citizer->cit
D:citizers->cit
D:citizing->cit
D:citly->cit
D:citness->cit
D:cito->cit
D:citogen->cit
D:citon->cit
D:citor->cit
D:citous->cit
D:cits->cit
D:citt->cit
D:citta->cit
D:cittae->cit
D:cittage->cit
D:cittas->cit
D:cittata->cit
D:cittate->cit
D:cittating->cit
D:citte->cit
D:citted->cit
D:citten->cit
D:cittes->cit
D:citti->cit
D:cittia->cit
D:citticism->cit
D:cittier->cit
D:citties->cit
D:cittine->cit
D:citting->cit
D:cittion->cit
D:cittis->cit
D:cittium->cit
D:citto->cit
D:citts->cit
D:citty->cit
D:city->cit
D:citying->cit
D:cityish->cit
<query> traverse city</query><numhits>10</numhits><time>1277</time>
</ATIREsearch>
<ATIREsearch>
D:i->i
Q:will->wil
D:wil->wil
D:wila->wil
D:wilacy->wil
D:wilal->wil
D:wilant->wil
D:wilar->wil
D:wilaric->wil
D:wilars->wil
D:wilary->wil
D:wilas->wil
D:wilata->wil
D:wilate->wil
D:wile->wil
D:wiled->wil
D:wiledly->wil
D:wileful->wil
D:wileless->wil
D:wilely->wil
D:wilen->wil
D:wilence->wil
D:wilene->wil
D:wilery->wil
D:wiles->wil
D:wilese->wil
D:wilful->wil
D:wilfully->wil
D:wilfulness->wil
D:wili->wil
D:wilia->wil
D:wilian->wil
D:wilians->wil
D:wilic->wil
D:wilide->wil
D:wilier->wil
D:wilies->wil
D:wiline->wil
D:wilines->wil
D:wiliness->wil
D:wiling->wil
D:wilingly->wil
D:wilingness->wil
D:wilis->wil
D:wilisms->wil
D:wilist->wil
D:wilists->wil
D:wilium->wil
D:wilive->wil
D:will->wil
D:willa->wil
D:willable->wil
D:willacy->wil
D:willae->wil
D:willage->wil
D:willages->wil
D:willal->wil
D:willance->wil
D:willant->wil
D:willar->wil
D:willars->wil
D:willary->wil
D:willas->wil
D:willation->wil
D:wille->wil
D:willed->wil
D:willeful->wil
D:willement->wil
D:willen->wil
D:willence->wil
D:willency->wil
D:willene->wil
D:willened->wil
D:willent->wil
D:willery->wil
D:willes->wil
D:willess->wil
D:willessness->wil
D:willful->wil
D:willfully->wil
D:willfulness->wil
D:willhood->wil
D:willi->wil
D:willia->wil
D:willial->wil
D:willian->wil
D:willians->wil
D:willic->wil
D:willicism->wil
D:willics->wil
D:willide->wil
D:willied->wil
D:willier->wil
D:williers->wil
D:willies->wil
D:williful->wil
D:willine->wil
D:williness->wil
D:willing->wil
D:willingly->wil
D:willingness->wil
D:willings->wil
D:willions->wil
D:willious->wil
D:willis->wil
D:willish->wil
D:willism->wil
D:willisms->wil
D:willist->wil
D:willists->wil
D:willite->wil
D:willity->wil
D:willium->wil
D:willive->wil
D:willless->wil
D:willly->wil
D:willness->wil
D:willo->wil
D:willous->wil
D:wills->wil
D:willum->wil
D:willward->wil
D:willwise->wil
D:willy->wil
D:willying->wil
D:wilness->wil
D:wilo->wil
D:wiloid->wil
D:wilous->wil
D:wils->wil
D:wilum->wil
D:wilward->wil
D:wily->wil
Q:survive->surv
D:surv->surv
D:surva->surv
D:survability->surv
D:survage->surv
D:surval->surv
D:survalism->surv
D:survance->surv
D:survant->surv
D:survants->surv
D:survas->surv
D:survation->surv
D:survator->surv
D:surve->surv
D:surved->surv
D:survely->surv
D:surven->surv
D:survene->surv
D:survened->surv
D:survening->surv
D:survent->surv
D:survery->surv
D:surves->surv
D:survi->surv
D:survia->surv
D:survial->surv
D:survialist->surv
D:survibility->surv
D:survical->surv
D:survide->surv
D:survied->surv
D:survier->surv
D:surviers->surv
D:survies->surv
D:survine->surv
D:surving->surv
D:survings->surv
D:survion->surv
D:survis->surv
D:survive->surv
D:survo->surv
D:survs->surv
D:survy->surv
D:survying->surv
Q:lyrics->lyr
D:lyr->lyr
D:lyra->lyr
D:lyrae->lyr
D:lyral->lyr
D:lyrarity->lyr
D:lyras->lyr
D:lyrata->lyr
D:lyrate->lyr
D:lyrated->lyr
D:lyrately->lyr
D:lyre->lyr
D:lyred->lyr
D:lyrehood->lyr
D:lyreless->lyr
D:lyren->lyr
D:lyrene->lyr
D:lyres->lyr
D:lyri->lyr
D:lyria->lyr
D:lyrial->lyr
D:lyrian->lyr
D:lyrians->lyr
D:lyric->lyr
D:lyrical->lyr
D:lyricalist->lyr
D:lyricality->lyr
D:lyrically->lyr
D:lyricalness->lyr
D:lyricide->lyr
D:lyricism->lyr
D:lyricist->lyr
D:lyricists->lyr
D:lyricity->lyr
D:lyrics->lyr
D:lyrides->lyr
D:lyries->lyr
D:lyring->lyr
D:lyrings->lyr
D:lyrion->lyr
D:lyris->lyr
D:lyrism->lyr
D:lyrist->lyr
D:lyrists->lyr
D:lyrity->lyr
D:lyrium->lyr
D:lyrize->lyr
D:lyrly->lyr
D:lyro->lyr
D:lyrone->lyr
D:lyrr->lyr
D:lyrra->lyr
D:lyrratic->lyr
D:lyrre->lyr
D:lyrric->lyr
D:lyrrics->lyr
D:lyrs->lyr
D:lyrum->lyr
D:lyry->lyr
<query> i will survive lyrics</query><numhits>10</numhits><time>4384</time>
</ATIREsearch>
<ATIREsearch>
Q:hawaiian->hawai
D:hawaie->hawai
D:hawaien->hawai
D:hawaii->hawai
D:hawaiia->hawai
D:hawaiial->hawai
D:hawaiian->hawai
D:hawaiians->hawai
D:hawaiic->hawai
D:hawaiicity->hawai
D:hawaiination->hawai
D:hawaiion->hawai
D:hawaiis->hawai
D:hawaiish->hawai
D:hawaio->hawai
D:hawaiy->hawai
Q:volcano->volcan
D:volcan->volcan
D:volcana->volcan
D:volcanae->volcan
D:volcanage->volcan
D:volcanal->volcan
D:volcane->volcan
D:volcanen->volcan
D:volcanes->volcan
D:volcani->volcan
D:volcania->volcan
D:volcanian->volcan
D:volcanic->volcan
D:volcanical->volcan
D:volcanically->volcan
D:volcanicism->volcan
D:volcanicity->volcan
D:volcanics->volcan
D:volcanide->volcan
D:volcanier->volcan
D:volcaning->volcan
D:volcanis->volcan
D:volcanism->volcan
D:volcanisms->volcan
D:volcanist->volcan
D:volcanity->volcan
D:volcanium->volcan
D:volcanization->volcan
D:volcanize->volcan
D:volcanized->volcan
D:volcanizing->volcan
D:volcann->volcan
D:volcannic->volcan
D:volcano->volcan
D:volcanoid->volcan
D:volcanous->volcan
D:volcans->volcan
D:volcanum->volcan
D:volcany->volcan
Q:observatories->observator
D:observatoral->observator
D:observatoratory->observator
D:observatore->observator
D:observatores->observator
D:observatori->observator
D:observatoria->observator
D:observatorial->observator
D:observatories->observator
D:observatoris->observator
D:observatorium->observator
D:observatoro->observator
D:observatorum->observator
<query> hawaiian volcano observatories</query><numhits>10</numhits><time>1016</time>
</ATIREsearch>
<ATIREsearch>
D:beef->beef
D:beefa->beef
D:beefage->beef
D:beefal->beef
D:beefancy->beef
D:beefe->beef
D:beefed->beef
D:beefen->beef
D:beefening->beef
D:beefery->beef
D:beefi->beef
D:beefical->beef
D:beefier->beef
D:beefies->beef
D:beefily->beef
D:beefine->beef
D:beefiness->beef
D:beefing->beef
D:beefingly->beef
D:beefis->beef
D:beefish->beef
D:beefism->beef
D:beefist->beef
D:beefity->beef
D:beefive->beef
D:beefless->beef
D:beefly->beef
D:beefness->beef
D:beefo->beef
D:beefs->beef
D:beefy->beef
D:beefyish->beef
D:stroganoff->stroganoff
D:stroganoffed->stroganoff
D:stroganoffians->stroganoff
D:stroganoffs->stroganoff
D:stroganoffy->stroganoff
Q:recipe->recip
D:recip->recip
D:recipa->recip
D:recipae->recip
D:recipage->recip
D:recipages->recip
D:recipal->recip
D:recipals->recip
D:recipants->recip
D:recipas->recip
D:recipator->recip
D:recipe->recip
D:reciped->recip
D:recipeless->recip
D:recipely->recip
D:recipen->recip
D:recipent->recip
D:recipes->recip
D:recipese->recip
D:recipi->recip
D:recipical->recip
D:recipicant->recip
D:recipics->recip
D:recipied->recip
D:recipies->recip
D:reciping->recip
D:recipis->recip
D:recipo->recip
D:recipp->recip
D:recippe->recip
D:recippes->recip
D:recips->recip
D:recipy->recip
<query> beef stroganoff recipe</query><numhits>10</numhits><time>1283</time>
</ATIREsearch>
<ATIREsearch>
D:world->world
D:worlda->world
D:worldage->world
D:worldal->world
D:worldance->world
D:worldas->world
D:worldata->world
D:worldating->world
D:worldation->world
D:worldd->world
D:worlddance->world
D:worlddata->world
D:worlddate->world
D:worlddates->world
D:worldde->world
D:worlddental->world
D:worlddial->world
D:worlddies->world
D:worlddist->world
D:worlddive->world
D:worlddo->world
D:worldds->world
D:worlde->world
D:worlded->world
D:worldely->world
D:worlden->world
D:worldent->world
D:worldental->world
D:worldery->world
D:worldes->world
D:worldese->world
D:worldful->world
D:worldhood->world
D:worldi->world
D:worldia->world
D:worldian->world
D:worldians->world
D:worldide->world
D:worldides->world
D:worldies->world
D:worldine->world
D:worldines->world
D:worldiness->world
D:worlding->world
D:worldings->world
D:worldis->world
D:worldisation->world
D:worldish->world
D:worldism->world
D:worldisms->world
D:worldist->world
D:worldists->world
D:worldity->world
D:worldive->world
D:worldization->world
D:worldized->world
D:worldizing->world
D:worldless->world
D:worldlessly->world
D:worldlessness->world
D:worldlily->world
D:worldly->world
D:worldness->world
D:worldo->world
D:worlds->world
D:worldward->world
D:worldwise->world
D:worldy->world
D:s->s
D:biggest->biggest
D:biggesta->biggest
D:biggestal->biggest
D:biggested->biggest
D:biggesten->biggest
D:biggesting->biggest
D:biggestly->biggest
D:biggestness->biggest
D:biggesto->biggest
D:biggeston->biggest
D:biggests->biggest
D:biggestt->biggest
D:biggesty->biggest
D:dog->dog
D:doga->dog
D:dogability->dog
D:dogable->dog
D:dogably->dog
D:dogae->dog
D:dogage->dog
D:dogal->dog
D:dogality->dog
D:dogary->dog
D:dogas->dog
D:dogate->dog
D:dogated->dog
D:doge->dog
D:doged->dog
D:dogeless->dog
D:dogen->dog
D:dogery->dog
D:doges->dog
D:dogful->dog
D:dogg->dog
D:dogga->dog
D:doggable->dog
D:doggage->dog
D:doggal->dog
D:doggas->dog
D:doggate->dog
D:doggates->dog
D:dogge->dog
D:dogged->dog
D:doggedly->dog
D:doggement->dog
D:doggen->dog
D:doggent->dog
D:doggery->dog
D:dogges->dog
D:doggi->dog
D:doggian->dog
D:doggied->dog
D:doggier->dog
D:doggies->dog
D:doggily->dog
D:doggination->dog
D:doggines->dog
D:dogginess->dog
D:dogging->dog
D:doggingly->dog
D:doggis->dog
D:doggish->dog
D:doggishness->dog
D:doggism->dog
D:doggist->dog
D:doggity->dog
D:doggize->dog
D:doggless->dog
D:doggly->dog
D:doggness->dog
D:doggo->dog
D:doggs->dog
D:doggy->dog
D:doggying->dog
D:doggyish->dog
D:doghood->dog
D:dogi->dog
D:dogia->dog
D:dogic->dog
D:dogicide->dog
D:dogier->dog
D:dogies->dog
D:dogines->dog
D:doginess->dog
D:doging->dog
D:dogion->dog
D:dogions->dog
D:dogious->dog
D:dogis->dog
D:dogism->dog
D:dogisms->dog
D:dogist->dog
D:dogists->dog
D:dogity->dog
D:dogium->dog
D:dogive->dog
D:dogless->dog
D:dogly->dog
D:dogness->dog
D:dogo->dog
D:dogoid->dog
D:dogs->dog
D:dogward->dog
D:dogwise->dog
D:dogy->dog
<query> world s biggest dog</query><numhits>10</numhits><time>4359</time>
</ATIREsearch>
<ATIREsearch>
D:what->what
D:whatability->what
D:whatacity->what
D:whatage->what
D:whatal->what
D:whatas->what
D:whatata->what
D:whatating->what
D:whaten->what
D:whati->what
D:whatia->what
D:whaticant->what
D:whatide->what
D:whaties->what
D:whatings->what
D:whatis->what
D:whatish->what
D:whatism->what
D:whatisms->what
D:whatist->what
D:whatless->what
D:whatly->what
D:whatness->what
D:whatnesses->what
D:whato->what
D:whaton->what
D:whats->what
D:whatt->what
D:whatta->what
D:whattable->what
D:whattae->what
D:whattage->what
D:whatte->what
D:whatted->what
D:whattely->what
D:whatten->what
D:whattery->what
D:whatti->what
D:whattia->what
D:whatting->what
D:whatto->what
D:whatts->what
D:whatty->what
D:whaty->what
Q:are->ar
D:ar->ar
D:ara->ar
D:arability->ar
D:arable->ar
D:arably->ar
D:araceous->ar
D:aracy->ar
D:arae->ar
D:araic->ar
D:araric->ar
D:arata->ar
D:arate->ar
D:arated->ar
D:arately->ar
D:arates->ar
D:arating->ar
D:arative->ar
D:aratively->ar
D:aratives->ar
D:arator->ar
D:arators->ar
D:aratory->ar
D:are->ar
D:areature->ar
D:ared->ar
D:areful->ar
D:arefully->ar
D:arehood->ar
D:areity->ar
D:areless->ar
D:arely->ar
D:arement->ar
D:arence->ar
D:arences->ar
D:arencies->ar
D:arency->ar
D:arene->ar
D:areness->ar
D:arening->ar
D:arental->ar
D:arently->ar
D:areous->ar
D:arery->ar
D:ares->ar
D:arese->ar
D:arful->ar
D:arfully->ar
D:ari->ar
D:aria->ar
D:arial->ar
D:arialist->ar
D:arialize->ar
D:arially->ar
D:arials->ar
D:arian->ar
D:arians->ar
D:arible->ar
D:aric->ar
D:arical->ar
D:arician->ar
D:aricians->ar
D:aricism->ar
D:arics->ar
D:aride->ar
D:arides->ar
D:aridine->ar
D:aried->ar
D:arier->ar
D:aries->ar
D:ariful->ar
D:arihood->ar
D:arily->ar
D:arinate->ar
D:arine->ar
D:arines->ar
D:ariness->ar
D:arional->ar
D:arious->ar
D:ariously->ar
D:aris->ar
D:arisation->ar
D:arist->ar
D:aristic->ar
D:aristically->ar
D:arists->ar
D:arities->ar
D:arity->ar
D:arium->ar
D:arive->ar
D:arless->ar
D:arness->ar
D:arnesses->ar
D:aro->ar
D:arogen->ar
D:aroid->ar
D:aroides->ar
D:arone->ar
D:arous->ar
D:arr->ar
D:arra->ar
D:arrability->ar
D:arrable->ar
D:arrably->ar
D:arrae->ar
D:arrage->ar
D:arrages->ar
D:arraging->ar
D:arraic->ar
D:arral->ar
D:arralist->ar
D:arrals->ar
D:arrance->ar
D:arrances->ar
D:arrancy->ar
D:arrant->ar
D:arrants->ar
D:arrary->ar
D:arras->ar
D:arrata->ar
D:arrate->ar
D:arrated->ar
D:arrates->ar
D:arratic->ar
D:arrating->ar
D:arration->ar
D:arrative->ar
D:arratives->ar
D:arrator->ar
D:arrators->ar
D:arre->ar
D:arred->ar
D:arredly->ar
D:arrely->ar
D:arren->ar
D:arrence->ar
D:arrene->ar
D:arrental->ar
D:arrentation->ar
D:arres->ar
D:arrese->ar
D:arri->ar
D:arria->ar
D:arrial->ar
D:arrials->ar
D:arrian->ar
D:arrians->ar
D:arrible->ar
D:arribly->ar
D:arric->ar
D:arrical->ar
D:arrician->ar
D:arrics->ar
D:arride->ar
D:arrides->ar
D:arried->ar
D:arrier->ar
D:arriers->ar
D:arries->ar
D:arrine->ar
D:arriness->ar
D:arring->ar
D:arrings->ar
D:arrion->ar
D:arris->ar
D:arristic->ar
D:arrity->ar
D:arrium->ar
D:arrive->ar
D:arrively->ar
D:arrivity->ar
D:arrizing->ar
D:arrly->ar
D:arrness->ar
D:arro->ar
D:arrogen->ar
D:arrone->ar
D:arrous->ar
D:arrs->ar
D:arrum->ar
D:arry->ar
D:arrying->ar
D:arryl->ar
D:ars->ar
D:arum->ar
D:arward->ar
D:arwise->ar
D:aryl->ar
Q:the->th
D:th->th
D:tha->th
D:thable->th
D:thably->th
D:thacity->th
D:thacy->th
D:thae->th
D:thaic->th
D:thaical->th
D:thalist->th
D:thality->th
D:tharic->th
D:tharies->th
D:thata->th
D:thatable->th
D:thate->th
D:thated->th
D:thates->th
D:thating->th
D:thative->th
D:thator->th
D:thature->th
D:the->th
D:theature->th
D:thed->th
D:thedly->th
D:theful->th
D:thefully->th
D:thehood->th
D:theity->th
D:theless->th
D:thelity->th
D:thely->th
D:thement->th
D:thence->th
D:thency->th
D:thene->th
D:thened->th
D:theness->th
D:thening->th
D:thenly->th
D:thental->th
D:theous->th
D:thery->th
D:thes->th
D:these->th
D:thful->th
D:thfully->th
D:thi->th
D:thia->th
D:thial->th
D:thian->th
D:thians->th
D:thible->th
D:thic->th
D:thical->th
D:thically->th
D:thician->th
D:thicians->th
D:thics->th
D:thide->th
D:thides->th
D:thied->th
D:thier->th
D:thiers->th
D:thies->th
D:thily->th
D:thination->th
D:thine->th
D:thines->th
D:thiness->th
D:thingness->th
D:thinism->th
D:thional->th
D:thious->th
D:this->th
D:thist->th
D:thistic->th
D:thists->th
D:thite->th
D:thities->th
D:thity->th
D:thium->th
D:thive->th
D:thively->th
D:thless->th
D:thlessly->th
D:tho->th
D:thogen->th
D:thoid->th
D:thoides->th
D:thous->th
D:thously->th
D:ths->th
D:thward->th
Q:seven->sev
D:sev->sev
D:seva->sev
D:sevage->sev
D:seval->sev
D:sevals->sev
D:sevant->sev
D:sevants->sev
D:sevaric->sev
D:sevarity->sev
D:sevary->sev
D:sevas->sev
D:sevata->sev
D:sevate->sev
D:sevators->sev
D:seve->sev
D:seved->sev
D:seveity->sev
D:seveless->sev
D:sevely->sev
D:seven->sev
D:sevence->sev
D:sevene->sev
D:sevened->sev
D:sevening->sev
D:sevenly->sev
D:seventation->sev
D:sevently->sev
D:severy->sev
D:seves->sev
D:sevese->sev
D:sevi->sev
D:sevia->sev
D:sevial->sev
D:sevian->sev
D:sevians->sev
D:sevic->sev
D:sevide->sev
D:sevier->sev
D:seviers->sev
D:sevies->sev
D:sevily->sev
D:sevine->sev
D:sevines->sev
D:sevingly->sev
D:sevion->sev
D:sevious->sev
D:seviously->sev
D:sevis->sev
D:sevive->sev
D:sevlily->sev
D:sevo->sev
D:sevoid->sev
D:sevs->sev
D:sevy->sev
Q:deadly->dead
D:dead->dead
D:deada->dead
D:deadae->dead
D:deadage->dead
D:deadal->dead
D:deadalist->dead
D:deadally->dead
D:deadance->dead
D:deadant->dead
D:deadants->dead
D:deadas->dead
D:deadd->dead
D:deaddancing->dead
D:deaddate->dead
D:deadde->dead
D:deadden->dead
D:deaddi->dead
D:deaddies->dead
D:deadding->dead
D:deaddis->dead
D:deaddly->dead
D:deaddo->dead
D:deaddy->dead
D:deade->dead
D:deaded->dead
D:deadely->dead
D:deaden->dead
D:deadened->dead
D:deadening->dead
D:deadenly->dead
D:deadery->dead
D:deades->dead
D:deadful->dead
D:deadfully->dead
D:deadfulness->dead
D:deadhood->dead
D:deadi->dead
D:deadia->dead
D:deadian->dead
D:deadier->dead
D:deadies->dead
D:deadily->dead
D:deadine->dead
D:deadines->dead
D:deading->dead
D:deadingly->dead
D:deadings->dead
D:deadis->dead
D:deadish->dead
D:deadism->dead
D:deadist->dead
D:deadists->dead
D:deadite->dead
D:deadity->dead
D:deadless->dead
D:deadlily->dead
D:deadly->dead
D:deadness->dead
D:deadnesses->dead
D:deado->dead
D:deads->dead
D:deadward->dead
D:deady->dead
D:deadying->dead
Q:sins->sin
D:sin->sin
D:sina->sin
D:sinability->sin
D:sinable->sin
D:sinacies->sin
D:sinacity->sin
D:sinae->sin
D:sinage->sin
D:sinages->sin
D:sinaic->sin
D:sinal->sin
D:sinality->sin
D:sinally->sin
D:sinals->sin
D:sinanced->sin
D:sinancial->sin
D:sinant->sin
D:sinants->sin
D:sinary->sin
D:sinas->sin
D:sinata->sin
D:sinate->sin
D:sinated->sin
D:sinatic->sin
D:sination->sin
D:sinational->sin
D:sinations->sin
D:sinative->sin
D:sinator->sin
D:sinators->sin
D:sinature->sin
D:sine->sin
D:sineal->sin
D:sinear->sin
D:sined->sin
D:sineity->sin
D:sineless->sin
D:sinely->sin
D:sinement->sin
D:sinen->sin
D:sinence->sin
D:sineous->sin
D:sinery->sin
D:sines->sin
D:sinese->sin
D:sinful->sin
D:sinfully->sin
D:sinfulness->sin
D:sini->sin
D:sinia->sin
D:sinial->sin
D:sinian->sin
D:sinians->sin
D:sinic->sin
D:sinical->sin
D:sinically->sin
D:sinicide->sin
D:sinicism->sin
D:sinics->sin
D:sinide->sin
D:sinier->sin
D:siniers->sin
D:sinies->sin
D:siniful->sin
D:sinine->sin
D:sininess->sin
D:sinions->sin
D:sinious->sin
D:siniousness->sin
D:sinis->sin
D:sinisation->sin
D:sinished->sin
D:sinism->sin
D:sinist->sin
D:sinity->sin
D:sinization->sin
D:sinizer->sin
D:sinless->sin
D:sinlessly->sin
D:sinlessness->sin
D:sinly->sin
D:sinn->sin
D:sinna->sin
D:sinnable->sin
D:sinnae->sin
D:sinnage->sin
D:sinnal->sin
D:sinnary->sin
D:sinnas->sin
D:sinnata->sin
D:sinnate->sin
D:sinnation->sin
D:sinnature->sin
D:sinne->sin
D:sinned->sin
D:sinnely->sin
D:sinnen->sin
D:sinnential->sin
D:sinnery->sin
D:sinnes->sin
D:sinness->sin
D:sinnful->sin
D:sinnfully->sin
D:sinni->sin
D:sinnia->sin
D:sinnian->sin
D:sinnic->sin
D:sinnical->sin
D:sinnier->sin
D:sinnine->sin
D:sinniness->sin
D:sinning->sin
D:sinningly->sin
D:sinningness->sin
D:sinnings->sin
D:sinnis->sin
D:sinnity->sin
D:sinnium->sin
D:sinnize->sin
D:sinnless->sin
D:sinnlessness->sin
D:sinno->sin
D:sinnone->sin
D:sinns->sin
D:sinnum->sin
D:sinny->sin
D:sino->sin
D:sinoid->sin
D:sinoidal->sin
D:sinone->sin
D:sinous->sin
D:sinously->sin
D:sins->sin
D:sinum->sin
D:sinward->sin
D:sinwise->sin
D:siny->sin
D:sinying->sin
<query> what are the seven deadly sins</query><numhits>10</numhits><time>10075</time>
</ATIREsearch>
<ATIREsearch>
Q:hurricane->hurrican
D:hurrican->hurrican
D:hurricana->hurrican
D:hurricanas->hurrican
D:hurricanation->hurrican
D:hurricane->hurrican
D:hurricaned->hurrican
D:hurricanene->hurrican
D:hurricanes->hurrican
D:hurricanic->hurrican
D:hurricanine->hurrican
D:hurricaning->hurrican
D:hurricanish->hurrican
D:hurricanizing->hurrican
D:hurricann->hurrican
D:hurricanne->hurrican
D:hurricannes->hurrican
D:hurricano->hurrican
D:hurricans->hurrican
D:hurricanum->hurrican
D:hurricany->hurrican
Q:irene->ir
D:ir->ir
D:ira->ir
D:irable->ir
D:iracy->ir
D:irae->ir
D:iraic->ir
D:irata->ir
D:iratable->ir
D:irate->ir
D:irated->ir
D:irately->ir
D:irateness->ir
D:irates->ir
D:irating->ir
D:irator->ir
D:irators->ir
D:iratory->ir
D:ire->ir
D:ired->ir
D:ireful->ir
D:irefully->ir
D:ireless->ir
D:irely->ir
D:irement->ir
D:irence->ir
D:irene->ir
D:irened->ir
D:ireness->ir
D:irening->ir
D:irental->ir
D:irentation->ir
D:irery->ir
D:ires->ir
D:irese->ir
D:iri->ir
D:iria->ir
D:irial->ir
D:irials->ir
D:irian->ir
D:irians->ir
D:irible->ir
D:iric->ir
D:irical->ir
D:irician->ir
D:iricism->ir
D:irics->ir
D:iride->ir
D:irides->ir
D:iridine->ir
D:iried->ir
D:irier->ir
D:iries->ir
D:iriful->ir
D:irination->ir
D:irine->ir
D:irines->ir
D:irioning->ir
D:irious->ir
D:iris->ir
D:irisation->ir
D:irished->ir
D:irishness->ir
D:irist->ir
D:irium->ir
D:irive->ir
D:irless->ir
D:irness->ir
D:iro->ir
D:irogen->ir
D:iroid->ir
D:iroides->ir
D:irone->ir
D:irous->ir
D:irr->ir
D:irra->ir
D:irrability->ir
D:irrably->ir
D:irrae->ir
D:irral->ir
D:irrant->ir
D:irras->ir
D:irratable->ir
D:irrate->ir
D:irrated->ir
D:irrately->ir
D:irrateness->ir
D:irrates->ir
D:irratic->ir
D:irrating->ir
D:irration->ir
D:irrational->ir
D:irrationally->ir
D:irrations->ir
D:irrative->ir
D:irrator->ir
D:irre->ir
D:irred->ir
D:irren->ir
D:irrence->ir
D:irrency->ir
D:irrene->ir
D:irres->ir
D:irrese->ir
D:irri->ir
D:irria->ir
D:irric->ir
D:irride->ir
D:irrides->ir
D:irried->ir
D:irring->ir
D:irrion->ir
D:irrious->ir
D:irris->ir
D:irrisation->ir
D:irrishness->ir
D:irrist->ir
D:irrive->ir
D:irrly->ir
D:irro->ir
D:irrs->ir
D:irrum->ir
D:irry->ir
D:irs->ir
D:irum->ir
D:iryl->ir
Q:flooding->flood
D:flood->flood
D:flooda->flood
D:floodability->flood
D:floodable->flood
D:floodage->flood
D:floodant->flood
D:floodas->flood
D:floodd->flood
D:flooddata->flood
D:floodded->flood
D:floodding->flood
D:floodds->flood
D:floode->flood
D:flooded->flood
D:floodening->flood
D:floodery->flood
D:floodes->flood
D:floodi->flood
D:floodia->flood
D:floodian->flood
D:floodians->flood
D:floodied->flood
D:floodier->flood
D:floodies->flood
D:floodinate->flood
D:floodine->flood
D:floodiness->flood
D:flooding->flood
D:floodings->flood
D:floodion->flood
D:floodis->flood
D:floodish->flood
D:floodless->flood
D:floodlessness->flood
D:floodo->flood
D:floods->flood
D:floodwise->flood
D:floody->flood
D:in->in
D:ina->in
D:inability->in
D:inable->in
D:inably->in
D:inacity->in
D:inae->in
D:inaic->in
D:inalist->in
D:inality->in
D:inalize->in
D:inancial->in
D:inarial->in
D:inarily->in
D:inarization->in
D:inata->in
D:inate->in
D:inated->in
D:inately->in
D:inateness->in
D:inates->in
D:inating->in
D:inative->in
D:inatives->in
D:inator->in
D:inators->in
D:inatory->in
D:inature->in
D:ine->in
D:ineal->in
D:inear->in
D:inearly->in
D:ined->in
D:inedly->in
D:ineless->in
D:inely->in
D:inement->in
D:inence->in
D:inences->in
D:inene->in
D:ineness->in
D:inental->in
D:inently->in
D:ineous->in
D:inery->in
D:ines->in
D:inese->in
D:inful->in
D:infully->in
D:inhood->in
D:ini->in
D:inia->in
D:inial->in
D:inialize->in
D:inially->in
D:inian->in
D:inians->in
D:inibility->in
D:inic->in
D:inical->in
D:inician->in
D:inicist->in
D:inicity->in
D:inics->in
D:inide->in
D:inides->in
D:inied->in
D:inier->in
D:inies->in
D:inily->in
D:inine->in
D:inines->in
D:inis->in
D:inished->in
D:inist->in
D:inists->in
D:initeness->in
D:inities->in
D:initous->in
D:inity->in
D:inium->in
D:inive->in
D:inizations->in
D:inless->in
D:inn->in
D:inna->in
D:innability->in
D:innable->in
D:innae->in
D:innage->in
D:innages->in
D:innal->in
D:innally->in
D:innant->in
D:innary->in
D:innas->in
D:innata->in
D:innate->in
D:innated->in
D:innately->in
D:innateness->in
D:innates->in
D:innatic->in
D:innational->in
D:innations->in
D:innative->in
D:innativism->in
D:innators->in
D:innature->in
D:inne->in
D:inned->in
D:inneity->in
D:innen->in
D:innery->in
D:innes->in
D:innese->in
D:inness->in
D:innesses->in
D:inni->in
D:innia->in
D:innially->in
D:innians->in
D:innibility->in
D:innic->in
D:innies->in
D:innine->in
D:inning->in
D:innings->in
D:innions->in
D:innis->in
D:innities->in
D:innity->in
D:innivity->in
D:innized->in
D:innless->in
D:innness->in
D:inno->in
D:innogen->in
D:innone->in
D:innotide->in
D:inns->in
D:innum->in
D:innwise->in
D:inny->in
D:innyl->in
D:ino->in
D:inogen->in
D:inoid->in
D:inone->in
D:inotide->in
D:inous->in
D:ins->in
D:inum->in
D:inward->in
D:inwise->in
D:inyl->in
Q:manville->manvil
D:manvil->manvil
D:manvila->manvil
D:manvill->manvil
D:manvilla->manvil
D:manville->manvil
D:manvilles->manvil
D:manvillian->manvil
D:manvils->manvil
D:nj->nj
D:nja->nj
D:njae->nj
D:njaries->nj
D:njata->nj
D:nje->nj
D:njed->nj
D:njence->nj
D:njene->nj
D:njery->nj
D:njes->nj
D:nji->nj
D:njia->nj
D:njian->nj
D:njic->nj
D:njide->nj
D:njier->nj
D:njine->nj
D:njis->nj
D:njive->nj
D:njo->nj
D:njous->nj
D:njs->nj
D:njward->nj
<query> hurricane irene flooding in manville nj</query><numhits>10</numhits><time>4870</time>
</ATIREsearch>
<ATIREsearch>
D:hair->hair
D:haira->hair
D:hairacy->hair
D:hairae->hair
D:hairage->hair
D:hairages->hair
D:hairal->hair
D:hairas->hair
D:haire->hair
D:haired->hair
D:hairen->hair
D:haires->hair
D:hairful->hair
D:hairi->hair
D:hairian->hair
D:hairic->hair
D:hairied->hair
D:hairier->hair
D:hairies->hair
D:hairily->hair
D:hairiness->hair
D:hairing->hair
D:hairings->hair
D:hairion->hair
D:hairis->hair
D:hairish->hair
D:hairism->hair
D:hairist->hair
D:hairists->hair
D:hairity->hair
D:hairless->hair
D:hairlessly->hair
D:hairlessness->hair
D:hairly->hair
D:hairness->hair
D:hairo->hair
D:hairone->hair
D:hairr->hair
D:hairrage->hair
D:hairras->hair
D:hairre->hair
D:hairred->hair
D:hairres->hair
D:hairrings->hair
D:hairris->hair
D:hairro->hair
D:hairry->hair
D:hairs->hair
D:hairum->hair
D:hairwise->hair
D:hairy->hair
Q:dye->dy
D:dy->dy
D:dya->dy
D:dyability->dy
D:dyable->dy
D:dyae->dy
D:dyaic->dy
D:dyata->dy
D:dyate->dy
D:dyates->dy
D:dye->dy
D:dyed->dy
D:dyement->dy
D:dyene->dy
D:dyeness->dy
D:dyery->dy
D:dyes->dy
D:dyese->dy
D:dyi->dy
D:dyia->dy
D:dyian->dy
D:dyic->dy
D:dyide->dy
D:dyidine->dy
D:dyied->dy
D:dyier->dy
D:dyiers->dy
D:dyies->dy
D:dyily->dy
D:dyine->dy
D:dyingness->dy
D:dyis->dy
D:dyist->dy
D:dyium->dy
D:dyness->dy
D:dyo->dy
D:dyoid->dy
D:dyous->dy
D:dys->dy
<query> hair dye</query><numhits>10</numhits><time>746</time>
</ATIREsearch>
<ATIREsearch>
D:dark->dark
D:darka->dark
D:darkae->dark
D:darkage->dark
D:darkages->dark
D:darkal->dark
D:darkally->dark
D:darkant->dark
D:darkaries->dark
D:darkas->dark
D:darkata->dark
D:darkate->dark
D:darke->dark
D:darked->dark
D:darkely->dark
D:darken->dark
D:darkene->dark
D:darkened->dark
D:darkeness->dark
D:darkening->dark
D:darkent->dark
D:darkes->dark
D:darkese->dark
D:darkful->dark
D:darkhood->dark
D:darki->dark
D:darkia->dark
D:darkian->dark
D:darkians->dark
D:darkic->dark
D:darkide->dark
D:darkides->dark
D:darkier->dark
D:darkies->dark
D:darkiness->dark
D:darking->dark
D:darkings->dark
D:darkion->dark
D:darkious->dark
D:darkis->dark
D:darkish->dark
D:darkishness->dark
D:darkism->dark
D:darkisms->dark
D:darkist->dark
D:darkity->dark
D:darkium->dark
D:darkive->dark
D:darkless->dark
D:darklily->dark
D:darkly->dark
D:darkness->dark
D:darknesses->dark
D:darko->dark
D:darkoid->dark
D:darkous->dark
D:darks->dark
D:darkward->dark
D:darkwise->dark
D:darky->dark
Q:chocolate->chocol
D:chocol->chocol
D:chocola->chocol
D:chocolacious->chocol
D:chocolacy->chocol
D:chocolae->chocol
D:chocolage->chocol
D:chocolant->chocol
D:chocolar->chocol
D:chocolary->chocol
D:chocolas->chocol
D:chocolata->chocol
D:chocolate->chocol
D:chocolated->chocol
D:chocolately->chocol
D:chocolateness->chocol
D:chocolates->chocol
D:chocolatic->chocol
D:chocolating->chocol
D:chocolation->chocol
D:chocolations->chocol
D:chocole->chocol
D:chocoles->chocol
D:chocoli->chocol
D:chocolia->chocol
D:chocolic->chocol
D:chocolics->chocol
D:chocoline->chocol
D:chocolis->chocol
D:chocolish->chocol
D:chocolistic->chocol
D:chocolite->chocol
D:chocolity->chocol
D:chocolive->chocol
D:chocolized->chocol
D:chocolizing->chocol
D:chocoll->chocol
D:chocolla->chocol
D:chocollage->chocol
D:chocollate->chocol
D:chocollates->chocol
D:chocolli->chocol
D:chocolo->chocol
D:chocoloid->chocol
D:health->health
D:healtha->health
D:healthability->health
D:healthacy->health
D:healthages->health
D:healthalize->health
D:healthas->health
D:healthation->health
D:healthe->health
D:healthed->health
D:healthely->health
D:healthency->health
D:healthent->health
D:healthful->health
D:healthfully->health
D:healthfulness->health
D:healthi->health
D:healthia->health
D:healthialist->health
D:healthian->health
D:healthians->health
D:healthic->health
D:healthied->health
D:healthier->health
D:healthiers->health
D:healthies->health
D:healthiful->health
D:healthily->health
D:healthination->health
D:healthines->health
D:healthiness->health
D:healthing->health
D:healthis->health
D:healthish->health
D:healthism->health
D:healthisms->health
D:healthist->health
D:healthists->health
D:healthization->health
D:healthize->health
D:healthless->health
D:healthlessness->health
D:healthly->health
D:healthness->health
D:healtho->health
D:healthoid->health
D:healths->health
D:healthward->health
D:healthwise->health
D:healthy->health
D:healthying->health
D:healthyish->health
Q:benefits->benefit
D:benefit->benefit
D:benefita->benefit
D:benefitable->benefit
D:benefitage->benefit
D:benefital->benefit
D:benefitaries->benefit
D:benefitary->benefit
D:benefitas->benefit
D:benefited->benefit
D:benefiten->benefit
D:benefitent->benefit
D:benefites->benefit
D:benefitful->benefit
D:benefiti->benefit
D:benefitial->benefit
D:benefitic->benefit
D:benefitical->benefit
D:benefitied->benefit
D:benefitine->benefit
D:benefiting->benefit
D:benefitional->benefit
D:benefitious->benefit
D:benefitis->benefit
D:benefitism->benefit
D:benefitium->benefit
D:benefitive->benefit
D:benefitized->benefit
D:benefitless->benefit
D:benefitness->benefit
D:benefito->benefit
D:benefiton->benefit
D:benefitor->benefit
D:benefits->benefit
D:benefitt->benefit
D:benefittance->benefit
D:benefitte->benefit
D:benefitted->benefit
D:benefittial->benefit
D:benefitting->benefit
D:benefitto->benefit
D:benefitts->benefit
D:benefitwise->benefit
<query> dark chocolate health benefits</query><numhits>10</numhits><time>2545</time>
</ATIREsearch>
<ATIREsearch>
D:ham->ham
D:hama->ham
D:hamacity->ham
D:hamacy->ham
D:hamae->ham
D:hamage->ham
D:hamal->ham
D:hamals->ham
D:hamant->ham
D:hamants->ham
D:hamaric->ham
D:hamary->ham
D:hamas->ham
D:hamata->ham
D:hamate->ham
D:hamated->ham
D:hamates->ham
D:hamatic->ham
D:hamature->ham
D:hame->ham
D:hameature->ham
D:hamed->ham
D:hameful->ham
D:hameless->ham
D:hamely->ham
D:hamen->ham
D:hamence->ham
D:hamene->ham
D:hamery->ham
D:hames->ham
D:hamese->ham
D:hamful->ham
D:hamfully->ham
D:hamfulness->ham
D:hami->ham
D:hamia->ham
D:hamian->ham
D:hamic->ham
D:hamicide->ham
D:hamide->ham
D:hamidine->ham
D:hamied->ham
D:hamier->ham
D:hamies->ham
D:hamily->ham
D:hamination->ham
D:haminess->ham
D:haming->ham
D:hamion->ham
D:hamis->ham
D:hamist->ham
D:hamity->ham
D:hamizational->ham
D:hamless->ham
D:hamlily->ham
D:hamly->ham
D:hamm->ham
D:hamma->ham
D:hammage->ham
D:hammal->ham
D:hammals->ham
D:hammant->ham
D:hammants->ham
D:hammary->ham
D:hammas->ham
D:hammata->ham
D:hammate->ham
D:hamme->ham
D:hammed->ham
D:hammen->ham
D:hammence->ham
D:hammene->ham
D:hamment->ham
D:hammery->ham
D:hammes->ham
D:hammful->ham
D:hammi->ham
D:hammia->ham
D:hammial->ham
D:hammian->ham
D:hammic->ham
D:hammied->ham
D:hammier->ham
D:hammies->ham
D:hammily->ham
D:hammination->ham
D:hamminess->ham
D:hamming->ham
D:hammings->ham
D:hammis->ham
D:hammish->ham
D:hammishness->ham
D:hammity->ham
D:hammo->ham
D:hammous->ham
D:hamms->ham
D:hammum->ham
D:hammy->ham
D:hamness->ham
D:hamo->ham
D:hamoid->ham
D:hamous->ham
D:hams->ham
D:hamum->ham
D:hamwise->ham
D:hamy->ham
D:hamyish->ham
Q:radio->radi
D:radiability->radi
D:radiable->radi
D:radiage->radi
D:radiance->radi
D:radiances->radi
D:radiancies->radi
D:radiancy->radi
D:radiant->radi
D:radiants->radi
D:radiar->radi
D:radiars->radi
D:radiary->radi
D:radias->radi
D:radiata->radi
D:radiate->radi
D:radiated->radi
D:radiately->radi
D:radiates->radi
D:radiating->radi
D:radiatingly->radi
D:radiation->radi
D:radiational->radi
D:radiationally->radi
D:radiations->radi
D:radiative->radi
D:radiatively->radi
D:radiatives->radi
D:radiator->radi
D:radiators->radi
D:radiatory->radi
D:radie->radi
D:radien->radi
D:radience->radi
D:radiences->radi
D:radient->radi
D:radiently->radi
D:radiese->radi
D:radii->radi
D:radiia->radi
D:radiial->radi
D:radiian->radi
D:radiians->radi
D:radiical->radi
D:radiically->radi
D:radiied->radi
D:radiier->radi
D:radiiers->radi
D:radiis->radi
D:radiish->radi
D:radiist->radi
D:radiium->radi
D:radiize->radi
D:radio->radi
D:radiogen->radi
D:radioid->radi
D:radiy->radi
<query> ham radio</query><numhits>10</numhits><time>919</time>
</ATIREsearch>
<ATIREsearch>
Q:symptoms->symptom
D:symptom->symptom
D:symptoma->symptom
D:symptomaic->symptom
D:symptomal->symptom
D:symptomaric->symptom
D:symptomas->symptom
D:symptomata->symptom
D:symptomate->symptom
D:symptomates->symptom
D:symptomatic->symptom
D:symptomative->symptom
D:symptome->symptom
D:symptomed->symptom
D:symptomen->symptom
D:symptomes->symptom
D:symptomic->symptom
D:symptomis->symptom
D:symptomization->symptom
D:symptomize->symptom
D:symptomized->symptom
D:symptomizing->symptom
D:symptomless->symptom
D:symptomlessly->symptom
D:symptommatic->symptom
D:symptomms->symptom
D:symptoms->symptom
D:symptomwise->symptom
D:symptomy->symptom
D:of->of
D:ofa->of
D:ofacy->of
D:ofae->of
D:ofata->of
D:ofate->of
D:ofates->of
D:ofe->of
D:ofed->of
D:ofely->of
D:ofence->of
D:ofences->of
D:ofene->of
D:ofening->of
D:ofently->of
D:ofes->of
D:offul->of
D:offully->of
D:ofi->of
D:ofia->of
D:ofial->of
D:ofian->of
D:ofic->of
D:ofical->of
D:ofically->of
D:ofician->of
D:oficist->of
D:ofics->of
D:ofide->of
D:ofied->of
D:ofier->of
D:ofies->of
D:ofily->of
D:ofine->of
D:ofis->of
D:ofist->of
D:ofite->of
D:ofities->of
D:ofive->of
D:ofless->of
D:ofness->of
D:ofnesses->of
D:ofo->of
D:ofous->of
D:ofously->of
D:ofs->of
D:ofward->of
D:ofwise->of
D:mad->mad
D:mada->mad
D:madacious->mad
D:madacy->mad
D:madae->mad
D:madage->mad
D:madal->mad
D:madalist->mad
D:madalities->mad
D:madals->mad
D:madance->mad
D:madancy->mad
D:madant->mad
D:madants->mad
D:madaric->mad
D:madary->mad
D:madas->mad
D:madata->mad
D:madate->mad
D:madated->mad
D:madates->mad
D:madatic->mad
D:madating->mad
D:madation->mad
D:madator->mad
D:madatory->mad
D:madd->mad
D:madda->mad
D:maddage->mad
D:maddal->mad
D:maddally->mad
D:maddance->mad
D:maddants->mad
D:maddas->mad
D:maddata->mad
D:maddation->mad
D:madde->mad
D:madded->mad
D:maddeity->mad
D:maddely->mad
D:madden->mad
D:maddene->mad
D:maddened->mad
D:maddeness->mad
D:maddening->mad
D:maddenly->mad
D:maddent->mad
D:maddery->mad
D:maddes->mad
D:maddi->mad
D:maddia->mad
D:maddian->mad
D:maddic->mad
D:maddical->mad
D:maddied->mad
D:maddier->mad
D:maddies->mad
D:maddiful->mad
D:maddily->mad
D:maddine->mad
D:maddines->mad
D:madding->mad
D:maddingly->mad
D:maddings->mad
D:maddion->mad
D:maddis->mad
D:maddish->mad
D:maddist->mad
D:maddists->mad
D:maddity->mad
D:maddly->mad
D:maddness->mad
D:maddo->mad
D:madds->mad
D:maddy->mad
D:made->mad
D:maded->mad
D:madedly->mad
D:madely->mad
D:madement->mad
D:maden->mad
D:madene->mad
D:madened->mad
D:madeness->mad
D:madening->mad
D:madental->mad
D:madery->mad
D:mades->mad
D:madese->mad
D:madful->mad
D:madi->mad
D:madia->mad
D:madial->mad
D:madian->mad
D:madians->mad
D:madic->mad
D:madical->mad
D:madics->mad
D:madide->mad
D:madier->mad
D:madies->mad
D:madily->mad
D:madinate->mad
D:madine->mad
D:madines->mad
D:madiness->mad
D:mading->mad
D:madingly->mad
D:madion->mad
D:madional->mad
D:madions->mad
D:madious->mad
D:madis->mad
D:madism->mad
D:madist->mad
D:madity->mad
D:madium->mad
D:madive->mad
D:madize->mad
D:madless->mad
D:madlily->mad
D:madly->mad
D:madness->mad
D:madnesses->mad
D:mado->mad
D:madous->mad
D:mads->mad
D:madwise->mad
D:mady->mad
D:cow->cow
D:cowa->cow
D:cowable->cow
D:cowage->cow
D:cowal->cow
D:cowals->cow
D:cowant->cow
D:cowary->cow
D:cowas->cow
D:cowate->cow
D:cowation->cow
D:cowe->cow
D:cowed->cow
D:cowedly->cow
D:cowely->cow
D:cowen->cow
D:cowene->cow
D:cowery->cow
D:cowes->cow
D:cowese->cow
D:cowful->cow
D:cowhood->cow
D:cowi->cow
D:cowia->cow
D:cowian->cow
D:cowic->cow
D:cowicide->cow
D:cowide->cow
D:cowides->cow
D:cowier->cow
D:cowies->cow
D:cowily->cow
D:cowine->cow
D:cowing->cow
D:cowings->cow
D:cowis->cow
D:cowishness->cow
D:cowism->cow
D:cowisms->cow
D:cowless->cow
D:cowlily->cow
D:cowly->cow
D:cowness->cow
D:cowo->cow
D:cows->cow
D:cowward->cow
D:cowy->cow
Q:disease->diseas
D:diseasa->diseas
D:diseasae->diseas
D:diseasas->diseas
D:disease->diseas
D:diseased->diseas
D:diseasedly->diseas
D:diseaseful->diseas
D:diseaseless->diseas
D:diseasement->diseas
D:diseasen->diseas
D:diseaseous->diseas
D:diseases->diseas
D:diseasese->diseas
D:diseasi->diseas
D:diseasic->diseas
D:diseasing->diseas
D:diseasion->diseas
D:diseasis->diseas
D:diseasism->diseas
D:diseaso->diseas
D:diseasoid->diseas
D:diseasor->diseas
D:diseass->diseas
D:diseasse->diseas
D:diseasses->diseas
D:diseasy->diseas
D:in->in
D:ina->in
D:inability->in
D:inable->in
D:inably->in
D:inacity->in
D:inae->in
D:inaic->in
D:inalist->in
D:inality->in
D:inalize->in
D:inancial->in
D:inarial->in
D:inarily->in
D:inarization->in
D:inata->in
D:inate->in
D:inated->in
D:inately->in
D:inateness->in
D:inates->in
D:inating->in
D:inative->in
D:inatives->in
D:inator->in
D:inators->in
D:inatory->in
D:inature->in
D:ine->in
D:ineal->in
D:inear->in
D:inearly->in
D:ined->in
D:inedly->in
D:ineless->in
D:inely->in
D:inement->in
D:inence->in
D:inences->in
D:inene->in
D:ineness->in
D:inental->in
D:inently->in
D:ineous->in
D:inery->in
D:ines->in
D:inese->in
D:inful->in
D:infully->in
D:inhood->in
D:ini->in
D:inia->in
D:inial->in
D:inialize->in
D:inially->in
D:inian->in
D:inians->in
D:inibility->in
D:inic->in
D:inical->in
D:inician->in
D:inicist->in
D:inicity->in
D:inics->in
D:inide->in
D:inides->in
D:inied->in
D:inier->in
D:inies->in
D:inily->in
D:inine->in
D:inines->in
D:inis->in
D:inished->in
D:inist->in
D:inists->in
D:initeness->in
D:inities->in
D:initous->in
D:inity->in
D:inium->in
D:inive->in
D:inizations->in
D:inless->in
D:inn->in
D:inna->in
D:innability->in
D:innable->in
D:innae->in
D:innage->in
D:innages->in
D:innal->in
D:innally->in
D:innant->in
D:innary->in
D:innas->in
D:innata->in
D:innate->in
D:innated->in
D:innately->in
D:innateness->in
D:innates->in
D:innatic->in
D:innational->in
D:innations->in
D:innative->in
D:innativism->in
D:innators->in
D:innature->in
D:inne->in
D:inned->in
D:inneity->in
D:innen->in
D:innery->in
D:innes->in
D:innese->in
D:inness->in
D:innesses->in
D:inni->in
D:innia->in
D:innially->in
D:innians->in
D:innibility->in
D:innic->in
D:innies->in
D:innine->in
D:inning->in
D:innings->in
D:innions->in
D:innis->in
D:innities->in
D:innity->in
D:innivity->in
D:innized->in
D:innless->in
D:innness->in
D:inno->in
D:innogen->in
D:innone->in
D:innotide->in
D:inns->in
D:innum->in
D:innwise->in
D:inny->in
D:innyl->in
D:ino->in
D:inogen->in
D:inoid->in
D:inone->in
D:inotide->in
D:inous->in
D:ins->in
D:inum->in
D:inward->in
D:inwise->in
D:inyl->in
Q:humans->human
D:human->human
D:humana->human
D:humanability->human
D:humanable->human
D:humanae->human
D:humanage->human
D:humanal->human
D:humanalities->human
D:humanality->human
D:humanary->human
D:humanas->human
D:humanate->human
D:humanated->human
D:humanatic->human
D:humanation->human
D:humanator->human
D:humanature->human
D:humane->human
D:humaned->human
D:humaneity->human
D:humanely->human
D:humanen->human
D:humaneness->human
D:humanes->human
D:humanese->human
D:humanful->human
D:humanhood->human
D:humani->human
D:humania->human
D:humanian->human
D:humanians->human
D:humanic->human
D:humanical->human
D:humanicide->human
D:humanicity->human
D:humanics->human
D:humanide->human
D:humanies->human
D:humanily->human
D:humanine->human
D:humanines->human
D:humaning->human
D:humanis->human
D:humanisation->human
D:humanish->human
D:humanism->human
D:humanisms->human
D:humanist->human
D:humanistic->human
D:humanistical->human
D:humanistically->human
D:humanistics->human
D:humanists->human
D:humanities->human
D:humanity->human
D:humanium->human
D:humanive->human
D:humanization->human
D:humanizations->human
D:humanize->human
D:humanized->human
D:humanizer->human
D:humanizers->human
D:humanizing->human
D:humanless->human
D:humanly->human
D:humann->human
D:humanna->human
D:humannation->human
D:humannature->human
D:humanne->human
D:humannely->human
D:humannes->human
D:humanness->human
D:humannesses->human
D:humanni->human
D:humannities->human
D:humannity->human
D:humannization->human
D:humannizer->human
D:humannly->human
D:humannness->human
D:humanno->human
D:humannoid->human
D:humanns->human
D:humanny->human
D:humano->human
D:humanoid->human
D:humanoidal->human
D:humanoides->human
D:humanoidism->human
D:humanous->human
D:humanously->human
D:humans->human
D:humanum->human
D:humanward->human
D:humanwise->human
D:humany->human
<query> symptoms of mad cow disease in humans</query><numhits>10</numhits><time>9225</time>
</ATIREsearch>
<ATIREsearch>
D:lump->lump
D:lumpa->lump
D:lumpability->lump
D:lumpable->lump
D:lumpacy->lump
D:lumpage->lump
D:lumpas->lump
D:lumpe->lump
D:lumped->lump
D:lumpen->lump
D:lumpene->lump
D:lumpenly->lump
D:lumpes->lump
D:lumpful->lump
D:lumpi->lump
D:lumpia->lump
D:lumpian->lump
D:lumpier->lump
D:lumpies->lump
D:lumpily->lump
D:lumpine->lump
D:lumpiness->lump
D:lumping->lump
D:lumpingly->lump
D:lumpings->lump
D:lumpish->lump
D:lumpishness->lump
D:lumpity->lump
D:lumpless->lump
D:lumplessly->lump
D:lumplessness->lump
D:lumply->lump
D:lumpo->lump
D:lumpous->lump
D:lumpp->lump
D:lumppa->lump
D:lumppas->lump
D:lumpped->lump
D:lumppi->lump
D:lumppy->lump
D:lumps->lump
D:lumpy->lump
D:in->in
D:ina->in
D:inability->in
D:inable->in
D:inably->in
D:inacity->in
D:inae->in
D:inaic->in
D:inalist->in
D:inality->in
D:inalize->in
D:inancial->in
D:inarial->in
D:inarily->in
D:inarization->in
D:inata->in
D:inate->in
D:inated->in
D:inately->in
D:inateness->in
D:inates->in
D:inating->in
D:inative->in
D:inatives->in
D:inator->in
D:inators->in
D:inatory->in
D:inature->in
D:ine->in
D:ineal->in
D:inear->in
D:inearly->in
D:ined->in
D:inedly->in
D:ineless->in
D:inely->in
D:inement->in
D:inence->in
D:inences->in
D:inene->in
D:ineness->in
D:inental->in
D:inently->in
D:ineous->in
D:inery->in
D:ines->in
D:inese->in
D:inful->in
D:infully->in
D:inhood->in
D:ini->in
D:inia->in
D:inial->in
D:inialize->in
D:inially->in
D:inian->in
D:inians->in
D:inibility->in
D:inic->in
D:inical->in
D:inician->in
D:inicist->in
D:inicity->in
D:inics->in
D:inide->in
D:inides->in
D:inied->in
D:inier->in
D:inies->in
D:inily->in
D:inine->in
D:inines->in
D:inis->in
D:inished->in
D:inist->in
D:inists->in
D:initeness->in
D:inities->in
D:initous->in
D:inity->in
D:inium->in
D:inive->in
D:inizations->in
D:inless->in
D:inn->in
D:inna->in
D:innability->in
D:innable->in
D:innae->in
D:innage->in
D:innages->in
D:innal->in
D:innally->in
D:innant->in
D:innary->in
D:innas->in
D:innata->in
D:innate->in
D:innated->in
D:innately->in
D:innateness->in
D:innates->in
D:innatic->in
D:innational->in
D:innations->in
D:innative->in
D:innativism->in
D:innators->in
D:innature->in
D:inne->in
D:inned->in
D:inneity->in
D:innen->in
D:innery->in
D:innes->in
D:innese->in
D:inness->in
D:innesses->in
D:inni->in
D:innia->in
D:innially->in
D:innians->in
D:innibility->in
D:innic->in
D:innies->in
D:innine->in
D:inning->in
D:innings->in
D:innions->in
D:innis->in
D:innities->in
D:innity->in
D:innivity->in
D:innized->in
D:innless->in
D:innness->in
D:inno->in
D:innogen->in
D:innone->in
D:innotide->in
D:inns->in
D:innum->in
D:innwise->in
D:inny->in
D:innyl->in
D:ino->in
D:inogen->in
D:inoid->in
D:inone->in
D:inotide->in
D:inous->in
D:ins->in
D:inum->in
D:inward->in
D:inwise->in
D:inyl->in
D:throat->throat
D:throatal->throat
D:throated->throat
D:throatedly->throat
D:throatery->throat
D:throatful->throat
D:throati->throat
D:throatian->throat
D:throatier->throat
D:throaties->throat
D:throatily->throat
D:throatiness->throat
D:throating->throat
D:throatingness->throat
D:throatish->throat
D:throatless->throat
D:throatness->throat
D:throats->throat
D:throatt->throat
D:throatty->throat
D:throatwise->throat
D:throaty->throat
<query> lump in throat</query><numhits>10</numhits><time>3726</time>
</ATIREsearch>
<ATIREsearch>
Q:george->georg
D:georg->georg
D:georga->georg
D:georgae->georg
D:georgal->georg
D:georgant->georg
D:georgas->georg
D:george->georg
D:georged->georg
D:georgehood->georg
D:georgeless->georg
D:georgely->georg
D:georgen->georg
D:georgene->georg
D:georgeness->georg
D:georgeous->georg
D:georgeously->georg
D:georgeousness->georg
D:georgery->georg
D:georges->georg
D:georgese->georg
D:georgg->georg
D:georgge->georg
D:georgges->georg
D:georggi->georg
D:georggia->georg
D:georggian->georg
D:georggies->georg
D:georggine->georg
D:georggous->georg
D:georggs->georg
D:georgi->georg
D:georgia->georg
D:georgial->georg
D:georgialist->georg
D:georgials->georg
D:georgian->georg
D:georgians->georg
D:georgic->georg
D:georgical->georg
D:georgics->georg
D:georgides->georg
D:georgied->georg
D:georgier->georg
D:georgies->georg
D:georgine->georg
D:georgines->georg
D:georging->georg
D:georgion->georg
D:georgious->georg
D:georgiously->georg
D:georgis->georg
D:georgish->georg
D:georgism->georg
D:georgist->georg
D:georgistically->georg
D:georgists->georg
D:georgium->georg
D:georgive->georg
D:georgly->georg
D:georgo->georg
D:georgous->georg
D:georgously->georg
D:georgs->georg
D:georgward->georg
D:georgy->georg
D:bush->bush
D:busha->bush
D:bushability->bush
D:bushable->bush
D:bushae->bush
D:bushage->bush
D:bushal->bush
D:bushals->bush
D:bushant->bush
D:bushas->bush
D:bushate->bush
D:bushating->bush
D:bushe->bush
D:bushed->bush
D:bushedly->bush
D:bushely->bush
D:bushen->bush
D:bushery->bush
D:bushes->bush
D:bushful->bush
D:bushi->bush
D:bushian->bush
D:bushians->bush
D:bushic->bush
D:bushide->bush
D:bushier->bush
D:bushies->bush
D:bushily->bush
D:bushiness->bush
D:bushing->bush
D:bushingly->bush
D:bushings->bush
D:bushis->bush
D:bushish->bush
D:bushism->bush
D:bushisms->bush
D:bushist->bush
D:bushists->bush
D:bushless->bush
D:bushly->bush
D:bushness->bush
D:busho->bush
D:bushoid->bush
D:bushs->bush
D:bushwise->bush
D:bushy->bush
D:bushying->bush
D:sr->sr
D:sra->sr
D:srability->sr
D:sracy->sr
D:srae->sr
D:srata->sr
D:srate->sr
D:srated->sr
D:srates->sr
D:srating->sr
D:sre->sr
D:sred->sr
D:srely->sr
D:srement->sr
D:srence->sr
D:srene->sr
D:srental->sr
D:srery->sr
D:sres->sr
D:srese->sr
D:sri->sr
D:sria->sr
D:srial->sr
D:srials->sr
D:srian->sr
D:srians->sr
D:sric->sr
D:sricity->sr
D:srics->sr
D:sride->sr
D:srides->sr
D:sried->sr
D:srier->sr
D:sries->sr
D:srily->sr
D:srine->sr
D:srines->sr
D:srious->sr
D:sriously->sr
D:sriousness->sr
D:sris->sr
D:srist->sr
D:sristics->sr
D:srists->sr
D:srities->sr
D:srity->sr
D:srive->sr
D:srless->sr
D:srness->sr
D:sro->sr
D:srogen->sr
D:sroid->sr
D:srone->sr
D:srous->sr
D:srously->sr
D:srr->sr
D:srra->sr
D:srrae->sr
D:srras->sr
D:srre->sr
D:srren->sr
D:srres->sr
D:srri->sr
D:srria->sr
D:srrial->sr
D:srrier->sr
D:srries->sr
D:srrious->sr
D:srriously->sr
D:srris->sr
D:srrly->sr
D:srro->sr
D:srrs->sr
D:srry->sr
D:srs->sr
D:srum->sr
D:srward->sr
D:sryl->sr
Q:bio->bi
D:bi->bi
D:bia->bi
D:biable->bi
D:biacies->bi
D:biae->bi
D:biar->bi
D:biaries->bi
D:biars->bi
D:biata->bi
D:biatable->bi
D:biate->bi
D:biates->bi
D:biating->bi
D:bie->bi
D:bied->bi
D:biely->bi
D:bience->bi
D:biene->bi
D:bienly->bi
D:biery->bi
D:bies->bi
D:biese->bi
D:biful->bi
D:bii->bi
D:biia->bi
D:biial->bi
D:biials->bi
D:biian->bi
D:biible->bi
D:biic->bi
D:biics->bi
D:biide->bi
D:biied->bi
D:biier->bi
D:biiers->bi
D:biies->bi
D:biily->bi
D:biine->bi
D:biines->bi
D:biis->bi
D:biist->bi
D:biity->bi
D:bilily->bi
D:biness->bi
D:binesses->bi
D:bio->bi
D:biogen->bi
D:bioid->bi
D:bioidal->bi
D:bious->bi
D:biously->bi
D:bis->bi
D:biward->bi
D:biwise->bi
<query> george bush sr bio</query><numhits>10</numhits><time>1723</time>
</ATIREsearch>
<ATIREsearch>
D:frank->frank
D:franka->frank
D:frankability->frank
D:frankable->frank
D:frankacy->frank
D:frankae->frank
D:frankal->frank
D:frankant->frank
D:frankas->frank
D:franke->frank
D:franked->frank
D:frankeful->frank
D:frankely->frank
D:franken->frank
D:frankene->frank
D:frankened->frank
D:frankening->frank
D:frankenly->frank
D:frankent->frank
D:frankental->frank
D:frankented->frank
D:frankes->frank
D:frankful->frank
D:frankfully->frank
D:franki->frank
D:frankia->frank
D:frankial->frank
D:frankian->frank
D:frankic->frank
D:frankicide->frank
D:frankied->frank
D:frankier->frank
D:frankies->frank
D:frankily->frank
D:frankine->frank
D:frankiness->frank
D:franking->frank
D:frankingly->frank
D:frankings->frank
D:frankis->frank
D:frankish->frank
D:frankism->frank
D:frankisms->frank
D:frankist->frank
D:frankists->frank
D:frankity->frank
D:frankium->frank
D:frankize->frank
D:frankized->frank
D:frankizing->frank
D:frankless->frank
D:frankly->frank
D:frankness->frank
D:franko->frank
D:frankoid->frank
D:franks->frank
D:frankward->frank
D:frankwise->frank
D:franky->frank
D:lloyd->lloyd
D:lloyda->lloyd
D:lloydas->lloyd
D:lloydd->lloyd
D:lloydds->lloyd
D:lloyde->lloyd
D:lloyded->lloyd
D:lloydement->lloyd
D:lloyden->lloyd
D:lloydene->lloyd
D:lloydes->lloyd
D:lloydi->lloyd
D:lloydia->lloyd
D:lloydian->lloyd
D:lloydies->lloyd
D:lloydine->lloyd
D:lloyding->lloyd
D:lloydish->lloyd
D:lloydistics->lloyd
D:lloydo->lloyd
D:lloyds->lloyd
D:lloydward->lloyd
D:lloydwise->lloyd
D:lloydy->lloyd
D:wright->wright
D:wrighta->wright
D:wrightable->wright
D:wrightae->wright
D:wrighte->wright
D:wrighted->wright
D:wrighten->wright
D:wrighteous->wright
D:wrighteousness->wright
D:wrightery->wright
D:wrightful->wright
D:wrighti->wright
D:wrightia->wright
D:wrightian->wright
D:wrightians->wright
D:wrightine->wright
D:wrighting->wright
D:wrightings->wright
D:wrightious->wright
D:wrightis->wright
D:wrightish->wright
D:wrightism->wright
D:wrightisms->wright
D:wrightist->wright
D:wrightless->wright
D:wrightly->wright
D:wrightness->wright
D:wrighto->wright
D:wrightoid->wright
D:wrighton->wright
D:wrightous->wright
D:wrights->wright
D:wrightt->wright
D:wrightte->wright
D:wrightting->wright
D:wrighty->wright
Q:biography->biograph
D:biograph->biograph
D:biographal->biograph
D:biographe->biograph
D:biographed->biograph
D:biographen->biograph
D:biographery->biograph
D:biographes->biograph
D:biographi->biograph
D:biographia->biograph
D:biographial->biograph
D:biographic->biograph
D:biographical->biograph
D:biographically->biograph
D:biographicity->biograph
D:biographics->biograph
D:biographied->biograph
D:biographies->biograph
D:biographing->biograph
D:biographis->biograph
D:biographist->biograph
D:biographistics->biograph
D:biographists->biograph
D:biographium->biograph
D:biographize->biograph
D:biographs->biograph
D:biography->biograph
D:biographying->biograph
<query> frank lloyd wright biography</query><numhits>10</numhits><time>1128</time>
</ATIREsearch>
<ATIREsearch>
Q:presidential->presid
D:presid->presid
D:presida->presid
D:presidal->presid
D:presidance->presid
D:presidancy->presid
D:presidant->presid
D:presidants->presid
D:presidary->presid
D:presidator->presid
D:presiddent->presid
D:presiddential->presid
D:presidding->presid
D:preside->presid
D:presided->presid
D:presidely->presid
D:presiden->presid
D:presidence->presid
D:presidences->presid
D:presidencies->presid
D:presidency->presid
D:presidene->presid
D:president->presid
D:presidental->presid
D:presidentally->presid
D:presidentation->presid
D:presidented->presid
D:presidential->presid
D:presidentiality->presid
D:presidentially->presid
D:presidentialness->presid
D:presidentials->presid
D:presidenting->presid
D:presidentist->presid
D:presidently->presid
D:presidentness->presid
D:presides->presid
D:presidi->presid
D:presidia->presid
D:presidial->presid
D:presidials->presid
D:presidian->presid
D:presiding->presid
D:presidings->presid
D:presidion->presid
D:presidium->presid
D:presido->presid
Q:middle->middl
D:middl->middl
D:middla->middl
D:middlae->middl
D:middlas->middl
D:middle->middl
D:middled->middl
D:middleless->middl
D:middlement->middl
D:middlen->middl
D:middleness->middl
D:middles->middl
D:middlese->middl
D:middli->middl
D:middlies->middl
D:middline->middl
D:middling->middl
D:middlingly->middl
D:middlingness->middl
D:middlings->middl
D:middlis->middl
D:middlish->middl
D:middlism->middl
D:middlist->middl
D:middlization->middl
D:middlized->middl
D:middll->middl
D:middlle->middl
D:middlles->middl
D:middlling->middl
D:middlo->middl
D:middls->middl
D:middlum->middl
D:middul->middl
D:middule->middl
Q:names->nam
D:nam->nam
D:nama->nam
D:namable->nam
D:namae->nam
D:namage->nam
D:namal->nam
D:namalist->nam
D:namance->nam
D:namary->nam
D:namas->nam
D:namata->nam
D:namate->nam
D:namatic->nam
D:namation->nam
D:name->nam
D:named->nam
D:namedly->nam
D:nameful->nam
D:namefully->nam
D:namehood->nam
D:nameless->nam
D:namely->nam
D:namen->nam
D:namene->nam
D:nameness->nam
D:namental->nam
D:namentation->nam
D:nameous->nam
D:namery->nam
D:names->nam
D:namese->nam
D:nami->nam
D:namia->nam
D:namials->nam
D:namian->nam
D:namic->nam
D:namical->nam
D:namically->nam
D:namics->nam
D:namide->nam
D:namides->nam
D:namier->nam
D:namies->nam
D:namily->nam
D:naminate->nam
D:namination->nam
D:naminess->nam
D:naming->nam
D:namingly->nam
D:namings->nam
D:namion->nam
D:namis->nam
D:namism->nam
D:namium->nam
D:namless->nam
D:namly->nam
D:namm->nam
D:namma->nam
D:nammae->nam
D:nammage->nam
D:nammal->nam
D:nammary->nam
D:nammas->nam
D:namme->nam
D:nammed->nam
D:nammely->nam
D:nammen->nam
D:nammes->nam
D:nammi->nam
D:nammies->nam
D:namming->nam
D:nammis->nam
D:nammish->nam
D:nammly->nam
D:nammness->nam
D:nammo->nam
D:nammous->nam
D:namms->nam
D:nammy->nam
D:namo->nam
D:namoid->nam
D:namous->nam
D:nams->nam
D:namum->nam
D:namwise->nam
D:namy->nam
<query> presidential middle names</query><numhits>10</numhits><time>2168</time>
</ATIREsearch>
<ATIREsearch>
D:what->what
D:whatability->what
D:whatacity->what
D:whatage->what
D:whatal->what
D:whatas->what
D:whatata->what
D:whatating->what
D:whaten->what
D:whati->what
D:whatia->what
D:whaticant->what
D:whatide->what
D:whaties->what
D:whatings->what
D:whatis->what
D:whatish->what
D:whatism->what
D:whatisms->what
D:whatist->what
D:whatless->what
D:whatly->what
D:whatness->what
D:whatnesses->what
D:whato->what
D:whaton->what
D:whats->what
D:whatt->what
D:whatta->what
D:whattable->what
D:whattae->what
D:whattage->what
D:whatte->what
D:whatted->what
D:whattely->what
D:whatten->what
D:whattery->what
D:whatti->what
D:whattia->what
D:whatting->what
D:whatto->what
D:whatts->what
D:whatty->what
D:whaty->what
D:is->is
D:isa->is
D:isability->is
D:isable->is
D:isacy->is
D:isae->is
D:isaic->is
D:isaical->is
D:isalist->is
D:isaric->is
D:isata->is
D:isate->is
D:isated->is
D:isates->is
D:ise->is
D:ised->is
D:iseful->is
D:isely->is
D:isement->is
D:isence->is
D:isene->is
D:isened->is
D:isental->is
D:isery->is
D:ises->is
D:isese->is
D:isful->is
D:isfully->is
D:isi->is
D:isia->is
D:isial->is
D:isially->is
D:isian->is
D:isians->is
D:isibility->is
D:isible->is
D:isic->is
D:isical->is
D:isics->is
D:isidine->is
D:isied->is
D:isier->is
D:isies->is
D:isily->is
D:isine->is
D:isines->is
D:isional->is
D:isious->is
D:isis->is
D:isist->is
D:isists->is
D:isity->is
D:isium->is
D:isive->is
D:isless->is
D:isness->is
D:iso->is
D:isogen->is
D:isoid->is
D:isor->is
D:isous->is
D:iss->is
D:issa->is
D:issable->is
D:issae->is
D:issage->is
D:issaic->is
D:issal->is
D:issance->is
D:issances->is
D:issant->is
D:issants->is
D:issaries->is
D:issary->is
D:issas->is
D:issata->is
D:issate->is
D:isse->is
D:issed->is
D:issement->is
D:issen->is
D:issential->is
D:issentials->is
D:isses->is
D:issful->is
D:issfully->is
D:issi->is
D:issia->is
D:issian->is
D:issible->is
D:issic->is
D:issied->is
D:issier->is
D:issiers->is
D:issies->is
D:issing->is
D:issings->is
D:ission->is
D:issioned->is
D:issioning->is
D:issions->is
D:issis->is
D:issist->is
D:issistic->is
D:issists->is
D:issity->is
D:issium->is
D:issive->is
D:issizable->is
D:issize->is
D:issized->is
D:issizer->is
D:issizing->is
D:issness->is
D:isso->is
D:issor->is
D:issous->is
D:issy->is
D:iswise->is
D:a->a
Q:wiki->wik
D:wik->wik
D:wika->wik
D:wikal->wik
D:wikant->wik
D:wikary->wik
D:wikas->wik
D:wike->wik
D:wiked->wik
D:wikedly->wik
D:wikely->wik
D:wiken->wik
D:wikene->wik
D:wikened->wik
D:wikes->wik
D:wiki->wik
D:wikia->wik
D:wikiality->wik
D:wikian->wik
D:wikians->wik
D:wikible->wik
D:wikic->wik
D:wikical->wik
D:wikicide->wik
D:wikicity->wik
D:wikide->wik
D:wikied->wik
D:wikier->wik
D:wikiers->wik
D:wikies->wik
D:wikiful->wik
D:wikihood->wik
D:wikily->wik
D:wikination->wik
D:wikine->wik
D:wikiness->wik
D:wiking->wik
D:wikings->wik
D:wikion->wik
D:wikious->wik
D:wikis->wik
D:wikism->wik
D:wikist->wik
D:wikistics->wik
D:wikium->wik
D:wikization->wik
D:wikize->wik
D:wikized->wik
D:wikly->wik
D:wikness->wik
D:wiko->wik
D:wiks->wik
D:wikwise->wik
D:wiky->wik
D:wikying->wik
<query> what is a wiki</query><numhits>10</numhits><time>7300</time>
</ATIREsearch>
<ATIREsearch>
Q:cannellini->cannellin
D:cannellini->cannellin
D:cannellinis->cannellin
D:cannellinni->cannellin
D:cannellino->cannellin
Q:beans->bean
D:bean->bean
D:beana->bean
D:beanable->bean
D:beanage->bean
D:beanal->bean
D:beanary->bean
D:beane->bean
D:beaned->bean
D:beanen->bean
D:beanene->bean
D:beanery->bean
D:beanes->bean
D:beanful->bean
D:beani->bean
D:beania->bean
D:beanian->bean
D:beanians->bean
D:beanied->bean
D:beanies->bean
D:beanine->bean
D:beanines->bean
D:beaniness->bean
D:beaning->bean
D:beanings->bean
D:beanions->bean
D:beanis->bean
D:beanish->bean
D:beanism->bean
D:beanist->bean
D:beanities->bean
D:beanium->bean
D:beanizer->bean
D:beanless->bean
D:beanly->bean
D:beann->bean
D:beanna->bean
D:beannas->bean
D:beanne->bean
D:beanned->bean
D:beannies->bean
D:beanning->bean
D:beannions->bean
D:beannis->bean
D:beanns->bean
D:beanny->bean
D:beano->bean
D:beanoid->bean
D:beanone->bean
D:beans->bean
D:beanum->bean
D:beany->bean
<query> cannellini beans</query><numhits>10</numhits><time>724</time>
</ATIREsearch>
<ATIREsearch>
D:afghanistan->afghanistan
D:afghanistana->afghanistan
D:afghanistanas->afghanistan
D:afghanistanes->afghanistan
D:afghanistani->afghanistan
D:afghanistanian->afghanistan
D:afghanistanians->afghanistan
D:afghanistanies->afghanistan
D:afghanistanis->afghanistan
D:afghanistanisation->afghanistan
D:afghanistanism->afghanistan
D:afghanistanization->afghanistan
D:afghanistann->afghanistan
D:afghanistannational->afghanistan
D:afghanistans->afghanistan
D:afghanistany->afghanistan
D:flag->flag
D:flaga->flag
D:flagable->flag
D:flagae->flag
D:flagal->flag
D:flagant->flag
D:flagas->flag
D:flagator->flag
D:flagators->flag
D:flage->flag
D:flaged->flag
D:flagely->flag
D:flagen->flag
D:flagencies->flag
D:flagency->flag
D:flagene->flag
D:flagent->flag
D:flages->flag
D:flagg->flag
D:flagga->flag
D:flaggability->flag
D:flaggable->flag
D:flaggal->flag
D:flaggate->flag
D:flagge->flag
D:flagged->flag
D:flaggen->flag
D:flaggery->flag
D:flagges->flag
D:flaggi->flag
D:flaggier->flag
D:flaggies->flag
D:flagginess->flag
D:flagging->flag
D:flaggingly->flag
D:flaggings->flag
D:flaggish->flag
D:flaggishness->flag
D:flaggity->flag
D:flaggs->flag
D:flaggy->flag
D:flagi->flag
D:flagier->flag
D:flaginess->flag
D:flaging->flag
D:flagis->flag
D:flagish->flag
D:flagism->flag
D:flagist->flag
D:flagitous->flag
D:flagized->flag
D:flagless->flag
D:flagly->flag
D:flagness->flag
D:flago->flag
D:flagoid->flag
D:flags->flag
D:flagwise->flag
D:flagy->flag
<query> afghanistan flag</query><numhits>10</numhits><time>631</time>
</ATIREsearch>
<ATIREsearch>
D:old->old
D:olda->old
D:oldable->old
D:oldage->old
D:oldages->old
D:oldal->old
D:oldalist->old
D:oldals->old
D:oldance->old
D:oldant->old
D:oldaric->old
D:oldas->old
D:oldate->old
D:oldation->old
D:oldd->old
D:olddage->old
D:olddata->old
D:olddate->old
D:olddates->old
D:oldde->old
D:oldden->old
D:olddenly->old
D:olddentist->old
D:olddi->old
D:olddies->old
D:olddish->old
D:olddist->old
D:olddo->old
D:oldds->old
D:olddy->old
D:olde->old
D:olded->old
D:olden->old
D:oldene->old
D:oldened->old
D:oldeness->old
D:oldening->old
D:oldes->old
D:oldese->old
D:oldful->old
D:oldhood->old
D:oldi->old
D:oldia->old
D:oldians->old
D:oldic->old
D:oldide->old
D:oldied->old
D:oldier->old
D:oldiers->old
D:oldies->old
D:oldine->old
D:oldiness->old
D:olding->old
D:oldings->old
D:oldion->old
D:oldis->old
D:oldishness->old
D:oldism->old
D:oldist->old
D:oldity->old
D:oldize->old
D:oldizer->old
D:oldly->old
D:oldness->old
D:oldnesses->old
D:oldo->old
D:oldoid->old
D:olds->old
D:oldwise->old
D:oldy->old
D:town->town
D:towna->town
D:townage->town
D:townas->town
D:towne->town
D:towned->town
D:townely->town
D:townen->town
D:townened->town
D:townery->town
D:townes->town
D:townful->town
D:townhood->town
D:towni->town
D:townian->town
D:townians->town
D:townies->town
D:towniness->town
D:towning->town
D:townis->town
D:townish->town
D:townist->town
D:townless->town
D:townly->town
D:townn->town
D:townne->town
D:townness->town
D:townno->town
D:towno->town
D:townone->town
D:towns->town
D:townward->town
D:townwise->town
D:towny->town
Q:scottsdale->scottsdal
D:scottsdale->scottsdal
D:scottsdaled->scottsdal
D:scottsdalen->scottsdal
D:scottsdales->scottsdal
D:scottsdalian->scottsdal
D:scottsdalians->scottsdal
D:scottsdalle->scottsdal
D:scottsdalls->scottsdal
<query> old town scottsdale</query><numhits>10</numhits><time>1374</time>
</ATIREsearch>
<ATIREsearch>
D:roosevelt->roosevelt
D:roosevelta->roosevelt
D:rooseveltas->roosevelt
D:roosevelte->roosevelt
D:roosevelti->roosevelt
D:rooseveltia->roosevelt
D:rooseveltian->roosevelt
D:rooseveltians->roosevelt
D:rooseveltis->roosevelt
D:roosevelts->roosevelt
D:island->island
D:islanda->island
D:islandable->island
D:islandae->island
D:islandal->island
D:islandas->island
D:islandd->island
D:islanddata->island
D:islanddate->island
D:islanddating->island
D:islandde->island
D:islanddo->island
D:islandds->island
D:islande->island
D:islanded->island
D:islanden->island
D:islandental->island
D:islandes->island
D:islandese->island
D:islandhood->island
D:islandi->island
D:islandia->island
D:islandian->island
D:islandians->island
D:islandic->island
D:islandics->island
D:islandier->island
D:islanding->island
D:islandis->island
D:islandisation->island
D:islandish->island
D:islandism->island
D:islandium->island
D:islandive->island
D:islandization->island
D:islandized->island
D:islandless->island
D:islandlily->island
D:islandness->island
D:islando->island
D:islands->island
D:islandward->island
D:islandwise->island
D:islandy->island
<query> roosevelt island</query><numhits>10</numhits><time>911</time>
</ATIREsearch>
<ATIREsearch>
D:civil->civil
D:civila->civil
D:civilally->civil
D:civilar->civil
D:civilarisation->civil
D:civilas->civil
D:civilation->civil
D:civilations->civil
D:civile->civil
D:civiled->civil
D:civilement->civil
D:civilen->civil
D:civiles->civil
D:civili->civil
D:civilia->civil
D:civiliality->civil
D:civilially->civil
D:civilian->civil
D:civilians->civil
D:civilied->civil
D:civilies->civil
D:civilination->civil
D:civiline->civil
D:civilines->civil
D:civiling->civil
D:civilions->civil
D:civilis->civil
D:civilisation->civil
D:civilish->civil
D:civilism->civil
D:civilist->civil
D:civilistic->civil
D:civilists->civil
D:civilite->civil
D:civilities->civil
D:civility->civil
D:civilium->civil
D:civilizable->civil
D:civilization->civil
D:civilizational->civil
D:civilizationally->civil
D:civilizations->civil
D:civilize->civil
D:civilized->civil
D:civilizer->civil
D:civilizers->civil
D:civilizing->civil
D:civill->civil
D:civilla->civil
D:civille->civil
D:civilles->civil
D:civilli->civil
D:civillia->civil
D:civillian->civil
D:civillians->civil
D:civilline->civil
D:civillines->civil
D:civillions->civil
D:civillis->civil
D:civillisation->civil
D:civillist->civil
D:civillity->civil
D:civillization->civil
D:civillizational->civil
D:civillizations->civil
D:civillized->civil
D:civillo->civil
D:civilly->civil
D:civilness->civil
D:civilo->civil
D:civils->civil
D:civilwise->civil
D:war->war
D:wara->war
D:warable->war
D:warae->war
D:warage->war
D:waral->war
D:warant->war
D:warants->war
D:waras->war
D:warata->war
D:warate->war
D:warated->war
D:warating->war
D:warator->war
D:ware->war
D:wared->war
D:wareful->war
D:wareless->war
D:warely->war
D:warement->war
D:waren->war
D:warence->war
D:warene->war
D:warened->war
D:wareness->war
D:warental->war
D:warently->war
D:wareous->war
D:wares->war
D:warese->war
D:warful->war
D:warfully->war
D:warhood->war
D:wari->war
D:waria->war
D:warial->war
D:warian->war
D:warians->war
D:waric->war
D:waried->war
D:warier->war
D:wariers->war
D:waries->war
D:warily->war
D:warine->war
D:warines->war
D:wariness->war
D:waring->war
D:waringly->war
D:warings->war
D:warion->war
D:warious->war
D:waris->war
D:warishness->war
D:warism->war
D:warisms->war
D:warist->war
D:warists->war
D:warities->war
D:warity->war
D:warive->war
D:warless->war
D:warlessness->war
D:warly->war
D:warness->war
D:waro->war
D:warone->war
D:warous->war
D:warr->war
D:warra->war
D:warrae->war
D:warrage->war
D:warral->war
D:warrally->war
D:warrancy->war
D:warrant->war
D:warrants->war
D:warras->war
D:warrated->war
D:warre->war
D:warred->war
D:warren->war
D:warrence->war
D:warrene->war
D:warrened->war
D:warrening->war
D:warrent->war
D:warrented->war
D:warrently->war
D:warres->war
D:warri->war
D:warria->war
D:warrial->war
D:warrian->war
D:warric->war
D:warried->war
D:warrier->war
D:warriers->war
D:warries->war
D:warrily->war
D:warrine->war
D:warriness->war
D:warring->war
D:warringly->war
D:warrings->war
D:warrion->war
D:warrions->war
D:warrious->war
D:warris->war
D:warrish->war
D:warrists->war
D:warrity->war
D:warrive->war
D:warro->war
D:warroid->war
D:warrous->war
D:warrs->war
D:warrum->war
D:warry->war
D:warrying->war
D:wars->war
D:warum->war
D:warward->war
D:warwise->war
D:wary->war
D:warying->war
D:waryl->war
Q:battles->battl
D:battl->battl
D:battla->battl
D:battlar->battl
D:battlation->battl
D:battle->battl
D:battled->battl
D:battleful->battl
D:battlehood->battl
D:battleless->battl
D:battlement->battl
D:battlen->battl
D:battleness->battl
D:battlery->battl
D:battles->battl
D:battlese->battl
D:battli->battl
D:battlies->battl
D:battline->battl
D:battlines->battl
D:battling->battl
D:battlings->battl
D:battlions->battl
D:battlish->battl
D:battlism->battl
D:battlize->battl
D:battlized->battl
D:battlizer->battl
D:battlizers->battl
D:battlle->battl
D:battlled->battl
D:battlles->battl
D:battlling->battl
D:battllo->battl
D:battlo->battl
D:battloid->battl
D:battls->battl
D:battlying->battl
D:battul->battl
D:battula->battl
D:battuls->battl
D:in->in
D:ina->in
D:inability->in
D:inable->in
D:inably->in
D:inacity->in
D:inae->in
D:inaic->in
D:inalist->in
D:inality->in
D:inalize->in
D:inancial->in
D:inarial->in
D:inarily->in
D:inarization->in
D:inata->in
D:inate->in
D:inated->in
D:inately->in
D:inateness->in
D:inates->in
D:inating->in
D:inative->in
D:inatives->in
D:inator->in
D:inators->in
D:inatory->in
D:inature->in
D:ine->in
D:ineal->in
D:inear->in
D:inearly->in
D:ined->in
D:inedly->in
D:ineless->in
D:inely->in
D:inement->in
D:inence->in
D:inences->in
D:inene->in
D:ineness->in
D:inental->in
D:inently->in
D:ineous->in
D:inery->in
D:ines->in
D:inese->in
D:inful->in
D:infully->in
D:inhood->in
D:ini->in
D:inia->in
D:inial->in
D:inialize->in
D:inially->in
D:inian->in
D:inians->in
D:inibility->in
D:inic->in
D:inical->in
D:inician->in
D:inicist->in
D:inicity->in
D:inics->in
D:inide->in
D:inides->in
D:inied->in
D:inier->in
D:inies->in
D:inily->in
D:inine->in
D:inines->in
D:inis->in
D:inished->in
D:inist->in
D:inists->in
D:initeness->in
D:inities->in
D:initous->in
D:inity->in
D:inium->in
D:inive->in
D:inizations->in
D:inless->in
D:inn->in
D:inna->in
D:innability->in
D:innable->in
D:innae->in
D:innage->in
D:innages->in
D:innal->in
D:innally->in
D:innant->in
D:innary->in
D:innas->in
D:innata->in
D:innate->in
D:innated->in
D:innately->in
D:innateness->in
D:innates->in
D:innatic->in
D:innational->in
D:innations->in
D:innative->in
D:innativism->in
D:innators->in
D:innature->in
D:inne->in
D:inned->in
D:inneity->in
D:innen->in
D:innery->in
D:innes->in
D:innese->in
D:inness->in
D:innesses->in
D:inni->in
D:innia->in
D:innially->in
D:innians->in
D:innibility->in
D:innic->in
D:innies->in
D:innine->in
D:inning->in
D:innings->in
D:innions->in
D:innis->in
D:innities->in
D:innity->in
D:innivity->in
D:innized->in
D:innless->in
D:innness->in
D:inno->in
D:innogen->in
D:innone->in
D:innotide->in
D:inns->in
D:innum->in
D:innwise->in
D:inny->in
D:innyl->in
D:ino->in
D:inogen->in
D:inoid->in
D:inone->in
D:inotide->in
D:inous->in
D:ins->in
D:inum->in
D:inward->in
D:inwise->in
D:inyl->in
D:south->south
D:southa->south
D:southae->south
D:southage->south
D:southaic->south
D:southal->south
D:southants->south
D:southas->south
D:southe->south
D:southed->south
D:southely->south
D:southen->south
D:southene->south
D:southent->south
D:southery->south
D:southes->south
D:southese->south
D:southhood->south
D:southi->south
D:southian->south
D:southide->south
D:southiers->south
D:southies->south
D:southiness->south
D:southing->south
D:southings->south
D:southion->south
D:southis->south
D:southish->south
D:southisms->south
D:southist->south
D:southists->south
D:southlily->south
D:southly->south
D:southness->south
D:southo->south
D:souths->south
D:southward->south
D:southwise->south
D:southy->south
Q:carolina->carolin
D:carolin->carolin
D:carolina->carolin
D:carolinacity->carolin
D:carolinacy->carolin
D:carolinae->carolin
D:carolinages->carolin
D:carolinal->carolin
D:carolinalist->carolin
D:carolinals->carolin
D:carolinas->carolin
D:carolinature->carolin
D:carolinear->carolin
D:carolined->carolin
D:carolinement->carolin
D:carolinen->carolin
D:carolinese->carolin
D:carolini->carolin
D:carolinia->carolin
D:carolinian->carolin
D:carolinians->carolin
D:carolinium->carolin
D:carolinn->carolin
D:carolinna->carolin
D:carolinne->carolin
D:carolinni->carolin
D:carolinny->carolin
D:carolino->carolin
D:carolinous->carolin
D:carolins->carolin
D:carolinum->carolin
D:caroliny->carolin
<query> civil war battles in south carolina</query><numhits>10</numhits><time>5816</time>
</ATIREsearch>
<ATIREsearch>
D:rain->rain
D:raina->rain
D:rainability->rain
D:rainae->rain
D:rainage->rain
D:rainal->rain
D:rainals->rain
D:rainas->rain
D:rainata->rain
D:raine->rain
D:rainear->rain
D:rained->rain
D:rainen->rain
D:rainene->rain
D:rainery->rain
D:raines->rain
D:rainful->rain
D:rainfully->rain
D:rainhood->rain
D:raini->rain
D:rainia->rain
D:rainian->rain
D:rainians->rain
D:rainic->rain
D:rainicity->rain
D:rainied->rain
D:rainier->rain
D:rainiers->rain
D:rainies->rain
D:rainily->rain
D:raininess->rain
D:raining->rain
D:rainingness->rain
D:rainings->rain
D:rainis->rain
D:rainish->rain
D:rainism->rain
D:rainity->rain
D:rainium->rain
D:rainization->rain
D:rainless->rain
D:rainlessness->rain
D:rainlily->rain
D:rainly->rain
D:rainn->rain
D:rainna->rain
D:rainnance->rain
D:rainne->rain
D:rainned->rain
D:rainnes->rain
D:rainni->rain
D:rainnier->rain
D:rainnine->rain
D:rainning->rain
D:rainno->rain
D:rainnous->rain
D:rainns->rain
D:rainny->rain
D:raino->rain
D:rainone->rain
D:rainous->rain
D:rains->rain
D:rainum->rain
D:rainward->rain
D:rainwise->rain
D:rainy->rain
D:rainyish->rain
D:rainyl->rain
D:man->man
D:mana->man
D:manability->man
D:manable->man
D:manacy->man
D:manae->man
D:manage->man
D:manages->man
D:managing->man
D:manaic->man
D:manaical->man
D:manaically->man
D:manal->man
D:manalism->man
D:manalist->man
D:manally->man
D:manals->man
D:manance->man
D:manancial->man
D:manancy->man
D:manant->man
D:manants->man
D:manaries->man
D:manary->man
D:manas->man
D:manata->man
D:manate->man
D:manated->man
D:manates->man
D:manatic->man
D:manating->man
D:manation->man
D:manations->man
D:manator->man
D:manatory->man
D:manature->man
D:mane->man
D:maned->man
D:maneful->man
D:maneless->man
D:manely->man
D:manement->man
D:manen->man
D:manence->man
D:manences->man
D:manency->man
D:manene->man
D:maneness->man
D:manently->man
D:manery->man
D:manes->man
D:manese->man
D:manful->man
D:manfully->man
D:manfulness->man
D:manhood->man
D:mani->man
D:mania->man
D:manial->man
D:manian->man
D:manians->man
D:manible->man
D:manic->man
D:manical->man
D:manically->man
D:manicism->man
D:manics->man
D:manide->man
D:manides->man
D:manied->man
D:manier->man
D:maniers->man
D:manies->man
D:maniful->man
D:manily->man
D:manine->man
D:maniness->man
D:maning->man
D:maningly->man
D:manings->man
D:manions->man
D:manious->man
D:manis->man
D:manisation->man
D:manished->man
D:manishness->man
D:manism->man
D:manisms->man
D:manist->man
D:manistic->man
D:manists->man
D:manities->man
D:manitous->man
D:manity->man
D:manium->man
D:manive->man
D:manization->man
D:manize->man
D:manized->man
D:manizer->man
D:manizers->man
D:manizing->man
D:manless->man
D:manlessness->man
D:manlily->man
D:manly->man
D:mann->man
D:manna->man
D:mannable->man
D:mannae->man
D:mannage->man
D:mannages->man
D:mannaging->man
D:mannal->man
D:mannally->man
D:mannals->man
D:mannant->man
D:mannary->man
D:mannas->man
D:mannata->man
D:mannate->man
D:mannational->man
D:manne->man
D:manned->man
D:mannely->man
D:mannen->man
D:mannent->man
D:mannery->man
D:mannes->man
D:mannese->man
D:manness->man
D:manni->man
D:mannia->man
D:mannian->man
D:mannians->man
D:mannic->man
D:mannics->man
D:mannide->man
D:mannier->man
D:manniers->man
D:mannies->man
D:mannine->man
D:manniness->man
D:manning->man
D:manningly->man
D:mannings->man
D:mannions->man
D:mannis->man
D:mannish->man
D:mannishness->man
D:mannism->man
D:mannisms->man
D:mannist->man
D:mannity->man
D:mannly->man
D:manno->man
D:mannone->man
D:manns->man
D:mannum->man
D:manny->man
D:mannying->man
D:mannyl->man
D:mano->man
D:manogen->man
D:manoid->man
D:manone->man
D:manous->man
D:mans->man
D:manum->man
D:manward->man
D:manwise->man
D:many->man
D:manying->man
D:manyish->man
D:manyl->man
<query> rain man</query><numhits>10</numhits><time>1993</time>
</ATIREsearch>
<ATIREsearch>
Q:eggs->eg
D:eg->eg
D:ega->eg
D:egable->eg
D:egacies->eg
D:egacity->eg
D:egacy->eg
D:egae->eg
D:egality->eg
D:egalize->eg
D:egata->eg
D:egate->eg
D:egated->eg
D:egately->eg
D:egates->eg
D:egating->eg
D:egative->eg
D:egatives->eg
D:egativism->eg
D:egator->eg
D:ege->eg
D:eged->eg
D:egedly->eg
D:egeful->eg
D:egeless->eg
D:egely->eg
D:egement->eg
D:egence->eg
D:egencies->eg
D:egency->eg
D:egene->eg
D:egeness->eg
D:egening->eg
D:egery->eg
D:eges->eg
D:egese->eg
D:egful->eg
D:egg->eg
D:egga->eg
D:eggability->eg
D:eggable->eg
D:eggacy->eg
D:eggae->eg
D:eggage->eg
D:eggal->eg
D:eggality->eg
D:eggant->eg
D:eggary->eg
D:eggas->eg
D:eggate->eg
D:egge->eg
D:egged->eg
D:eggement->eg
D:eggen->eg
D:eggene->eg
D:eggental->eg
D:eggery->eg
D:egges->eg
D:egghood->eg
D:eggi->eg
D:eggia->eg
D:eggian->eg
D:eggicide->eg
D:eggier->eg
D:eggies->eg
D:eggine->eg
D:egginess->eg
D:egging->eg
D:eggings->eg
D:eggis->eg
D:eggless->eg
D:egglessly->eg
D:eggly->eg
D:eggness->eg
D:eggo->eg
D:eggs->eg
D:eggward->eg
D:eggwise->eg
D:eggy->eg
D:eghood->eg
D:egi->eg
D:egia->eg
D:egial->eg
D:egian->eg
D:egibility->eg
D:egible->eg
D:egic->eg
D:egics->eg
D:egide->eg
D:egied->eg
D:egier->eg
D:egiers->eg
D:egies->eg
D:egine->eg
D:egines->eg
D:egional->eg
D:egionalism->eg
D:egionally->eg
D:egis->eg
D:egist->eg
D:egistic->eg
D:egistics->eg
D:egists->eg
D:egive->eg
D:egless->eg
D:egness->eg
D:ego->eg
D:egoid->eg
D:egs->eg
D:shelf->shelf
D:shelfa->shelf
D:shelfability->shelf
D:shelfal->shelf
D:shelfe->shelf
D:shelfed->shelf
D:shelfen->shelf
D:shelfes->shelf
D:shelfful->shelf
D:shelfi->shelf
D:shelfia->shelf
D:shelfian->shelf
D:shelfians->shelf
D:shelfied->shelf
D:shelfine->shelf
D:shelfing->shelf
D:shelfis->shelf
D:shelfish->shelf
D:shelfishness->shelf
D:shelfless->shelf
D:shelflessness->shelf
D:shelfness->shelf
D:shelfo->shelf
D:shelfs->shelf
D:shelfward->shelf
D:shelfwise->shelf
D:shelfy->shelf
Q:life->lif
D:lif->lif
D:lifa->lif
D:lifae->lif
D:lifage->lif
D:lifal->lif
D:lifant->lif
D:lifary->lif
D:lifas->lif
D:life->lif
D:lifed->lif
D:lifeful->lif
D:lifefully->lif
D:lifehood->lif
D:lifeless->lif
D:lifelihood->lif
D:lifely->lif
D:lifen->lif
D:lifence->lif
D:lifencing->lif
D:lifene->lif
D:lifeness->lif
D:lifening->lif
D:lifeous->lif
D:lifery->lif
D:lifes->lif
D:lifese->lif
D:liffully->lif
D:lifi->lif
D:lifia->lif
D:lifial->lif
D:lifian->lif
D:lific->lif
D:lification->lif
D:lified->lif
D:lifier->lif
D:lifiers->lif
D:lifies->lif
D:lifing->lif
D:lifis->lif
D:lifism->lif
D:lifist->lif
D:lifite->lif
D:lifities->lif
D:lifity->lif
D:lifium->lif
D:lifless->lif
D:liflessly->lif
D:lifly->lif
D:lifo->lif
D:lifous->lif
D:lifs->lif
D:lifwise->lif
D:lify->lif
D:lifying->lif
<query> eggs shelf life</query><numhits>10</numhits><time>2141</time>
</ATIREsearch>
<ATIREsearch>
Q:occupational->occup
D:occup->occup
D:occupa->occup
D:occupability->occup
D:occupable->occup
D:occupacity->occup
D:occupacy->occup
D:occupage->occup
D:occupal->occup
D:occupals->occup
D:occupance->occup
D:occupancies->occup
D:occupancy->occup
D:occupant->occup
D:occupantic->occup
D:occupants->occup
D:occupata->occup
D:occupate->occup
D:occupated->occup
D:occupates->occup
D:occupating->occup
D:occupation->occup
D:occupational->occup
D:occupationally->occup
D:occupations->occup
D:occupative->occup
D:occupator->occup
D:occupators->occup
D:occupe->occup
D:occuped->occup
D:occupencies->occup
D:occupency->occup
D:occupent->occup
D:occupes->occup
D:occupi->occup
D:occupide->occup
D:occupied->occup
D:occupiedly->occup
D:occupier->occup
D:occupiers->occup
D:occupies->occup
D:occupine->occup
D:occupines->occup
D:occuping->occup
D:occupion->occup
D:occupious->occup
D:occupism->occup
D:occupist->occup
D:occupists->occup
D:occuply->occup
D:occupo->occup
D:occuppacy->occup
D:occuppance->occup
D:occuppancy->occup
D:occuppant->occup
D:occuppation->occup
D:occuppational->occup
D:occuppe->occup
D:occuppied->occup
D:occuppier->occup
D:occuppiers->occup
D:occuppies->occup
D:occuppy->occup
D:occuppying->occup
D:occups->occup
D:occupy->occup
D:occupying->occup
Q:therapist->therap
D:therap->therap
D:therapa->therap
D:therapals->therap
D:therapatic->therap
D:therape->therap
D:theraped->therap
D:therapen->therap
D:therapes->therap
D:therapese->therap
D:therapi->therap
D:therapia->therap
D:therapic->therap
D:therapics->therap
D:therapied->therap
D:therapier->therap
D:therapiers->therap
D:therapies->therap
D:theraping->therap
D:therapion->therap
D:therapis->therap
D:therapish->therap
D:therapism->therap
D:therapist->therap
D:therapistic->therap
D:therapists->therap
D:therapium->therap
D:therapize->therap
D:therapized->therap
D:therapizers->therap
D:therapizing->therap
D:therapo->therap
D:therapp->therap
D:therappa->therap
D:therappe->therap
D:therappist->therap
D:therappy->therap
D:theraps->therap
D:therapy->therap
D:therapying->therap
<query> occupational therapist</query><numhits>10</numhits><time>868</time>
</ATIREsearch>
<ATIREsearch>
D:ford->ford
D:forda->ford
D:fordability->ford
D:fordable->ford
D:fordacious->ford
D:fordae->ford
D:fordal->ford
D:fordance->ford
D:fordancing->ford
D:fordant->ford
D:fordas->ford
D:fordata->ford
D:fordate->ford
D:fordating->ford
D:fordd->ford
D:fordde->ford
D:forddent->ford
D:forddes->ford
D:forddy->ford
D:forde->ford
D:forded->ford
D:forden->ford
D:fordental->ford
D:fordery->ford
D:fordes->ford
D:fordhood->ford
D:fordi->ford
D:fordia->ford
D:fordial->ford
D:fordian->ford
D:fordians->ford
D:fordier->ford
D:fordies->ford
D:fordine->ford
D:fording->ford
D:fordings->ford
D:fordion->ford
D:fordis->ford
D:fordisation->ford
D:fordish->ford
D:fordism->ford
D:fordisms->ford
D:fordist->ford
D:fordistic->ford
D:fordists->ford
D:fordite->ford
D:fordiveness->ford
D:fordized->ford
D:fordless->ford
D:fordly->ford
D:fordo->ford
D:fordous->ford
D:fords->ford
D:fordward->ford
D:fordy->ford
D:fordying->ford
Q:edge->edg
D:edg->edg
D:edga->edg
D:edgable->edg
D:edgae->edg
D:edgal->edg
D:edgally->edg
D:edgarization->edg
D:edgarize->edg
D:edgarized->edg
D:edgarizing->edg
D:edgary->edg
D:edgas->edg
D:edgate->edg
D:edge->edg
D:edged->edg
D:edgedly->edg
D:edgeful->edg
D:edgeless->edg
D:edgely->edg
D:edgement->edg
D:edgen->edg
D:edgene->edg
D:edgeness->edg
D:edgery->edg
D:edges->edg
D:edgese->edg
D:edgg->edg
D:edgga->edg
D:edgge->edg
D:edgged->edg
D:edgges->edg
D:edggi->edg
D:edggs->edg
D:edggy->edg
D:edgi->edg
D:edgia->edg
D:edgian->edg
D:edgible->edg
D:edgic->edg
D:edgics->edg
D:edgier->edg
D:edgies->edg
D:edgily->edg
D:edgine->edg
D:edginess->edg
D:edging->edg
D:edgingly->edg
D:edgings->edg
D:edgis->edg
D:edgity->edg
D:edgless->edg
D:edgly->edg
D:edgo->edg
D:edgs->edg
D:edgward->edg
D:edgwise->edg
D:edgy->edg
Q:problems->problem
D:problem->problem
D:problema->problem
D:problemacy->problem
D:problemage->problem
D:problemaic->problem
D:problemaical->problem
D:problemantic->problem
D:problemaric->problem
D:problemas->problem
D:problemata->problem
D:problemate->problem
D:problematic->problem
D:problemating->problem
D:problemation->problem
D:problemative->problem
D:problemator->problem
D:probleme->problem
D:problemed->problem
D:problemen->problem
D:problemene->problem
D:problemes->problem
D:problemful->problem
D:problemhood->problem
D:problemi->problem
D:problemia->problem
D:problemic->problem
D:problemical->problem
D:problemies->problem
D:probleming->problem
D:problemis->problem
D:problemish->problem
D:problemist->problem
D:problemistic->problem
D:problemistics->problem
D:problemists->problem
D:problemization->problem
D:problemize->problem
D:problemizing->problem
D:problemless->problem
D:problemly->problem
D:problemm->problem
D:problemma->problem
D:problemmate->problem
D:problemmatic->problem
D:problemme->problem
D:problemmed->problem
D:problemmes->problem
D:problemming->problem
D:problemmo->problem
D:problemms->problem
D:problemmy->problem
D:problemness->problem
D:problemo->problem
D:problemous->problem
D:problems->problem
D:problemum->problem
D:problemy->problem
<query> ford edge problems</query><numhits>10</numhits><time>1463</time>
</ATIREsearch>
<ATIREsearch>
Q:identifying->identif
D:identif->identif
D:identifa->identif
D:identifable->identif
D:identifably->identif
D:identifaction->identif
D:identifant->identif
D:identifation->identif
D:identifations->identif
D:identife->identif
D:identifed->identif
D:identifes->identif
D:identifi->identif
D:identifia->identif
D:identifible->identif
D:identific->identif
D:identifical->identif
D:identifically->identif
D:identification->identif
D:identifide->identif
D:identified->identif
D:identifier->identif
D:identifiers->identif
D:identifies->identif
D:identifing->identif
D:identifions->identif
D:identifisation->identif
D:identifities->identif
D:identifity->identif
D:identifive->identif
D:identifization->identif
D:identifize->identif
D:identifly->identif
D:identifo->identif
D:identify->identif
D:identifying->identif
D:spider->spider
D:spidera->spider
D:spiderability->spider
D:spiderable->spider
D:spiderant->spider
D:spiderants->spider
D:spideras->spider
D:spiderator->spider
D:spidere->spider
D:spidered->spider
D:spiderene->spider
D:spideres->spider
D:spiderful->spider
D:spiderhood->spider
D:spideri->spider
D:spiderians->spider
D:spideric->spider
D:spiderical->spider
D:spiderine->spider
D:spideriness->spider
D:spidering->spider
D:spiderings->spider
D:spiderious->spider
D:spideris->spider
D:spiderish->spider
D:spiderism->spider
D:spiderisms->spider
D:spiderite->spider
D:spiderizable->spider
D:spiderize->spider
D:spiderized->spider
D:spiderizing->spider
D:spiderless->spider
D:spiderlily->spider
D:spiderly->spider
D:spiderness->spider
D:spidero->spider
D:spideroid->spider
D:spiderone->spider
D:spiderous->spider
D:spiderr->spider
D:spiderring->spider
D:spiderro->spider
D:spiders->spider
D:spiderwise->spider
Q:bites->bit
D:bit->bit
D:bita->bit
D:bitable->bit
D:bitage->bit
D:bital->bit
D:bitance->bit
D:bitant->bit
D:bitants->bit
D:bitas->bit
D:bitata->bit
D:bitate->bit
D:bitation->bit
D:bitations->bit
D:bitature->bit
D:bite->bit
D:bited->bit
D:biteful->bit
D:biteless->bit
D:bitely->bit
D:biten->bit
D:bitency->bit
D:bitene->bit
D:bitening->bit
D:bitery->bit
D:bites->bit
D:bitful->bit
D:biti->bit
D:bitia->bit
D:bitian->bit
D:bitic->bit
D:bitide->bit
D:bitier->bit
D:bities->bit
D:bitiful->bit
D:bitine->bit
D:biting->bit
D:bitingly->bit
D:bitingness->bit
D:bitings->bit
D:bition->bit
D:bitional->bit
D:bitions->bit
D:bitious->bit
D:bitis->bit
D:bitishness->bit
D:bitism->bit
D:bitist->bit
D:bitistics->bit
D:bitite->bit
D:bititous->bit
D:bitivity->bit
D:bitization->bit
D:bitize->bit
D:bitless->bit
D:bitlessness->bit
D:bitly->bit
D:bitness->bit
D:bito->bit
D:biton->bit
D:bitor->bit
D:bitous->bit
D:bits->bit
D:bitt->bit
D:bitta->bit
D:bittable->bit
D:bittacy->bit
D:bittage->bit
D:bittal->bit
D:bittally->bit
D:bittance->bit
D:bittas->bit
D:bitte->bit
D:bitted->bit
D:bitten->bit
D:bittence->bit
D:bittened->bit
D:bitteness->bit
D:bittery->bit
D:bittes->bit
D:bitti->bit
D:bittia->bit
D:bittier->bit
D:bitties->bit
D:bittily->bit
D:bittine->bit
D:bittiness->bit
D:bitting->bit
D:bittings->bit
D:bittis->bit
D:bittist->bit
D:bittium->bit
D:bittless->bit
D:bittness->bit
D:bitto->bit
D:bittor->bit
D:bitts->bit
D:bitty->bit
D:bittying->bit
D:bitwise->bit
D:bity->bit
<query> identifying spider bites</query><numhits>10</numhits><time>1351</time>
</ATIREsearch>
<ATIREsearch>
Q:history->histor
D:histora->histor
D:historae->histor
D:historal->histor
D:historally->histor
D:historas->histor
D:historates->histor
D:histore->histor
D:histores->histor
D:histori->histor
D:historia->histor
D:historial->histor
D:historiality->histor
D:historially->histor
D:historials->histor
D:historian->histor
D:historians->histor
D:historic->histor
D:historical->histor
D:historicalism->histor
D:historicalist->histor
D:historicality->histor
D:historically->histor
D:historicalness->histor
D:historician->histor
D:historicians->histor
D:historicide->histor
D:historicism->histor
D:historicist->histor
D:historicists->histor
D:historicity->histor
D:historics->histor
D:historied->histor
D:historier->histor
D:histories->histor
D:historiful->histor
D:historine->histor
D:historing->histor
D:historion->histor
D:historions->histor
D:historious->histor
D:historis->histor
D:historisation->histor
D:historish->histor
D:historism->histor
D:historisms->histor
D:historist->histor
D:historistic->histor
D:historite->histor
D:histority->histor
D:historium->histor
D:historization->histor
D:historize->histor
D:historized->histor
D:historizers->histor
D:historizing->histor
D:historo->histor
D:historr->histor
D:historri->histor
D:historric->histor
D:historry->histor
D:histors->histor
D:historum->histor
D:history->histor
D:historying->histor
D:historyish->histor
D:historyl->histor
D:of->of
D:ofa->of
D:ofacy->of
D:ofae->of
D:ofata->of
D:ofate->of
D:ofates->of
D:ofe->of
D:ofed->of
D:ofely->of
D:ofence->of
D:ofences->of
D:ofene->of
D:ofening->of
D:ofently->of
D:ofes->of
D:offul->of
D:offully->of
D:ofi->of
D:ofia->of
D:ofial->of
D:ofian->of
D:ofic->of
D:ofical->of
D:ofically->of
D:ofician->of
D:oficist->of
D:ofics->of
D:ofide->of
D:ofied->of
D:ofier->of
D:ofies->of
D:ofily->of
D:ofine->of
D:ofis->of
D:ofist->of
D:ofite->of
D:ofities->of
D:ofive->of
D:ofless->of
D:ofness->of
D:ofnesses->of
D:ofo->of
D:ofous->of
D:ofously->of
D:ofs->of
D:ofward->of
D:ofwise->of
Q:orcas->orc
D:orc->orc
D:orca->orc
D:orcacity->orc
D:orcae->orc
D:orcage->orc
D:orcal->orc
D:orcas->orc
D:orcation->orc
D:orce->orc
D:orced->orc
D:orcefully->orc
D:orcement->orc
D:orcen->orc
D:orcery->orc
D:orces->orc
D:orci->orc
D:orcia->orc
D:orcial->orc
D:orcian->orc
D:orcibly->orc
D:orcic->orc
D:orcier->orc
D:orcing->orc
D:orcings->orc
D:orcion->orc
D:orcis->orc
D:orcism->orc
D:orcisms->orc
D:orcist->orc
D:orcistic->orc
D:orcities->orc
D:orcity->orc
D:orcium->orc
D:orcly->orc
D:orcness->orc
D:orco->orc
D:orcs->orc
D:orcus->orc
D:orcward->orc
D:orcy->orc
D:island->island
D:islanda->island
D:islandable->island
D:islandae->island
D:islandal->island
D:islandas->island
D:islandd->island
D:islanddata->island
D:islanddate->island
D:islanddating->island
D:islandde->island
D:islanddo->island
D:islandds->island
D:islande->island
D:islanded->island
D:islanden->island
D:islandental->island
D:islandes->island
D:islandese->island
D:islandhood->island
D:islandi->island
D:islandia->island
D:islandian->island
D:islandians->island
D:islandic->island
D:islandics->island
D:islandier->island
D:islanding->island
D:islandis->island
D:islandisation->island
D:islandish->island
D:islandism->island
D:islandium->island
D:islandive->island
D:islandization->island
D:islandized->island
D:islandless->island
D:islandlily->island
D:islandness->island
D:islando->island
D:islands->island
D:islandward->island
D:islandwise->island
D:islandy->island
<query> history of orcas island</query><numhits>10</numhits><time>4725</time>
</ATIREsearch>
<ATIREsearch>
D:tooth->tooth
D:tootha->tooth
D:toothal->tooth
D:toothe->tooth
D:toothed->tooth
D:tootheless->tooth
D:toothen->tooth
D:toothes->tooth
D:toothese->tooth
D:toothful->tooth
D:toothfully->tooth
D:toothier->tooth
D:toothies->tooth
D:toothily->tooth
D:toothiness->tooth
D:toothing->tooth
D:toothis->tooth
D:toothless->tooth
D:toothlessly->tooth
D:toothlessness->tooth
D:toothly->tooth
D:toothness->tooth
D:tooths->tooth
D:toothy->tooth
Q:abscess->absces
D:abscesed->absces
D:absceses->absces
D:abscesing->absces
D:absceso->absces
D:abscess->absces
D:abscessal->absces
D:abscessation->absces
D:abscessations->absces
D:abscesse->absces
D:abscessed->absces
D:abscesses->absces
D:abscessi->absces
D:abscessing->absces
D:abscession->absces
D:abscessium->absces
D:abscessive->absces
D:abscesso->absces
D:abscettic->absces
<query> tooth abscess</query><numhits>10</numhits><time>477</time>
</ATIREsearch>
<ATIREsearch>
Q:barrett->barres
D:barresen->barres
D:barreses->barres
D:barresi->barres
D:barress->barres
D:barressa->barres
D:barresse->barres
D:barressi->barres
D:barressy->barres
D:barret->barres
D:barreta->barres
D:barretage->barres
D:barretal->barres
D:barretas->barres
D:barrete->barres
D:barretes->barres
D:barretier->barres
D:barretine->barres
D:barretines->barres
D:barreto->barres
D:barretor->barres
D:barrets->barres
D:barrett->barres
D:barretta->barres
D:barrettae->barres
D:barrettas->barres
D:barrette->barres
D:barretted->barres
D:barrettes->barres
D:barretti->barres
D:barrettine->barres
D:barrettized->barres
D:barretto->barres
D:barretts->barres
D:barretty->barres
D:barrety->barres
D:s->s
D:esophagus->esophagus
D:esophaguses->esophagus
D:esophaguss->esophagus
<query> barrett s esophagus</query><numhits>10</numhits><time>2878</time>
</ATIREsearch>
<ATIREsearch>
Q:teddy->ted
D:ted->ted
D:teda->ted
D:tedacious->ted
D:tedae->ted
D:tedal->ted
D:tedance->ted
D:tedant->ted
D:tedas->ted
D:tedata->ted
D:tedate->ted
D:tedator->ted
D:tedd->ted
D:tedda->ted
D:teddacious->ted
D:teddae->ted
D:teddance->ted
D:tedde->ted
D:tedded->ted
D:tedden->ted
D:teddes->ted
D:teddi->ted
D:teddible->ted
D:teddibly->ted
D:teddicide->ted
D:teddier->ted
D:teddies->ted
D:teddiness->ted
D:tedding->ted
D:teddings->ted
D:teddious->ted
D:teddis->ted
D:teddish->ted
D:teddism->ted
D:teddly->ted
D:teddo->ted
D:tedds->ted
D:teddward->ted
D:teddy->ted
D:tede->ted
D:teded->ted
D:teden->ted
D:tedencies->ted
D:tedency->ted
D:tedene->ted
D:tedeous->ted
D:tedes->ted
D:tedese->ted
D:tedhood->ted
D:tedi->ted
D:tedia->ted
D:tedial->ted
D:tedian->ted
D:tedic->ted
D:tedical->ted
D:tedically->ted
D:tedicant->ted
D:tedies->ted
D:tedine->ted
D:teding->ted
D:tedion->ted
D:tedions->ted
D:tedious->ted
D:tediously->ted
D:tediousness->ted
D:tedis->ted
D:tedism->ted
D:tedisms->ted
D:tedity->ted
D:tedium->ted
D:tedizer->ted
D:tedly->ted
D:tedness->ted
D:tedo->ted
D:tedous->ted
D:teds->ted
D:tedward->ted
D:tedwise->ted
D:tedy->ted
Q:bears->bear
D:bear->bear
D:beara->bear
D:bearability->bear
D:bearable->bear
D:bearableness->bear
D:bearably->bear
D:bearalist->bear
D:bearance->bear
D:bearas->bear
D:bearate->bear
D:bearator->bear
D:beare->bear
D:beared->bear
D:beareful->bear
D:bearely->bear
D:bearen->bear
D:bearence->bear
D:beares->bear
D:bearese->bear
D:bearhood->bear
D:beari->bear
D:bearia->bear
D:bearian->bear
D:bearians->bear
D:bearible->bear
D:bearics->bear
D:bearide->bear
D:bearied->bear
D:bearier->bear
D:bearine->bear
D:beariness->bear
D:bearing->bear
D:bearingly->bear
D:bearings->bear
D:bearion->bear
D:bearis->bear
D:bearish->bear
D:bearishness->bear
D:bearism->bear
D:bearisms->bear
D:bearist->bear
D:bearium->bear
D:bearless->bear
D:bearlily->bear
D:bearly->bear
D:bearness->bear
D:bearo->bear
D:bearone->bear
D:bearous->bear
D:bearr->bear
D:bearra->bear
D:bearrable->bear
D:bearrage->bear
D:bearre->bear
D:bearred->bear
D:bearrelity->bear
D:bearren->bear
D:bearri->bear
D:bearrics->bear
D:bearrides->bear
D:bearried->bear
D:bearrier->bear
D:bearriers->bear
D:bearries->bear
D:bearring->bear
D:bearrings->bear
D:bearrism->bear
D:bearrly->bear
D:bearro->bear
D:bearroid->bear
D:bearrs->bear
D:bearry->bear
D:bears->bear
D:bearum->bear
D:bearward->bear
D:bearwise->bear
D:beary->bear
D:bearyl->bear
<query> teddy bears</query><numhits>10</numhits><time>930</time>
</ATIREsearch>
<ATIREsearch>
D:patron->patron
D:patrona->patron
D:patronae->patron
D:patronage->patron
D:patronages->patron
D:patronaging->patron
D:patronal->patron
D:patronally->patron
D:patronals->patron
D:patronas->patron
D:patronata->patron
D:patronate->patron
D:patronating->patron
D:patroned->patron
D:patronen->patron
D:patrones->patron
D:patroni->patron
D:patronia->patron
D:patronial->patron
D:patronian->patron
D:patronic->patron
D:patronics->patron
D:patronies->patron
D:patroning->patron
D:patronis->patron
D:patronisation->patron
D:patronism->patron
D:patronist->patron
D:patronistic->patron
D:patronization->patron
D:patronizations->patron
D:patronize->patron
D:patronized->patron
D:patronizer->patron
D:patronizers->patron
D:patronizing->patron
D:patronless->patron
D:patronly->patron
D:patronn->patron
D:patronnage->patron
D:patronne->patron
D:patronnes->patron
D:patronness->patron
D:patronnesses->patron
D:patronnized->patron
D:patronno->patron
D:patronns->patron
D:patrono->patron
D:patronous->patron
D:patrons->patron
D:patronum->patron
D:patrony->patron
D:saint->saint
D:sainta->saint
D:saintal->saint
D:saintals->saint
D:saintary->saint
D:saintas->saint
D:saintation->saint
D:saintations->saint
D:sainte->saint
D:sainted->saint
D:saintement->saint
D:sainten->saint
D:saintes->saint
D:saintful->saint
D:saintfully->saint
D:sainthood->saint
D:sainti->saint
D:saintia->saint
D:saintian->saint
D:saintic->saint
D:saintide->saint
D:saintier->saint
D:saintine->saint
D:saintines->saint
D:sainting->saint
D:saintis->saint
D:saintish->saint
D:saintism->saint
D:saintist->saint
D:saintity->saint
D:saintium->saint
D:saintive->saint
D:saintizer->saint
D:saintless->saint
D:saintlessness->saint
D:saintly->saint
D:saintness->saint
D:sainto->saint
D:sainton->saint
D:saints->saint
D:saintt->saint
D:saintta->saint
D:saintts->saint
D:saintward->saint
D:sainty->saint
D:of->of
D:ofa->of
D:ofacy->of
D:ofae->of
D:ofata->of
D:ofate->of
D:ofates->of
D:ofe->of
D:ofed->of
D:ofely->of
D:ofence->of
D:ofences->of
D:ofene->of
D:ofening->of
D:ofently->of
D:ofes->of
D:offul->of
D:offully->of
D:ofi->of
D:ofia->of
D:ofial->of
D:ofian->of
D:ofic->of
D:ofical->of
D:ofically->of
D:ofician->of
D:oficist->of
D:ofics->of
D:ofide->of
D:ofied->of
D:ofier->of
D:ofies->of
D:ofily->of
D:ofine->of
D:ofis->of
D:ofist->of
D:ofite->of
D:ofities->of
D:ofive->of
D:ofless->of
D:ofness->of
D:ofnesses->of
D:ofo->of
D:ofous->of
D:ofously->of
D:ofs->of
D:ofward->of
D:ofwise->of
Q:mental->ment
D:ment->ment
D:menta->ment
D:mentability->ment
D:mentable->ment
D:mentae->ment
D:mentage->ment
D:mental->ment
D:mentalism->ment
D:mentalist->ment
D:mentalistic->ment
D:mentalistically->ment
D:mentalities->ment
D:mentality->ment
D:mentalize->ment
D:mentallic->ment
D:mentally->ment
D:mentalness->ment
D:mentals->ment
D:mentance->ment
D:mentant->ment
D:mentants->ment
D:mentaries->ment
D:mentarily->ment
D:mentarity->ment
D:mentary->ment
D:mentas->ment
D:mentata->ment
D:mentate->ment
D:mentated->ment
D:mentating->ment
D:mentation->ment
D:mentational->ment
D:mentations->ment
D:mentative->ment
D:mentator->ment
D:mentators->ment
D:mente->ment
D:mented->ment
D:mentely->ment
D:menten->ment
D:mentened->ment
D:mentening->ment
D:mentent->ment
D:mentes->ment
D:mentese->ment
D:menti->ment
D:mentia->ment
D:mential->ment
D:mentiality->ment
D:mentially->ment
D:mentian->ment
D:mentic->ment
D:mentical->ment
D:mentically->ment
D:menticide->ment
D:mentics->ment
D:mentides->ment
D:mentied->ment
D:mentine->ment
D:mentines->ment
D:menting->ment
D:mentingly->ment
D:mentings->ment
D:mention->ment
D:mentional->ment
D:mentionally->ment
D:mentionals->ment
D:mentioned->ment
D:mentioning->ment
D:mentions->ment
D:mentis->ment
D:mentish->ment
D:mentism->ment
D:mentists->ment
D:mentite->ment
D:mentities->ment
D:mentity->ment
D:mentium->ment
D:mentive->ment
D:mentizer->ment
D:mently->ment
D:mento->ment
D:menton->ment
D:mentor->ment
D:mentous->ment
D:ments->ment
D:mentt->ment
D:mentta->ment
D:menttal->ment
D:menttality->ment
D:mentte->ment
D:menttes->ment
D:mentti->ment
D:menttia->ment
D:menttion->ment
D:menttioned->ment
D:menttium->ment
D:mentto->ment
D:menttor->ment
D:mentts->ment
D:mentty->ment
D:menty->ment
Q:illness->il
D:il->il
D:ila->il
D:ilability->il
D:ilable->il
D:ilae->il
D:ilaic->il
D:ilar->il
D:ilarial->il
D:ilars->il
D:ilata->il
D:ilate->il
D:ilated->il
D:ilates->il
D:ilating->il
D:ilator->il
D:ilators->il
D:ile->il
D:iled->il
D:ilely->il
D:ilement->il
D:ilence->il
D:ilenced->il
D:ilences->il
D:ilene->il
D:ilened->il
D:ilening->il
D:ilential->il
D:ilently->il
D:ilery->il
D:iles->il
D:ilese->il
D:ilful->il
D:ili->il
D:ilia->il
D:ilial->il
D:ilian->il
D:ilians->il
D:ilic->il
D:ilical->il
D:ilicity->il
D:ilics->il
D:ilide->il
D:ilied->il
D:ilier->il
D:iliers->il
D:ilies->il
D:ilily->il
D:ilination->il
D:iline->il
D:ilines->il
D:iliness->il
D:ilional->il
D:ilious->il
D:ilis->il
D:ilisation->il
D:ilist->il
D:ilistic->il
D:ilists->il
D:ilite->il
D:ilities->il
D:ility->il
D:ilium->il
D:ilive->il
D:ilivity->il
D:ilizations->il
D:ill->il
D:illa->il
D:illability->il
D:illable->il
D:illacious->il
D:illae->il
D:illage->il
D:illages->il
D:illaging->il
D:illal->il
D:illance->il
D:illant->il
D:illar->il
D:illaries->il
D:illars->il
D:illary->il
D:illas->il
D:illata->il
D:illate->il
D:illated->il
D:illating->il
D:illation->il
D:illations->il
D:illative->il
D:illatively->il
D:ille->il
D:illed->il
D:illedly->il
D:illeity->il
D:illement->il
D:illen->il
D:illene->il
D:illened->il
D:illeness->il
D:illery->il
D:illes->il
D:illese->il
D:illess->il
D:illful->il
D:illfully->il
D:illfulness->il
D:illi->il
D:illia->il
D:illial->il
D:illian->il
D:illians->il
D:illic->il
D:illicide->il
D:illicity->il
D:illide->il
D:illied->il
D:illier->il
D:illiers->il
D:illies->il
D:illily->il
D:illinate->il
D:illine->il
D:illines->il
D:illiness->il
D:illing->il
D:illingly->il
D:illingness->il
D:illings->il
D:illions->il
D:illious->il
D:illis->il
D:illism->il
D:illist->il
D:illists->il
D:illite->il
D:illitic->il
D:illities->il
D:illity->il
D:illium->il
D:illly->il
D:illness->il
D:illnesses->il
D:illo->il
D:illogen->il
D:illous->il
D:ills->il
D:illum->il
D:illy->il
D:ilness->il
D:ilnesses->il
D:ilo->il
D:ilogen->il
D:ilous->il
D:ilously->il
D:ils->il
D:ilum->il
<query> patron saint of mental illness</query><numhits>10</numhits><time>5205</time>
</ATIREsearch>
<ATIREsearch>
Q:holes->hol
D:hol->hol
D:hola->hol
D:holable->hol
D:holage->hol
D:holal->hol
D:holant->hol
D:holar->hol
D:holarly->hol
D:holars->hol
D:holas->hol
D:holata->hol
D:holating->hol
D:hole->hol
D:holed->hol
D:holeful->hol
D:holefully->hol
D:holeless->hol
D:holely->hol
D:holen->hol
D:holence->hol
D:holency->hol
D:holene->hol
D:holeness->hol
D:holery->hol
D:holes->hol
D:holese->hol
D:holi->hol
D:holia->hol
D:holian->hol
D:holians->hol
D:holic->hol
D:holicism->hol
D:holicity->hol
D:holics->hol
D:holide->hol
D:holied->hol
D:holier->hol
D:holiers->hol
D:holies->hol
D:holine->hol
D:holines->hol
D:holiness->hol
D:holing->hol
D:holings->hol
D:holious->hol
D:holis->hol
D:holishness->hol
D:holism->hol
D:holisms->hol
D:holist->hol
D:holistic->hol
D:holistical->hol
D:holistically->hol
D:holistics->hol
D:holists->hol
D:holium->hol
D:holive->hol
D:holized->hol
D:holizer->hol
D:holl->hol
D:holla->hol
D:hollable->hol
D:hollacity->hol
D:hollage->hol
D:hollance->hol
D:hollant->hol
D:hollants->hol
D:hollar->hol
D:hollarity->hol
D:hollars->hol
D:hollas->hol
D:holle->hol
D:holled->hol
D:hollely->hol
D:hollen->hol
D:hollene->hol
D:hollent->hol
D:hollental->hol
D:hollery->hol
D:holles->hol
D:holless->hol
D:holli->hol
D:hollia->hol
D:hollian->hol
D:hollible->hol
D:hollic->hol
D:hollical->hol
D:hollics->hol
D:hollied->hol
D:hollier->hol
D:holliers->hol
D:hollies->hol
D:holline->hol
D:hollines->hol
D:holliness->hol
D:holling->hol
D:hollings->hol
D:hollis->hol
D:hollish->hol
D:hollism->hol
D:hollist->hol
D:hollistic->hol
D:hollistically->hol
D:hollistics->hol
D:hollities->hol
D:hollium->hol
D:hollly->hol
D:hollness->hol
D:hollo->hol
D:holloid->hol
D:holls->hol
D:hollum->hol
D:hollward->hol
D:holly->hol
D:hollying->hol
D:hollyish->hol
D:holness->hol
D:holo->hol
D:hologen->hol
D:holoid->hol
D:holoidal->hol
D:holous->hol
D:hols->hol
D:holum->hol
D:holward->hol
D:holy->hol
D:holying->hol
D:holyish->hol
D:by->by
D:bya->by
D:byable->by
D:byacy->by
D:byae->by
D:byaic->by
D:byata->by
D:byatable->by
D:byate->by
D:byates->by
D:byating->by
D:bye->by
D:byed->by
D:byeless->by
D:byely->by
D:byency->by
D:byene->by
D:byeness->by
D:byes->by
D:byese->by
D:byful->by
D:byfully->by
D:byi->by
D:byia->by
D:byian->by
D:byic->by
D:byide->by
D:byied->by
D:byiers->by
D:byies->by
D:byine->by
D:byis->by
D:byist->by
D:byists->by
D:byity->by
D:byless->by
D:bylily->by
D:byness->by
D:byo->by
D:byogen->by
D:byoid->by
D:byous->by
D:bys->by
D:byward->by
Q:louis->lou
D:lou->lou
D:loua->lou
D:louability->lou
D:louable->lou
D:louae->lou
D:louage->lou
D:louages->lou
D:loual->lou
D:loualities->lou
D:louance->lou
D:louant->lou
D:louas->lou
D:louata->lou
D:loue->lou
D:loued->lou
D:louely->lou
D:louen->lou
D:louence->lou
D:louene->lou
D:louery->lou
D:loues->lou
D:louese->lou
D:loui->lou
D:louia->lou
D:louian->lou
D:louians->lou
D:louic->lou
D:louidine->lou
D:louied->lou
D:louier->lou
D:louies->lou
D:louine->lou
D:louines->lou
D:louing->lou
D:louingly->lou
D:louion->lou
D:louions->lou
D:louis->lou
D:louism->lou
D:louisms->lou
D:louist->lou
D:louive->lou
D:louize->lou
D:louizer->lou
D:louly->lou
D:louness->lou
D:louo->lou
D:louous->lou
D:louward->lou
D:louwise->lou
D:louy->lou
D:louying->lou
D:sachar->sachar
D:sachara->sachar
D:sachare->sachar
D:sacharen->sachar
D:sacharia->sachar
D:sacharides->sachar
D:sacharinate->sachar
D:sacharine->sachar
D:sacharis->sachar
D:sacharness->sachar
D:sacharo->sachar
D:sacharrides->sachar
D:sacharrine->sachar
D:sacharry->sachar
D:sachars->sachar
D:sacharum->sachar
<query> holes by louis sachar</query><numhits>10</numhits><time>3698</time>
</ATIREsearch>
<ATIREsearch>
D:hip->hip
D:hipa->hip
D:hipage->hip
D:hipages->hip
D:hipal->hip
D:hipals->hip
D:hipas->hip
D:hipatic->hip
D:hipe->hip
D:hiped->hip
D:hipefully->hip
D:hipen->hip
D:hipene->hip
D:hipes->hip
D:hipi->hip
D:hipia->hip
D:hipic->hip
D:hipical->hip
D:hipiers->hip
D:hipies->hip
D:hipines->hip
D:hiping->hip
D:hipis->hip
D:hipishness->hip
D:hipism->hip
D:hipity->hip
D:hipless->hip
D:hiplessly->hip
D:hiply->hip
D:hipness->hip
D:hipnesses->hip
D:hipo->hip
D:hipoid->hip
D:hipoides->hip
D:hipp->hip
D:hippa->hip
D:hippae->hip
D:hippage->hip
D:hippal->hip
D:hippas->hip
D:hippe->hip
D:hipped->hip
D:hippely->hip
D:hippen->hip
D:hippene->hip
D:hippening->hip
D:hippery->hip
D:hippes->hip
D:hippi->hip
D:hippia->hip
D:hippian->hip
D:hippic->hip
D:hippides->hip
D:hippied->hip
D:hippier->hip
D:hippiers->hip
D:hippies->hip
D:hippily->hip
D:hippines->hip
D:hippiness->hip
D:hipping->hip
D:hippings->hip
D:hippis->hip
D:hippish->hip
D:hippism->hip
D:hippist->hip
D:hippity->hip
D:hippium->hip
D:hipply->hip
D:hippness->hip
D:hippo->hip
D:hippoid->hip
D:hippous->hip
D:hipps->hip
D:hippy->hip
D:hippyish->hip
D:hips->hip
D:hipy->hip
D:roof->roof
D:roofa->roof
D:roofable->roof
D:roofae->roof
D:roofage->roof
D:roofas->roof
D:roofe->roof
D:roofed->roof
D:roofen->roof
D:roofence->roof
D:roofery->roof
D:roofes->roof
D:roofi->roof
D:roofia->roof
D:roofian->roof
D:roofic->roof
D:roofied->roof
D:roofies->roof
D:roofiness->roof
D:roofing->roof
D:roofings->roof
D:roofis->roof
D:roofish->roof
D:roofite->roof
D:roofless->roof
D:rooflessness->roof
D:roofly->roof
D:roofs->roof
D:roofward->roof
D:roofwise->roof
D:roofy->roof
D:roofying->roof
<query> hip roof</query><numhits>10</numhits><time>707</time>
</ATIREsearch>
<ATIREsearch>
D:carpenter->carpenter
D:carpentera->carpenter
D:carpenterant->carpenter
D:carpenterants->carpenter
D:carpenterary->carpenter
D:carpenteras->carpenter
D:carpentere->carpenter
D:carpentered->carpenter
D:carpenteres->carpenter
D:carpenteri->carpenter
D:carpenteria->carpenter
D:carpenterian->carpenter
D:carpenteries->carpenter
D:carpentering->carpenter
D:carpenterion->carpenter
D:carpenterism->carpenter
D:carpenterite->carpenter
D:carpenterly->carpenter
D:carpentero->carpenter
D:carpenterr->carpenter
D:carpenters->carpenter
Q:bee->be
D:be->be
D:bea->be
D:beable->be
D:beacies->be
D:beacy->be
D:beae->be
D:beaic->be
D:beality->be
D:bealize->be
D:bearic->be
D:bearies->be
D:bearily->be
D:bearize->be
D:beata->be
D:beatable->be
D:beate->be
D:beates->be
D:beatingly->be
D:beator->be
D:bee->be
D:beehood->be
D:beeless->be
D:beement->be
D:beence->be
D:beency->be
D:beese->be
D:beful->be
D:befully->be
D:behood->be
D:bei->be
D:beia->be
D:beial->be
D:beian->be
D:beians->be
D:beibility->be
D:beible->be
D:beic->be
D:beics->be
D:beide->be
D:beides->be
D:beier->be
D:beiers->be
D:beies->be
D:beiful->be
D:beily->be
D:beingness->be
D:beis->be
D:beist->be
D:beists->be
D:beity->be
D:beium->be
D:beive->be
D:beless->be
D:beness->be
D:beo->be
D:beogen->be
D:bes->be
D:beward->be
D:bewise->be
D:beyish->be
<query> carpenter bee</query><numhits>10</numhits><time>2408</time>
</ATIREsearch>
<ATIREsearch>
Q:the->th
D:th->th
D:tha->th
D:thable->th
D:thably->th
D:thacity->th
D:thacy->th
D:thae->th
D:thaic->th
D:thaical->th
D:thalist->th
D:thality->th
D:tharic->th
D:tharies->th
D:thata->th
D:thatable->th
D:thate->th
D:thated->th
D:thates->th
D:thating->th
D:thative->th
D:thator->th
D:thature->th
D:the->th
D:theature->th
D:thed->th
D:thedly->th
D:theful->th
D:thefully->th
D:thehood->th
D:theity->th
D:theless->th
D:thelity->th
D:thely->th
D:thement->th
D:thence->th
D:thency->th
D:thene->th
D:thened->th
D:theness->th
D:thening->th
D:thenly->th
D:thental->th
D:theous->th
D:thery->th
D:thes->th
D:these->th
D:thful->th
D:thfully->th
D:thi->th
D:thia->th
D:thial->th
D:thian->th
D:thians->th
D:thible->th
D:thic->th
D:thical->th
D:thically->th
D:thician->th
D:thicians->th
D:thics->th
D:thide->th
D:thides->th
D:thied->th
D:thier->th
D:thiers->th
D:thies->th
D:thily->th
D:thination->th
D:thine->th
D:thines->th
D:thiness->th
D:thingness->th
D:thinism->th
D:thional->th
D:thious->th
D:this->th
D:thist->th
D:thistic->th
D:thists->th
D:thite->th
D:thities->th
D:thity->th
D:thium->th
D:thive->th
D:thively->th
D:thless->th
D:thlessly->th
D:tho->th
D:thogen->th
D:thoid->th
D:thoides->th
D:thous->th
D:thously->th
D:ths->th
D:thward->th
D:american->american
D:americana->american
D:americanable->american
D:americanae->american
D:americanage->american
D:americanaging->american
D:americanaries->american
D:americanas->american
D:americanata->american
D:americane->american
D:americaned->american
D:americanen->american
D:americanes->american
D:americanese->american
D:americanhood->american
D:americani->american
D:americania->american
D:americanian->american
D:americanic->american
D:americanicity->american
D:americanics->american
D:americanier->american
D:americanine->american
D:americanines->american
D:americaning->american
D:americanis->american
D:americanisation->american
D:americanish->american
D:americanishness->american
D:americanism->american
D:americanisms->american
D:americanist->american
D:americanistic->american
D:americanistics->american
D:americanists->american
D:americanity->american
D:americanization->american
D:americanizations->american
D:americanize->american
D:americanized->american
D:americanizer->american
D:americanizers->american
D:americanizing->american
D:americanly->american
D:americann->american
D:americanna->american
D:americannable->american
D:americannation->american
D:americannative->american
D:americannature->american
D:americanne->american
D:americanned->american
D:americanness->american
D:americannia->american
D:americanno->american
D:americanns->american
D:americanny->american
D:americano->american
D:americanoid->american
D:americans->american
D:americanum->american
D:americanwise->american
D:americany->american
Q:revolutionary->revolution
D:revolutiona->revolution
D:revolutionalist->revolution
D:revolutionaries->revolution
D:revolutionarily->revolution
D:revolutionariness->revolution
D:revolutionarize->revolution
D:revolutionarized->revolution
D:revolutionarizing->revolution
D:revolutionary->revolution
D:revolutionas->revolution
D:revolutionated->revolution
D:revolutionating->revolution
D:revolutionation->revolution
D:revolutionator->revolution
D:revolutione->revolution
D:revolutionen->revolution
D:revolutionent->revolution
D:revolutionery->revolution
D:revolutiones->revolution
D:revolutioni->revolution
D:revolutionic->revolution
D:revolutionical->revolution
D:revolutionied->revolution
D:revolutionine->revolution
D:revolutionious->revolution
D:revolutionis->revolution
D:revolutionisation->revolution
D:revolutionish->revolution
D:revolutionism->revolution
D:revolutionisms->revolution
D:revolutionistic->revolution
D:revolutionists->revolution
D:revolutionization->revolution
D:revolutionize->revolution
D:revolutionized->revolution
D:revolutionizement->revolution
D:revolutionizer->revolution
D:revolutionizers->revolution
D:revolutionizing->revolution
D:revolutionn->revolution
D:revolutionna->revolution
D:revolutionnant->revolution
D:revolutionnaries->revolution
D:revolutionnary->revolution
D:revolutionne->revolution
D:revolutionned->revolution
D:revolutionnent->revolution
D:revolutionnine->revolution
D:revolutionnist->revolution
D:revolutionnize->revolution
D:revolutionno->revolution
D:revolutionone->revolution
D:revolutionum->revolution
D:revolutiony->revolution
<query> the american revolutionary</query><numhits>10</numhits><time>6135</time>
</ATIREsearch>
<ATIREsearch>
D:folk->folk
D:folka->folk
D:folkage->folk
D:folkal->folk
D:folkals->folk
D:folkancing->folk
D:folkas->folk
D:folke->folk
D:folked->folk
D:folken->folk
D:folkene->folk
D:folkening->folk
D:folkery->folk
D:folkes->folk
D:folki->folk
D:folkia->folk
D:folkic->folk
D:folkicide->folk
D:folkier->folk
D:folkies->folk
D:folkine->folk
D:folkiness->folk
D:folking->folk
D:folkis->folk
D:folkish->folk
D:folkishness->folk
D:folkism->folk
D:folkisms->folk
D:folkist->folk
D:folkists->folk
D:folkities->folk
D:folkization->folk
D:folkless->folk
D:folkly->folk
D:folkness->folk
D:folko->folk
D:folks->folk
D:folkward->folk
D:folkwise->folk
D:folky->folk
Q:remedies->remed
D:remeda->remed
D:remedal->remed
D:remedant->remed
D:remedation->remed
D:remedde->remed
D:remeddi->remed
D:remeddy->remed
D:remede->remed
D:remeded->remed
D:remedent->remed
D:remedes->remed
D:remedi->remed
D:remedia->remed
D:remedial->remed
D:remediality->remed
D:remedialize->remed
D:remedially->remed
D:remedials->remed
D:remedian->remed
D:remedians->remed
D:remedic->remed
D:remedical->remed
D:remedics->remed
D:remedied->remed
D:remedier->remed
D:remedies->remed
D:remedine->remed
D:remeding->remed
D:remedion->remed
D:remedious->remed
D:remedis->remed
D:remedist->remed
D:remedists->remed
D:remedities->remed
D:remedium->remed
D:remedize->remed
D:remedo->remed
D:remeds->remed
D:remedy->remed
D:remedying->remed
Q:sore->sor
D:sor->sor
D:sora->sor
D:sorae->sor
D:sorage->sor
D:soral->sor
D:sorals->sor
D:sorance->sor
D:sorancy->sor
D:sorant->sor
D:sorarity->sor
D:soras->sor
D:sorata->sor
D:sorate->sor
D:sorates->sor
D:soration->sor
D:sore->sor
D:sored->sor
D:sorefully->sor
D:soreless->sor
D:sorely->sor
D:soren->sor
D:sorence->sor
D:sorency->sor
D:sorene->sor
D:soreness->sor
D:sores->sor
D:sorese->sor
D:sorful->sor
D:sori->sor
D:soria->sor
D:sorial->sor
D:sorian->sor
D:sorians->sor
D:soric->sor
D:sorical->sor
D:soride->sor
D:sorier->sor
D:soriers->sor
D:sories->sor
D:soriful->sor
D:sorily->sor
D:sorine->sor
D:sorines->sor
D:soringly->sor
D:sorion->sor
D:sorious->sor
D:soriously->sor
D:soris->sor
D:sorist->sor
D:soristic->sor
D:sorite->sor
D:sorities->sor
D:sority->sor
D:sorium->sor
D:sorize->sor
D:sorized->sor
D:sorlily->sor
D:sorly->sor
D:sorness->sor
D:soro->sor
D:soroides->sor
D:sorone->sor
D:sorous->sor
D:sorr->sor
D:sorra->sor
D:sorrage->sor
D:sorral->sor
D:sorrals->sor
D:sorras->sor
D:sorrata->sor
D:sorre->sor
D:sorred->sor
D:sorrely->sor
D:sorren->sor
D:sorrency->sor
D:sorrent->sor
D:sorrental->sor
D:sorrery->sor
D:sorres->sor
D:sorrese->sor
D:sorri->sor
D:sorria->sor
D:sorric->sor
D:sorricide->sor
D:sorride->sor
D:sorried->sor
D:sorrier->sor
D:sorries->sor
D:sorrily->sor
D:sorrine->sor
D:sorriness->sor
D:sorring->sor
D:sorringly->sor
D:sorris->sor
D:sorrities->sor
D:sorrity->sor
D:sorrly->sor
D:sorro->sor
D:sorrone->sor
D:sorrs->sor
D:sorry->sor
D:sorrying->sor
D:sorryish->sor
D:sorryl->sor
D:sors->sor
D:sorum->sor
D:sorward->sor
D:sory->sor
D:soryl->sor
D:throat->throat
D:throatal->throat
D:throated->throat
D:throatedly->throat
D:throatery->throat
D:throatful->throat
D:throati->throat
D:throatian->throat
D:throatier->throat
D:throaties->throat
D:throatily->throat
D:throatiness->throat
D:throating->throat
D:throatingness->throat
D:throatish->throat
D:throatless->throat
D:throatness->throat
D:throats->throat
D:throatt->throat
D:throatty->throat
D:throatwise->throat
D:throaty->throat
<query> folk remedies sore throat</query><numhits>10</numhits><time>1690</time>
</ATIREsearch>
<ATIREsearch>
Q:balding->bald
D:bald->bald
D:balda->bald
D:baldacious->bald
D:baldage->bald
D:baldal->bald
D:baldas->bald
D:baldata->bald
D:baldate->bald
D:baldd->bald
D:balddas->bald
D:balddis->bald
D:balddness->bald
D:balde->bald
D:balded->bald
D:balden->bald
D:baldeness->bald
D:baldery->bald
D:baldes->bald
D:baldese->bald
D:baldi->bald
D:baldia->bald
D:baldian->bald
D:baldic->bald
D:baldier->bald
D:baldies->bald
D:baldiful->bald
D:baldine->bald
D:baldines->bald
D:baldiness->bald
D:balding->bald
D:baldings->bald
D:baldion->bald
D:baldis->bald
D:baldish->bald
D:baldism->bald
D:baldistic->bald
D:baldists->bald
D:baldite->bald
D:baldly->bald
D:baldness->bald
D:baldnesses->bald
D:baldo->bald
D:balds->bald
D:baldward->bald
D:baldwise->bald
D:baldy->bald
Q:cure->cur
D:cur->cur
D:cura->cur
D:curability->cur
D:curable->cur
D:curableness->cur
D:curably->cur
D:curacies->cur
D:curacy->cur
D:curae->cur
D:curage->cur
D:curages->cur
D:cural->cur
D:curals->cur
D:curance->cur
D:curancy->cur
D:curant->cur
D:curarisation->cur
D:curarization->cur
D:curarizations->cur
D:curarize->cur
D:curarized->cur
D:curarizing->cur
D:curaroid->cur
D:curas->cur
D:curata->cur
D:curatable->cur
D:curate->cur
D:curated->cur
D:curately->cur
D:curates->cur
D:curatic->cur
D:curating->cur
D:curation->cur
D:curational->cur
D:curations->cur
D:curative->cur
D:curatively->cur
D:curativeness->cur
D:curatives->cur
D:curator->cur
D:curators->cur
D:curatory->cur
D:curature->cur
D:cure->cur
D:cured->cur
D:cureless->cur
D:curelity->cur
D:curely->cur
D:curement->cur
D:curen->cur
D:curence->cur
D:curencies->cur
D:curency->cur
D:curene->cur
D:cureness->cur
D:curenly->cur
D:curently->cur
D:curentness->cur
D:cureous->cur
D:cures->cur
D:curese->cur
D:curful->cur
D:curi->cur
D:curia->cur
D:curial->cur
D:curialist->cur
D:curiality->cur
D:curially->cur
D:curials->cur
D:curian->cur
D:curians->cur
D:curic->cur
D:curical->cur
D:curicity->cur
D:curics->cur
D:curied->cur
D:curier->cur
D:curiers->cur
D:curies->cur
D:curine->cur
D:curing->cur
D:curings->cur
D:curion->cur
D:curions->cur
D:curious->cur
D:curiously->cur
D:curiousness->cur
D:curis->cur
D:curisation->cur
D:curist->cur
D:curists->cur
D:curities->cur
D:curity->cur
D:curium->cur
D:curive->cur
D:curize->cur
D:curizer->cur
D:curless->cur
D:curlily->cur
D:curly->cur
D:curness->cur
D:curo->cur
D:curone->cur
D:curous->cur
D:curously->cur
D:curr->cur
D:curra->cur
D:curracity->cur
D:currage->cur
D:currages->cur
D:curral->cur
D:currance->cur
D:currancies->cur
D:currancy->cur
D:currant->cur
D:currants->cur
D:curras->cur
D:currate->cur
D:currated->cur
D:currates->cur
D:currating->cur
D:curration->cur
D:currations->cur
D:currative->cur
D:currator->cur
D:currators->cur
D:currature->cur
D:curre->cur
D:curred->cur
D:currefully->cur
D:currely->cur
D:curren->cur
D:currence->cur
D:currences->cur
D:currencies->cur
D:currency->cur
D:currene->cur
D:currenly->cur
D:current->cur
D:currental->cur
D:currentally->cur
D:currented->cur
D:currenting->cur
D:currently->cur
D:currentness->cur
D:curreous->cur
D:currery->cur
D:curres->cur
D:curri->cur
D:currian->cur
D:currians->cur
D:curric->cur
D:currics->cur
D:curried->cur
D:currier->cur
D:curriers->cur
D:curries->cur
D:currily->cur
D:currine->cur
D:curring->cur
D:currion->cur
D:currious->cur
D:curriously->cur
D:curris->cur
D:currish->cur
D:currishness->cur
D:currist->cur
D:currity->cur
D:currium->cur
D:currly->cur
D:curro->cur
D:currous->cur
D:currs->cur
D:currum->cur
D:curry->cur
D:currying->cur
D:curryish->cur
D:curs->cur
D:cursa->cur
D:cursable->cur
D:cursae->cur
D:cursage->cur
D:cursal->cur
D:cursant->cur
D:cursary->cur
D:cursas->cur
D:cursate->cur
D:cursatory->cur
D:curse->cur
D:cursed->cur
D:cursedly->cur
D:curseful->cur
D:curseless->cur
D:cursen->cur
D:cursened->cur
D:curseness->cur
D:cursery->cur
D:curses->cur
D:cursi->cur
D:cursia->cur
D:cursian->cur
D:cursies->cur
D:cursines->cur
D:cursing->cur
D:cursingly->cur
D:cursings->cur
D:cursion->cur
D:cursionist->cur
D:cursions->cur
D:cursious->cur
D:cursiously->cur
D:cursis->cur
D:cursist->cur
D:cursium->cur
D:cursive->cur
D:cursively->cur
D:cursiveness->cur
D:cursivity->cur
D:cursize->cur
D:cursly->cur
D:curso->cur
D:cursoid->cur
D:cursor->cur
D:curss->cur
D:cursse->cur
D:curssed->cur
D:cursses->cur
D:curssing->cur
D:cursso->cur
D:curssor->cur
D:cursy->cur
D:curum->cur
D:cury->cur
D:curyl->cur
<query> balding cure</query><numhits>10</numhits><time>1543</time>
</ATIREsearch>
<ATIREsearch>
Q:evidence->evid
D:evid->evid
D:evida->evid
D:evidal->evid
D:evidance->evid
D:evidanced->evid
D:evidances->evid
D:evidant->evid
D:evidants->evid
D:evidas->evid
D:eviddence->evid
D:eviddences->evid
D:eviddent->evid
D:eviddently->evid
D:evidding->evid
D:evided->evid
D:evidely->evid
D:evidement->evid
D:eviden->evid
D:evidence->evid
D:evidenced->evid
D:evidences->evid
D:evidencies->evid
D:evidencing->evid
D:evidency->evid
D:evidene->evid
D:evidened->evid
D:evidenly->evid
D:evident->evid
D:evidental->evid
D:evidentally->evid
D:evidented->evid
D:evidential->evid
D:evidentiality->evid
D:evidentially->evid
D:evidentials->evid
D:evidentiate->evid
D:evidentiation->evid
D:evidentist->evid
D:evidently->evid
D:evidentness->evid
D:evidian->evid
D:evido->evid
D:evidoid->evid
D:evids->evid
D:evidy->evid
D:for->for
D:fora->for
D:forable->for
D:forably->for
D:foracious->for
D:forae->for
D:forage->for
D:forages->for
D:foraging->for
D:foral->for
D:foralism->for
D:forally->for
D:forals->for
D:forance->for
D:forant->for
D:forary->for
D:foras->for
D:forata->for
D:foratable->for
D:forate->for
D:forated->for
D:forately->for
D:foration->for
D:forations->for
D:forature->for
D:fore->for
D:fored->for
D:foreful->for
D:forefully->for
D:forehood->for
D:foreless->for
D:forement->for
D:foren->for
D:forence->for
D:forene->for
D:foreness->for
D:forening->for
D:forery->for
D:fores->for
D:forese->for
D:forful->for
D:forfully->for
D:fori->for
D:foria->for
D:forian->for
D:forians->for
D:forible->for
D:foribly->for
D:foric->for
D:foride->for
D:foried->for
D:forier->for
D:foriers->for
D:fories->for
D:forine->for
D:foring->for
D:forion->for
D:forious->for
D:foris->for
D:forist->for
D:foristic->for
D:forists->for
D:forite->for
D:fority->for
D:forium->for
D:forive->for
D:foriveness->for
D:forless->for
D:forly->for
D:forness->for
D:foro->for
D:foroid->for
D:forone->for
D:forous->for
D:forr->for
D:forra->for
D:forrae->for
D:forrage->for
D:forraging->for
D:forral->for
D:forrally->for
D:forrance->for
D:forrant->for
D:forrary->for
D:forras->for
D:forrate->for
D:forrating->for
D:forre->for
D:forred->for
D:forren->for
D:forrence->for
D:forrent->for
D:forrental->for
D:forrenting->for
D:forres->for
D:forri->for
D:forrian->for
D:forrible->for
D:forric->for
D:forride->for
D:forried->for
D:forrier->for
D:forries->for
D:forris->for
D:forrish->for
D:forrist->for
D:forro->for
D:forrs->for
D:forrum->for
D:forrward->for
D:forry->for
D:fors->for
D:forum->for
D:forward->for
D:forwise->for
D:fory->for
D:foryl->for
Q:evolution->evolut
D:evolut->evolut
D:evoluta->evolut
D:evolutary->evolut
D:evolutation->evolut
D:evolutations->evolut
D:evolute->evolut
D:evoluted->evolut
D:evoluten->evolut
D:evolutes->evolut
D:evoluti->evolut
D:evolutia->evolut
D:evolutian->evolut
D:evolutic->evolut
D:evoluties->evolut
D:evoluting->evolut
D:evolution->evolut
D:evolutional->evolut
D:evolutionalize->evolut
D:evolutionally->evolut
D:evolutionate->evolut
D:evolutioned->evolut
D:evolutioning->evolut
D:evolutionist->evolut
D:evolutions->evolut
D:evolutis->evolut
D:evolutism->evolut
D:evolutive->evolut
D:evolutively->evolut
D:evolutivity->evolut
D:evoluto->evolut
D:evolutoid->evolut
D:evoluton->evolut
D:evolutor->evolut
D:evoluttion->evolut
D:evolv->evolut
D:evolva->evolut
D:evolvability->evolut
D:evolvable->evolut
D:evolvation->evolut
D:evolve->evolut
D:evolved->evolut
D:evolvement->evolut
D:evolven->evolut
D:evolvence->evolut
D:evolvent->evolut
D:evolves->evolut
D:evolvese->evolut
D:evolvi->evolut
D:evolvia->evolut
D:evolvian->evolut
D:evolvic->evolut
D:evolvics->evolut
D:evolviness->evolut
D:evolving->evolut
D:evolvingly->evolut
D:evolvings->evolut
D:evolvion->evolut
D:evolvis->evolut
D:evolvist->evolut
D:evolvity->evolut
D:evolvo->evolut
D:evolvogen->evolut
D:evolvoid->evolut
D:evolvs->evolut
D:evolvy->evolut
<query> evidence for evolution</query><numhits>10</numhits><time>3576</time>
</ATIREsearch>
<ATIREsearch>
Q:tribe->trib
D:trib->trib
D:triba->trib
D:tribable->trib
D:tribal->trib
D:tribalism->trib
D:tribalist->trib
D:tribalistic->trib
D:tribality->trib
D:tribalize->trib
D:triballic->trib
D:tribally->trib
D:tribalness->trib
D:tribals->trib
D:tribant->trib
D:tribas->trib
D:tribate->trib
D:tribator->trib
D:tribb->trib
D:tribbal->trib
D:tribbe->trib
D:tribbed->trib
D:tribbes->trib
D:tribbi->trib
D:tribbia->trib
D:tribbible->trib
D:tribbies->trib
D:tribbing->trib
D:tribbis->trib
D:tribbly->trib
D:tribbo->trib
D:tribbs->trib
D:tribby->trib
D:tribe->trib
D:tribed->trib
D:tribeful->trib
D:tribeless->trib
D:tribely->trib
D:triben->trib
D:tribene->trib
D:tribeness->trib
D:tribent->trib
D:tribes->trib
D:tribi->trib
D:tribia->trib
D:tribial->trib
D:tribials->trib
D:tribian->trib
D:tribies->trib
D:tribily->trib
D:tribination->trib
D:tribine->trib
D:tribing->trib
D:tribion->trib
D:tribis->trib
D:tribish->trib
D:tribism->trib
D:tribists->trib
D:tribity->trib
D:tribium->trib
D:tribo->trib
D:tribs->trib
D:triby->trib
Q:formerly->former
D:former->former
D:formera->former
D:formerally->former
D:formeras->former
D:formere->former
D:formered->former
D:formerely->former
D:formeren->former
D:formerent->former
D:formeria->former
D:formeries->former
D:formerily->former
D:formering->former
D:formeris->former
D:formerless->former
D:formerly->former
D:formerness->former
D:formero->former
D:formerone->former
D:formerr->former
D:formerres->former
D:formerrly->former
D:formerrs->former
D:formers->former
D:formerum->former
Q:living->liv
D:liv->liv
D:liva->liv
D:livability->liv
D:livable->liv
D:livableness->liv
D:livably->liv
D:livae->liv
D:livage->liv
D:livaic->liv
D:lival->liv
D:livality->liv
D:livals->liv
D:livance->liv
D:livant->liv
D:livary->liv
D:livas->liv
D:livata->liv
D:livate->liv
D:livation->liv
D:livations->liv
D:live->liv
D:liveableness->liv
D:lived->liv
D:liveful->liv
D:livefully->liv
D:livehood->liv
D:liveity->liv
D:liveless->liv
D:livelihood->liv
D:lively->liv
D:liven->liv
D:livence->liv
D:livencing->liv
D:livene->liv
D:livened->liv
D:liveness->liv
D:livening->liv
D:livery->liv
D:lives->liv
D:livese->liv
D:livi->liv
D:livia->liv
D:livial->liv
D:livian->liv
D:livians->liv
D:livibility->liv
D:livible->liv
D:livic->liv
D:livide->liv
D:livides->liv
D:livied->liv
D:livier->liv
D:liviers->liv
D:livies->liv
D:livihood->liv
D:livily->liv
D:livination->liv
D:livine->liv
D:livines->liv
D:living->liv
D:livingly->liv
D:livingness->liv
D:livings->liv
D:livion->liv
D:livious->liv
D:livis->liv
D:livism->liv
D:livist->liv
D:livity->liv
D:livium->liv
D:livlily->liv
D:livly->liv
D:livness->liv
D:livo->liv
D:livogen->liv
D:livous->liv
D:livs->liv
D:livwise->liv
D:livy->liv
D:in->in
D:ina->in
D:inability->in
D:inable->in
D:inably->in
D:inacity->in
D:inae->in
D:inaic->in
D:inalist->in
D:inality->in
D:inalize->in
D:inancial->in
D:inarial->in
D:inarily->in
D:inarization->in
D:inata->in
D:inate->in
D:inated->in
D:inately->in
D:inateness->in
D:inates->in
D:inating->in
D:inative->in
D:inatives->in
D:inator->in
D:inators->in
D:inatory->in
D:inature->in
D:ine->in
D:ineal->in
D:inear->in
D:inearly->in
D:ined->in
D:inedly->in
D:ineless->in
D:inely->in
D:inement->in
D:inence->in
D:inences->in
D:inene->in
D:ineness->in
D:inental->in
D:inently->in
D:ineous->in
D:inery->in
D:ines->in
D:inese->in
D:inful->in
D:infully->in
D:inhood->in
D:ini->in
D:inia->in
D:inial->in
D:inialize->in
D:inially->in
D:inian->in
D:inians->in
D:inibility->in
D:inic->in
D:inical->in
D:inician->in
D:inicist->in
D:inicity->in
D:inics->in
D:inide->in
D:inides->in
D:inied->in
D:inier->in
D:inies->in
D:inily->in
D:inine->in
D:inines->in
D:inis->in
D:inished->in
D:inist->in
D:inists->in
D:initeness->in
D:inities->in
D:initous->in
D:inity->in
D:inium->in
D:inive->in
D:inizations->in
D:inless->in
D:inn->in
D:inna->in
D:innability->in
D:innable->in
D:innae->in
D:innage->in
D:innages->in
D:innal->in
D:innally->in
D:innant->in
D:innary->in
D:innas->in
D:innata->in
D:innate->in
D:innated->in
D:innately->in
D:innateness->in
D:innates->in
D:innatic->in
D:innational->in
D:innations->in
D:innative->in
D:innativism->in
D:innators->in
D:innature->in
D:inne->in
D:inned->in
D:inneity->in
D:innen->in
D:innery->in
D:innes->in
D:innese->in
D:inness->in
D:innesses->in
D:inni->in
D:innia->in
D:innially->in
D:innians->in
D:innibility->in
D:innic->in
D:innies->in
D:innine->in
D:inning->in
D:innings->in
D:innions->in
D:innis->in
D:innities->in
D:innity->in
D:innivity->in
D:innized->in
D:innless->in
D:innness->in
D:inno->in
D:innogen->in
D:innone->in
D:innotide->in
D:inns->in
D:innum->in
D:innwise->in
D:inny->in
D:innyl->in
D:ino->in
D:inogen->in
D:inoid->in
D:inone->in
D:inotide->in
D:inous->in
D:ins->in
D:inum->in
D:inward->in
D:inwise->in
D:inyl->in
Q:alabama->alabam
D:alabam->alabam
D:alabama->alabam
D:alabamacity->alabam
D:alabamae->alabam
D:alabamalist->alabam
D:alabamas->alabam
D:alabamata->alabam
D:alabame->alabam
D:alabami->alabam
D:alabamian->alabam
D:alabamians->alabam
D:alabamide->alabam
D:alabamily->alabam
D:alabamium->alabam
D:alabamma->alabam
D:alabammy->alabam
D:alabamo->alabam
D:alabams->alabam
D:alabamy->alabam
<query> tribe formerly living in alabama</query><numhits>10</numhits><time>5340</time>
</ATIREsearch>
<ATIREsearch>
Q:tornado->tornad
D:tornad->tornad
D:tornada->tornad
D:tornadas->tornad
D:tornade->tornad
D:tornades->tornad
D:tornadi->tornad
D:tornadia->tornad
D:tornadian->tornad
D:tornadians->tornad
D:tornadic->tornad
D:tornadine->tornad
D:tornadis->tornad
D:tornadium->tornad
D:tornado->tornad
D:tornady->tornad
<query> f5 tornado</query><numhits>10</numhits><time>263</time>
</ATIREsearch>
<ATIREsearch>
Q:symptoms->symptom
D:symptom->symptom
D:symptoma->symptom
D:symptomaic->symptom
D:symptomal->symptom
D:symptomaric->symptom
D:symptomas->symptom
D:symptomata->symptom
D:symptomate->symptom
D:symptomates->symptom
D:symptomatic->symptom
D:symptomative->symptom
D:symptome->symptom
D:symptomed->symptom
D:symptomen->symptom
D:symptomes->symptom
D:symptomic->symptom
D:symptomis->symptom
D:symptomization->symptom
D:symptomize->symptom
D:symptomized->symptom
D:symptomizing->symptom
D:symptomless->symptom
D:symptomlessly->symptom
D:symptommatic->symptom
D:symptomms->symptom
D:symptoms->symptom
D:symptomwise->symptom
D:symptomy->symptom
D:of->of
D:ofa->of
D:ofacy->of
D:ofae->of
D:ofata->of
D:ofate->of
D:ofates->of
D:ofe->of
D:ofed->of
D:ofely->of
D:ofence->of
D:ofences->of
D:ofene->of
D:ofening->of
D:ofently->of
D:ofes->of
D:offul->of
D:offully->of
D:ofi->of
D:ofia->of
D:ofial->of
D:ofian->of
D:ofic->of
D:ofical->of
D:ofically->of
D:ofician->of
D:oficist->of
D:ofics->of
D:ofide->of
D:ofied->of
D:ofier->of
D:ofies->of
D:ofily->of
D:ofine->of
D:ofis->of
D:ofist->of
D:ofite->of
D:ofities->of
D:ofive->of
D:ofless->of
D:ofness->of
D:ofnesses->of
D:ofo->of
D:ofous->of
D:ofously->of
D:ofs->of
D:ofward->of
D:ofwise->of
D:heart->heart
D:hearta->heart
D:heartable->heart
D:heartacious->heart
D:heartae->heart
D:heartage->heart
D:heartages->heart
D:heartal->heart
D:heartally->heart
D:heartant->heart
D:heartas->heart
D:heartata->heart
D:heartate->heart
D:hearte->heart
D:hearted->heart
D:heartedly->heart
D:heartely->heart
D:hearten->heart
D:heartene->heart
D:heartened->heart
D:heartening->heart
D:hearteous->heart
D:heartery->heart
D:heartes->heart
D:heartful->heart
D:heartfully->heart
D:heartfulness->heart
D:hearti->heart
D:heartian->heart
D:heartic->heart
D:heartical->heart
D:heartically->heart
D:heartied->heart
D:heartier->heart
D:hearties->heart
D:heartiful->heart
D:heartily->heart
D:heartine->heart
D:heartines->heart
D:heartiness->heart
D:hearting->heart
D:heartingly->heart
D:heartings->heart
D:heartion->heart
D:heartious->heart
D:heartis->heart
D:heartish->heart
D:heartism->heart
D:heartist->heart
D:heartistic->heart
D:heartistically->heart
D:heartists->heart
D:heartive->heart
D:heartless->heart
D:heartlessly->heart
D:heartlessness->heart
D:heartlily->heart
D:heartly->heart
D:heartness->heart
D:hearto->heart
D:heartoid->heart
D:hearton->heart
D:heartor->heart
D:heartous->heart
D:hearts->heart
D:heartt->heart
D:heartta->heart
D:heartte->heart
D:heartted->heart
D:hearttist->heart
D:hearttless->heart
D:heartto->heart
D:heartts->heart
D:heartty->heart
D:heartward->heart
D:heartwise->heart
D:hearty->heart
D:attack->attack
D:attacka->attack
D:attackability->attack
D:attackable->attack
D:attackage->attack
D:attackal->attack
D:attackas->attack
D:attackative->attack
D:attacke->attack
D:attacked->attack
D:attacken->attack
D:attackery->attack
D:attackes->attack
D:attackful->attack
D:attacki->attack
D:attackiness->attack
D:attacking->attack
D:attackingly->attack
D:attackingness->attack
D:attackings->attack
D:attackis->attack
D:attackish->attack
D:attackive->attack
D:attackless->attack
D:attackly->attack
D:attackness->attack
D:attacko->attack
D:attacks->attack
D:attackward->attack
D:attacky->attack
<query> symptoms of heart attack</query><numhits>10</numhits><time>4604</time>
</ATIREsearch>
<ATIREsearch>
D:feliz->feliz
D:feliza->feliz
D:felizas->feliz
D:felizata->feliz
D:felizen->feliz
D:felizes->feliz
D:felizese->feliz
D:felizia->feliz
D:felizian->feliz
D:felizians->feliz
D:felizine->feliz
D:felizs->feliz
D:felizy->feliz
D:navidad->navidad
D:navidada->navidad
D:navidadd->navidad
D:navidaddy->navidad
D:navidade->navidad
D:navidades->navidad
D:navidadian->navidad
D:navidads->navidad
D:navidady->navidad
Q:lyrics->lyr
D:lyr->lyr
D:lyra->lyr
D:lyrae->lyr
D:lyral->lyr
D:lyrarity->lyr
D:lyras->lyr
D:lyrata->lyr
D:lyrate->lyr
D:lyrated->lyr
D:lyrately->lyr
D:lyre->lyr
D:lyred->lyr
D:lyrehood->lyr
D:lyreless->lyr
D:lyren->lyr
D:lyrene->lyr
D:lyres->lyr
D:lyri->lyr
D:lyria->lyr
D:lyrial->lyr
D:lyrian->lyr
D:lyrians->lyr
D:lyric->lyr
D:lyrical->lyr
D:lyricalist->lyr
D:lyricality->lyr
D:lyrically->lyr
D:lyricalness->lyr
D:lyricide->lyr
D:lyricism->lyr
D:lyricist->lyr
D:lyricists->lyr
D:lyricity->lyr
D:lyrics->lyr
D:lyrides->lyr
D:lyries->lyr
D:lyring->lyr
D:lyrings->lyr
D:lyrion->lyr
D:lyris->lyr
D:lyrism->lyr
D:lyrist->lyr
D:lyrists->lyr
D:lyrity->lyr
D:lyrium->lyr
D:lyrize->lyr
D:lyrly->lyr
D:lyro->lyr
D:lyrone->lyr
D:lyrr->lyr
D:lyrra->lyr
D:lyrratic->lyr
D:lyrre->lyr
D:lyrric->lyr
D:lyrrics->lyr
D:lyrs->lyr
D:lyrum->lyr
D:lyry->lyr
<query> feliz navidad lyrics</query><numhits>10</numhits><time>665</time>
</ATIREsearch>
<ATIREsearch>
Q:benefits->benefit
D:benefit->benefit
D:benefita->benefit
D:benefitable->benefit
D:benefitage->benefit
D:benefital->benefit
D:benefitaries->benefit
D:benefitary->benefit
D:benefitas->benefit
D:benefited->benefit
D:benefiten->benefit
D:benefitent->benefit
D:benefites->benefit
D:benefitful->benefit
D:benefiti->benefit
D:benefitial->benefit
D:benefitic->benefit
D:benefitical->benefit
D:benefitied->benefit
D:benefitine->benefit
D:benefiting->benefit
D:benefitional->benefit
D:benefitious->benefit
D:benefitis->benefit
D:benefitism->benefit
D:benefitium->benefit
D:benefitive->benefit
D:benefitized->benefit
D:benefitless->benefit
D:benefitness->benefit
D:benefito->benefit
D:benefiton->benefit
D:benefitor->benefit
D:benefits->benefit
D:benefitt->benefit
D:benefittance->benefit
D:benefitte->benefit
D:benefitted->benefit
D:benefittial->benefit
D:benefitting->benefit
D:benefitto->benefit
D:benefitts->benefit
D:benefitwise->benefit
D:of->of
D:ofa->of
D:ofacy->of
D:ofae->of
D:ofata->of
D:ofate->of
D:ofates->of
D:ofe->of
D:ofed->of
D:ofely->of
D:ofence->of
D:ofences->of
D:ofene->of
D:ofening->of
D:ofently->of
D:ofes->of
D:offul->of
D:offully->of
D:ofi->of
D:ofia->of
D:ofial->of
D:ofian->of
D:ofic->of
D:ofical->of
D:ofically->of
D:ofician->of
D:oficist->of
D:ofics->of
D:ofide->of
D:ofied->of
D:ofier->of
D:ofies->of
D:ofily->of
D:ofine->of
D:ofis->of
D:ofist->of
D:ofite->of
D:ofities->of
D:ofive->of
D:ofless->of
D:ofness->of
D:ofnesses->of
D:ofo->of
D:ofous->of
D:ofously->of
D:ofs->of
D:ofward->of
D:ofwise->of
Q:running->run
D:run->run
D:runa->run
D:runability->run
D:runable->run
D:runae->run
D:runage->run
D:runal->run
D:runals->run
D:runant->run
D:runary->run
D:runas->run
D:runata->run
D:runate->run
D:runatic->run
D:runation->run
D:rune->run
D:runed->run
D:runeful->run
D:runeless->run
D:runely->run
D:runen->run
D:runene->run
D:runeness->run
D:runening->run
D:runery->run
D:runes->run
D:runi->run
D:runia->run
D:runian->run
D:runic->run
D:runically->run
D:runics->run
D:runide->run
D:runied->run
D:runier->run
D:runies->run
D:runinate->run
D:runination->run
D:runine->run
D:runiness->run
D:runing->run
D:runings->run
D:runions->run
D:runious->run
D:runiously->run
D:runis->run
D:runism->run
D:runist->run
D:runists->run
D:runless->run
D:runly->run
D:runn->run
D:runna->run
D:runnability->run
D:runnable->run
D:runnage->run
D:runnal->run
D:runnals->run
D:runnant->run
D:runnas->run
D:runnative->run
D:runnature->run
D:runne->run
D:runned->run
D:runnely->run
D:runnen->run
D:runnery->run
D:runnes->run
D:runni->run
D:runnia->run
D:runnian->run
D:runnic->run
D:runnier->run
D:runniers->run
D:runnies->run
D:runniness->run
D:running->run
D:runningly->run
D:runningness->run
D:runnings->run
D:runnions->run
D:runnis->run
D:runno->run
D:runns->run
D:runnum->run
D:runny->run
D:runnying->run
D:runnyish->run
D:runo->run
D:runogen->run
D:runone->run
D:runous->run
D:runs->run
D:runum->run
D:runward->run
D:runwise->run
D:runy->run
D:runying->run
<query> benefits of running</query><numhits>10</numhits><time>4505</time>
</ATIREsearch>
<ATIREsearch>
Q:marshall->marshal
D:marshala->marshal
D:marshalable->marshal
D:marshalas->marshal
D:marshalate->marshal
D:marshale->marshal
D:marshaled->marshal
D:marshalen->marshal
D:marshalene->marshal
D:marshales->marshal
D:marshalese->marshal
D:marshali->marshal
D:marshalian->marshal
D:marshaline->marshal
D:marshaling->marshal
D:marshalings->marshal
D:marshalite->marshal
D:marshall->marshal
D:marshalla->marshal
D:marshallability->marshal
D:marshallable->marshal
D:marshallae->marshal
D:marshallas->marshal
D:marshallate->marshal
D:marshalle->marshal
D:marshalled->marshal
D:marshallene->marshal
D:marshalles->marshal
D:marshallese->marshal
D:marshalli->marshal
D:marshallia->marshal
D:marshallian->marshal
D:marshallians->marshal
D:marshallier->marshal
D:marshalline->marshal
D:marshalling->marshal
D:marshallings->marshal
D:marshallis->marshal
D:marshallism->marshal
D:marshallite->marshal
D:marshallized->marshal
D:marshallo->marshal
D:marshalls->marshal
D:marshallum->marshal
D:marshallward->marshal
D:marshalward->marshal
Q:county->count
D:count->count
D:counta->count
D:countability->count
D:countable->count
D:countably->count
D:countage->count
D:countal->count
D:countally->count
D:countance->count
D:countances->count
D:countancy->count
D:countant->count
D:countants->count
D:countaries->count
D:countary->count
D:countas->count
D:counte->count
D:counted->count
D:counteless->count
D:counten->count
D:countence->count
D:countences->count
D:countent->count
D:countery->count
D:countes->count
D:countese->count
D:counthood->count
D:counti->count
D:countia->count
D:countian->count
D:countians->count
D:countic->count
D:countied->count
D:countier->count
D:countiers->count
D:counties->count
D:countily->count
D:countine->count
D:countines->count
D:countiness->count
D:counting->count
D:countingly->count
D:countingness->count
D:countings->count
D:countion->count
D:countiously->count
D:countis->count
D:countist->count
D:countists->count
D:countity->count
D:countless->count
D:countlessly->count
D:countlessness->count
D:countly->count
D:countness->count
D:counto->count
D:counton->count
D:countor->count
D:countous->count
D:counts->count
D:countt->count
D:counttable->count
D:countten->count
D:countties->count
D:countting->count
D:counttless->count
D:countto->count
D:countts->count
D:countty->count
D:countwise->count
D:county->count
D:countying->count
D:countyish->count
Q:schools->school
D:school->school
D:schoola->school
D:schoolable->school
D:schoolacy->school
D:schoolage->school
D:schoolal->school
D:schoolar->school
D:schoolarly->school
D:schoolars->school
D:schoolary->school
D:schoolas->school
D:schoole->school
D:schooled->school
D:schoolen->school
D:schoolery->school
D:schooles->school
D:schoolese->school
D:schoolful->school
D:schoolhood->school
D:schooli->school
D:schoolia->school
D:schoolide->school
D:schoolies->school
D:schooline->school
D:schooliness->school
D:schooling->school
D:schoolings->school
D:schoolis->school
D:schoolish->school
D:schoolishness->school
D:schoolism->school
D:schoolist->school
D:schoolity->school
D:schoolization->school
D:schoolized->school
D:schooll->school
D:schoollance->school
D:schoolled->school
D:schoolless->school
D:schoollies->school
D:schoolline->school
D:schoolling->school
D:schoollist->school
D:schoollists->school
D:schoollive->school
D:schoollization->school
D:schoolls->school
D:schoolly->school
D:schoolness->school
D:schoolo->school
D:schooloid->school
D:schools->school
D:schoolward->school
D:schoolwise->school
<query> marshall county schools</query><numhits>10</numhits><time>2218</time>
</ATIREsearch>
<ATIREsearch>
D:sun->sun
D:suna->sun
D:sunable->sun
D:sunacy->sun
D:sunae->sun
D:sunage->sun
D:sunaging->sun
D:sunal->sun
D:sunance->sun
D:sunant->sun
D:sunaric->sun
D:sunaries->sun
D:sunary->sun
D:sunas->sun
D:sunata->sun
D:sunate->sun
D:sunatic->sun
D:sunation->sun
D:sune->sun
D:suned->sun
D:sunely->sun
D:sunen->sun
D:sunery->sun
D:sunes->sun
D:sunese->sun
D:sunful->sun
D:sunfully->sun
D:sunhood->sun
D:suni->sun
D:sunia->sun
D:sunial->sun
D:sunian->sun
D:sunic->sun
D:sunics->sun
D:sunide->sun
D:sunier->sun
D:sunies->sun
D:sunily->sun
D:sunine->sun
D:sunious->sun
D:sunis->sun
D:sunist->sun
D:sunity->sun
D:sunium->sun
D:sunize->sun
D:sunless->sun
D:sunlessly->sun
D:sunlessness->sun
D:sunlily->sun
D:sunly->sun
D:sunn->sun
D:sunna->sun
D:sunnacity->sun
D:sunnae->sun
D:sunnage->sun
D:sunnal->sun
D:sunnant->sun
D:sunnary->sun
D:sunnas->sun
D:sunnata->sun
D:sunnate->sun
D:sunnational->sun
D:sunnations->sun
D:sunnative->sun
D:sunnator->sun
D:sunne->sun
D:sunned->sun
D:sunnedly->sun
D:sunnen->sun
D:sunnenly->sun
D:sunnery->sun
D:sunnes->sun
D:sunness->sun
D:sunni->sun
D:sunnia->sun
D:sunnial->sun
D:sunnic->sun
D:sunnied->sun
D:sunnier->sun
D:sunnies->sun
D:sunnily->sun
D:sunnines->sun
D:sunniness->sun
D:sunning->sun
D:sunningly->sun
D:sunnings->sun
D:sunnis->sun
D:sunnish->sun
D:sunnism->sun
D:sunnist->sun
D:sunnists->sun
D:sunnive->sun
D:sunnless->sun
D:sunnly->sun
D:sunno->sun
D:sunnone->sun
D:sunns->sun
D:sunny->sun
D:sunnying->sun
D:sunnyish->sun
D:sunnyl->sun
D:suno->sun
D:sunone->sun
D:sunous->sun
D:suns->sun
D:sunum->sun
D:sunward->sun
D:sunwise->sun
D:suny->sun
D:sunying->sun
D:tzu->tzu
D:tzua->tzu
D:tzuae->tzu
D:tzual->tzu
D:tzuas->tzu
D:tzue->tzu
D:tzued->tzu
D:tzuen->tzu
D:tzues->tzu
D:tzui->tzu
D:tzuian->tzu
D:tzuly->tzu
D:tzuo->tzu
D:tzuy->tzu
<query> sun tzu</query><numhits>10</numhits><time>811</time>
</ATIREsearch>
<ATIREsearch>
D:halloween->halloween
D:halloweena->halloween
D:halloweenage->halloween
D:halloweenas->halloween
D:halloweene->halloween
D:halloweened->halloween
D:halloweenery->halloween
D:halloweenes->halloween
D:halloweeni->halloween
D:halloweenia->halloween
D:halloweenians->halloween
D:halloweenied->halloween
D:halloweenier->halloween
D:halloweeniers->halloween
D:halloweenies->halloween
D:halloweeniness->halloween
D:halloweening->halloween
D:halloweenis->halloween
D:halloweenish->halloween
D:halloweenishness->halloween
D:halloweenism->halloween
D:halloweenity->halloween
D:halloweenize->halloween
D:halloweenn->halloween
D:halloweenna->halloween
D:halloweennation->halloween
D:halloweenness->halloween
D:halloweeno->halloween
D:halloweenone->halloween
D:halloweenous->halloween
D:halloweens->halloween
D:halloweenum->halloween
D:halloweeny->halloween
Q:activities->act
D:act->act
D:acta->act
D:actability->act
D:actable->act
D:actae->act
D:actage->act
D:actal->act
D:actally->act
D:actals->act
D:actance->act
D:actances->act
D:actancy->act
D:actant->act
D:actants->act
D:actarial->act
D:actary->act
D:actas->act
D:actata->act
D:actate->act
D:actates->act
D:actation->act
D:acte->act
D:acted->act
D:actely->act
D:acten->act
D:actene->act
D:actery->act
D:actes->act
D:actful->act
D:actfully->act
D:acti->act
D:actia->act
D:actial->act
D:actially->act
D:actian->act
D:actians->act
D:actibly->act
D:actic->act
D:actical->act
D:acticality->act
D:actically->act
D:acticide->act
D:acticism->act
D:acticist->act
D:acticity->act
D:actics->act
D:actidine->act
D:actied->act
D:acties->act
D:actily->act
D:actine->act
D:actines->act
D:acting->act
D:actingly->act
D:actings->act
D:actinism->act
D:action->act
D:actional->act
D:actionality->act
D:actionalize->act
D:actionally->act
D:actioned->act
D:actioning->act
D:actionist->act
D:actions->act
D:actious->act
D:actis->act
D:actism->act
D:actist->act
D:actists->act
D:actities->act
D:actity->act
D:actium->act
D:active->act
D:actively->act
D:activeness->act
D:activistic->act
D:activities->act
D:activity->act
D:actless->act
D:actly->act
D:actness->act
D:acto->act
D:actoid->act
D:acton->act
D:actor->act
D:actous->act
D:acts->act
D:actt->act
D:actta->act
D:acttally->act
D:actte->act
D:actted->act
D:actti->act
D:acttia->act
D:actting->act
D:acttion->act
D:acttions->act
D:acttive->act
D:acttively->act
D:acttivities->act
D:acttivity->act
D:acttly->act
D:actto->act
D:acttor->act
D:actts->act
D:actwise->act
D:acty->act
D:for->for
D:fora->for
D:forable->for
D:forably->for
D:foracious->for
D:forae->for
D:forage->for
D:forages->for
D:foraging->for
D:foral->for
D:foralism->for
D:forally->for
D:forals->for
D:forance->for
D:forant->for
D:forary->for
D:foras->for
D:forata->for
D:foratable->for
D:forate->for
D:forated->for
D:forately->for
D:foration->for
D:forations->for
D:forature->for
D:fore->for
D:fored->for
D:foreful->for
D:forefully->for
D:forehood->for
D:foreless->for
D:forement->for
D:foren->for
D:forence->for
D:forene->for
D:foreness->for
D:forening->for
D:forery->for
D:fores->for
D:forese->for
D:forful->for
D:forfully->for
D:fori->for
D:foria->for
D:forian->for
D:forians->for
D:forible->for
D:foribly->for
D:foric->for
D:foride->for
D:foried->for
D:forier->for
D:foriers->for
D:fories->for
D:forine->for
D:foring->for
D:forion->for
D:forious->for
D:foris->for
D:forist->for
D:foristic->for
D:forists->for
D:forite->for
D:fority->for
D:forium->for
D:forive->for
D:foriveness->for
D:forless->for
D:forly->for
D:forness->for
D:foro->for
D:foroid->for
D:forone->for
D:forous->for
D:forr->for
D:forra->for
D:forrae->for
D:forrage->for
D:forraging->for
D:forral->for
D:forrally->for
D:forrance->for
D:forrant->for
D:forrary->for
D:forras->for
D:forrate->for
D:forrating->for
D:forre->for
D:forred->for
D:forren->for
D:forrence->for
D:forrent->for
D:forrental->for
D:forrenting->for
D:forres->for
D:forri->for
D:forrian->for
D:forrible->for
D:forric->for
D:forride->for
D:forried->for
D:forrier->for
D:forries->for
D:forris->for
D:forrish->for
D:forrist->for
D:forro->for
D:forrs->for
D:forrum->for
D:forrward->for
D:forry->for
D:fors->for
D:forum->for
D:forward->for
D:forwise->for
D:fory->for
D:foryl->for
Q:middle->middl
D:middl->middl
D:middla->middl
D:middlae->middl
D:middlas->middl
D:middle->middl
D:middled->middl
D:middleless->middl
D:middlement->middl
D:middlen->middl
D:middleness->middl
D:middles->middl
D:middlese->middl
D:middli->middl
D:middlies->middl
D:middline->middl
D:middling->middl
D:middlingly->middl
D:middlingness->middl
D:middlings->middl
D:middlis->middl
D:middlish->middl
D:middlism->middl
D:middlist->middl
D:middlization->middl
D:middlized->middl
D:middll->middl
D:middlle->middl
D:middlles->middl
D:middlling->middl
D:middlo->middl
D:middls->middl
D:middlum->middl
D:middul->middl
D:middule->middl
D:school->school
D:schoola->school
D:schoolable->school
D:schoolacy->school
D:schoolage->school
D:schoolal->school
D:schoolar->school
D:schoolarly->school
D:schoolars->school
D:schoolary->school
D:schoolas->school
D:schoole->school
D:schooled->school
D:schoolen->school
D:schoolery->school
D:schooles->school
D:schoolese->school
D:schoolful->school
D:schoolhood->school
D:schooli->school
D:schoolia->school
D:schoolide->school
D:schoolies->school
D:schooline->school
D:schooliness->school
D:schooling->school
D:schoolings->school
D:schoolis->school
D:schoolish->school
D:schoolishness->school
D:schoolism->school
D:schoolist->school
D:schoolity->school
D:schoolization->school
D:schoolized->school
D:schooll->school
D:schoollance->school
D:schoolled->school
D:schoolless->school
D:schoollies->school
D:schoolline->school
D:schoolling->school
D:schoollist->school
D:schoollists->school
D:schoollive->school
D:schoollization->school
D:schoolls->school
D:schoolly->school
D:schoolness->school
D:schoolo->school
D:schooloid->school
D:schools->school
D:schoolward->school
D:schoolwise->school
<query> halloween activities for middle school</query><numhits>10</numhits><time>5633</time>
</ATIREsearch>
<ATIREsearch>
Q:dreams->dream
D:dream->dream
D:dreama->dream
D:dreamability->dream
D:dreamable->dream
D:dreamage->dream
D:dreamages->dream
D:dreamal->dream
D:dreamality->dream
D:dreamally->dream
D:dreamance->dream
D:dreamantic->dream
D:dreamas->dream
D:dreamate->dream
D:dreamates->dream
D:dreamatic->dream
D:dreamation->dream
D:dreamations->dream
D:dreamatory->dream
D:dreame->dream
D:dreamed->dream
D:dreameless->dream
D:dreamen->dream
D:dreameness->dream
D:dreament->dream
D:dreamented->dream
D:dreamery->dream
D:dreames->dream
D:dreamful->dream
D:dreamfully->dream
D:dreamfulness->dream
D:dreami->dream
D:dreamia->dream
D:dreamian->dream
D:dreamier->dream
D:dreamies->dream
D:dreamily->dream
D:dreamination->dream
D:dreaminess->dream
D:dreaming->dream
D:dreamingly->dream
D:dreamings->dream
D:dreaminism->dream
D:dreamion->dream
D:dreamious->dream
D:dreamis->dream
D:dreamish->dream
D:dreamishness->dream
D:dreamism->dream
D:dreamist->dream
D:dreamistic->dream
D:dreamists->dream
D:dreamity->dream
D:dreamium->dream
D:dreamizer->dream
D:dreamless->dream
D:dreamlessly->dream
D:dreamlessness->dream
D:dreamlily->dream
D:dreamly->dream
D:dreamm->dream
D:dreamma->dream
D:dreammage->dream
D:dreammate->dream
D:dreammates->dream
D:dreammatic->dream
D:dreammation->dream
D:dreamme->dream
D:dreammed->dream
D:dreammen->dream
D:dreamming->dream
D:dreammion->dream
D:dreammish->dream
D:dreammist->dream
D:dreamms->dream
D:dreammy->dream
D:dreamness->dream
D:dreamo->dream
D:dreamous->dream
D:dreams->dream
D:dreamum->dream
D:dreamward->dream
D:dreamwise->dream
D:dreamy->dream
D:dreamyish->dream
Q:interpretation->interpres
D:interpresa->interpres
D:interpresas->interpres
D:interpresation->interpres
D:interpresed->interpres
D:interpresence->interpres
D:interpresentation->interpres
D:interpress->interpres
D:interpresse->interpres
D:interpret->interpres
D:interpreta->interpres
D:interpretability->interpres
D:interpretable->interpres
D:interpretableness->interpres
D:interpretably->interpres
D:interpretal->interpres
D:interpretant->interpres
D:interpretants->interpres
D:interpretas->interpres
D:interpretata->interpres
D:interpretatable->interpres
D:interpretate->interpres
D:interpretated->interpres
D:interpretates->interpres
D:interpretating->interpres
D:interpretation->interpres
D:interpretational->interpres
D:interpretationally->interpres
D:interpretations->interpres
D:interpretative->interpres
D:interpretatively->interpres
D:interpretatives->interpres
D:interpretator->interpres
D:interpretators->interpres
D:interpretatory->interpres
D:interprete->interpres
D:interpreted->interpres
D:interpreten->interpres
D:interpretent->interpres
D:interpretentations->interpres
D:interpretes->interpres
D:interpretese->interpres
D:interpreti->interpres
D:interpretible->interpres
D:interpretic->interpres
D:interpretics->interpres
D:interpretier->interpres
D:interpretiers->interpres
D:interpretine->interpres
D:interpretines->interpres
D:interpreting->interpres
D:interpretings->interpres
D:interpretion->interpres
D:interpretions->interpres
D:interpretis->interpres
D:interpretism->interpres
D:interpretist->interpres
D:interpretive->interpres
D:interpretively->interpres
D:interpretivistic->interpres
D:interpreto->interpres
D:interpretor->interpres
D:interprets->interpres
D:interprett->interpres
D:interprettable->interpres
D:interprettation->interpres
D:interprettations->interpres
D:interpretted->interpres
D:interpretting->interpres
D:interprettion->interpres
D:interprettions->interpres
D:interprettive->interpres
D:interprettor->interpres
D:interprety->interpres
<query> dreams interpretation</query><numhits>10</numhits><time>1015</time>
</ATIREsearch>
<ATIREsearch>
D:wilson->wilson
D:wilsona->wilson
D:wilsonae->wilson
D:wilsonal->wilson
D:wilsonate->wilson
D:wilsonator->wilson
D:wilsone->wilson
D:wilsoni->wilson
D:wilsonia->wilson
D:wilsonian->wilson
D:wilsonians->wilson
D:wilsonic->wilson
D:wilsonics->wilson
D:wilsoning->wilson
D:wilsonious->wilson
D:wilsonis->wilson
D:wilsonish->wilson
D:wilsonism->wilson
D:wilsonisms->wilson
D:wilsonium->wilson
D:wilsonized->wilson
D:wilsonn->wilson
D:wilsonnae->wilson
D:wilsonne->wilson
D:wilsonni->wilson
D:wilsonns->wilson
D:wilsono->wilson
D:wilsonone->wilson
D:wilsons->wilson
D:wilsonum->wilson
D:wilsonwise->wilson
D:wilsony->wilson
D:s->s
Q:disease->diseas
D:diseasa->diseas
D:diseasae->diseas
D:diseasas->diseas
D:disease->diseas
D:diseased->diseas
D:diseasedly->diseas
D:diseaseful->diseas
D:diseaseless->diseas
D:diseasement->diseas
D:diseasen->diseas
D:diseaseous->diseas
D:diseases->diseas
D:diseasese->diseas
D:diseasi->diseas
D:diseasic->diseas
D:diseasing->diseas
D:diseasion->diseas
D:diseasis->diseas
D:diseasism->diseas
D:diseaso->diseas
D:diseasoid->diseas
D:diseasor->diseas
D:diseass->diseas
D:diseasse->diseas
D:diseasses->diseas
D:diseasy->diseas
<query> wilson s disease</query><numhits>10</numhits><time>3138</time>
</ATIREsearch>
<ATIREsearch>
D:golf->golf
D:golfa->golf
D:golfability->golf
D:golfable->golf
D:golfae->golf
D:golfal->golf
D:golfas->golf
D:golfe->golf
D:golfed->golf
D:golfen->golf
D:golfent->golf
D:golfery->golf
D:golfes->golf
D:golfi->golf
D:golfier->golf
D:golfies->golf
D:golfine->golf
D:golfines->golf
D:golfiness->golf
D:golfing->golf
D:golfingly->golf
D:golfings->golf
D:golfis->golf
D:golfish->golf
D:golfism->golf
D:golfist->golf
D:golfistic->golf
D:golfists->golf
D:golfity->golf
D:golfless->golf
D:golflessness->golf
D:golfly->golf
D:golfness->golf
D:golfo->golf
D:golfs->golf
D:golfwise->golf
D:golfy->golf
Q:instruction->instruc
D:instruc->instruc
D:instrucable->instruc
D:instrucal->instruc
D:instrucation->instruc
D:instrucational->instruc
D:instrucations->instruc
D:instruced->instruc
D:instrucing->instruc
D:instrucion->instruc
D:instrucional->instruc
D:instrucions->instruc
D:instrucive->instruc
D:instruco->instruc
D:instrucs->instruc
D:instruct->instruc
D:instructa->instruc
D:instructability->instruc
D:instructable->instruc
D:instructably->instruc
D:instructae->instruc
D:instructation->instruc
D:instructe->instruc
D:instructed->instruc
D:instructes->instruc
D:instructi->instruc
D:instructia->instruc
D:instructian->instruc
D:instructians->instruc
D:instructible->instruc
D:instructied->instruc
D:instructies->instruc
D:instructing->instruc
D:instructings->instruc
D:instruction->instruc
D:instructional->instruc
D:instructionalism->instruc
D:instructionally->instruc
D:instructionals->instruc
D:instructioning->instruc
D:instructionist->instruc
D:instructions->instruc
D:instructis->instruc
D:instructive->instruc
D:instructively->instruc
D:instructiveness->instruc
D:instructo->instruc
D:instructoid->instruc
D:instructon->instruc
D:instructor->instruc
D:instructs->instruc
D:instructtion->instruc
D:instructtional->instruc
D:instructtions->instruc
D:instructtor->instruc
D:instrucy->instruc
<query> golf instruction</query><numhits>10</numhits><time>949</time>
</ATIREsearch>
<ATIREsearch>
Q:uss->us
D:us->us
D:usa->us
D:usability->us
D:usable->us
D:usableness->us
D:usably->us
D:usacies->us
D:usacity->us
D:usacy->us
D:usae->us
D:usaic->us
D:usalist->us
D:usality->us
D:usata->us
D:usate->us
D:usated->us
D:usates->us
D:usating->us
D:usator->us
D:usators->us
D:use->us
D:useableness->us
D:used->us
D:usedly->us
D:useful->us
D:usefully->us
D:useity->us
D:useless->us
D:usely->us
D:usement->us
D:usene->us
D:usened->us
D:useness->us
D:usening->us
D:useous->us
D:usery->us
D:uses->us
D:usese->us
D:usful->us
D:usfully->us
D:usfulness->us
D:ushood->us
D:usi->us
D:usia->us
D:usial->us
D:usially->us
D:usian->us
D:usians->us
D:usibility->us
D:usible->us
D:usic->us
D:usical->us
D:usicality->us
D:usician->us
D:usicians->us
D:usicide->us
D:usics->us
D:usied->us
D:usier->us
D:usies->us
D:usiful->us
D:usily->us
D:usine->us
D:usines->us
D:usiness->us
D:usional->us
D:usioned->us
D:usionist->us
D:usious->us
D:usis->us
D:usist->us
D:usity->us
D:usium->us
D:usive->us
D:usively->us
D:usivity->us
D:usless->us
D:uslessly->us
D:uslessness->us
D:usness->us
D:usnesses->us
D:uso->us
D:usor->us
D:uss->us
D:ussa->us
D:ussability->us
D:ussable->us
D:ussage->us
D:ussal->us
D:ussally->us
D:ussant->us
D:ussary->us
D:ussas->us
D:usse->us
D:ussed->us
D:usseful->us
D:ussely->us
D:ussen->us
D:ussence->us
D:ussene->us
D:ussentials->us
D:ussery->us
D:usses->us
D:usshood->us
D:ussi->us
D:ussia->us
D:ussian->us
D:ussic->us
D:ussied->us
D:ussier->us
D:ussies->us
D:ussing->us
D:ussion->us
D:ussions->us
D:ussis->us
D:ussist->us
D:ussive->us
D:ussize->us
D:ussless->us
D:ussness->us
D:usso->us
D:ussor->us
D:ussy->us
D:usward->us
Q:cole->col
D:col->col
D:cola->col
D:colable->col
D:colae->col
D:colage->col
D:colages->col
D:colal->col
D:colalist->col
D:colance->col
D:colancy->col
D:colant->col
D:colants->col
D:colar->col
D:colaric->col
D:colaries->col
D:colarisation->col
D:colarity->col
D:colarization->col
D:colaroid->col
D:colars->col
D:colary->col
D:colas->col
D:colata->col
D:colate->col
D:colated->col
D:colates->col
D:colating->col
D:colation->col
D:colations->col
D:colator->col
D:colature->col
D:cole->col
D:coled->col
D:coleful->col
D:colely->col
D:colement->col
D:colen->col
D:colene->col
D:colenly->col
D:coleous->col
D:colery->col
D:coles->col
D:colese->col
D:colful->col
D:coli->col
D:colia->col
D:colial->col
D:colian->col
D:colic->col
D:colical->col
D:colics->col
D:colide->col
D:colides->col
D:colied->col
D:colier->col
D:coliers->col
D:colies->col
D:coline->col
D:colines->col
D:coliness->col
D:coling->col
D:colings->col
D:colional->col
D:colionalism->col
D:colious->col
D:colis->col
D:colist->col
D:colists->col
D:colite->col
D:colities->col
D:colity->col
D:colium->col
D:colive->col
D:colization->col
D:colize->col
D:colizer->col
D:coll->col
D:colla->col
D:collable->col
D:collae->col
D:collage->col
D:collages->col
D:collaging->col
D:collal->col
D:collance->col
D:collant->col
D:collants->col
D:collar->col
D:collaric->col
D:collaries->col
D:collarity->col
D:collarize->col
D:collaroid->col
D:collars->col
D:collary->col
D:collas->col
D:collata->col
D:collatable->col
D:collate->col
D:collated->col
D:collates->col
D:collatic->col
D:collating->col
D:collation->col
D:collational->col
D:collations->col
D:collative->col
D:collator->col
D:collators->col
D:colle->col
D:colled->col
D:collement->col
D:collen->col
D:collence->col
D:collene->col
D:collent->col
D:collenting->col
D:collery->col
D:colles->col
D:collese->col
D:colless->col
D:colli->col
D:collia->col
D:collian->col
D:collic->col
D:collide->col
D:collides->col
D:collidine->col
D:collied->col
D:collier->col
D:colliers->col
D:collies->col
D:collination->col
D:colline->col
D:collines->col
D:colliness->col
D:colling->col
D:collingly->col
D:collings->col
D:collions->col
D:collis->col
D:collish->col
D:collist->col
D:collite->col
D:collity->col
D:collium->col
D:collive->col
D:collness->col
D:collo->col
D:collogen->col
D:colloid->col
D:colloidal->col
D:colloidally->col
D:colloides->col
D:collous->col
D:colls->col
D:collum->col
D:collwise->col
D:colly->col
D:collying->col
D:colness->col
D:colo->col
D:cologen->col
D:coloid->col
D:coloidal->col
D:coloides->col
D:colous->col
D:cols->col
D:colum->col
D:colward->col
D:colwise->col
D:coly->col
<query> uss cole</query><numhits>10</numhits><time>2945</time>
</ATIREsearch>
<ATIREsearch>
D:how->how
D:howa->how
D:howae->how
D:howage->how
D:howal->how
D:howant->how
D:howary->how
D:howas->how
D:howata->how
D:howe->how
D:howed->how
D:howefully->how
D:howeity->how
D:howely->how
D:howen->how
D:howery->how
D:howes->how
D:howese->how
D:howful->how
D:howfully->how
D:howhood->how
D:howi->how
D:howia->how
D:howial->how
D:howian->how
D:howible->how
D:howic->how
D:howied->how
D:howier->how
D:howies->how
D:howing->how
D:howings->how
D:howis->how
D:howist->how
D:howizer->how
D:howless->how
D:howly->how
D:howness->how
D:howo->how
D:hows->how
D:howward->how
D:howy->how
Q:has->ha
D:ha->ha
D:haa->ha
D:haable->ha
D:haacy->ha
D:haae->ha
D:haaic->ha
D:haata->ha
D:haate->ha
D:haated->ha
D:haates->ha
D:hae->ha
D:haed->ha
D:haedly->ha
D:haely->ha
D:haence->ha
D:haene->ha
D:haened->ha
D:haeness->ha
D:haening->ha
D:haery->ha
D:haes->ha
D:haese->ha
D:haful->ha
D:hafully->ha
D:hai->ha
D:haia->ha
D:haial->ha
D:haian->ha
D:haians->ha
D:haible->ha
D:haic->ha
D:haical->ha
D:haide->ha
D:haides->ha
D:haied->ha
D:haier->ha
D:haiers->ha
D:haies->ha
D:haily->ha
D:hainate->ha
D:hainess->ha
D:hais->ha
D:haist->ha
D:haists->ha
D:haities->ha
D:haity->ha
D:haium->ha
D:haive->ha
D:haless->ha
D:halily->ha
D:haness->ha
D:hanesses->ha
D:hao->ha
D:haogen->ha
D:haous->ha
D:has->ha
D:haward->ha
D:hawise->ha
D:hayish->ha
D:african->african
D:africana->african
D:africanae->african
D:africanary->african
D:africanas->african
D:africanation->african
D:africanature->african
D:africane->african
D:africaneity->african
D:africanes->african
D:africanese->african
D:africani->african
D:africania->african
D:africanian->african
D:africanians->african
D:africanic->african
D:africanicity->african
D:africanines->african
D:africanis->african
D:africanisation->african
D:africanish->african
D:africanism->african
D:africanisms->african
D:africanist->african
D:africanistic->african
D:africanistics->african
D:africanists->african
D:africanities->african
D:africanity->african
D:africanium->african
D:africanization->african
D:africanizations->african
D:africanize->african
D:africanized->african
D:africanizing->african
D:africann->african
D:africanna->african
D:africanne->african
D:africannes->african
D:africanness->african
D:africano->african
D:africanoid->african
D:africanoides->african
D:africanone->african
D:africans->african
D:africanum->african
D:africany->african
D:american->american
D:americana->american
D:americanable->american
D:americanae->american
D:americanage->american
D:americanaging->american
D:americanaries->american
D:americanas->american
D:americanata->american
D:americane->american
D:americaned->american
D:americanen->american
D:americanes->american
D:americanese->american
D:americanhood->american
D:americani->american
D:americania->american
D:americanian->american
D:americanic->american
D:americanicity->american
D:americanics->american
D:americanier->american
D:americanine->american
D:americanines->american
D:americaning->american
D:americanis->american
D:americanisation->american
D:americanish->american
D:americanishness->american
D:americanism->american
D:americanisms->american
D:americanist->american
D:americanistic->american
D:americanistics->american
D:americanists->american
D:americanity->american
D:americanization->american
D:americanizations->american
D:americanize->american
D:americanized->american
D:americanizer->american
D:americanizers->american
D:americanizing->american
D:americanly->american
D:americann->american
D:americanna->american
D:americannable->american
D:americannation->american
D:americannative->american
D:americannature->american
D:americanne->american
D:americanned->american
D:americanness->american
D:americannia->american
D:americanno->american
D:americanns->american
D:americanny->american
D:americano->american
D:americanoid->american
D:americans->american
D:americanum->american
D:americanwise->american
D:americany->american
Q:music->mus
D:mus->mus
D:musa->mus
D:musability->mus
D:musable->mus
D:musaceous->mus
D:musae->mus
D:musage->mus
D:musaic->mus
D:musaical->mus
D:musal->mus
D:musally->mus
D:musant->mus
D:musary->mus
D:musas->mus
D:musata->mus
D:musation->mus
D:musations->mus
D:muse->mus
D:mused->mus
D:musedly->mus
D:museful->mus
D:musefully->mus
D:museless->mus
D:musely->mus
D:musement->mus
D:musen->mus
D:musene->mus
D:museness->mus
D:musery->mus
D:muses->mus
D:musese->mus
D:mushood->mus
D:musi->mus
D:musia->mus
D:musial->mus
D:musially->mus
D:musials->mus
D:musian->mus
D:musians->mus
D:music->mus
D:musical->mus
D:musicalism->mus
D:musicalist->mus
D:musicality->mus
D:musicalize->mus
D:musically->mus
D:musicalness->mus
D:musicant->mus
D:musician->mus
D:musicians->mus
D:musicide->mus
D:musicism->mus
D:musicist->mus
D:musicists->mus
D:musicity->mus
D:musics->mus
D:musier->mus
D:musies->mus
D:musily->mus
D:musine->mus
D:musiness->mus
D:musing->mus
D:musingly->mus
D:musings->mus
D:musion->mus
D:musis->mus
D:musist->mus
D:musium->mus
D:musive->mus
D:musize->mus
D:musly->mus
D:muso->mus
D:musoid->mus
D:musor->mus
D:musous->mus
D:muss->mus
D:mussa->mus
D:mussable->mus
D:mussably->mus
D:mussage->mus
D:mussages->mus
D:mussal->mus
D:mussals->mus
D:mussata->mus
D:mussation->mus
D:musse->mus
D:mussed->mus
D:mussely->mus
D:mussen->mus
D:musses->mus
D:mussi->mus
D:mussia->mus
D:mussian->mus
D:mussic->mus
D:mussical->mus
D:mussicality->mus
D:mussicians->mus
D:mussier->mus
D:mussies->mus
D:mussiful->mus
D:mussily->mus
D:mussines->mus
D:mussiness->mus
D:mussing->mus
D:mussings->mus
D:mussion->mus
D:mussions->mus
D:mussis->mus
D:mussive->mus
D:mussless->mus
D:mussly->mus
D:musso->mus
D:mussoides->mus
D:mussor->mus
D:mussy->mus
D:musy->mus
Q:influence->influ
D:influ->influ
D:influa->influ
D:influance->influ
D:influanced->influ
D:influances->influ
D:influancing->influ
D:influant->influ
D:influated->influ
D:influating->influ
D:influation->influ
D:influe->influ
D:influed->influ
D:influen->influ
D:influence->influ
D:influenced->influ
D:influences->influ
D:influencible->influ
D:influencies->influ
D:influencing->influ
D:influency->influ
D:influene->influ
D:influened->influ
D:influening->influ
D:influent->influ
D:influental->influ
D:influentally->influ
D:influented->influ
D:influential->influ
D:influentiality->influ
D:influentially->influ
D:influentialness->influ
D:influentials->influ
D:influenting->influ
D:influently->influ
D:influes->influ
D:influi->influ
D:influia->influ
D:influis->influ
D:influo->influ
D:influy->influ
Q:history->histor
D:histora->histor
D:historae->histor
D:historal->histor
D:historally->histor
D:historas->histor
D:historates->histor
D:histore->histor
D:histores->histor
D:histori->histor
D:historia->histor
D:historial->histor
D:historiality->histor
D:historially->histor
D:historials->histor
D:historian->histor
D:historians->histor
D:historic->histor
D:historical->histor
D:historicalism->histor
D:historicalist->histor
D:historicality->histor
D:historically->histor
D:historicalness->histor
D:historician->histor
D:historicians->histor
D:historicide->histor
D:historicism->histor
D:historicist->histor
D:historicists->histor
D:historicity->histor
D:historics->histor
D:historied->histor
D:historier->histor
D:histories->histor
D:historiful->histor
D:historine->histor
D:historing->histor
D:historion->histor
D:historions->histor
D:historious->histor
D:historis->histor
D:historisation->histor
D:historish->histor
D:historism->histor
D:historisms->histor
D:historist->histor
D:historistic->histor
D:historite->histor
D:histority->histor
D:historium->histor
D:historization->histor
D:historize->histor
D:historized->histor
D:historizers->histor
D:historizing->histor
D:historo->histor
D:historr->histor
D:historri->histor
D:historric->histor
D:historry->histor
D:histors->histor
D:historum->histor
D:history->histor
D:historying->histor
D:historyish->histor
D:historyl->histor
<query> how has african american music influence history</query><numhits>10</numhits><time>5699</time>
</ATIREsearch>
<ATIREsearch>
Q:bewitched->bewitch
D:bewitch->bewitch
D:bewitche->bewitch
D:bewitched->bewitch
D:bewitchery->bewitch
D:bewitches->bewitch
D:bewitchful->bewitch
D:bewitchi->bewitch
D:bewitching->bewitch
D:bewitchingly->bewitch
D:bewitchings->bewitch
D:bewitchy->bewitch
D:cast->cast
D:casta->cast
D:castability->cast
D:castable->cast
D:castae->cast
D:castage->cast
D:castages->cast
D:castaic->cast
D:castal->cast
D:castant->cast
D:castas->cast
D:castata->cast
D:castate->cast
D:castated->cast
D:castation->cast
D:castator->cast
D:caste->cast
D:casted->cast
D:casteless->cast
D:castely->cast
D:castement->cast
D:casten->cast
D:castent->cast
D:castery->cast
D:castes->cast
D:castful->cast
D:casti->cast
D:castia->cast
D:castial->cast
D:castials->cast
D:castian->cast
D:castians->cast
D:castibility->cast
D:castible->cast
D:castic->cast
D:castics->cast
D:castide->cast
D:castier->cast
D:casties->cast
D:castily->cast
D:castination->cast
D:castine->cast
D:castines->cast
D:casting->cast
D:castingness->cast
D:castings->cast
D:castion->cast
D:castions->cast
D:castis->cast
D:castish->cast
D:castism->cast
D:castisms->cast
D:castist->cast
D:castists->cast
D:castity->cast
D:castive->cast
D:castless->cast
D:castly->cast
D:castness->cast
D:casto->cast
D:caston->cast
D:castor->cast
D:casts->cast
D:castt->cast
D:castte->cast
D:castted->cast
D:castting->cast
D:casttings->cast
D:castto->cast
D:casttor->cast
D:castts->cast
D:castty->cast
D:casty->cast
<query> bewitched cast</query><numhits>10</numhits><time>828</time>
</ATIREsearch>
<ATIREsearch>
D:mister->mister
D:mistera->mister
D:misterable->mister
D:misteral->mister
D:misterant->mister
D:misterants->mister
D:misteras->mister
D:misterate->mister
D:misterational->mister
D:mistere->mister
D:mistered->mister
D:misteren->mister
D:mistereous->mister
D:misteres->mister
D:misterhood->mister
D:misteri->mister
D:misteria->mister
D:misterial->mister
D:misterian->mister
D:misteries->mister
D:misterine->mister
D:mistering->mister
D:misterion->mister
D:misterious->mister
D:misteriously->mister
D:misteris->mister
D:misterium->mister
D:misterly->mister
D:mistero->mister
D:misterous->mister
D:misterously->mister
D:misterr->mister
D:misterra->mister
D:misterre->mister
D:misterred->mister
D:misterres->mister
D:misterri->mister
D:misterrious->mister
D:misterrs->mister
D:misterry->mister
D:misters->mister
D:misterwise->mister
D:mistr->mister
D:mistra->mister
D:mistral->mister
D:mistrally->mister
D:mistrals->mister
D:mistras->mister
D:mistrata->mister
D:mistrate->mister
D:mistrated->mister
D:mistrating->mister
D:mistration->mister
D:mistre->mister
D:mistrene->mister
D:mistres->mister
D:mistri->mister
D:mistria->mister
D:mistrial->mister
D:mistrials->mister
D:mistric->mister
D:mistrical->mister
D:mistried->mister
D:mistries->mister
D:mistrine->mister
D:mistrious->mister
D:mistris->mister
D:mistrist->mister
D:mistro->mister
D:mistrous->mister
D:mistrra->mister
D:mistrral->mister
D:mistrs->mister
D:mistrum->mister
D:mistry->mister
D:mistryl->mister
Q:rogers->roger
D:roger->roger
D:rogera->roger
D:rogerable->roger
D:rogerant->roger
D:rogeras->roger
D:rogere->roger
D:rogered->roger
D:rogerene->roger
D:rogeres->roger
D:rogerhood->roger
D:rogeri->roger
D:rogeria->roger
D:rogerian->roger
D:rogerians->roger
D:rogeric->roger
D:rogering->roger
D:rogerious->roger
D:rogeris->roger
D:rogerish->roger
D:rogerism->roger
D:rogerium->roger
D:rogerly->roger
D:rogerness->roger
D:rogero->roger
D:rogerone->roger
D:rogerr->roger
D:rogerrally->roger
D:rogerred->roger
D:rogerro->roger
D:rogerrs->roger
D:rogers->roger
D:rogerum->roger
D:rogerward->roger
<query> mister rogers</query><numhits>10</numhits><time>663</time>
</ATIREsearch>
<ATIREsearch>
Q:game->gam
D:gam->gam
D:gama->gam
D:gamable->gam
D:gamae->gam
D:gamage->gam
D:gamages->gam
D:gamal->gam
D:gamals->gam
D:gamant->gam
D:gamants->gam
D:gamary->gam
D:gamas->gam
D:gamata->gam
D:gamate->gam
D:gamates->gam
D:gamatic->gam
D:gamating->gam
D:gamation->gam
D:game->gam
D:gamed->gam
D:gameful->gam
D:gamefully->gam
D:gamehood->gam
D:gameless->gam
D:gamely->gam
D:gamen->gam
D:gamene->gam
D:gameness->gam
D:gamery->gam
D:games->gam
D:gamese->gam
D:gami->gam
D:gamia->gam
D:gamian->gam
D:gamic->gam
D:gamics->gam
D:gamide->gam
D:gamides->gam
D:gamier->gam
D:gamies->gam
D:gamily->gam
D:gaminess->gam
D:gaming->gam
D:gamingly->gam
D:gamingness->gam
D:gamings->gam
D:gamion->gam
D:gamis->gam
D:gamished->gam
D:gamism->gam
D:gamist->gam
D:gamists->gam
D:gamity->gam
D:gamized->gam
D:gamly->gam
D:gamm->gam
D:gamma->gam
D:gammae->gam
D:gammage->gam
D:gammages->gam
D:gammal->gam
D:gammary->gam
D:gammas->gam
D:gammata->gam
D:gammatable->gam
D:gammate->gam
D:gammation->gam
D:gamme->gam
D:gammed->gam
D:gammen->gam
D:gamment->gam
D:gammery->gam
D:gammes->gam
D:gammi->gam
D:gammia->gam
D:gammian->gam
D:gammic->gam
D:gammier->gam
D:gammies->gam
D:gamming->gam
D:gammings->gam
D:gammis->gam
D:gammish->gam
D:gammist->gam
D:gammo->gam
D:gammous->gam
D:gamms->gam
D:gammy->gam
D:gamness->gam
D:gamo->gam
D:gamogen->gam
D:gamoid->gam
D:gamous->gam
D:gams->gam
D:gamum->gam
D:gamwise->gam
D:gamy->gam
Q:theory->theor
D:theor->theor
D:theora->theor
D:theoracy->theor
D:theorae->theor
D:theoral->theor
D:theorally->theor
D:theoratic->theor
D:theorator->theor
D:theoratory->theor
D:theore->theor
D:theoren->theor
D:theores->theor
D:theorese->theor
D:theori->theor
D:theoria->theor
D:theorian->theor
D:theorians->theor
D:theoric->theor
D:theorical->theor
D:theorically->theor
D:theorician->theor
D:theoricians->theor
D:theoricist->theor
D:theorics->theor
D:theoride->theor
D:theorides->theor
D:theoried->theor
D:theories->theor
D:theoring->theor
D:theorion->theor
D:theoris->theor
D:theorisation->theor
D:theorish->theor
D:theorism->theor
D:theorist->theor
D:theoristic->theor
D:theorists->theor
D:theorities->theor
D:theority->theor
D:theorium->theor
D:theorizable->theor
D:theorization->theor
D:theorizations->theor
D:theorize->theor
D:theorized->theor
D:theorizer->theor
D:theorizers->theor
D:theorizing->theor
D:theoro->theor
D:theorr->theor
D:theorries->theor
D:theorris->theor
D:theorrists->theor
D:theorrs->theor
D:theorry->theor
D:theors->theor
D:theorum->theor
D:theory->theor
D:theoryish->theor
<query> game theory</query><numhits>10</numhits><time>1535</time>
</ATIREsearch>
<ATIREsearch>
D:view->view
D:viewa->view
D:viewability->view
D:viewable->view
D:viewably->view
D:viewae->view
D:viewage->view
D:viewal->view
D:viewas->view
D:viewate->view
D:viewe->view
D:viewed->view
D:viewen->view
D:viewent->view
D:viewery->view
D:viewes->view
D:viewful->view
D:viewfully->view
D:viewi->view
D:viewia->view
D:viewian->view
D:viewians->view
D:viewide->view
D:viewied->view
D:viewier->view
D:viewiers->view
D:viewies->view
D:viewiful->view
D:viewiness->view
D:viewing->view
D:viewingness->view
D:viewings->view
D:viewis->view
D:viewish->view
D:viewity->view
D:viewless->view
D:viewlessly->view
D:viewlessness->view
D:viewly->view
D:viewness->view
D:viewo->view
D:views->view
D:viewwise->view
D:viewy->view
D:viewying->view
D:my->my
D:mya->my
D:myability->my
D:myae->my
D:myaic->my
D:myalist->my
D:myata->my
D:myate->my
D:myates->my
D:mye->my
D:myed->my
D:myency->my
D:myene->my
D:myenly->my
D:myery->my
D:myes->my
D:myhood->my
D:myi->my
D:myia->my
D:myian->my
D:myians->my
D:myic->my
D:myics->my
D:myide->my
D:myied->my
D:myier->my
D:myiers->my
D:myily->my
D:myine->my
D:myis->my
D:myishness->my
D:myist->my
D:myless->my
D:mylily->my
D:myness->my
D:myo->my
D:myogen->my
D:myoid->my
D:myoides->my
D:myous->my
D:mys->my
D:myward->my
D:mywise->my
D:internet->internet
D:interneta->internet
D:internetable->internet
D:internetae->internet
D:internetage->internet
D:internetal->internet
D:internetally->internet
D:internetants->internet
D:internetas->internet
D:internetation->internet
D:internetational->internet
D:internete->internet
D:interneted->internet
D:internetedly->internet
D:internetely->internet
D:interneten->internet
D:internetes->internet
D:internetese->internet
D:internetful->internet
D:interneti->internet
D:internetia->internet
D:internetian->internet
D:internetians->internet
D:internetic->internet
D:internetical->internet
D:internetically->internet
D:interneticians->internet
D:interneticide->internet
D:internetics->internet
D:internetier->internet
D:internetine->internet
D:internetines->internet
D:internetiness->internet
D:interneting->internet
D:internetingly->internet
D:internetion->internet
D:internetional->internet
D:internetionalize->internet
D:internetionally->internet
D:internetis->internet
D:internetisation->internet
D:internetish->internet
D:internetism->internet
D:internetisms->internet
D:internetist->internet
D:internetistic->internet
D:internetistics->internet
D:internetium->internet
D:internetive->internet
D:internetivity->internet
D:internetization->internet
D:internetize->internet
D:internetized->internet
D:internetizing->internet
D:internetless->internet
D:internetlessness->internet
D:internetly->internet
D:internetness->internet
D:interneto->internet
D:internetoid->internet
D:interneton->internet
D:internetor->internet
D:internets->internet
D:internett->internet
D:internetta->internet
D:internettable->internet
D:internettal->internet
D:internettals->internet
D:internette->internet
D:internetted->internet
D:internettedly->internet
D:internetten->internet
D:internettent->internet
D:internettery->internet
D:internettes->internet
D:internetti->internet
D:internettia->internet
D:internetties->internet
D:internettily->internet
D:internettiness->internet
D:internetting->internet
D:internettingly->internet
D:internettings->internet
D:internettish->internet
D:internettive->internet
D:internetto->internet
D:internetts->internet
D:internetty->internet
D:internetwise->internet
D:internety->internet
Q:history->histor
D:histora->histor
D:historae->histor
D:historal->histor
D:historally->histor
D:historas->histor
D:historates->histor
D:histore->histor
D:histores->histor
D:histori->histor
D:historia->histor
D:historial->histor
D:historiality->histor
D:historially->histor
D:historials->histor
D:historian->histor
D:historians->histor
D:historic->histor
D:historical->histor
D:historicalism->histor
D:historicalist->histor
D:historicality->histor
D:historically->histor
D:historicalness->histor
D:historician->histor
D:historicians->histor
D:historicide->histor
D:historicism->histor
D:historicist->histor
D:historicists->histor
D:historicity->histor
D:historics->histor
D:historied->histor
D:historier->histor
D:histories->histor
D:historiful->histor
D:historine->histor
D:historing->histor
D:historion->histor
D:historions->histor
D:historious->histor
D:historis->histor
D:historisation->histor
D:historish->histor
D:historism->histor
D:historisms->histor
D:historist->histor
D:historistic->histor
D:historite->histor
D:histority->histor
D:historium->histor
D:historization->histor
D:historize->histor
D:historized->histor
D:historizers->histor
D:historizing->histor
D:historo->histor
D:historr->histor
D:historri->histor
D:historric->histor
D:historry->histor
D:histors->histor
D:historum->histor
D:history->histor
D:historying->histor
D:historyish->histor
D:historyl->histor
<query> view my internet history</query><numhits>10</numhits><time>4484</time>
</ATIREsearch>
<ATIREsearch>
Q:ketogenic->ketogen
D:ketogeni->ketogen
D:ketogenic->ketogen
D:ketogenically->ketogen
D:ketogenics->ketogen
D:ketogenum->ketogen
Q:diet->dies
D:diesa->dies
D:diesability->dies
D:diesae->dies
D:diesal->dies
D:diesals->dies
D:diesas->dies
D:diesely->dies
D:diesen->dies
D:dieses->dies
D:diesese->dies
D:diesi->dies
D:diesia->dies
D:diesic->dies
D:diesing->dies
D:diesings->dies
D:diesis->dies
D:diesist->dies
D:diesium->dies
D:diesize->dies
D:diesness->dies
D:dieso->dies
D:diess->dies
D:diessa->dies
D:diesse->dies
D:diessen->dies
D:diesses->dies
D:diessic->dies
D:diesso->dies
D:diesy->dies
D:diet->dies
D:dieta->dies
D:dietae->dies
D:dietages->dies
D:dietal->dies
D:dietance->dies
D:dietant->dies
D:dietaries->dies
D:dietarily->dies
D:dietary->dies
D:dietas->dies
D:dietata->dies
D:dietatic->dies
D:dietation->dies
D:diete->dies
D:dieted->dies
D:dietement->dies
D:dieten->dies
D:dietene->dies
D:dietery->dies
D:dietes->dies
D:diethood->dies
D:dieti->dies
D:dietia->dies
D:dietian->dies
D:dietians->dies
D:dietic->dies
D:dietician->dies
D:dieticians->dies
D:dietics->dies
D:dietiers->dies
D:dieties->dies
D:dietine->dies
D:dietines->dies
D:dieting->dies
D:dietingly->dies
D:dietings->dies
D:dietion->dies
D:dietis->dies
D:dietish->dies
D:dietist->dies
D:dietists->dies
D:dietitic->dies
D:dietivity->dies
D:dietize->dies
D:dietized->dies
D:dietizing->dies
D:dietless->dies
D:dietly->dies
D:dieto->dies
D:dieton->dies
D:dietor->dies
D:dietous->dies
D:diets->dies
D:diett->dies
D:dietta->dies
D:diettary->dies
D:diette->dies
D:dietted->dies
D:dietten->dies
D:diettes->dies
D:diettic->dies
D:dietting->dies
D:dietto->dies
D:dietts->dies
D:dietward->dies
D:dietwise->dies
D:diety->dies
<query> ketogenic diet</query><numhits>10</numhits><time>687</time>
</ATIREsearch>
<ATIREsearch>
Q:nasa->nas
D:nasa->nas
D:nasacity->nas
D:nasae->nas
D:nasage->nas
D:nasaic->nas
D:nasal->nas
D:nasalism->nas
D:nasalist->nas
D:nasalities->nas
D:nasality->nas
D:nasalize->nas
D:nasally->nas
D:nasalness->nas
D:nasals->nas
D:nasaries->nas
D:nasary->nas
D:nasas->nas
D:nasata->nas
D:nasate->nas
D:nasates->nas
D:nase->nas
D:nased->nas
D:nasely->nas
D:nasen->nas
D:naseous->nas
D:nasery->nas
D:nases->nas
D:nasese->nas
D:nashood->nas
D:nasi->nas
D:nasia->nas
D:nasial->nas
D:nasian->nas
D:nasic->nas
D:nasically->nas
D:nasics->nas
D:nasier->nas
D:nasies->nas
D:nasily->nas
D:nasiness->nas
D:nasing->nas
D:nasion->nas
D:nasional->nas
D:nasionalism->nas
D:nasionality->nas
D:nasionals->nas
D:nasions->nas
D:nasis->nas
D:nasism->nas
D:nasist->nas
D:nasities->nas
D:nasity->nas
D:nasium->nas
D:nasly->nas
D:naso->nas
D:nasor->nas
D:nass->nas
D:nassa->nas
D:nassae->nas
D:nassage->nas
D:nassages->nas
D:nassal->nas
D:nassary->nas
D:nassas->nas
D:nasse->nas
D:nassed->nas
D:nassen->nas
D:nassent->nas
D:nassery->nas
D:nasses->nas
D:nassi->nas
D:nassia->nas
D:nassial->nas
D:nassian->nas
D:nassic->nas
D:nassier->nas
D:nassing->nas
D:nassion->nas
D:nassis->nas
D:nassism->nas
D:nassist->nas
D:nassists->nas
D:nassium->nas
D:nasso->nas
D:nassoides->nas
D:nassor->nas
D:nassous->nas
D:nassy->nas
D:nasy->nas
Q:interplanetary->interplanet
D:interplanet->interplanet
D:interplaneta->interplanet
D:interplanetaries->interplanet
D:interplanetarily->interplanet
D:interplanetary->interplanet
D:interplanetery->interplanet
D:interplanets->interplanet
Q:missions->mis
D:misa->mis
D:misable->mis
D:misae->mis
D:misage->mis
D:misal->mis
D:misally->mis
D:misals->mis
D:misant->mis
D:misary->mis
D:misas->mis
D:misata->mis
D:misate->mis
D:misation->mis
D:mise->mis
D:mised->mis
D:misely->mis
D:misen->mis
D:misence->mis
D:misene->mis
D:misery->mis
D:mises->mis
D:mishood->mis
D:misi->mis
D:misia->mis
D:misially->mis
D:misian->mis
D:misians->mis
D:misible->mis
D:misic->mis
D:misical->mis
D:misicality->mis
D:misician->mis
D:misicians->mis
D:misicity->mis
D:misics->mis
D:misied->mis
D:misier->mis
D:misiers->mis
D:misily->mis
D:misine->mis
D:mising->mis
D:misingly->mis
D:mision->mis
D:misional->mis
D:misionally->mis
D:misioned->mis
D:misions->mis
D:misis->mis
D:misity->mis
D:misium->mis
D:misize->mis
D:misized->mis
D:misless->mis
D:mislily->mis
D:misly->mis
D:miso->mis
D:misor->mis
D:misous->mis
D:miss->mis
D:missa->mis
D:missability->mis
D:missable->mis
D:missably->mis
D:missae->mis
D:missage->mis
D:missages->mis
D:missal->mis
D:missally->mis
D:missals->mis
D:missant->mis
D:missaries->mis
D:missary->mis
D:missas->mis
D:missata->mis
D:missated->mis
D:missates->mis
D:misse->mis
D:missed->mis
D:missely->mis
D:missement->mis
D:missen->mis
D:missence->mis
D:missene->mis
D:missent->mis
D:missery->mis
D:misses->mis
D:misshood->mis
D:missi->mis
D:missia->mis
D:missials->mis
D:missian->mis
D:missians->mis
D:missibility->mis
D:missible->mis
D:missic->mis
D:missicality->mis
D:missicians->mis
D:missied->mis
D:missier->mis
D:missiers->mis
D:missies->mis
D:missily->mis
D:missine->mis
D:missines->mis
D:missiness->mis
D:missing->mis
D:missingly->mis
D:missingness->mis
D:missings->mis
D:mission->mis
D:missional->mis
D:missionalism->mis
D:missionality->mis
D:missionalize->mis
D:missionally->mis
D:missionals->mis
D:missioned->mis
D:missioning->mis
D:missions->mis
D:missis->mis
D:missish->mis
D:missishness->mis
D:missism->mis
D:missity->mis
D:missium->mis
D:missive->mis
D:missively->mis
D:missiveness->mis
D:missivity->mis
D:missize->mis
D:missized->mis
D:missless->mis
D:misslily->mis
D:missly->mis
D:missness->mis
D:misso->mis
D:missoid->mis
D:missor->mis
D:missous->mis
D:missward->mis
D:misswise->mis
D:missy->mis
D:misy->mis
D:mit->mis
D:mita->mis
D:mitability->mis
D:mitable->mis
D:mitae->mis
D:mitage->mis
D:mitages->mis
D:mital->mis
D:mitals->mis
D:mitant->mis
D:mitarily->mis
D:mitary->mis
D:mitas->mis
D:mitata->mis
D:mitate->mis
D:mitated->mis
D:mitates->mis
D:mitatic->mis
D:mitating->mis
D:mitation->mis
D:mitations->mis
D:mite->mis
D:mited->mis
D:mitely->mis
D:miten->mis
D:mitene->mis
D:mitened->mis
D:miteness->mis
D:mitery->mis
D:mites->mis
D:mitese->mis
D:miti->mis
D:mitia->mis
D:mitial->mis
D:mitian->mis
D:mitians->mis
D:mitic->mis
D:mitical->mis
D:miticians->mis
D:miticide->mis
D:mitics->mis
D:mitides->mis
D:mitier->mis
D:mities->mis
D:mitine->mis
D:mitines->mis
D:miting->mis
D:mitings->mis
D:mition->mis
D:mitious->mis
D:mitis->mis
D:mitism->mis
D:mitisms->mis
D:mitite->mis
D:mitive->mis
D:mitize->mis
D:mitized->mis
D:mitless->mis
D:mitness->mis
D:mito->mis
D:mitogen->mis
D:mitoid->mis
D:miton->mis
D:mitor->mis
D:mits->mis
D:mitt->mis
D:mitta->mis
D:mittage->mis
D:mittal->mis
D:mittals->mis
D:mittance->mis
D:mittances->mis
D:mittant->mis
D:mittas->mis
D:mittata->mis
D:mitte->mis
D:mitted->mis
D:mittedly->mis
D:mitten->mis
D:mittene->mis
D:mittened->mis
D:mitteness->mis
D:mittening->mis
D:mittenly->mis
D:mittent->mis
D:mittently->mis
D:mittery->mis
D:mittes->mis
D:mittful->mis
D:mitti->mis
D:mittia->mis
D:mittician->mis
D:mitticism->mis
D:mitties->mis
D:mitting->mis
D:mittings->mis
D:mittion->mis
D:mittis->mis
D:mittism->mis
D:mittisms->mis
D:mittite->mis
D:mittless->mis
D:mittness->mis
D:mitto->mis
D:mittor->mis
D:mitts->mis
D:mitty->mis
D:mittyish->mis
D:mity->mis
<query> nasa interplanetary missions</query><numhits>10</numhits><time>1568</time>
</ATIREsearch>
<ATIREsearch>
Q:hayrides->hayr
D:hayr->hayr
D:hayra->hayr
D:hayrage->hayr
D:hayras->hayr
D:hayre->hayr
D:hayren->hayr
D:hayres->hayr
D:hayri->hayr
D:hayria->hayr
D:hayric->hayr
D:hayride->hayr
D:hayrides->hayr
D:hayring->hayr
D:hayris->hayr
D:hayrish->hayr
D:hayro->hayr
D:hayrr->hayr
D:hayrras->hayr
D:hayrris->hayr
D:hayrry->hayr
D:hayrs->hayr
D:hayrum->hayr
D:hayry->hayr
D:in->in
D:ina->in
D:inability->in
D:inable->in
D:inably->in
D:inacity->in
D:inae->in
D:inaic->in
D:inalist->in
D:inality->in
D:inalize->in
D:inancial->in
D:inarial->in
D:inarily->in
D:inarization->in
D:inata->in
D:inate->in
D:inated->in
D:inately->in
D:inateness->in
D:inates->in
D:inating->in
D:inative->in
D:inatives->in
D:inator->in
D:inators->in
D:inatory->in
D:inature->in
D:ine->in
D:ineal->in
D:inear->in
D:inearly->in
D:ined->in
D:inedly->in
D:ineless->in
D:inely->in
D:inement->in
D:inence->in
D:inences->in
D:inene->in
D:ineness->in
D:inental->in
D:inently->in
D:ineous->in
D:inery->in
D:ines->in
D:inese->in
D:inful->in
D:infully->in
D:inhood->in
D:ini->in
D:inia->in
D:inial->in
D:inialize->in
D:inially->in
D:inian->in
D:inians->in
D:inibility->in
D:inic->in
D:inical->in
D:inician->in
D:inicist->in
D:inicity->in
D:inics->in
D:inide->in
D:inides->in
D:inied->in
D:inier->in
D:inies->in
D:inily->in
D:inine->in
D:inines->in
D:inis->in
D:inished->in
D:inist->in
D:inists->in
D:initeness->in
D:inities->in
D:initous->in
D:inity->in
D:inium->in
D:inive->in
D:inizations->in
D:inless->in
D:inn->in
D:inna->in
D:innability->in
D:innable->in
D:innae->in
D:innage->in
D:innages->in
D:innal->in
D:innally->in
D:innant->in
D:innary->in
D:innas->in
D:innata->in
D:innate->in
D:innated->in
D:innately->in
D:innateness->in
D:innates->in
D:innatic->in
D:innational->in
D:innations->in
D:innative->in
D:innativism->in
D:innators->in
D:innature->in
D:inne->in
D:inned->in
D:inneity->in
D:innen->in
D:innery->in
D:innes->in
D:innese->in
D:inness->in
D:innesses->in
D:inni->in
D:innia->in
D:innially->in
D:innians->in
D:innibility->in
D:innic->in
D:innies->in
D:innine->in
D:inning->in
D:innings->in
D:innions->in
D:innis->in
D:innities->in
D:innity->in
D:innivity->in
D:innized->in
D:innless->in
D:innness->in
D:inno->in
D:innogen->in
D:innone->in
D:innotide->in
D:inns->in
D:innum->in
D:innwise->in
D:inny->in
D:innyl->in
D:ino->in
D:inogen->in
D:inoid->in
D:inone->in
D:inotide->in
D:inous->in
D:ins->in
D:inum->in
D:inward->in
D:inwise->in
D:inyl->in
D:pa->pa
D:paa->pa
D:paable->pa
D:paacy->pa
D:paae->pa
D:paaic->pa
D:paata->pa
D:paate->pa
D:paates->pa
D:pae->pa
D:paed->pa
D:paeful->pa
D:paely->pa
D:paement->pa
D:paene->pa
D:paenly->pa
D:paental->pa
D:paery->pa
D:paes->pa
D:paese->pa
D:pai->pa
D:paia->pa
D:paial->pa
D:paian->pa
D:paians->pa
D:paible->pa
D:paic->pa
D:paical->pa
D:paics->pa
D:paide->pa
D:paides->pa
D:paied->pa
D:paier->pa
D:paiers->pa
D:paies->pa
D:paiful->pa
D:paifully->pa
D:paily->pa
D:paination->pa
D:painess->pa
D:paional->pa
D:pais->pa
D:paist->pa
D:paity->pa
D:paium->pa
D:paive->pa
D:paless->pa
D:palily->pa
D:paness->pa
D:pao->pa
D:paoid->pa
D:paous->pa
D:pas->pa
D:paward->pa
D:payish->pa
<query> hayrides in pa</query><numhits>10</numhits><time>3883</time>
</ATIREsearch>
<ATIREsearch>
Q:where->whes
D:wher->whes
D:whera->whes
D:wherae->whes
D:wheras->whes
D:where->whes
D:whered->whes
D:wherely->whes
D:wheren->whes
D:whereness->whes
D:wherent->whes
D:wheres->whes
D:wherese->whes
D:wherful->whes
D:whering->whes
D:wheris->whes
D:wherish->whes
D:wherity->whes
D:wherly->whes
D:whero->whes
D:wherr->whes
D:wherra->whes
D:wherre->whes
D:wherren->whes
D:wherri->whes
D:wherries->whes
D:wherring->whes
D:wherrity->whes
D:wherrs->whes
D:wherry->whes
D:whers->whes
D:whesata->whes
D:whesen->whes
D:whesi->whes
D:wheso->whes
D:whess->whes
D:whessal->whes
D:whesse->whes
D:whesso->whes
D:whessy->whes
D:whesy->whes
D:whet->whes
D:wheta->whes
D:whete->whes
D:wheted->whes
D:whetely->whes
D:wheten->whes
D:whetes->whes
D:wheti->whes
D:wheting->whes
D:whetish->whes
D:whetly->whes
D:wheto->whes
D:wheton->whes
D:whets->whes
D:whett->whes
D:whetta->whes
D:whette->whes
D:whetted->whes
D:whetten->whes
D:whetting->whes
D:whettings->whes
D:whettish->whes
D:whettly->whes
D:whetto->whes
D:whetts->whes
D:to->to
D:toa->to
D:toable->to
D:toacy->to
D:toae->to
D:toaic->to
D:toality->to
D:toata->to
D:toate->to
D:toates->to
D:toator->to
D:toe->to
D:toed->to
D:toeful->to
D:toefully->to
D:toeless->to
D:toement->to
D:toences->to
D:toene->to
D:toeness->to
D:toening->to
D:toental->to
D:toery->to
D:toes->to
D:toese->to
D:tofully->to
D:tohood->to
D:toi->to
D:toia->to
D:toially->to
D:toian->to
D:toible->to
D:toic->to
D:toical->to
D:toics->to
D:toide->to
D:toies->to
D:toiful->to
D:toily->to
D:toine->to
D:toines->to
D:toional->to
D:tois->to
D:toist->to
D:toities->to
D:toity->to
D:toive->to
D:toively->to
D:toless->to
D:tolily->to
D:toness->to
D:too->to
D:tooid->to
D:toous->to
D:tos->to
D:toward->to
D:toyish->to
D:find->find
D:finda->find
D:findability->find
D:findable->find
D:findableness->find
D:findably->find
D:findacity->find
D:findae->find
D:findage->find
D:findal->find
D:findally->find
D:findals->find
D:findance->find
D:findancial->find
D:findas->find
D:findata->find
D:findate->find
D:findd->find
D:finddata->find
D:finddate->find
D:finddates->find
D:findde->find
D:findden->find
D:finddentist->find
D:findding->find
D:finddings->find
D:finddist->find
D:finddo->find
D:findds->find
D:finde->find
D:finded->find
D:findelity->find
D:findely->find
D:finden->find
D:findent->find
D:findery->find
D:findes->find
D:findi->find
D:findia->find
D:findian->find
D:findians->find
D:findibility->find
D:findic->find
D:findier->find
D:findies->find
D:findine->find
D:finding->find
D:findingly->find
D:findingness->find
D:findings->find
D:findion->find
D:findis->find
D:findish->find
D:findished->find
D:findism->find
D:findist->find
D:findity->find
D:findless->find
D:findly->find
D:findness->find
D:findo->find
D:findous->find
D:finds->find
D:findwise->find
D:findy->find
D:morel->morel
D:morela->morel
D:morelas->morel
D:morelation->morel
D:morele->morel
D:morelen->morel
D:morelene->morel
D:morelent->morel
D:moreles->morel
D:morelese->morel
D:moreli->morel
D:morelia->morel
D:morelian->morel
D:morelies->morel
D:moreline->morel
D:morelines->morel
D:moreling->morel
D:morelious->morel
D:morelis->morel
D:morelist->morel
D:morelists->morel
D:morelite->morel
D:morelive->morel
D:morell->morel
D:morella->morel
D:morellas->morel
D:morelle->morel
D:morellen->morel
D:morelles->morel
D:morelli->morel
D:morellia->morel
D:morellian->morel
D:morellic->morel
D:morelline->morel
D:morelling->morel
D:morellis->morel
D:morellish->morel
D:morello->morel
D:morelloid->morel
D:morells->morel
D:morellum->morel
D:morelly->morel
D:morelo->morel
D:morels->morel
D:morelum->morel
D:morelying->morel
D:moreul->morel
Q:mushrooms->mushroom
D:mushroom->mushroom
D:mushrooma->mushroom
D:mushroome->mushroom
D:mushroomed->mushroom
D:mushroomen->mushroom
D:mushroomery->mushroom
D:mushroomes->mushroom
D:mushroomese->mushroom
D:mushroomi->mushroom
D:mushroomian->mushroom
D:mushroomic->mushroom
D:mushroomies->mushroom
D:mushroominess->mushroom
D:mushrooming->mushroom
D:mushroomis->mushroom
D:mushroomish->mushroom
D:mushroomism->mushroom
D:mushroomist->mushroom
D:mushroomists->mushroom
D:mushroomity->mushroom
D:mushroomization->mushroom
D:mushroomize->mushroom
D:mushroomized->mushroom
D:mushroomless->mushroom
D:mushroomm->mushroom
D:mushroommage->mushroom
D:mushroommary->mushroom
D:mushroomms->mushroom
D:mushroommum->mushroom
D:mushroomness->mushroom
D:mushroomo->mushroom
D:mushroomoid->mushroom
D:mushrooms->mushroom
D:mushroomy->mushroom
<query> where to find morel mushrooms</query><numhits>10</numhits><time>6385</time>
</ATIREsearch>
<ATIREsearch>
Q:magnesium->magnes
D:magnesa->magnes
D:magnesen->magnes
D:magneses->magnes
D:magnesi->magnes
D:magnesia->magnes
D:magnesial->magnes
D:magnesian->magnes
D:magnesians->magnes
D:magnesic->magnes
D:magnesion->magnes
D:magnesis->magnes
D:magnesite->magnes
D:magnesium->magnes
D:magnessage->magnes
D:magnesse->magnes
D:magnessia->magnes
D:magnessium->magnes
D:magnesy->magnes
D:rich->rich
D:richa->rich
D:richability->rich
D:richable->rich
D:richacy->rich
D:richae->rich
D:richal->rich
D:richant->rich
D:richarity->rich
D:richary->rich
D:richas->rich
D:richata->rich
D:richate->rich
D:riche->rich
D:riched->rich
D:richely->rich
D:richement->rich
D:richen->rich
D:richene->rich
D:richened->rich
D:richeness->rich
D:richening->rich
D:richent->rich
D:richental->rich
D:richeous->rich
D:richeousness->rich
D:richery->rich
D:riches->rich
D:richese->rich
D:richful->rich
D:richhood->rich
D:richi->rich
D:richia->rich
D:richian->rich
D:richians->rich
D:richic->rich
D:richide->rich
D:richied->rich
D:richier->rich
D:richiers->rich
D:richies->rich
D:richily->rich
D:richine->rich
D:richines->rich
D:riching->rich
D:richings->rich
D:richis->rich
D:richish->rich
D:richism->rich
D:richist->rich
D:richless->rich
D:richly->rich
D:richness->rich
D:richnesses->rich
D:richo->rich
D:richoid->rich
D:richous->rich
D:richs->rich
D:richward->rich
D:richwise->rich
D:richy->rich
Q:foods->food
D:food->food
D:fooda->food
D:foodability->food
D:foodable->food
D:foodably->food
D:foodacity->food
D:foodae->food
D:foodage->food
D:foodages->food
D:foodal->food
D:foodaries->food
D:foodarity->food
D:foodas->food
D:foodata->food
D:foodate->food
D:foodd->food
D:foodda->food
D:fooddary->food
D:fooddata->food
D:fooddental->food
D:fooddish->food
D:fooddo->food
D:foodds->food
D:fooddy->food
D:foode->food
D:fooded->food
D:foodelity->food
D:fooden->food
D:foodening->food
D:foodery->food
D:foodes->food
D:foodful->food
D:foodhood->food
D:foodi->food
D:foodia->food
D:foodian->food
D:foodians->food
D:foodic->food
D:foodically->food
D:foodier->food
D:foodies->food
D:foodily->food
D:foodiness->food
D:fooding->food
D:foodings->food
D:foodis->food
D:foodish->food
D:foodishness->food
D:foodism->food
D:foodisms->food
D:foodist->food
D:foodists->food
D:foodite->food
D:foodities->food
D:foodity->food
D:foodivities->food
D:foodization->food
D:foodizer->food
D:foodless->food
D:foodlessness->food
D:foodlily->food
D:foodly->food
D:foodness->food
D:foodo->food
D:foods->food
D:foodward->food
D:foodwise->food
D:foody->food
<query> magnesium rich foods</query><numhits>10</numhits><time>1501</time>
</ATIREsearch>
<ATIREsearch>
D:common->common
D:commona->common
D:commonable->common
D:commonae->common
D:commonage->common
D:commonages->common
D:commonal->common
D:commonalism->common
D:commonalities->common
D:commonality->common
D:commonalize->common
D:commonally->common
D:commonas->common
D:commone->common
D:commoned->common
D:commonely->common
D:commonent->common
D:commonental->common
D:commoni->common
D:commonide->common
D:commoning->common
D:commoningly->common
D:commonis->common
D:commonisation->common
D:commonish->common
D:commonism->common
D:commonist->common
D:commonistic->common
D:commonists->common
D:commonities->common
D:commonity->common
D:commonization->common
D:commonize->common
D:commonized->common
D:commonizer->common
D:commonizing->common
D:commonly->common
D:commonn->common
D:commonna->common
D:commonnature->common
D:commonness->common
D:commonnesses->common
D:commonnly->common
D:commonno->common
D:commonns->common
D:commono->common
D:commonone->common
D:commons->common
D:commonwise->common
D:commony->common
Q:schizophrenia->schizophren
D:schizophrena->schizophren
D:schizophrenen->schizophren
D:schizophrenes->schizophren
D:schizophrenese->schizophren
D:schizophreni->schizophren
D:schizophrenia->schizophren
D:schizophrenial->schizophren
D:schizophrenian->schizophren
D:schizophrenians->schizophren
D:schizophrenic->schizophren
D:schizophrenical->schizophren
D:schizophrenically->schizophren
D:schizophrenics->schizophren
D:schizophrenides->schizophren
D:schizophrenies->schizophren
D:schizophrenis->schizophren
D:schizophrenist->schizophren
D:schizophrenity->schizophren
D:schizophrennia->schizophren
D:schizophrenogen->schizophren
D:schizophrenoides->schizophren
D:schizophreny->schizophren
Q:drugs->drug
D:drug->drug
D:druga->drug
D:drugability->drug
D:drugable->drug
D:drugae->drug
D:drugage->drug
D:drugal->drug
D:drugals->drug
D:drugas->drug
D:drugata->drug
D:drugatic->drug
D:druge->drug
D:druged->drug
D:drugen->drug
D:drugery->drug
D:druges->drug
D:drugg->drug
D:drugga->drug
D:druggability->drug
D:druggable->drug
D:druggage->drug
D:druggas->drug
D:druggate->drug
D:drugge->drug
D:drugged->drug
D:druggen->drug
D:druggery->drug
D:drugges->drug
D:druggi->drug
D:druggier->drug
D:druggies->drug
D:druggily->drug
D:drugginess->drug
D:drugging->drug
D:druggings->drug
D:druggis->drug
D:druggish->drug
D:druggist->drug
D:druggists->drug
D:druggless->drug
D:druggo->drug
D:druggs->drug
D:druggy->drug
D:drugi->drug
D:drugia->drug
D:drugian->drug
D:drugic->drug
D:drugics->drug
D:drugies->drug
D:druging->drug
D:drugis->drug
D:drugish->drug
D:drugism->drug
D:drugist->drug
D:drugists->drug
D:drugless->drug
D:drugly->drug
D:drugness->drug
D:drugo->drug
D:drugs->drug
D:drugwise->drug
D:drugy->drug
<query> common schizophrenia drugs</query><numhits>10</numhits><time>1395</time>
</ATIREsearch>
<ATIREsearch>
D:carotid->carotid
D:carotida->carotid
D:carotidal->carotid
D:carotidas->carotid
D:carotidi->carotid
D:carotids->carotid
Q:cavernous->cavern
D:cavern->cavern
D:caverna->cavern
D:cavernae->cavern
D:cavernal->cavern
D:cavernas->cavern
D:cavernata->cavern
D:cavernation->cavern
D:caverne->cavern
D:caverned->cavern
D:cavernes->cavern
D:caverni->cavern
D:caverning->cavern
D:cavernis->cavern
D:cavernish->cavern
D:cavernism->cavern
D:caverno->cavern
D:cavernous->cavern
D:cavernously->cavern
D:cavernousness->cavern
D:caverns->cavern
D:cavernum->cavern
Q:fistula->fistl
D:fistl->fistl
D:fistla->fistl
D:fistlar->fistl
D:fistline->fistl
D:fistling->fistl
D:fistul->fistl
D:fistula->fistl
D:fistulae->fistl
D:fistular->fistl
D:fistulas->fistl
D:fistulata->fistl
D:fistulate->fistl
D:fistulated->fistl
D:fistulating->fistl
D:fistulation->fistl
D:fistulator->fistl
D:fistule->fistl
D:fistules->fistl
D:fistulis->fistl
D:fistulisation->fistl
D:fistulization->fistl
D:fistulize->fistl
D:fistulized->fistl
D:fistulizing->fistl
D:fistulla->fistl
D:fistulo->fistl
D:fistuloides->fistl
D:fistulous->fistl
D:fistuls->fistl
Q:treatment->treatm
D:treatm->treatm
D:treatmant->treatm
D:treatmants->treatm
D:treatme->treatm
D:treatmed->treatm
D:treatmement->treatm
D:treatmen->treatm
D:treatmene->treatm
D:treatmening->treatm
D:treatment->treatm
D:treatmental->treatm
D:treatmented->treatm
D:treatmenting->treatm
D:treatmment->treatm
D:treatmum->treatm
D:treatmy->treatm
<query> carotid cavernous fistula treatment</query><numhits>10</numhits><time>1327</time>
</ATIREsearch>
<ATIREsearch>
D:fidel->fidel
D:fidela->fidel
D:fidelas->fidel
D:fidele->fidel
D:fideled->fidel
D:fidelement->fidel
D:fidelen->fidel
D:fidelened->fidel
D:fideles->fidel
D:fideli->fidel
D:fidelia->fidel
D:fidelian->fidel
D:fidelians->fidel
D:fidelic->fidel
D:fidelicant->fidel
D:fideline->fidel
D:fideling->fidel
D:fidelious->fidel
D:fideliousness->fidel
D:fidelis->fidel
D:fidelisation->fidel
D:fidelism->fidel
D:fidelist->fidel
D:fidelite->fidel
D:fidelities->fidel
D:fidelitous->fidel
D:fidelium->fidel
D:fidelization->fidel
D:fidelize->fidel
D:fidelizer->fidel
D:fidell->fidel
D:fidella->fidel
D:fidellas->fidel
D:fidelle->fidel
D:fidellement->fidel
D:fidelles->fidel
D:fidelli->fidel
D:fidellia->fidel
D:fidelline->fidel
D:fidelling->fidel
D:fidellis->fidel
D:fidellity->fidel
D:fidello->fidel
D:fidelly->fidel
D:fidelo->fidel
D:fidels->fidel
Q:castro->castr
D:castr->castr
D:castra->castr
D:castral->castr
D:castrant->castr
D:castras->castr
D:castrata->castr
D:castrate->castr
D:castrated->castr
D:castrates->castr
D:castrating->castr
D:castratingly->castr
D:castration->castr
D:castrational->castr
D:castrations->castr
D:castrative->castr
D:castrator->castr
D:castrators->castr
D:castratory->castr
D:castre->castr
D:castred->castr
D:castren->castr
D:castrence->castr
D:castrene->castr
D:castres->castr
D:castrese->castr
D:castri->castr
D:castria->castr
D:castrian->castr
D:castrians->castr
D:castric->castr
D:castride->castr
D:castrier->castr
D:castries->castr
D:castrine->castr
D:castring->castr
D:castrion->castr
D:castris->castr
D:castrism->castr
D:castrist->castr
D:castrists->castr
D:castrium->castr
D:castro->castr
D:castroid->castr
D:castrone->castr
D:castrrs->castr
D:castrs->castr
D:castrum->castr
D:castry->castr
<query> fidel castro</query><numhits>10</numhits><time>615</time>
</ATIREsearch>
<ATIREsearch>
Q:benefits->benefit
D:benefit->benefit
D:benefita->benefit
D:benefitable->benefit
D:benefitage->benefit
D:benefital->benefit
D:benefitaries->benefit
D:benefitary->benefit
D:benefitas->benefit
D:benefited->benefit
D:benefiten->benefit
D:benefitent->benefit
D:benefites->benefit
D:benefitful->benefit
D:benefiti->benefit
D:benefitial->benefit
D:benefitic->benefit
D:benefitical->benefit
D:benefitied->benefit
D:benefitine->benefit
D:benefiting->benefit
D:benefitional->benefit
D:benefitious->benefit
D:benefitis->benefit
D:benefitism->benefit
D:benefitium->benefit
D:benefitive->benefit
D:benefitized->benefit
D:benefitless->benefit
D:benefitness->benefit
D:benefito->benefit
D:benefiton->benefit
D:benefitor->benefit
D:benefits->benefit
D:benefitt->benefit
D:benefittance->benefit
D:benefitte->benefit
D:benefitted->benefit
D:benefittial->benefit
D:benefitting->benefit
D:benefitto->benefit
D:benefitts->benefit
D:benefitwise->benefit
D:of->of
D:ofa->of
D:ofacy->of
D:ofae->of
D:ofata->of
D:ofate->of
D:ofates->of
D:ofe->of
D:ofed->of
D:ofely->of
D:ofence->of
D:ofences->of
D:ofene->of
D:ofening->of
D:ofently->of
D:ofes->of
D:offul->of
D:offully->of
D:ofi->of
D:ofia->of
D:ofial->of
D:ofian->of
D:ofic->of
D:ofical->of
D:ofically->of
D:ofician->of
D:oficist->of
D:ofics->of
D:ofide->of
D:ofied->of
D:ofier->of
D:ofies->of
D:ofily->of
D:ofine->of
D:ofis->of
D:ofist->of
D:ofite->of
D:ofities->of
D:ofive->of
D:ofless->of
D:ofness->of
D:ofnesses->of
D:ofo->of
D:ofous->of
D:ofously->of
D:ofs->of
D:ofward->of
D:ofwise->of
Q:yoga->yog
D:yog->yog
D:yoga->yog
D:yogability->yog
D:yogacity->yog
D:yogal->yog
D:yogas->yog
D:yogata->yog
D:yogatic->yog
D:yoge->yog
D:yoged->yog
D:yogen->yog
D:yogery->yog
D:yoges->yog
D:yogg->yog
D:yogga->yog
D:yogge->yog
D:yoggen->yog
D:yoggi->yog
D:yoggies->yog
D:yogging->yog
D:yoggo->yog
D:yoggy->yog
D:yogi->yog
D:yogia->yog
D:yogian->yog
D:yogic->yog
D:yogically->yog
D:yogics->yog
D:yogier->yog
D:yogies->yog
D:yogine->yog
D:yoginess->yog
D:yoging->yog
D:yogis->yog
D:yogism->yog
D:yogisms->yog
D:yogist->yog
D:yogistic->yog
D:yogists->yog
D:yogization->yog
D:yogized->yog
D:yogo->yog
D:yogs->yog
D:yogy->yog
<query> benefits of yoga</query><numhits>10</numhits><time>4152</time>
</ATIREsearch>
<ATIREsearch>
Q:norway->norwa
D:norwai->norwa
D:norwaies->norwa
D:norway->norwa
D:norwayish->norwa
Q:spruce->spruc
D:spruc->spruc
D:spruca->spruc
D:sprucance->spruc
D:sprucas->spruc
D:spruce->spruc
D:spruced->spruc
D:sprucely->spruc
D:sprucen->spruc
D:spruceness->spruc
D:sprucery->spruc
D:spruces->spruc
D:spruci->spruc
D:sprucing->spruc
D:spructon->spruc
D:sprucy->spruc
<query> norway spruce</query><numhits>10</numhits><time>563</time>
</ATIREsearch>
<ATIREsearch>
Q:sangre->sangr
D:sangr->sangr
D:sangra->sangr
D:sangrae->sangr
D:sangral->sangr
D:sangras->sangr
D:sangre->sangr
D:sangred->sangr
D:sangren->sangr
D:sangrene->sangr
D:sangrent->sangr
D:sangres->sangr
D:sangri->sangr
D:sangria->sangr
D:sangrial->sangr
D:sangrian->sangr
D:sangrine->sangr
D:sangris->sangr
D:sangro->sangr
D:sangry->sangr
D:de->de
D:dea->de
D:deable->de
D:deacity->de
D:deacy->de
D:deae->de
D:deaic->de
D:dealist->de
D:deality->de
D:dealize->de
D:dealness->de
D:dearic->de
D:dearies->de
D:dearily->de
D:deata->de
D:deatable->de
D:deate->de
D:deates->de
D:deator->de
D:dee->de
D:deeful->de
D:deeity->de
D:deement->de
D:deence->de
D:deental->de
D:deentist->de
D:deese->de
D:deful->de
D:dehood->de
D:dei->de
D:deia->de
D:deial->de
D:deials->de
D:deian->de
D:deible->de
D:deic->de
D:deicide->de
D:deics->de
D:deide->de
D:deides->de
D:deied->de
D:deier->de
D:deiers->de
D:deies->de
D:deily->de
D:deinate->de
D:deination->de
D:deis->de
D:deisation->de
D:deist->de
D:deistic->de
D:deistical->de
D:deistically->de
D:deists->de
D:deities->de
D:deity->de
D:deium->de
D:deive->de
D:deless->de
D:delily->de
D:deness->de
D:denesses->de
D:deo->de
D:deogen->de
D:deoid->de
D:deous->de
D:des->de
D:deward->de
D:dewise->de
D:deyish->de
Q:cristo->crist
D:crista->crist
D:cristable->crist
D:cristae->crist
D:cristage->crist
D:cristal->crist
D:cristality->crist
D:cristalize->crist
D:cristallic->crist
D:cristals->crist
D:cristant->crist
D:cristas->crist
D:cristata->crist
D:cristate->crist
D:cristated->crist
D:cristates->crist
D:cristation->crist
D:criste->crist
D:cristed->crist
D:cristely->crist
D:cristen->crist
D:cristene->crist
D:cristened->crist
D:cristening->crist
D:cristent->crist
D:cristes->crist
D:cristi->crist
D:cristia->crist
D:cristial->crist
D:cristian->crist
D:cristians->crist
D:cristicism->crist
D:cristide->crist
D:cristies->crist
D:cristine->crist
D:cristines->crist
D:cristing->crist
D:cristion->crist
D:cristions->crist
D:cristis->crist
D:cristism->crist
D:cristisms->crist
D:cristness->crist
D:cristo->crist
D:cristoid->crist
D:cristoides->crist
D:criston->crist
D:cristor->crist
D:cristt->crist
D:cristtal->crist
D:cristti->crist
D:cristtian->crist
D:cristto->crist
D:cristty->crist
D:cristy->crist
Q:mountains->mountain
D:mountain->mountain
D:mountaina->mountain
D:mountainaries->mountain
D:mountainary->mountain
D:mountainas->mountain
D:mountaine->mountain
D:mountainear->mountain
D:mountained->mountain
D:mountaineity->mountain
D:mountainen->mountain
D:mountaineous->mountain
D:mountaines->mountain
D:mountainful->mountain
D:mountainhood->mountain
D:mountaini->mountain
D:mountainia->mountain
D:mountainians->mountain
D:mountainical->mountain
D:mountainier->mountain
D:mountainiers->mountain
D:mountaining->mountain
D:mountainious->mountain
D:mountainis->mountain
D:mountainish->mountain
D:mountainism->mountain
D:mountainist->mountain
D:mountainists->mountain
D:mountainium->mountain
D:mountainized->mountain
D:mountainless->mountain
D:mountainly->mountain
D:mountainn->mountain
D:mountainnature->mountain
D:mountainns->mountain
D:mountaino->mountain
D:mountainone->mountain
D:mountainous->mountain
D:mountainously->mountain
D:mountainousness->mountain
D:mountains->mountain
D:mountainward->mountain
D:mountainwise->mountain
D:mountainy->mountain
<query> sangre de cristo mountains</query><numhits>10</numhits><time>2006</time>
</ATIREsearch>
<ATIREsearch>
Q:history->histor
D:histora->histor
D:historae->histor
D:historal->histor
D:historally->histor
D:historas->histor
D:historates->histor
D:histore->histor
D:histores->histor
D:histori->histor
D:historia->histor
D:historial->histor
D:historiality->histor
D:historially->histor
D:historials->histor
D:historian->histor
D:historians->histor
D:historic->histor
D:historical->histor
D:historicalism->histor
D:historicalist->histor
D:historicality->histor
D:historically->histor
D:historicalness->histor
D:historician->histor
D:historicians->histor
D:historicide->histor
D:historicism->histor
D:historicist->histor
D:historicists->histor
D:historicity->histor
D:historics->histor
D:historied->histor
D:historier->histor
D:histories->histor
D:historiful->histor
D:historine->histor
D:historing->histor
D:historion->histor
D:historions->histor
D:historious->histor
D:historis->histor
D:historisation->histor
D:historish->histor
D:historism->histor
D:historisms->histor
D:historist->histor
D:historistic->histor
D:historite->histor
D:histority->histor
D:historium->histor
D:historization->histor
D:historize->histor
D:historized->histor
D:historizers->histor
D:historizing->histor
D:historo->histor
D:historr->histor
D:historri->histor
D:historric->histor
D:historry->histor
D:histors->histor
D:historum->histor
D:history->histor
D:historying->histor
D:historyish->histor
D:historyl->histor
D:of->of
D:ofa->of
D:ofacy->of
D:ofae->of
D:ofata->of
D:ofate->of
D:ofates->of
D:ofe->of
D:ofed->of
D:ofely->of
D:ofence->of
D:ofences->of
D:ofene->of
D:ofening->of
D:ofently->of
D:ofes->of
D:offul->of
D:offully->of
D:ofi->of
D:ofia->of
D:ofial->of
D:ofian->of
D:ofic->of
D:ofical->of
D:ofically->of
D:ofician->of
D:oficist->of
D:ofics->of
D:ofide->of
D:ofied->of
D:ofier->of
D:ofies->of
D:ofily->of
D:ofine->of
D:ofis->of
D:ofist->of
D:ofite->of
D:ofities->of
D:ofive->of
D:ofless->of
D:ofness->of
D:ofnesses->of
D:ofo->of
D:ofous->of
D:ofously->of
D:ofs->of
D:ofward->of
D:ofwise->of
Q:the->th
D:th->th
D:tha->th
D:thable->th
D:thably->th
D:thacity->th
D:thacy->th
D:thae->th
D:thaic->th
D:thaical->th
D:thalist->th
D:thality->th
D:tharic->th
D:tharies->th
D:thata->th
D:thatable->th
D:thate->th
D:thated->th
D:thates->th
D:thating->th
D:thative->th
D:thator->th
D:thature->th
D:the->th
D:theature->th
D:thed->th
D:thedly->th
D:theful->th
D:thefully->th
D:thehood->th
D:theity->th
D:theless->th
D:thelity->th
D:thely->th
D:thement->th
D:thence->th
D:thency->th
D:thene->th
D:thened->th
D:theness->th
D:thening->th
D:thenly->th
D:thental->th
D:theous->th
D:thery->th
D:thes->th
D:these->th
D:thful->th
D:thfully->th
D:thi->th
D:thia->th
D:thial->th
D:thian->th
D:thians->th
D:thible->th
D:thic->th
D:thical->th
D:thically->th
D:thician->th
D:thicians->th
D:thics->th
D:thide->th
D:thides->th
D:thied->th
D:thier->th
D:thiers->th
D:thies->th
D:thily->th
D:thination->th
D:thine->th
D:thines->th
D:thiness->th
D:thingness->th
D:thinism->th
D:thional->th
D:thious->th
D:this->th
D:thist->th
D:thistic->th
D:thists->th
D:thite->th
D:thities->th
D:thity->th
D:thium->th
D:thive->th
D:thively->th
D:thless->th
D:thlessly->th
D:tho->th
D:thogen->th
D:thoid->th
D:thoides->th
D:thous->th
D:thously->th
D:ths->th
D:thward->th
Q:electronic->electron
D:electron->electron
D:electrona->electron
D:electronal->electron
D:electronation->electron
D:electronative->electron
D:electronature->electron
D:electronen->electron
D:electrones->electron
D:electroni->electron
D:electronia->electron
D:electronial->electron
D:electronially->electron
D:electronian->electron
D:electronic->electron
D:electronical->electron
D:electronically->electron
D:electronician->electron
D:electronicians->electron
D:electronicism->electron
D:electronicist->electron
D:electronicists->electron
D:electronicity->electron
D:electronics->electron
D:electronies->electron
D:electroning->electron
D:electronis->electron
D:electronish->electron
D:electronism->electron
D:electronist->electron
D:electronium->electron
D:electronization->electron
D:electronize->electron
D:electronized->electron
D:electronizer->electron
D:electronizing->electron
D:electronn->electron
D:electronness->electron
D:electronni->electron
D:electronnic->electron
D:electronnically->electron
D:electronnics->electron
D:electronnis->electron
D:electrono->electron
D:electronogen->electron
D:electrons->electron
D:electronum->electron
D:electrony->electron
Q:medical->med
D:med->med
D:meda->med
D:medability->med
D:medacious->med
D:medacity->med
D:medae->med
D:medage->med
D:medaical->med
D:medal->med
D:medalism->med
D:medalist->med
D:medality->med
D:medallic->med
D:medals->med
D:medance->med
D:medancing->med
D:medancy->med
D:medant->med
D:medaries->med
D:medary->med
D:medas->med
D:medata->med
D:medate->med
D:medated->med
D:medating->med
D:medation->med
D:medations->med
D:medative->med
D:medatively->med
D:medator->med
D:medators->med
D:medd->med
D:medda->med
D:meddage->med
D:meddages->med
D:meddal->med
D:meddals->med
D:meddas->med
D:meddata->med
D:meddations->med
D:medde->med
D:medded->med
D:medden->med
D:meddent->med
D:meddental->med
D:meddery->med
D:meddes->med
D:meddi->med
D:meddia->med
D:meddic->med
D:meddical->med
D:meddics->med
D:meddies->med
D:meddine->med
D:medding->med
D:meddings->med
D:meddis->med
D:meddish->med
D:meddist->med
D:meddium->med
D:meddly->med
D:meddo->med
D:medds->med
D:meddy->med
D:mede->med
D:meded->med
D:medeful->med
D:medely->med
D:meden->med
D:medence->med
D:medene->med
D:medental->med
D:medeous->med
D:medery->med
D:medes->med
D:medful->med
D:medhood->med
D:medi->med
D:media->med
D:medial->med
D:medialist->med
D:mediality->med
D:medialize->med
D:medially->med
D:medials->med
D:median->med
D:medians->med
D:medible->med
D:medic->med
D:medical->med
D:medicalism->med
D:medicalist->med
D:medicality->med
D:medicalize->med
D:medically->med
D:medicalness->med
D:medicant->med
D:medician->med
D:medicians->med
D:medicide->med
D:medicism->med
D:medicist->med
D:medicity->med
D:medics->med
D:medide->med
D:medidine->med
D:medied->med
D:medier->med
D:mediers->med
D:medies->med
D:medily->med
D:medine->med
D:medines->med
D:meding->med
D:medings->med
D:medinism->med
D:medion->med
D:medions->med
D:medious->med
D:medis->med
D:medism->med
D:medist->med
D:medistic->med
D:medite->med
D:medium->med
D:medive->med
D:medize->med
D:medized->med
D:medizer->med
D:medizing->med
D:medless->med
D:medly->med
D:medness->med
D:medo->med
D:medogen->med
D:medoid->med
D:meds->med
D:medward->med
D:medwise->med
D:medy->med
D:record->record
D:recorda->record
D:recordability->record
D:recordable->record
D:recordably->record
D:recordage->record
D:recordal->record
D:recordality->record
D:recordals->record
D:recordance->record
D:recordant->record
D:recordas->record
D:recordata->record
D:recordate->record
D:recordation->record
D:recordations->record
D:recordatory->record
D:recordd->record
D:recorddata->record
D:recorddate->record
D:recordde->record
D:recordded->record
D:recorddes->record
D:recordding->record
D:recorddo->record
D:recordds->record
D:recorde->record
D:recorded->record
D:recorden->record
D:recordery->record
D:recordes->record
D:recordi->record
D:recordia->record
D:recordian->record
D:recordic->record
D:recordical->record
D:recordied->record
D:recordier->record
D:recording->record
D:recordingly->record
D:recordings->record
D:recordis->record
D:recordish->record
D:recordist->record
D:recordists->record
D:recordium->record
D:recordivity->record
D:recordization->record
D:recordized->record
D:recordless->record
D:recordly->record
D:recordness->record
D:recordo->record
D:recordoid->record
D:recordous->record
D:records->record
D:recordwise->record
D:recordy->record
<query> history of the electronic medical record</query><numhits>10</numhits><time>11323</time>
</ATIREsearch>
<ATIREsearch>
Q:educational->educ
D:educ->educ
D:educa->educ
D:educability->educ
D:educable->educ
D:educably->educ
D:educae->educ
D:educal->educ
D:educality->educ
D:educant->educ
D:educants->educ
D:educas->educ
D:educata->educ
D:educatable->educ
D:educate->educ
D:educated->educ
D:educately->educ
D:educates->educ
D:educatic->educ
D:educating->educ
D:education->educ
D:educational->educ
D:educationally->educ
D:educations->educ
D:educative->educ
D:educatively->educ
D:educatives->educ
D:educator->educ
D:educators->educ
D:educatory->educ
D:educature->educ
D:educe->educ
D:educed->educ
D:educen->educ
D:educery->educ
D:educes->educ
D:educible->educ
D:educing->educ
D:educion->educ
D:educional->educ
D:educis->educ
D:educities->educ
D:educity->educ
D:educo->educ
D:educogen->educ
D:educs->educ
D:educt->educ
D:educta->educ
D:eductae->educ
D:eductal->educ
D:eductate->educ
D:eductated->educ
D:eductating->educ
D:eductation->educ
D:eductational->educ
D:eductator->educ
D:eductators->educ
D:educte->educ
D:educted->educ
D:educti->educ
D:eductibility->educ
D:eductible->educ
D:educting->educ
D:eduction->educ
D:eductional->educ
D:eductionally->educ
D:eductions->educ
D:eductis->educ
D:eductive->educ
D:eductively->educ
D:educto->educ
D:educton->educ
D:eductor->educ
D:educts->educ
D:educttion->educ
D:educus->educ
D:educy->educ
Q:advantages->advant
D:advanta->advant
D:advantae->advant
D:advantage->advant
D:advantages->advant
D:advantaging->advant
D:advantal->advant
D:advantance->advant
D:advantanced->advant
D:advantas->advant
D:advantate->advant
D:advantates->advant
D:advante->advant
D:advanted->advant
D:advantement->advant
D:advantes->advant
D:advanti->advant
D:advantia->advant
D:advantian->advant
D:advantic->advant
D:advantics->advant
D:advantier->advant
D:advanties->advant
D:advanting->advant
D:advantis->advant
D:advantist->advant
D:advantium->advant
D:advantive->advant
D:advanto->advant
D:advantor->advant
D:advantous->advant
D:advantta->advant
D:advanttage->advant
D:advanttages->advant
D:advanty->advant
D:of->of
D:ofa->of
D:ofacy->of
D:ofae->of
D:ofata->of
D:ofate->of
D:ofates->of
D:ofe->of
D:ofed->of
D:ofely->of
D:ofence->of
D:ofences->of
D:ofene->of
D:ofening->of
D:ofently->of
D:ofes->of
D:offul->of
D:offully->of
D:ofi->of
D:ofia->of
D:ofial->of
D:ofian->of
D:ofic->of
D:ofical->of
D:ofically->of
D:ofician->of
D:oficist->of
D:ofics->of
D:ofide->of
D:ofied->of
D:ofier->of
D:ofies->of
D:ofily->of
D:ofine->of
D:ofis->of
D:ofist->of
D:ofite->of
D:ofities->of
D:ofive->of
D:ofless->of
D:ofness->of
D:ofnesses->of
D:ofo->of
D:ofous->of
D:ofously->of
D:ofs->of
D:ofward->of
D:ofwise->of
Q:social->soc
D:soc->soc
D:soca->soc
D:socable->soc
D:socae->soc
D:socage->soc
D:socal->soc
D:socalism->soc
D:socalist->soc
D:socalistic->soc
D:socalities->soc
D:socalize->soc
D:socally->soc
D:socals->soc
D:socant->soc
D:socarisation->soc
D:socas->soc
D:socata->soc
D:socate->soc
D:socated->soc
D:socates->soc
D:soce->soc
D:soced->soc
D:soceity->soc
D:socen->soc
D:socential->soc
D:socery->soc
D:soces->soc
D:soci->soc
D:socia->soc
D:social->soc
D:socialist->soc
D:sociality->soc
D:socialize->soc
D:socially->soc
D:socials->soc
D:socian->soc
D:socians->soc
D:socible->soc
D:socic->soc
D:socical->soc
D:socicalism->soc
D:socicity->soc
D:socide->soc
D:socied->soc
D:socier->soc
D:socily->soc
D:socion->soc
D:socionist->soc
D:socious->soc
D:socis->soc
D:socist->soc
D:socities->soc
D:socity->soc
D:socium->soc
D:socive->soc
D:socly->soc
D:soco->soc
D:socogen->soc
D:socs->soc
D:socus->soc
D:socy->soc
Q:networking->network
D:network->network
D:networka->network
D:networkability->network
D:networkable->network
D:networkal->network
D:networkas->network
D:networkator->network
D:networke->network
D:networked->network
D:networken->network
D:networkes->network
D:networkese->network
D:networkfully->network
D:networki->network
D:networkia->network
D:networkian->network
D:networkians->network
D:networkily->network
D:networkiness->network
D:networking->network
D:networkingly->network
D:networkings->network
D:networkis->network
D:networkisation->network
D:networkish->network
D:networkism->network
D:networkists->network
D:networkization->network
D:networkized->network
D:networkizing->network
D:networkless->network
D:networkly->network
D:networkness->network
D:networko->network
D:networks->network
D:networkwise->network
D:networky->network
Q:sites->sit
D:sit->sit
D:sita->sit
D:sitable->sit
D:sitae->sit
D:sitage->sit
D:sital->sit
D:sitance->sit
D:sitant->sit
D:sitants->sit
D:sitaristic->sit
D:sitary->sit
D:sitas->sit
D:sitata->sit
D:sitate->sit
D:sitated->sit
D:sitates->sit
D:sitation->sit
D:sitational->sit
D:sitations->sit
D:site->sit
D:sited->sit
D:sitedly->sit
D:siteful->sit
D:siteless->sit
D:sitely->sit
D:sitement->sit
D:siten->sit
D:sitene->sit
D:siteness->sit
D:sitening->sit
D:sitery->sit
D:sites->sit
D:sitese->sit
D:siti->sit
D:sitia->sit
D:sitial->sit
D:sitian->sit
D:sitians->sit
D:sitic->sit
D:sities->sit
D:sitine->sit
D:sition->sit
D:sitional->sit
D:sitioned->sit
D:sitioning->sit
D:sitions->sit
D:sitious->sit
D:sitis->sit
D:sitism->sit
D:sitive->sit
D:sitively->sit
D:sitivities->sit
D:sitivity->sit
D:sitization->sit
D:sitized->sit
D:sitless->sit
D:sitly->sit
D:sitness->sit
D:sito->sit
D:sitoid->sit
D:siton->sit
D:sitor->sit
D:sitous->sit
D:sits->sit
D:sitt->sit
D:sitta->sit
D:sittable->sit
D:sittage->sit
D:sittas->sit
D:sittata->sit
D:sitte->sit
D:sitted->sit
D:sittely->sit
D:sitten->sit
D:sittery->sit
D:sittes->sit
D:sitti->sit
D:sittic->sit
D:sittides->sit
D:sittier->sit
D:sittiers->sit
D:sitties->sit
D:sittine->sit
D:sitting->sit
D:sittingly->sit
D:sittings->sit
D:sittion->sit
D:sittis->sit
D:sittish->sit
D:sittist->sit
D:sitto->sit
D:sittoides->sit
D:sittor->sit
D:sitts->sit
D:sitty->sit
D:sittying->sit
D:sity->sit
D:sitying->sit
<query> educational advantages of social networking sites</query><numhits>10</numhits><time>7539</time>
</ATIREsearch>
<ATIREsearch>
Q:flowering->flower
D:flower->flower
D:flowera->flower
D:flowerae->flower
D:flowerage->flower
D:floweral->flower
D:floweras->flower
D:flowere->flower
D:flowered->flower
D:floweren->flower
D:flowerery->flower
D:floweres->flower
D:flowerful->flower
D:flowerfully->flower
D:flowerhood->flower
D:floweri->flower
D:floweria->flower
D:flowerian->flower
D:floweride->flower
D:flowerier->flower
D:floweries->flower
D:flowerily->flower
D:floweriness->flower
D:flowering->flower
D:floweringly->flower
D:flowerings->flower
D:flowerion->flower
D:floweris->flower
D:flowerish->flower
D:flowerist->flower
D:floweristic->flower
D:flowerists->flower
D:flowerity->flower
D:flowerium->flower
D:flowerize->flower
D:flowerized->flower
D:flowerizer->flower
D:flowerless->flower
D:flowerlessness->flower
D:flowerlily->flower
D:flowerly->flower
D:flowerness->flower
D:flowero->flower
D:flowerone->flower
D:flowerous->flower
D:flowerr->flower
D:flowerred->flower
D:flowerring->flower
D:flowerrs->flower
D:flowerry->flower
D:flowers->flower
D:flowerwise->flower
Q:plants->plant
D:plant->plant
D:planta->plant
D:plantability->plant
D:plantable->plant
D:plantacious->plant
D:plantae->plant
D:plantage->plant
D:plantages->plant
D:plantal->plant
D:plantalism->plant
D:plantality->plant
D:plantant->plant
D:plantaric->plant
D:plantaries->plant
D:plantary->plant
D:plantas->plant
D:plantata->plant
D:plantate->plant
D:plantated->plant
D:plantation->plant
D:plantational->plant
D:plantations->plant
D:plantative->plant
D:plantator->plant
D:plante->plant
D:planted->plant
D:planten->plant
D:plantence->plant
D:plantene->plant
D:plantent->plant
D:planteous->plant
D:plantery->plant
D:plantes->plant
D:planthood->plant
D:planti->plant
D:plantia->plant
D:plantian->plant
D:plantians->plant
D:plantic->plant
D:plantically->plant
D:plantics->plant
D:plantier->plant
D:plantiers->plant
D:planties->plant
D:plantiful->plant
D:plantine->plant
D:plantines->plant
D:plantiness->plant
D:planting->plant
D:plantings->plant
D:plantion->plant
D:plantions->plant
D:plantis->plant
D:plantish->plant
D:plantism->plant
D:plantists->plant
D:plantite->plant
D:plantium->plant
D:plantive->plant
D:plantivity->plant
D:plantless->plant
D:plantly->plant
D:planto->plant
D:plantogen->plant
D:plantoid->plant
D:planton->plant
D:plantor->plant
D:plantous->plant
D:plants->plant
D:plantt->plant
D:plantta->plant
D:planttation->plant
D:plantted->plant
D:plantting->plant
D:planttion->plant
D:plantto->plant
D:plantts->plant
D:plantwise->plant
D:planty->plant
<query> flowering plants</query><numhits>10</numhits><time>965</time>
</ATIREsearch>
<ATIREsearch>
D:how->how
D:howa->how
D:howae->how
D:howage->how
D:howal->how
D:howant->how
D:howary->how
D:howas->how
D:howata->how
D:howe->how
D:howed->how
D:howefully->how
D:howeity->how
D:howely->how
D:howen->how
D:howery->how
D:howes->how
D:howese->how
D:howful->how
D:howfully->how
D:howhood->how
D:howi->how
D:howia->how
D:howial->how
D:howian->how
D:howible->how
D:howic->how
D:howied->how
D:howier->how
D:howies->how
D:howing->how
D:howings->how
D:howis->how
D:howist->how
D:howizer->how
D:howless->how
D:howly->how
D:howness->how
D:howo->how
D:hows->how
D:howward->how
D:howy->how
D:to->to
D:toa->to
D:toable->to
D:toacy->to
D:toae->to
D:toaic->to
D:toality->to
D:toata->to
D:toate->to
D:toates->to
D:toator->to
D:toe->to
D:toed->to
D:toeful->to
D:toefully->to
D:toeless->to
D:toement->to
D:toences->to
D:toene->to
D:toeness->to
D:toening->to
D:toental->to
D:toery->to
D:toes->to
D:toese->to
D:tofully->to
D:tohood->to
D:toi->to
D:toia->to
D:toially->to
D:toian->to
D:toible->to
D:toic->to
D:toical->to
D:toics->to
D:toide->to
D:toies->to
D:toiful->to
D:toily->to
D:toine->to
D:toines->to
D:toional->to
D:tois->to
D:toist->to
D:toities->to
D:toity->to
D:toive->to
D:toively->to
D:toless->to
D:tolily->to
D:toness->to
D:too->to
D:tooid->to
D:toous->to
D:tos->to
D:toward->to
D:toyish->to
Q:tie->ti
D:ti->ti
D:tia->ti
D:tiable->ti
D:tiae->ti
D:tialist->ti
D:tiality->ti
D:tialize->ti
D:tiar->ti
D:tiaric->ti
D:tiaries->ti
D:tiars->ti
D:tiata->ti
D:tiate->ti
D:tiated->ti
D:tiates->ti
D:tiating->ti
D:tiative->ti
D:tiatives->ti
D:tiator->ti
D:tiators->ti
D:tie->ti
D:tieableness->ti
D:tied->ti
D:tiedly->ti
D:tieless->ti
D:tiely->ti
D:tiement->ti
D:tience->ti
D:tiene->ti
D:tiened->ti
D:tieness->ti
D:tiening->ti
D:tienly->ti
D:tiental->ti
D:tiently->ti
D:tiery->ti
D:ties->ti
D:tiese->ti
D:tiful->ti
D:tifully->ti
D:tifulness->ti
D:tii->ti
D:tiia->ti
D:tiian->ti
D:tiic->ti
D:tiics->ti
D:tiide->ti
D:tiides->ti
D:tiied->ti
D:tiier->ti
D:tiies->ti
D:tiiful->ti
D:tiily->ti
D:tiine->ti
D:tiional->ti
D:tiis->ti
D:tiist->ti
D:tiistics->ti
D:tiists->ti
D:tiities->ti
D:tiity->ti
D:tiive->ti
D:tiless->ti
D:tilily->ti
D:tiness->ti
D:tio->ti
D:tious->ti
D:tiously->ti
D:tis->ti
D:tiward->ti
D:a->a
Q:windsor->winds
D:windsa->winds
D:windsage->winds
D:windsant->winds
D:windsen->winds
D:windsical->winds
D:windsine->winds
D:windsing->winds
D:windsion->winds
D:windsis->winds
D:windsize->winds
D:windso->winds
D:windsor->winds
D:windss->winds
D:windssor->winds
D:windsy->winds
D:knot->knot
D:knota->knot
D:knotability->knot
D:knotable->knot
D:knotage->knot
D:knotas->knot
D:knotation->knot
D:knotations->knot
D:knote->knot
D:knoted->knot
D:knoten->knot
D:knotes->knot
D:knoti->knot
D:knotia->knot
D:knotian->knot
D:knotic->knot
D:knotical->knot
D:knoties->knot
D:knoting->knot
D:knotion->knot
D:knotions->knot
D:knotish->knot
D:knotist->knot
D:knotite->knot
D:knotless->knot
D:knotlessly->knot
D:knotness->knot
D:knoto->knot
D:knoton->knot
D:knots->knot
D:knott->knot
D:knotta->knot
D:knottable->knot
D:knottage->knot
D:knottal->knot
D:knotte->knot
D:knotted->knot
D:knottedly->knot
D:knotten->knot
D:knottence->knot
D:knottery->knot
D:knottes->knot
D:knotti->knot
D:knottied->knot
D:knottier->knot
D:knotties->knot
D:knottily->knot
D:knottiness->knot
D:knotting->knot
D:knottingly->knot
D:knottings->knot
D:knottis->knot
D:knottless->knot
D:knotts->knot
D:knotty->knot
D:knottying->knot
D:knotwise->knot
D:knoty->knot
D:knotying->knot
<query> how to tie a windsor knot</query><numhits>10</numhits><time>8737</time>
</ATIREsearch>
<ATIREsearch>
Q:recycling->recycl
D:recycl->recycl
D:recycla->recycl
D:recyclability->recycl
D:recyclable->recycl
D:recyclably->recycl
D:recyclage->recycl
D:recyclages->recycl
D:recyclant->recycl
D:recyclar->recycl
D:recyclas->recycl
D:recyclate->recycl
D:recyclated->recycl
D:recyclates->recycl
D:recyclation->recycl
D:recyclative->recycl
D:recycle->recycl
D:recycled->recycl
D:recycledly->recycl
D:recyclely->recycl
D:recyclement->recycl
D:recyclen->recycl
D:recyclene->recycl
D:recyclent->recycl
D:recyclery->recycl
D:recycles->recycl
D:recycli->recycl
D:recyclia->recycl
D:recyclible->recycl
D:recyclic->recycl
D:recyclical->recycl
D:recyclicity->recycl
D:recycline->recycl
D:recycling->recycl
D:recyclings->recycl
D:recyclism->recycl
D:recyclist->recycl
D:recyclists->recycl
D:recyclite->recycl
D:recyclization->recycl
D:recyclizations->recycl
D:recyclize->recycl
D:recyclized->recycl
D:recyclle->recycl
D:recyclled->recycl
D:recycllied->recycl
D:recyclling->recycl
D:recyclly->recycl
D:recyclo->recycl
D:recycloid->recycl
D:recyclous->recycl
D:recycls->recycl
D:recyclum->recycl
D:recyclying->recycl
D:lead->lead
D:leada->lead
D:leadable->lead
D:leadage->lead
D:leadance->lead
D:leadant->lead
D:leadas->lead
D:leadd->lead
D:leaddata->lead
D:leaddate->lead
D:leadding->lead
D:leadds->lead
D:leaddy->lead
D:leade->lead
D:leaded->lead
D:leaden->lead
D:leadened->lead
D:leadening->lead
D:leadenly->lead
D:leadent->lead
D:leadery->lead
D:leades->lead
D:leadi->lead
D:leadia->lead
D:leadier->lead
D:leadies->lead
D:leadily->lead
D:leadine->lead
D:leading->lead
D:leadingly->lead
D:leadings->lead
D:leadis->lead
D:leadism->lead
D:leadite->lead
D:leadium->lead
D:leadless->lead
D:leadly->lead
D:leadness->lead
D:leado->lead
D:leads->lead
D:leady->lead
D:leadying->lead
Q:acid->acis
D:acid->acis
D:acida->acis
D:acidae->acis
D:acidage->acis
D:acidal->acis
D:acidance->acis
D:acidant->acis
D:acidas->acis
D:acidate->acis
D:acidated->acis
D:acidation->acis
D:acidator->acis
D:acidd->acis
D:aciddata->acis
D:aciddent->acis
D:aciddentally->acis
D:aciddently->acis
D:aciddo->acis
D:acidds->acis
D:acided->acis
D:aciden->acis
D:acident->acis
D:acidental->acis
D:acidentally->acis
D:acidential->acis
D:acidentially->acis
D:acidently->acis
D:acidi->acis
D:acidia->acis
D:acidial->acis
D:acidian->acis
D:acidians->acis
D:acidic->acis
D:acidical->acis
D:acidically->acis
D:acidicity->acis
D:acidics->acis
D:acidier->acis
D:aciding->acis
D:acidious->acis
D:acidis->acis
D:acidisation->acis
D:acidish->acis
D:acidism->acis
D:acidite->acis
D:acidities->acis
D:acidity->acis
D:acidium->acis
D:acidization->acis
D:acidize->acis
D:acidized->acis
D:acidizer->acis
D:acidizing->acis
D:acidless->acis
D:acidly->acis
D:acidness->acis
D:acidnesses->acis
D:acido->acis
D:acidoid->acis
D:acids->acis
D:acidward->acis
D:acidy->acis
D:acisa->acis
D:acisal->acis
D:acise->acis
D:acisi->acis
D:acision->acis
D:aciso->acis
D:acisor->acis
D:aciss->acis
D:acisse->acis
D:acissi->acis
D:acisy->acis
Q:batteries->batter
D:batter->batter
D:battera->batter
D:batterable->batter
D:batteration->batter
D:battere->batter
D:battered->batter
D:batterery->batter
D:batteres->batter
D:batteri->batter
D:batteria->batter
D:batterial->batter
D:batterides->batter
D:batteried->batter
D:batterier->batter
D:batteriers->batter
D:batteries->batter
D:batterily->batter
D:batterines->batter
D:battering->batter
D:batteringly->batter
D:batterings->batter
D:batteris->batter
D:batterism->batter
D:batterist->batter
D:batterium->batter
D:batterize->batter
D:batterized->batter
D:batterless->batter
D:batterly->batter
D:battero->batter
D:batteroid->batter
D:batterr->batter
D:batterra->batter
D:batterred->batter
D:batterriers->batter
D:batterries->batter
D:batterring->batter
D:batterry->batter
D:batters->batter
D:batterying->batter
D:batteryl->batter
<query> recycling lead acid batteries</query><numhits>10</numhits><time>1770</time>
</ATIREsearch>
<ATIREsearch>
Q:altitude->altitud
D:altitud->altitud
D:altitudal->altitud
D:altitudde->altitud
D:altitude->altitud
D:altituded->altitud
D:altitudeless->altitud
D:altitudes->altitud
D:altitudi->altitud
D:altitudians->altitud
D:altitudine->altitud
D:altitudines->altitud
D:altitudo->altitud
D:altitudy->altitud
Q:sickness->sick
D:sick->sick
D:sicka->sick
D:sickability->sick
D:sickage->sick
D:sickal->sick
D:sickas->sick
D:sickata->sick
D:sickation->sick
D:sickations->sick
D:sicke->sick
D:sicked->sick
D:sickely->sick
D:sicken->sick
D:sickened->sick
D:sickeness->sick
D:sickening->sick
D:sickenly->sick
D:sickent->sick
D:sickery->sick
D:sickes->sick
D:sickful->sick
D:sicki->sick
D:sickic->sick
D:sickier->sick
D:sickies->sick
D:sickily->sick
D:sickiness->sick
D:sicking->sick
D:sickingly->sick
D:sickings->sick
D:sickish->sick
D:sickishness->sick
D:sickist->sick
D:sickity->sick
D:sickless->sick
D:sicklessness->sick
D:sicklily->sick
D:sickly->sick
D:sickness->sick
D:sicknesses->sick
D:sicko->sick
D:sicks->sick
D:sickward->sick
D:sicky->sick
<query> altitude sickness</query><numhits>10</numhits><time>643</time>
</ATIREsearch>
<ATIREsearch>
Q:medical->med
D:med->med
D:meda->med
D:medability->med
D:medacious->med
D:medacity->med
D:medae->med
D:medage->med
D:medaical->med
D:medal->med
D:medalism->med
D:medalist->med
D:medality->med
D:medallic->med
D:medals->med
D:medance->med
D:medancing->med
D:medancy->med
D:medant->med
D:medaries->med
D:medary->med
D:medas->med
D:medata->med
D:medate->med
D:medated->med
D:medating->med
D:medation->med
D:medations->med
D:medative->med
D:medatively->med
D:medator->med
D:medators->med
D:medd->med
D:medda->med
D:meddage->med
D:meddages->med
D:meddal->med
D:meddals->med
D:meddas->med
D:meddata->med
D:meddations->med
D:medde->med
D:medded->med
D:medden->med
D:meddent->med
D:meddental->med
D:meddery->med
D:meddes->med
D:meddi->med
D:meddia->med
D:meddic->med
D:meddical->med
D:meddics->med
D:meddies->med
D:meddine->med
D:medding->med
D:meddings->med
D:meddis->med
D:meddish->med
D:meddist->med
D:meddium->med
D:meddly->med
D:meddo->med
D:medds->med
D:meddy->med
D:mede->med
D:meded->med
D:medeful->med
D:medely->med
D:meden->med
D:medence->med
D:medene->med
D:medental->med
D:medeous->med
D:medery->med
D:medes->med
D:medful->med
D:medhood->med
D:medi->med
D:media->med
D:medial->med
D:medialist->med
D:mediality->med
D:medialize->med
D:medially->med
D:medials->med
D:median->med
D:medians->med
D:medible->med
D:medic->med
D:medical->med
D:medicalism->med
D:medicalist->med
D:medicality->med
D:medicalize->med
D:medically->med
D:medicalness->med
D:medicant->med
D:medician->med
D:medicians->med
D:medicide->med
D:medicism->med
D:medicist->med
D:medicity->med
D:medics->med
D:medide->med
D:medidine->med
D:medied->med
D:medier->med
D:mediers->med
D:medies->med
D:medily->med
D:medine->med
D:medines->med
D:meding->med
D:medings->med
D:medinism->med
D:medion->med
D:medions->med
D:medious->med
D:medis->med
D:medism->med
D:medist->med
D:medistic->med
D:medite->med
D:medium->med
D:medive->med
D:medize->med
D:medized->med
D:medizer->med
D:medizing->med
D:medless->med
D:medly->med
D:medness->med
D:medo->med
D:medogen->med
D:medoid->med
D:meds->med
D:medward->med
D:medwise->med
D:medy->med
Q:care->car
D:car->car
D:cara->car
D:carable->car
D:caracity->car
D:carae->car
D:carage->car
D:caral->car
D:caralize->car
D:carally->car
D:carals->car
D:carance->car
D:carant->car
D:cararies->car
D:carary->car
D:caras->car
D:carata->car
D:carate->car
D:carated->car
D:carates->car
D:carating->car
D:caration->car
D:carative->car
D:carator->car
D:carature->car
D:care->car
D:cared->car
D:careful->car
D:carefully->car
D:careity->car
D:careless->car
D:carely->car
D:carement->car
D:caren->car
D:carence->car
D:carences->car
D:carencies->car
D:carency->car
D:carene->car
D:careness->car
D:carental->car
D:carently->car
D:carery->car
D:cares->car
D:carese->car
D:carful->car
D:carfully->car
D:carhood->car
D:cari->car
D:caria->car
D:carial->car
D:carian->car
D:carians->car
D:carible->car
D:caric->car
D:caricide->car
D:caride->car
D:carides->car
D:caridine->car
D:caried->car
D:carier->car
D:cariers->car
D:caries->car
D:cariful->car
D:carily->car
D:carinate->car
D:carination->car
D:carine->car
D:carines->car
D:cariness->car
D:caring->car
D:caringly->car
D:caringness->car
D:carings->car
D:carion->car
D:carions->car
D:carious->car
D:cariously->car
D:cariousness->car
D:caris->car
D:carisation->car
D:carism->car
D:carisms->car
D:carist->car
D:carists->car
D:carities->car
D:caritous->car
D:carity->car
D:carium->car
D:carive->car
D:carize->car
D:carizer->car
D:carizing->car
D:carless->car
D:carlessly->car
D:carlessness->car
D:carly->car
D:carness->car
D:caro->car
D:caroid->car
D:caroides->car
D:carone->car
D:carotide->car
D:carous->car
D:carr->car
D:carra->car
D:carrae->car
D:carrage->car
D:carrages->car
D:carraic->car
D:carral->car
D:carrally->car
D:carrals->car
D:carrance->car
D:carrant->car
D:carrants->car
D:carras->car
D:carrate->car
D:carrates->car
D:carrating->car
D:carrative->car
D:carrator->car
D:carrature->car
D:carre->car
D:carred->car
D:carreful->car
D:carrefully->car
D:carreless->car
D:carrement->car
D:carren->car
D:carrence->car
D:carrencies->car
D:carrency->car
D:carrene->car
D:carrening->car
D:carrent->car
D:carrental->car
D:carrently->car
D:carres->car
D:carrese->car
D:carrful->car
D:carri->car
D:carria->car
D:carrial->car
D:carrials->car
D:carrian->car
D:carrible->car
D:carric->car
D:carrical->car
D:carricide->car
D:carrics->car
D:carride->car
D:carrides->car
D:carridine->car
D:carried->car
D:carrier->car
D:carriers->car
D:carries->car
D:carrinate->car
D:carrination->car
D:carrine->car
D:carring->car
D:carrings->car
D:carrion->car
D:carrioned->car
D:carrions->car
D:carrious->car
D:carris->car
D:carrish->car
D:carrity->car
D:carrium->car
D:carrive->car
D:carrless->car
D:carrly->car
D:carro->car
D:carrone->car
D:carrous->car
D:carrs->car
D:carrum->car
D:carry->car
D:carrying->car
D:carryish->car
D:carryl->car
D:cars->car
D:carum->car
D:carward->car
D:carwise->car
D:cary->car
D:carying->car
D:caryish->car
D:caryl->car
D:and->and
D:anda->and
D:andability->and
D:andable->and
D:andacious->and
D:andacity->and
D:andae->and
D:andage->and
D:andages->and
D:andal->and
D:andalism->and
D:andalize->and
D:andally->and
D:andals->and
D:andance->and
D:andanced->and
D:andant->and
D:andants->and
D:andarial->and
D:andaries->and
D:andarization->and
D:andary->and
D:andas->and
D:andata->and
D:andatable->and
D:andate->and
D:andated->and
D:andates->and
D:andating->and
D:andative->and
D:andatory->and
D:andature->and
D:andd->and
D:andda->and
D:anddal->and
D:anddance->and
D:anddanced->and
D:anddancing->and
D:anddata->and
D:anddate->and
D:anddated->and
D:anddates->and
D:anddating->and
D:andde->and
D:andded->and
D:andden->and
D:anddent->and
D:anddental->and
D:anddes->and
D:anddi->and
D:anddia->and
D:anddials->and
D:anddied->and
D:anddies->and
D:anddine->and
D:andding->and
D:anddis->and
D:anddished->and
D:anddo->and
D:anddoid->and
D:andds->and
D:anddy->and
D:anddying->and
D:ande->and
D:anded->and
D:andedly->and
D:andeity->and
D:andely->and
D:andement->and
D:anden->and
D:andene->and
D:andery->and
D:andes->and
D:andese->and
D:andful->and
D:andfully->and
D:andhood->and
D:andi->and
D:andia->and
D:andial->and
D:andian->and
D:andians->and
D:andible->and
D:andic->and
D:andical->and
D:andics->and
D:andide->and
D:andied->and
D:andier->and
D:andies->and
D:andily->and
D:andine->and
D:andines->and
D:andiness->and
D:anding->and
D:andings->and
D:andinism->and
D:andion->and
D:andis->and
D:andist->and
D:andite->and
D:andities->and
D:andity->and
D:andium->and
D:andive->and
D:andize->and
D:andized->and
D:andizing->and
D:andless->and
D:andly->and
D:andness->and
D:ando->and
D:andogen->and
D:andoid->and
D:andoides->and
D:andous->and
D:ands->and
D:andward->and
D:andwise->and
D:andy->and
D:andyish->and
D:jehovah->jehovah
D:jehovaha->jehovah
D:jehovahi->jehovah
D:jehovahis->jehovah
D:jehovahism->jehovah
D:jehovahists->jehovah
D:jehovahs->jehovah
D:s->s
Q:witnesses->wit
D:wit->wit
D:wita->wit
D:witable->wit
D:witae->wit
D:witage->wit
D:wital->wit
D:witas->wit
D:witata->wit
D:wite->wit
D:wited->wit
D:witeless->wit
D:witen->wit
D:witeness->wit
D:witening->wit
D:witery->wit
D:wites->wit
D:witful->wit
D:witfully->wit
D:witfulness->wit
D:witi->wit
D:witia->wit
D:witic->wit
D:witicism->wit
D:witics->wit
D:witide->wit
D:witier->wit
D:wities->wit
D:witily->wit
D:witiness->wit
D:witing->wit
D:witings->wit
D:witis->wit
D:witism->wit
D:witisms->wit
D:witive->wit
D:witless->wit
D:witlessly->wit
D:witlessness->wit
D:witly->wit
D:witness->wit
D:witnesses->wit
D:wito->wit
D:witon->wit
D:witor->wit
D:witous->wit
D:wits->wit
D:witt->wit
D:witta->wit
D:wittae->wit
D:wittage->wit
D:wittal->wit
D:wittals->wit
D:wittas->wit
D:wittature->wit
D:witte->wit
D:witted->wit
D:wittedly->wit
D:wittely->wit
D:witten->wit
D:wittened->wit
D:witteness->wit
D:wittening->wit
D:wittery->wit
D:wittes->wit
D:witti->wit
D:wittia->wit
D:wittian->wit
D:wittians->wit
D:wittic->wit
D:witticism->wit
D:witticist->wit
D:witticists->wit
D:wittied->wit
D:wittier->wit
D:witties->wit
D:wittiful->wit
D:wittily->wit
D:wittine->wit
D:wittiness->wit
D:witting->wit
D:wittingly->wit
D:wittings->wit
D:wittis->wit
D:wittish->wit
D:wittism->wit
D:wittite->wit
D:wittive->wit
D:wittless->wit
D:wittly->wit
D:wittness->wit
D:wittnesses->wit
D:witto->wit
D:wittor->wit
D:witts->wit
D:witty->wit
D:wity->wit
<query> medical care and jehovah s witnesses</query><numhits>10</numhits><time>9150</time>
</ATIREsearch>
<ATIREsearch>
D:pink->pink
D:pinka->pink
D:pinkae->pink
D:pinkage->pink
D:pinkal->pink
D:pinkality->pink
D:pinkance->pink
D:pinkaries->pink
D:pinkas->pink
D:pinkata->pink
D:pinke->pink
D:pinked->pink
D:pinken->pink
D:pinkene->pink
D:pinkened->pink
D:pinkeness->pink
D:pinkening->pink
D:pinkery->pink
D:pinkes->pink
D:pinkful->pink
D:pinkfully->pink
D:pinkhood->pink
D:pinki->pink
D:pinkied->pink
D:pinkier->pink
D:pinkies->pink
D:pinkine->pink
D:pinkiness->pink
D:pinking->pink
D:pinkis->pink
D:pinkisation->pink
D:pinkish->pink
D:pinkishness->pink
D:pinkism->pink
D:pinkist->pink
D:pinkity->pink
D:pinkization->pink
D:pinkless->pink
D:pinklily->pink
D:pinkly->pink
D:pinkness->pink
D:pinknesses->pink
D:pinko->pink
D:pinkogen->pink
D:pinkous->pink
D:pinks->pink
D:pinky->pink
D:pinkying->pink
D:pinkyish->pink
Q:slime->slim
D:slim->slim
D:slima->slim
D:slimable->slim
D:slimae->slim
D:slimage->slim
D:slimages->slim
D:slimants->slim
D:slimary->slim
D:slimate->slim
D:slimatic->slim
D:slime->slim
D:slimed->slim
D:slimeless->slim
D:slimely->slim
D:slimen->slim
D:slimene->slim
D:slimeness->slim
D:sliment->slim
D:slimes->slim
D:slimful->slim
D:slimhood->slim
D:slimi->slim
D:slimia->slim
D:slimicide->slim
D:slimier->slim
D:slimies->slim
D:slimily->slim
D:sliminate->slim
D:slimination->slim
D:sliminess->slim
D:sliming->slim
D:slimings->slim
D:slimis->slim
D:slimish->slim
D:slimist->slim
D:slimizer->slim
D:slimless->slim
D:slimly->slim
D:slimm->slim
D:slimma->slim
D:slimmas->slim
D:slimmate->slim
D:slimmatic->slim
D:slimme->slim
D:slimmed->slim
D:slimmen->slim
D:slimmery->slim
D:slimmes->slim
D:slimmi->slim
D:slimmies->slim
D:slimminess->slim
D:slimming->slim
D:slimmingly->slim
D:slimmings->slim
D:slimmish->slim
D:slimmity->slim
D:slimmo->slim
D:slimms->slim
D:slimmy->slim
D:slimness->slim
D:slimnesses->slim
D:slimo->slim
D:slimoid->slim
D:slims->slim
D:slimwise->slim
D:slimy->slim
D:in->in
D:ina->in
D:inability->in
D:inable->in
D:inably->in
D:inacity->in
D:inae->in
D:inaic->in
D:inalist->in
D:inality->in
D:inalize->in
D:inancial->in
D:inarial->in
D:inarily->in
D:inarization->in
D:inata->in
D:inate->in
D:inated->in
D:inately->in
D:inateness->in
D:inates->in
D:inating->in
D:inative->in
D:inatives->in
D:inator->in
D:inators->in
D:inatory->in
D:inature->in
D:ine->in
D:ineal->in
D:inear->in
D:inearly->in
D:ined->in
D:inedly->in
D:ineless->in
D:inely->in
D:inement->in
D:inence->in
D:inences->in
D:inene->in
D:ineness->in
D:inental->in
D:inently->in
D:ineous->in
D:inery->in
D:ines->in
D:inese->in
D:inful->in
D:infully->in
D:inhood->in
D:ini->in
D:inia->in
D:inial->in
D:inialize->in
D:inially->in
D:inian->in
D:inians->in
D:inibility->in
D:inic->in
D:inical->in
D:inician->in
D:inicist->in
D:inicity->in
D:inics->in
D:inide->in
D:inides->in
D:inied->in
D:inier->in
D:inies->in
D:inily->in
D:inine->in
D:inines->in
D:inis->in
D:inished->in
D:inist->in
D:inists->in
D:initeness->in
D:inities->in
D:initous->in
D:inity->in
D:inium->in
D:inive->in
D:inizations->in
D:inless->in
D:inn->in
D:inna->in
D:innability->in
D:innable->in
D:innae->in
D:innage->in
D:innages->in
D:innal->in
D:innally->in
D:innant->in
D:innary->in
D:innas->in
D:innata->in
D:innate->in
D:innated->in
D:innately->in
D:innateness->in
D:innates->in
D:innatic->in
D:innational->in
D:innations->in
D:innative->in
D:innativism->in
D:innators->in
D:innature->in
D:inne->in
D:inned->in
D:inneity->in
D:innen->in
D:innery->in
D:innes->in
D:innese->in
D:inness->in
D:innesses->in
D:inni->in
D:innia->in
D:innially->in
D:innians->in
D:innibility->in
D:innic->in
D:innies->in
D:innine->in
D:inning->in
D:innings->in
D:innions->in
D:innis->in
D:innities->in
D:innity->in
D:innivity->in
D:innized->in
D:innless->in
D:innness->in
D:inno->in
D:innogen->in
D:innone->in
D:innotide->in
D:inns->in
D:innum->in
D:innwise->in
D:inny->in
D:innyl->in
D:ino->in
D:inogen->in
D:inoid->in
D:inone->in
D:inotide->in
D:inous->in
D:ins->in
D:inum->in
D:inward->in
D:inwise->in
D:inyl->in
D:ground->ground
D:grounda->ground
D:groundable->ground
D:groundage->ground
D:groundages->ground
D:groundal->ground
D:groundant->ground
D:groundants->ground
D:groundas->ground
D:groundates->ground
D:groundation->ground
D:groundations->ground
D:groundd->ground
D:groundde->ground
D:grounddes->ground
D:grounddo->ground
D:groundds->ground
D:grounde->ground
D:grounded->ground
D:groundedly->ground
D:grounden->ground
D:groundeness->ground
D:groundes->ground
D:groundi->ground
D:groundia->ground
D:groundians->ground
D:groundies->ground
D:grounding->ground
D:groundingness->ground
D:groundings->ground
D:groundion->ground
D:groundis->ground
D:groundish->ground
D:groundism->ground
D:groundless->ground
D:groundlessly->ground
D:groundlessness->ground
D:groundly->ground
D:groundness->ground
D:groundo->ground
D:grounds->ground
D:groundward->ground
D:groundwise->ground
D:groundy->ground
D:beef->beef
D:beefa->beef
D:beefage->beef
D:beefal->beef
D:beefancy->beef
D:beefe->beef
D:beefed->beef
D:beefen->beef
D:beefening->beef
D:beefery->beef
D:beefi->beef
D:beefical->beef
D:beefier->beef
D:beefies->beef
D:beefily->beef
D:beefine->beef
D:beefiness->beef
D:beefing->beef
D:beefingly->beef
D:beefis->beef
D:beefish->beef
D:beefism->beef
D:beefist->beef
D:beefity->beef
D:beefive->beef
D:beefless->beef
D:beefly->beef
D:beefness->beef
D:beefo->beef
D:beefs->beef
D:beefy->beef
D:beefyish->beef
<query> pink slime in ground beef</query><numhits>10</numhits><time>4560</time>
</ATIREsearch>
<ATIREsearch>
D:how->how
D:howa->how
D:howae->how
D:howage->how
D:howal->how
D:howant->how
D:howary->how
D:howas->how
D:howata->how
D:howe->how
D:howed->how
D:howefully->how
D:howeity->how
D:howely->how
D:howen->how
D:howery->how
D:howes->how
D:howese->how
D:howful->how
D:howfully->how
D:howhood->how
D:howi->how
D:howia->how
D:howial->how
D:howian->how
D:howible->how
D:howic->how
D:howied->how
D:howier->how
D:howies->how
D:howing->how
D:howings->how
D:howis->how
D:howist->how
D:howizer->how
D:howless->how
D:howly->how
D:howness->how
D:howo->how
D:hows->how
D:howward->how
D:howy->how
D:to->to
D:toa->to
D:toable->to
D:toacy->to
D:toae->to
D:toaic->to
D:toality->to
D:toata->to
D:toate->to
D:toates->to
D:toator->to
D:toe->to
D:toed->to
D:toeful->to
D:toefully->to
D:toeless->to
D:toement->to
D:toences->to
D:toene->to
D:toeness->to
D:toening->to
D:toental->to
D:toery->to
D:toes->to
D:toese->to
D:tofully->to
D:tohood->to
D:toi->to
D:toia->to
D:toially->to
D:toian->to
D:toible->to
D:toic->to
D:toical->to
D:toics->to
D:toide->to
D:toies->to
D:toiful->to
D:toily->to
D:toine->to
D:toines->to
D:toional->to
D:tois->to
D:toist->to
D:toities->to
D:toity->to
D:toive->to
D:toively->to
D:toless->to
D:tolily->to
D:toness->to
D:too->to
D:tooid->to
D:toous->to
D:tos->to
D:toward->to
D:toyish->to
D:find->find
D:finda->find
D:findability->find
D:findable->find
D:findableness->find
D:findably->find
D:findacity->find
D:findae->find
D:findage->find
D:findal->find
D:findally->find
D:findals->find
D:findance->find
D:findancial->find
D:findas->find
D:findata->find
D:findate->find
D:findd->find
D:finddata->find
D:finddate->find
D:finddates->find
D:findde->find
D:findden->find
D:finddentist->find
D:findding->find
D:finddings->find
D:finddist->find
D:finddo->find
D:findds->find
D:finde->find
D:finded->find
D:findelity->find
D:findely->find
D:finden->find
D:findent->find
D:findery->find
D:findes->find
D:findi->find
D:findia->find
D:findian->find
D:findians->find
D:findibility->find
D:findic->find
D:findier->find
D:findies->find
D:findine->find
D:finding->find
D:findingly->find
D:findingness->find
D:findings->find
D:findion->find
D:findis->find
D:findish->find
D:findished->find
D:findism->find
D:findist->find
D:findity->find
D:findless->find
D:findly->find
D:findness->find
D:findo->find
D:findous->find
D:finds->find
D:findwise->find
D:findy->find
Q:the->th
D:th->th
D:tha->th
D:thable->th
D:thably->th
D:thacity->th
D:thacy->th
D:thae->th
D:thaic->th
D:thaical->th
D:thalist->th
D:thality->th
D:tharic->th
D:tharies->th
D:thata->th
D:thatable->th
D:thate->th
D:thated->th
D:thates->th
D:thating->th
D:thative->th
D:thator->th
D:thature->th
D:the->th
D:theature->th
D:thed->th
D:thedly->th
D:theful->th
D:thefully->th
D:thehood->th
D:theity->th
D:theless->th
D:thelity->th
D:thely->th
D:thement->th
D:thence->th
D:thency->th
D:thene->th
D:thened->th
D:theness->th
D:thening->th
D:thenly->th
D:thental->th
D:theous->th
D:thery->th
D:thes->th
D:these->th
D:thful->th
D:thfully->th
D:thi->th
D:thia->th
D:thial->th
D:thian->th
D:thians->th
D:thible->th
D:thic->th
D:thical->th
D:thically->th
D:thician->th
D:thicians->th
D:thics->th
D:thide->th
D:thides->th
D:thied->th
D:thier->th
D:thiers->th
D:thies->th
D:thily->th
D:thination->th
D:thine->th
D:thines->th
D:thiness->th
D:thingness->th
D:thinism->th
D:thional->th
D:thious->th
D:this->th
D:thist->th
D:thistic->th
D:thists->th
D:thite->th
D:thities->th
D:thity->th
D:thium->th
D:thive->th
D:thively->th
D:thless->th
D:thlessly->th
D:tho->th
D:thogen->th
D:thoid->th
D:thoides->th
D:thous->th
D:thously->th
D:ths->th
D:thward->th
D:mean->mean
D:meana->mean
D:meanable->mean
D:meanae->mean
D:meanage->mean
D:meanaging->mean
D:meanal->mean
D:meanance->mean
D:meanary->mean
D:meanas->mean
D:meanator->mean
D:meane->mean
D:meaned->mean
D:meanely->mean
D:meanen->mean
D:meanent->mean
D:meanery->mean
D:meanes->mean
D:meanful->mean
D:meanfully->mean
D:meani->mean
D:meania->mean
D:meanial->mean
D:meanians->mean
D:meanic->mean
D:meanier->mean
D:meanies->mean
D:meaniful->mean
D:meanily->mean
D:meanine->mean
D:meanines->mean
D:meaniness->mean
D:meaning->mean
D:meaningly->mean
D:meaningness->mean
D:meanings->mean
D:meanis->mean
D:meanish->mean
D:meanist->mean
D:meanities->mean
D:meanium->mean
D:meanive->mean
D:meanized->mean
D:meanless->mean
D:meanlessness->mean
D:meanly->mean
D:meann->mean
D:meanna->mean
D:meanne->mean
D:meannen->mean
D:meannes->mean
D:meanness->mean
D:meannesses->mean
D:meanni->mean
D:meannies->mean
D:meanning->mean
D:meannings->mean
D:meannis->mean
D:meanno->mean
D:meanns->mean
D:meanny->mean
D:meano->mean
D:meanoid->mean
D:meanone->mean
D:means->mean
D:meanum->mean
D:meany->mean
<query> how to find the mean</query><numhits>10</numhits><time>11807</time>
</ATIREsearch>
Total elapsed time including startup and shutdown 05:17.396 minutes
Kernel: 1.920 seconds
  User: 294.370 seconds
