ATIRE Version 0.5 alpha (64-bit DEBUGGING-build)
Written (w) 2008-2014 Andrew Trotman, University of Otago
<ATIREsearch>
D:raspberrie->raspberry
D:raspberried->raspberry
D:raspberries->raspberry
D:raspberry->raspberry
D:raspberryice->raspberry
D:raspberryiced->raspberry
D:raspberrying->raspberry
D:raspberryish->raspberry
D:raspberryness->raspberry
D:raspberrys->raspberry
D:raspberrysinger->raspberry
D:raspberryth->raspberry
D:pi->pi
<query> raspberry pi</query><numhits>10</numhits><time>691</time>
</ATIREsearch>
<ATIREsearch>
D:usj->uss
D:usjan->uss
D:usjat->uss
D:usje->uss
D:usjee->uss
D:usjer->uss
D:usjic->uss
D:usjif->uss
D:usjing->uss
D:usjiz->uss
D:usjs->uss
D:usjur->uss
D:uss->uss
D:ussa->uss
D:ussability->uss
D:ussable->uss
D:ussag->uss
D:ussage->uss
D:ussal->uss
D:ussalary->uss
D:ussale->uss
D:ussales->uss
D:ussally->uss
D:ussan->uss
D:ussanee->uss
D:ussans->uss
D:ussant->uss
D:ussar->uss
D:ussare->uss
D:ussary->uss
D:ussat->uss
D:ussatis->uss
D:ussatranc->uss
D:usse->uss
D:usseal->uss
D:usseals->uss
D:ussed->uss
D:ussee->uss
D:usseee->uss
D:usseeee->uss
D:usseeeee->uss
D:usseful->uss
D:ussefulness->uss
D:ussely->uss
D:usselye->uss
D:ussen->uss
D:ussenate->uss
D:ussenator->uss
D:ussenators->uss
D:ussence->uss
D:ussene->uss
D:ussens->uss
D:ussent->uss
D:ussentials->uss
D:usser->uss
D:ussere->uss
D:ussered->uss
D:usseren->uss
D:usserer->uss
D:usseres->uss
D:ussers->uss
D:usses->uss
D:usshood->uss
D:ussi->uss
D:ussia->uss
D:ussian->uss
D:ussic->uss
D:ussif->uss
D:ussifiers->uss
D:ussing->uss
D:ussinger->uss
D:ussion->uss
D:ussions->uss
D:ussis->uss
D:ussise->uss
D:ussisent->uss
D:ussive->uss
D:ussizater->uss
D:ussize->uss
D:ussness->uss
D:ussor->uss
D:ussships->uss
D:ussual->uss
D:ussually->uss
D:ussuals->uss
D:ussul->uss
D:ussulable->uss
D:ussum->uss
D:ussur->uss
D:ussuran->uss
D:ussurance->uss
D:ussurans->uss
D:ussure->uss
D:ussuredly->uss
D:ussurely->uss
D:ussures->uss
D:ussurety->uss
D:ussurian->uss
D:ussuris->uss
D:ussurous->uss
D:ussus->uss
D:carl->carl
D:carla->carl
D:carlable->carl
D:carlacie->carl
D:carlacy->carl
D:carlag->carl
D:carlagan->carl
D:carlage->carl
D:carlagee->carl
D:carlageee->carl
D:carlagene->carl
D:carlal->carl
D:carlalage->carl
D:carlalally->carl
D:carlalan->carl
D:carlalanis->carl
D:carlalee->carl
D:carlalive->carl
D:carlalives->carl
D:carlan->carl
D:carlance->carl
D:carlane->carl
D:carlanic->carl
D:carlanis->carl
D:carlans->carl
D:carlantic->carl
D:carlantre->carl
D:carlar->carl
D:carlarant->carl
D:carlared->carl
D:carlarenee->carl
D:carlarie->carl
D:carlaris->carl
D:carlariz->carl
D:carlars->carl
D:carlary->carl
D:carlat->carl
D:carlatan->carl
D:carlatans->carl
D:carlatate->carl
D:carlate->carl
D:carlateral->carl
D:carlaterals->carl
D:carlates->carl
D:carlations->carl
D:carlatracy->carl
D:carle->carl
D:carleacie->carl
D:carlean->carl
D:carleane->carl
D:carleaner->carl
D:carleans->carl
D:carled->carl
D:carlede->carl
D:carlee->carl
D:carleeee->carl
D:carleeeee->carl
D:carleeerenee->carl
D:carleenc->carl
D:carleer->carl
D:carlees->carl
D:carleial->carl
D:carleis->carl
D:carlely->carl
D:carlen->carl
D:carlenary->carl
D:carlence->carl
D:carlene->carl
D:carlened->carl
D:carlener->carl
D:carlenes->carl
D:carlenion->carl
D:carlens->carl
D:carlent->carl
D:carleous->carl
D:carler->carl
D:carlere->carl
D:carleric->carl
D:carlerly->carl
D:carlers->carl
D:carles->carl
D:carlety->carl
D:carli->carl
D:carlia->carl
D:carlialice->carl
D:carlian->carl
D:carliane->carl
D:carlians->carl
D:carlic->carl
D:carlice->carl
D:carlicence->carl
D:carlicism->carl
D:carlif->carl
D:carlife->carl
D:carlifence->carl
D:carliferates->carl
D:carlification->carl
D:carlify->carl
D:carling->carl
D:carlinge->carl
D:carlinger->carl
D:carlings->carl
D:carlingual->carl
D:carlion->carl
D:carlione->carl
D:carlionis->carl
D:carlique->carl
D:carlis->carl
D:carlisably->carl
D:carlisage->carl
D:carlise->carl
D:carlish->carl
D:carlisher->carl
D:carlishness->carl
D:carlisinger->carl
D:carlislie->carl
D:carlislies->carl
D:carlism->carl
D:carlismate->carl
D:carlisme->carl
D:carlisms->carl
D:carlist->carl
D:carliste->carl
D:carlistener->carl
D:carlister->carl
D:carlistes->carl
D:carlistings->carl
D:carlists->carl
D:carlity->carl
D:carlivat->carl
D:carliving->carl
D:carliz->carl
D:carlize->carl
D:carll->carl
D:carllan->carl
D:carllat->carl
D:carlle->carl
D:carllee->carl
D:carllees->carl
D:carllen->carl
D:carllene->carl
D:carllian->carl
D:carllicence->carl
D:carllie->carl
D:carlling->carl
D:carllion->carl
D:carlls->carl
D:carlly->carl
D:carllye->carl
D:carllys->carl
D:carlness->carl
D:carlor->carl
D:carloreally->carl
D:carloric->carl
D:carlorie->carl
D:carlories->carl
D:carlorific->carl
D:carlors->carl
D:carloryan->carl
D:carlous->carl
D:carls->carl
D:carlsagan->carl
D:carlsagancenter->carl
D:carlsan->carl
D:carlsant->carl
D:carlse->carl
D:carlsen->carl
D:carlsencats->carl
D:carlsens->carl
D:carlsian->carl
D:carlsinger->carl
D:carlslie->carl
D:carlsness->carl
D:carlty->carl
D:carlur->carl
D:carlus->carl
D:vinson->vinson
D:vinsone->vinson
D:vinsoni->vinson
D:vinsonia->vinson
D:vinsonizer->vinson
D:vinsonn->vinson
D:vinsons->vinson
<query> uss carl vinson</query><numhits>10</numhits><time>1561</time>
</ATIREsearch>
<ATIREsearch>
Q:reviews->review
D:review->review
D:reviewa->review
D:reviewability->review
D:reviewable->review
D:reviewables->review
D:reviewably->review
D:reviewage->review
D:reviewagent->review
D:reviewages->review
D:reviewal->review
D:reviewalanis->review
D:reviewals->review
D:reviewan->review
D:reviewanator->review
D:reviewant->review
D:revieware->review
D:reviewat->review
D:reviewe->review
D:revieweable->review
D:revieweat->review
D:reviewed->review
D:reviewede->review
D:revieweded->review
D:revieweds->review
D:reviewee->review
D:revieweer->review
D:revieweers->review
D:reviewees->review
D:revieweing->review
D:reviewen->review
D:reviewence->review
D:reviewenter->review
D:reviewer->review
D:reviewerat->review
D:reviewere->review
D:reviewerer->review
D:revieweres->review
D:reviewering->review
D:reviewerish->review
D:reviewerism->review
D:reviewerly->review
D:reviewermentioned->review
D:reviewerness->review
D:reviewers->review
D:reviewership->review
D:reviewerships->review
D:reviewes->review
D:reviewi->review
D:reviewian->review
D:reviewice->review
D:reviewif->review
D:reviewing->review
D:reviewings->review
D:reviewion->review
D:reviewis->review
D:reviewise->review
D:reviewish->review
D:reviewist->review
D:reviewistan->review
D:reviewists->review
D:reviewity->review
D:reviewly->review
D:reviewness->review
D:reviewor->review
D:revieworiental->review
D:reviewouse->review
D:reviews->review
D:reviewsabilene->review
D:reviewsage->review
D:reviewsal->review
D:reviewsales->review
D:reviewsan->review
D:reviewsant->review
D:reviewsat->review
D:reviewsatur->review
D:reviewse->review
D:reviewsee->review
D:reviewsen->review
D:reviewsenter->review
D:reviewser->review
D:reviewship->review
D:reviewsic->review
D:reviewsical->review
D:reviewsif->review
D:reviewsing->review
D:reviewsinger->review
D:reviewsor->review
D:reviewth->review
D:reviewum->review
D:reviewus->review
D:of->of
D:ofa->of
D:ofabilene->of
D:ofabilities->of
D:ofabl->of
D:ofabledating->of
D:ofacy->of
D:ofag->of
D:ofage->of
D:ofageing->of
D:ofagen->of
D:ofagent->of
D:ofager->of
D:ofages->of
D:ofaging->of
D:ofaginger->of
D:ofags->of
D:ofal->of
D:ofalan->of
D:ofale->of
D:ofalee->of
D:ofalice->of
D:ofalife->of
D:ofalion->of
D:ofallianceor->of
D:ofallied->of
D:ofally->of
D:ofals->of
D:ofan->of
D:ofanage->of
D:ofanal->of
D:ofanatic->of
D:ofanation->of
D:ofancient->of
D:ofanity->of
D:ofanizations->of
D:ofanous->of
D:ofans->of
D:ofante->of
D:ofar->of
D:ofarag->of
D:ofare->of
D:ofaren->of
D:ofarenal->of
D:ofaror->of
D:ofars->of
D:ofat->of
D:ofatal->of
D:ofate->of
D:ofaten->of
D:ofates->of
D:ofatis->of
D:ofatree->of
D:ofe->of
D:ofeale->of
D:ofean->of
D:ofeary->of
D:ofeat->of
D:ofeating->of
D:ofeature->of
D:ofeatured->of
D:ofeatures->of
D:ofed->of
D:ofeden->of
D:ofederal->of
D:ofederation->of
D:ofedor->of
D:ofee->of
D:ofeee->of
D:ofeeeee->of
D:ofeence->of
D:ofeer->of
D:ofeered->of
D:ofeerentals->of
D:ofeering->of
D:ofeers->of
D:ofees->of
D:ofeice->of
D:ofeicer->of
D:ofeif->of
D:ofeing->of
D:ofeish->of
D:ofelie->of
D:ofely->of
D:ofen->of
D:ofenag->of
D:ofenc->of
D:ofence->of
D:ofences->of
D:ofencive->of
D:ofene->of
D:ofener->of
D:ofeners->of
D:ofening->of
D:ofenis->of
D:ofens->of
D:ofent->of
D:ofente->of
D:ofenter->of
D:ofentered->of
D:ofentering->of
D:ofentities->of
D:ofently->of
D:ofeor->of
D:ofer->of
D:oferal->of
D:oferan->of
D:oferanat->of
D:oferante->of
D:oferate->of
D:oferated->of
D:oferation->of
D:ofere->of
D:ofered->of
D:oferencie->of
D:oferent->of
D:oferentes->of
D:oferic->of
D:oferice->of
D:ofering->of
D:oferings->of
D:oferion->of
D:oferis->of
D:oferise->of
D:oferised->of
D:oferized->of
D:oferlior->of
D:ofers->of
D:ofes->of
D:offul->of
D:offully->of
D:ofi->of
D:ofia->of
D:ofial->of
D:ofialmente->of
D:ofian->of
D:ofiblion->of
D:ofic->of
D:ofical->of
D:oficales->of
D:ofically->of
D:oficalmente->of
D:oficals->of
D:ofice->of
D:oficeer->of
D:oficer->of
D:oficerat->of
D:oficeres->of
D:oficers->of
D:ofices->of
D:oficial->of
D:oficialal->of
D:oficialan->of
D:oficiale->of
D:oficialen->of
D:oficiales->of
D:oficialice->of
D:oficialis->of
D:oficiality->of
D:oficially->of
D:oficialment->of
D:oficialmente->of
D:oficials->of
D:ofician->of
D:oficicial->of
D:oficingly->of
D:oficis->of
D:oficist->of
D:oficor->of
D:ofics->of
D:ofif->of
D:ofife->of
D:ofifice->of
D:ofifices->of
D:ofificial->of
D:ofifs->of
D:ofify->of
D:ofing->of
D:ofingal->of
D:ofingen->of
D:ofinger->of
D:ofion->of
D:ofions->of
D:ofis->of
D:ofise->of
D:ofiser->of
D:ofisers->of
D:ofish->of
D:ofishal->of
D:ofishally->of
D:ofishial->of
D:ofishingur->of
D:ofishly->of
D:ofisial->of
D:ofisialmente->of
D:ofism->of
D:ofismate->of
D:ofist->of
D:ofiste->of
D:ofisten->of
D:ofistore->of
D:ofistur->of
D:ofisur->of
D:ofities->of
D:ofiv->of
D:ofivan->of
D:ofive->of
D:ofiz->of
D:ofizial->of
D:ofizialean->of
D:oflie->of
D:ofliee->of
D:oflien->of
D:oflies->of
D:ofly->of
D:oflyan->of
D:oflyor->of
D:ofment->of
D:ofmental->of
D:ofmentality->of
D:ofmentally->of
D:ofmention->of
D:ofness->of
D:ofnesses->of
D:ofor->of
D:oforal->of
D:oforan->of
D:ofored->of
D:oforie->of
D:oforiental->of
D:oforion->of
D:oforor->of
D:ofors->of
D:ofous->of
D:ofously->of
D:ofs->of
D:ofsage->of
D:ofsale->of
D:ofsales->of
D:ofsan->of
D:ofsanity->of
D:ofsat->of
D:ofsatan->of
D:ofse->of
D:ofseals->of
D:ofseat->of
D:ofseats->of
D:ofsed->of
D:ofsedentary->of
D:ofsee->of
D:ofseeing->of
D:ofseized->of
D:ofsen->of
D:ofsent->of
D:ofsentences->of
D:ofsentencing->of
D:ofser->of
D:ofserene->of
D:ofserenity->of
D:ofserial->of
D:ofsers->of
D:ofses->of
D:ofship->of
D:ofships->of
D:ofsic->of
D:ofsing->of
D:ofsinger->of
D:ofsingers->of
D:ofsinging->of
D:ofsiz->of
D:ofsize->of
D:ofsizes->of
D:ofsly->of
D:ofsor->of
D:ofsors->of
D:ofth->of
D:ofual->of
D:ofum->of
D:ofur->of
D:ofuran->of
D:ofure->of
D:ofuren->of
D:ofuric->of
D:ofus->of
D:les->les
Q:miserables->miser
D:miser->miser
D:misera->miser
D:miserabil->miser
D:miserabile->miser
D:miserabiles->miser
D:miserabilis->miser
D:miserabilise->miser
D:miserabilism->miser
D:miserabilisme->miser
D:miserabilist->miser
D:miserabilistic->miser
D:miserabilists->miser
D:miserabilities->miser
D:miserability->miser
D:miserabl->miser
D:miserable->miser
D:miserableat->miser
D:miserablee->miser
D:miserableeeeeeeeeeee->miser
D:miserableism->miser
D:miserablelies->miser
D:miserablely->miser
D:miserablement->miser
D:miserablemente->miser
D:miserablen->miser
D:miserableness->miser
D:miserablenesse->miser
D:miserablenesses->miser
D:miserablenessicity->miser
D:miserablenicity->miser
D:miserabler->miser
D:miserables->miser
D:miserablian->miser
D:miserablier->miser
D:miserablis->miser
D:miserablism->miser
D:miserablist->miser
D:miserablists->miser
D:miserablize->miser
D:miserablly->miser
D:miserabls->miser
D:miserably->miser
D:miserablye->miser
D:miserage->miser
D:miseral->miser
D:miserale->miser
D:miseralis->miser
D:miseran->miser
D:miserans->miser
D:miserant->miser
D:miserantis->miser
D:miserantur->miser
D:miserare->miser
D:miserat->miser
D:miserate->miser
D:miserated->miser
D:miserating->miser
D:miseration->miser
D:miseratione->miser
D:miserationes->miser
D:miserationis->miser
D:miserator->miser
D:miseratoris->miser
D:miseratur->miser
D:misere->miser
D:misereable->miser
D:misereably->miser
D:misereatur->miser
D:misered->miser
D:miseree->miser
D:misereeee->miser
D:misereeeee->miser
D:misereeeeee->miser
D:misereeeeeee->miser
D:misereeeeeeeee->miser
D:miserens->miser
D:miserentis->miser
D:misereor->miser
D:miserer->miser
D:misererable->miser
D:miserere->miser
D:misererere->miser
D:misereres->miser
D:misereris->miser
D:miseres->miser
D:miseri->miser
D:miseria->miser
D:miserial->miser
D:miserible->miser
D:miseriblely->miser
D:miseribles->miser
D:miseriblist->miser
D:miseribly->miser
D:miseric->miser
D:misericor->miser
D:misericors->miser
D:miserif->miser
D:miserific->miser
D:misering->miser
D:miseris->miser
D:miserisation->miser
D:miserives->miser
D:miserliness->miser
D:miserlinesses->miser
D:miserly->miser
D:miserlyness->miser
D:miseror->miser
D:miserous->miser
D:miserrables->miser
D:miserreal->miser
D:misers->miser
D:miserum->miser
D:miserus->miser
<query> reviews of les miserables</query><numhits>10</numhits><time>6111</time>
</ATIREsearch>
<ATIREsearch>
Q:rules->rule
D:rule->rule
D:rulea->rule
D:ruleage->rule
D:ruleagent->rule
D:ruleagents->rule
D:rulean->rule
D:ruleant->rule
D:ruleante->rule
D:ruleantes->rule
D:rulee->rule
D:ruleee->rule
D:ruleeee->rule
D:ruleeeeee->rule
D:ruleeeeeeee->rule
D:ruleeeeeeeee->rule
D:ruleeeees->rule
D:ruleeees->rule
D:ruleees->rule
D:ruleentity->rule
D:rulees->rule
D:ruleetie->rule
D:rulei->rule
D:ruleia->rule
D:ruleif->rule
D:ruleing->rule
D:ruleings->rule
D:ruleis->rule
D:rulely->rule
D:rulement->rule
D:ruleness->rule
D:rules->rule
D:rulesagent->rule
D:rulesan->rule
D:rulese->rule
D:ruleseat->rule
D:rulesee->rule
D:rulesen->rule
D:rulesenabled->rule
D:ruleser->rule
D:ruleses->rule
D:rulesif->rule
D:rulesor->rule
D:ruleth->rule
D:ruleually->rule
D:ruleus->rule
D:of->of
D:ofa->of
D:ofabilene->of
D:ofabilities->of
D:ofabl->of
D:ofabledating->of
D:ofacy->of
D:ofag->of
D:ofage->of
D:ofageing->of
D:ofagen->of
D:ofagent->of
D:ofager->of
D:ofages->of
D:ofaging->of
D:ofaginger->of
D:ofags->of
D:ofal->of
D:ofalan->of
D:ofale->of
D:ofalee->of
D:ofalice->of
D:ofalife->of
D:ofalion->of
D:ofallianceor->of
D:ofallied->of
D:ofally->of
D:ofals->of
D:ofan->of
D:ofanage->of
D:ofanal->of
D:ofanatic->of
D:ofanation->of
D:ofancient->of
D:ofanity->of
D:ofanizations->of
D:ofanous->of
D:ofans->of
D:ofante->of
D:ofar->of
D:ofarag->of
D:ofare->of
D:ofaren->of
D:ofarenal->of
D:ofaror->of
D:ofars->of
D:ofat->of
D:ofatal->of
D:ofate->of
D:ofaten->of
D:ofates->of
D:ofatis->of
D:ofatree->of
D:ofe->of
D:ofeale->of
D:ofean->of
D:ofeary->of
D:ofeat->of
D:ofeating->of
D:ofeature->of
D:ofeatured->of
D:ofeatures->of
D:ofed->of
D:ofeden->of
D:ofederal->of
D:ofederation->of
D:ofedor->of
D:ofee->of
D:ofeee->of
D:ofeeeee->of
D:ofeence->of
D:ofeer->of
D:ofeered->of
D:ofeerentals->of
D:ofeering->of
D:ofeers->of
D:ofees->of
D:ofeice->of
D:ofeicer->of
D:ofeif->of
D:ofeing->of
D:ofeish->of
D:ofelie->of
D:ofely->of
D:ofen->of
D:ofenag->of
D:ofenc->of
D:ofence->of
D:ofences->of
D:ofencive->of
D:ofene->of
D:ofener->of
D:ofeners->of
D:ofening->of
D:ofenis->of
D:ofens->of
D:ofent->of
D:ofente->of
D:ofenter->of
D:ofentered->of
D:ofentering->of
D:ofentities->of
D:ofently->of
D:ofeor->of
D:ofer->of
D:oferal->of
D:oferan->of
D:oferanat->of
D:oferante->of
D:oferate->of
D:oferated->of
D:oferation->of
D:ofere->of
D:ofered->of
D:oferencie->of
D:oferent->of
D:oferentes->of
D:oferic->of
D:oferice->of
D:ofering->of
D:oferings->of
D:oferion->of
D:oferis->of
D:oferise->of
D:oferised->of
D:oferized->of
D:oferlior->of
D:ofers->of
D:ofes->of
D:offul->of
D:offully->of
D:ofi->of
D:ofia->of
D:ofial->of
D:ofialmente->of
D:ofian->of
D:ofiblion->of
D:ofic->of
D:ofical->of
D:oficales->of
D:ofically->of
D:oficalmente->of
D:oficals->of
D:ofice->of
D:oficeer->of
D:oficer->of
D:oficerat->of
D:oficeres->of
D:oficers->of
D:ofices->of
D:oficial->of
D:oficialal->of
D:oficialan->of
D:oficiale->of
D:oficialen->of
D:oficiales->of
D:oficialice->of
D:oficialis->of
D:oficiality->of
D:oficially->of
D:oficialment->of
D:oficialmente->of
D:oficials->of
D:ofician->of
D:oficicial->of
D:oficingly->of
D:oficis->of
D:oficist->of
D:oficor->of
D:ofics->of
D:ofif->of
D:ofife->of
D:ofifice->of
D:ofifices->of
D:ofificial->of
D:ofifs->of
D:ofify->of
D:ofing->of
D:ofingal->of
D:ofingen->of
D:ofinger->of
D:ofion->of
D:ofions->of
D:ofis->of
D:ofise->of
D:ofiser->of
D:ofisers->of
D:ofish->of
D:ofishal->of
D:ofishally->of
D:ofishial->of
D:ofishingur->of
D:ofishly->of
D:ofisial->of
D:ofisialmente->of
D:ofism->of
D:ofismate->of
D:ofist->of
D:ofiste->of
D:ofisten->of
D:ofistore->of
D:ofistur->of
D:ofisur->of
D:ofities->of
D:ofiv->of
D:ofivan->of
D:ofive->of
D:ofiz->of
D:ofizial->of
D:ofizialean->of
D:oflie->of
D:ofliee->of
D:oflien->of
D:oflies->of
D:ofly->of
D:oflyan->of
D:oflyor->of
D:ofment->of
D:ofmental->of
D:ofmentality->of
D:ofmentally->of
D:ofmention->of
D:ofness->of
D:ofnesses->of
D:ofor->of
D:oforal->of
D:oforan->of
D:ofored->of
D:oforie->of
D:oforiental->of
D:oforion->of
D:oforor->of
D:ofors->of
D:ofous->of
D:ofously->of
D:ofs->of
D:ofsage->of
D:ofsale->of
D:ofsales->of
D:ofsan->of
D:ofsanity->of
D:ofsat->of
D:ofsatan->of
D:ofse->of
D:ofseals->of
D:ofseat->of
D:ofseats->of
D:ofsed->of
D:ofsedentary->of
D:ofsee->of
D:ofseeing->of
D:ofseized->of
D:ofsen->of
D:ofsent->of
D:ofsentences->of
D:ofsentencing->of
D:ofser->of
D:ofserene->of
D:ofserenity->of
D:ofserial->of
D:ofsers->of
D:ofses->of
D:ofship->of
D:ofships->of
D:ofsic->of
D:ofsing->of
D:ofsinger->of
D:ofsingers->of
D:ofsinging->of
D:ofsiz->of
D:ofsize->of
D:ofsizes->of
D:ofsly->of
D:ofsor->of
D:ofsors->of
D:ofth->of
D:ofual->of
D:ofum->of
D:ofur->of
D:ofuran->of
D:ofure->of
D:ofuren->of
D:ofuric->of
D:ofus->of
D:golf->golf
D:golfa->golf
D:golfability->golf
D:golfable->golf
D:golfag->golf
D:golfagent->golf
D:golfal->golf
D:golfan->golf
D:golfantics->golf
D:golfar->golf
D:golfare->golf
D:golfaris->golf
D:golfat->golf
D:golfe->golf
D:golfed->golf
D:golfeder->golf
D:golfedis->golf
D:golfee->golf
D:golfees->golf
D:golfeiz->golf
D:golfen->golf
D:golfeneur->golf
D:golfent->golf
D:golfer->golf
D:golferat->golf
D:golfere->golf
D:golfered->golf
D:golferee->golf
D:golferen->golf
D:golferis->golf
D:golferist->golf
D:golfers->golf
D:golfes->golf
D:golfeur->golf
D:golfeurs->golf
D:golfi->golf
D:golfianer->golf
D:golfice->golf
D:golfif->golf
D:golfing->golf
D:golfingal->golf
D:golfinger->golf
D:golfingly->golf
D:golfings->golf
D:golfique->golf
D:golfiques->golf
D:golfis->golf
D:golfish->golf
D:golfishes->golf
D:golfishing->golf
D:golfism->golf
D:golfist->golf
D:golfiste->golf
D:golfistic->golf
D:golfists->golf
D:golfity->golf
D:golfiv->golf
D:golfly->golf
D:golfment->golf
D:golfmentary->golf
D:golfmentor->golf
D:golfness->golf
D:golfore->golf
D:golforie->golf
D:golforient->golf
D:golfs->golf
D:golfsale->golf
D:golfsales->golf
D:golfsan->golf
D:golfsat->golf
D:golfseat->golf
D:golfsers->golf
D:golfsize->golf
D:golfsure->golf
D:golfur->golf
D:golfus->golf
<query> rules of golf</query><numhits>10</numhits><time>4319</time>
</ATIREsearch>
<ATIREsearch>
Q:average->av
D:av->av
D:ava->av
D:avabilable->av
D:avabile->av
D:avability->av
D:avabilly->av
D:avabl->av
D:avablag->av
D:avable->av
D:avablie->av
D:avablity->av
D:avag->av
D:avagage->av
D:avagal->av
D:avagale->av
D:avagan->av
D:avagance->av
D:avagans->av
D:avagant->av
D:avagat->av
D:avagation->av
D:avagator->av
D:avage->av
D:avagee->av
D:avagen->av
D:avagene->av
D:avagent->av
D:avager->av
D:avagerage->av
D:avagere->av
D:avages->av
D:avagian->av
D:avagif->av
D:avagly->av
D:avags->av
D:aval->av
D:avalabile->av
D:avalabilities->av
D:avalability->av
D:avalable->av
D:avalables->av
D:avalabliity->av
D:avalablity->av
D:avalan->av
D:avalanc->av
D:avalance->av
D:avalancer->av
D:avalances->av
D:avalancing->av
D:avalancion->av
D:avalancy->av
D:avalane->av
D:avalanian->av
D:avalant->av
D:avalante->av
D:avalantis->av
D:avalat->av
D:avale->av
D:avaleable->av
D:avaleal->av
D:avalean->av
D:avaled->av
D:avalee->av
D:avalees->av
D:avaleisure->av
D:avalement->av
D:avalen->av
D:avalenc->av
D:avalence->av
D:avalene->av
D:avalens->av
D:avalent->av
D:avalente->av
D:avaler->av
D:avalere->av
D:avalerion->av
D:avaleris->av
D:avales->av
D:avaleur->av
D:avaleurs->av
D:avalialable->av
D:avaliale->av
D:avalian->av
D:avalice->av
D:avaling->av
D:avalion->av
D:avalions->av
D:avalis->av
D:avalisation->av
D:avalise->av
D:avalised->av
D:avalisees->av
D:avaliser->av
D:avaliseurs->av
D:avalish->av
D:avalist->av
D:avality->av
D:avalive->av
D:avaliving->av
D:avalization->av
D:avalized->av
D:avalizer->av
D:avalizing->av
D:avalizor->av
D:avalliance->av
D:avalor->av
D:avalore->av
D:avalores->av
D:avalors->av
D:avals->av
D:avaluale->av
D:avalur->av
D:avalure->av
D:avan->av
D:avanages->av
D:avanal->av
D:avanale->av
D:avanananant->av
D:avanant->av
D:avanat->av
D:avanator->av
D:avanc->av
D:avancant->av
D:avancat->av
D:avancats->av
D:avance->av
D:avanceagency->av
D:avanced->av
D:avancee->av
D:avancees->av
D:avancement->av
D:avancements->av
D:avancen->av
D:avancent->av
D:avancer->av
D:avancerat->av
D:avancerede->av
D:avancerent->av
D:avances->av
D:avancie->av
D:avancier->av
D:avanciere->av
D:avancieren->av
D:avancing->av
D:avancions->av
D:avancis->av
D:avancity->av
D:avane->av
D:avanee->av
D:avanes->av
D:avanian->av
D:avanians->av
D:avanic->av
D:avaning->av
D:avanis->av
D:avanish->av
D:avanity->av
D:avanliere->av
D:avanor->av
D:avans->av
D:avant->av
D:avantag->av
D:avantage->av
D:avantaged->av
D:avantagen->av
D:avantageous->av
D:avantageously->av
D:avantager->av
D:avantages->av
D:avantagis->av
D:avantale->av
D:avantales->av
D:avantalis->av
D:avantan->av
D:avantat->av
D:avante->av
D:avanted->av
D:avantee->av
D:avanteers->av
D:avanten->av
D:avantenor->av
D:avantentity->av
D:avanter->av
D:avanters->av
D:avantes->av
D:avantic->av
D:avanticenters->av
D:avantis->av
D:avantism->av
D:avantismedical->av
D:avantist->av
D:avantists->av
D:avantivisuals->av
D:avantor->av
D:avantr->av
D:avantre->av
D:avantree->av
D:avantric->av
D:avantrous->av
D:avants->av
D:avantur->av
D:avanture->av
D:avanturen->av
D:avanturer->av
D:avantures->av
D:avanturist->av
D:avanturists->av
D:avanur->av
D:avar->av
D:avaracious->av
D:avaragan->av
D:avarage->av
D:avaragely->av
D:avarages->av
D:avaraging->av
D:avaran->av
D:avarance->av
D:avarances->av
D:avarant->av
D:avararyan->av
D:avarat->av
D:avaratable->av
D:avaratan->av
D:avarates->av
D:avarator->av
D:avaratr->av
D:avarats->av
D:avare->av
D:avareage->av
D:avareal->av
D:avaredal->av
D:avaree->av
D:avareis->av
D:avaren->av
D:avarene->av
D:avarenee->av
D:avareness->av
D:avareous->av
D:avares->av
D:avarial->av
D:avarian->av
D:avariance->av
D:avarians->av
D:avariant->av
D:avariat->av
D:avariate->av
D:avariation->av
D:avaric->av
D:avarice->av
D:avariceal->av
D:avariceness->av
D:avarices->av
D:avaricity->av
D:avaricous->av
D:avarics->av
D:avarie->av
D:avaried->av
D:avariee->av
D:avariees->av
D:avarien->av
D:avarier->av
D:avaries->av
D:avariety->av
D:avarifices->av
D:avaring->av
D:avarion->av
D:avarious->av
D:avaris->av
D:avarise->av
D:avarish->av
D:avarist->av
D:avaristan->av
D:avaristic->av
D:avaritie->av
D:avaritious->av
D:avarity->av
D:avariz->av
D:avarlie->av
D:avarous->av
D:avars->av
D:avarur->av
D:avary->av
D:avaryan->av
D:avarye->av
D:avarying->av
D:avarys->av
D:avat->av
D:avatable->av
D:avatag->av
D:avatage->av
D:avatal->av
D:avatale->av
D:avatan->av
D:avatarie->av
D:avatarious->av
D:avatary->av
D:avatat->av
D:avatation->av
D:avatatr->av
D:avatatrs->av
D:avate->av
D:avated->av
D:avatee->av
D:avateer->av
D:avateers->av
D:avater->av
D:avateres->av
D:avaters->av
D:avateur->av
D:avatic->av
D:avatican->av
D:avating->av
D:avation->av
D:avations->av
D:avatis->av
D:avatiser->av
D:avatism->av
D:avatistic->av
D:avatized->av
D:avatizing->av
D:avator->av
D:avatore->av
D:avatorial->av
D:avatorials->av
D:avators->av
D:avatory->av
D:avatr->av
D:avatran->av
D:avatre->av
D:avatree->av
D:avatrees->av
D:avatres->av
D:avatrian->av
D:avatrians->av
D:avatrice->av
D:avatror->av
D:avatrs->av
D:avats->av
D:avatually->av
D:avatur->av
D:avature->av
D:avaturis->av
D:ave->av
D:aveable->av
D:aveage->av
D:aveaged->av
D:aveagent->av
D:aveages->av
D:aveaging->av
D:aveal->av
D:avealable->av
D:avean->av
D:aveanant->av
D:aveant->av
D:aveants->av
D:aveary->av
D:aveat->av
D:aveatis->av
D:aveator->av
D:aveatr->av
D:aveats->av
D:aved->av
D:avedage->av
D:avedages->av
D:avedal->av
D:avedaliving->av
D:avedan->av
D:avedanian->av
D:avedat->av
D:avede->av
D:aveder->av
D:avedere->av
D:avedes->av
D:avedian->av
D:avedic->av
D:avedician->av
D:avedis->av
D:avedisan->av
D:avedises->av
D:avedish->av
D:avedisian->av
D:avedistance->av
D:avedor->av
D:avedoral->av
D:avedore->av
D:avedores->av
D:aveds->av
D:avee->av
D:aveeage->av
D:aveeages->av
D:aveean->av
D:aveee->av
D:aveeee->av
D:aveeeeeeeerage->av
D:aveees->av
D:aveely->av
D:aveent->av
D:aveer->av
D:aveerage->av
D:aveerages->av
D:aveeran->av
D:avees->av
D:aveic->av
D:aveing->av
D:aveion->av
D:aveionics->av
D:aveis->av
D:aveize->av
D:avelie->av
D:avelien->av
D:aveliene->av
D:avelient->av
D:aveliis->av
D:avely->av
D:avement->av
D:avementor->av
D:aven->av
D:avenable->av
D:avenabled->av
D:avenabler->av
D:avenage->av
D:avenager->av
D:avenaging->av
D:avenal->av
D:avenale->av
D:avenalee->av
D:avenaleisure->av
D:avenales->av
D:avenals->av
D:avenan->av
D:avenance->av
D:avenant->av
D:avenante->av
D:avenants->av
D:avenarie->av
D:avenary->av
D:avenc->av
D:avencats->av
D:avence->av
D:avencees->av
D:avencence->av
D:avencies->av
D:avencis->av
D:avency->av
D:avencys->av
D:avene->av
D:avenee->av
D:aveneer->av
D:avenement->av
D:avenen->av
D:avenene->av
D:avenente->av
D:avener->av
D:aveners->av
D:avenes->av
D:avenian->av
D:avenice->av
D:avening->av
D:avenion->av
D:avenione->av
D:avenis->av
D:avenish->av
D:avenist->av
D:avenity->av
D:avenlie->av
D:avenly->av
D:avenor->av
D:avenous->av
D:avens->av
D:avent->av
D:aventage->av
D:aventageous->av
D:avental->av
D:aventale->av
D:aventan->av
D:aventane->av
D:aventates->av
D:avente->av
D:aventeer->av
D:aventen->av
D:aventer->av
D:aventers->av
D:aventeur->av
D:aventian->av
D:aventic->av
D:avention->av
D:aventis->av
D:aventist->av
D:aventists->av
D:aventity->av
D:aventiv->av
D:avently->av
D:aventor->av
D:aventre->av
D:aventred->av
D:aventree->av
D:aventric->av
D:avents->av
D:aventually->av
D:aventur->av
D:aventural->av
D:aventuran->av
D:aventurans->av
D:aventurat->av
D:aventurate->av
D:aventure->av
D:aventuredive->av
D:aventuree->av
D:aventuren->av
D:aventurene->av
D:aventurent->av
D:aventurer->av
D:aventures->av
D:aventurian->av
D:aventuring->av
D:aventurion->av
D:aventurisme->av
D:aventurist->av
D:aventurists->av
D:aventurous->av
D:aventurouse->av
D:aventurs->av
D:avenur->av
D:avenure->av
D:aveorating->av
D:aveoratings->av
D:aveoree->av
D:aveorental->av
D:aver->av
D:averag->av
D:averagable->av
D:averagage->av
D:average->av
D:averageabilene->av
D:averageable->av
D:averageal->av
D:averageat->av
D:averaged->av
D:averagedancer->av
D:averagede->av
D:averagedeal->av
D:averagedes->av
D:averagedist->av
D:averagedistance->av
D:averageds->av
D:averageduration->av
D:averagee->av
D:averageee->av
D:averageeeeeeeeeeeeeeeeeeeeeeeee->av
D:averagees->av
D:averageif->av
D:averageifs->av
D:averageing->av
D:averageis->av
D:averageish->av
D:averagely->av
D:averagenation->av
D:averagenc->av
D:averagene->av
D:averageness->av
D:averagenesses->av
D:averageor->av
D:averager->av
D:averagerate->av
D:averagerating->av
D:averagere->av
D:averagereal->av
D:averagereally->av
D:averagered->av
D:averageree->av
D:averagers->av
D:averages->av
D:averagety->av
D:averaging->av
D:averagings->av
D:averagis->av
D:averagish->av
D:averagist->av
D:averagly->av
D:averagness->av
D:averagous->av
D:averags->av
D:averal->av
D:averales->av
D:averals->av
D:averan->av
D:averance->av
D:averane->av
D:averanis->av
D:averant->av
D:averary->av
D:averat->av
D:averate->av
D:averated->av
D:averates->av
D:averation->av
D:avere->av
D:avereage->av
D:avereaged->av
D:avereages->av
D:avereaging->av
D:avereal->av
D:avered->av
D:averee->av
D:averees->av
D:averen->av
D:averence->av
D:averene->av
D:averenee->av
D:averens->av
D:averent->av
D:averer->av
D:avererage->av
D:avererages->av
D:avererent->av
D:avererous->av
D:averes->av
D:averial->av
D:averian->av
D:averiane->av
D:averic->av
D:averican->av
D:averice->av
D:avering->av
D:averion->av
D:averis->av
D:averise->av
D:averisee->av
D:averishness->av
D:averism->av
D:averist->av
D:averists->av
D:averitiesing->av
D:averity->av
D:averiver->av
D:averly->av
D:averment->av
D:averments->av
D:averness->av
D:averous->av
D:averouse->av
D:avers->av
D:aves->av
D:avetyan->av
D:aveur->av
D:aveure->av
D:avful->av
D:avhood->av
D:avi->av
D:avia->av
D:avial->av
D:avialability->av
D:avialabl->av
D:avialable->av
D:avialablity->av
D:avialan->av
D:avialans->av
D:avialantic->av
D:aviale->av
D:avialed->av
D:aviales->av
D:avialian->av
D:avialians->av
D:avialing->av
D:avially->av
D:avian->av
D:avianag->av
D:avianalee->av
D:avianantics->av
D:avianatic->av
D:avianation->av
D:avianatrans->av
D:aviane->av
D:avianentr->av
D:avianentree->av
D:avianentrees->av
D:avianes->av
D:avianians->av
D:avianics->av
D:avianis->av
D:avianise->av
D:avianism->av
D:avianists->av
D:avianity->av
D:avianize->av
D:avianized->av
D:avianizes->av
D:avianizing->av
D:avianly->av
D:avianor->av
D:avians->av
D:avibl->av
D:avible->av
D:avibliz->av
D:avic->av
D:avical->av
D:avican->av
D:avicarious->av
D:avicary->av
D:avicat->av
D:avicats->av
D:avice->av
D:aviced->av
D:avicen->av
D:avicene->av
D:avicent->av
D:avicente->av
D:avicentre->av
D:avicere->av
D:avices->av
D:avicis->av
D:avicisme->av
D:avicor->av
D:avicore->av
D:avics->av
D:avicur->av
D:avif->av
D:avifan->av
D:avifant->av
D:avifores->av
D:avifors->av
D:avify->av
D:aving->av
D:avinger->av
D:avingion->av
D:avings->av
D:avion->av
D:avional->av
D:avionalistated->av
D:avionary->av
D:avione->av
D:avioners->av
D:aviones->av
D:avionic->av
D:avionice->av
D:avionices->av
D:avionician->av
D:avionics->av
D:avioning->av
D:avionish->av
D:avions->av
D:aviqu->av
D:avique->av
D:avis->av
D:avisable->av
D:avisag->av
D:avisale->av
D:avisales->av
D:avisan->av
D:avisans->av
D:avisant->av
D:avisat->av
D:avisatione->av
D:avisator->av
D:avise->av
D:aviseal->av
D:avised->av
D:avisede->av
D:avisedly->av
D:avisee->av
D:avisees->av
D:aviseful->av
D:avisely->av
D:avisement->av
D:avisements->av
D:avisen->av
D:avisene->av
D:avisens->av
D:avisent->av
D:aviser->av
D:aviserated->av
D:aviserats->av
D:avisere->av
D:avisering->av
D:avisers->av
D:avises->av
D:aviseur->av
D:avish->av
D:avishabilis->av
D:avishag->av
D:avishags->av
D:avishal->av
D:avishan->av
D:avishant->av
D:avishe->av
D:avished->av
D:avishere->av
D:avishing->av
D:avishly->av
D:avishor->av
D:avishs->av
D:avishur->av
D:avishure->av
D:avisian->av
D:avisic->av
D:avising->av
D:avisity->av
D:avisize->av
D:avism->av
D:avismal->av
D:avismales->av
D:avisman->av
D:avisme->av
D:avisor->av
D:avisors->av
D:avisory->av
D:avisous->av
D:avist->av
D:avistan->av
D:avistate->av
D:aviste->av
D:avister->av
D:avisting->av
D:avistor->av
D:avistore->av
D:avisual->av
D:avisualagency->av
D:avisualisation->av
D:avisuality->av
D:avisualization->av
D:avisually->av
D:avisure->av
D:avity->av
D:avium->av
D:aviums->av
D:aviv->av
D:avivage->av
D:avivagen->av
D:avival->av
D:avivale->av
D:avivalife->av
D:avivan->av
D:avivans->av
D:avivat->av
D:avivate->av
D:avivatens->av
D:avivation->av
D:avive->av
D:aviven->av
D:avivent->av
D:aviver->av
D:avivere->av
D:aviveren->av
D:avives->av
D:avivian->av
D:avivians->av
D:avivion->av
D:avivis->av
D:avivism->av
D:avivly->av
D:avivor->av
D:avivore->av
D:avivs->av
D:aviz->av
D:avizan->av
D:avizat->av
D:avize->av
D:avizen->av
D:avizenis->av
D:avizent->av
D:avizes->av
D:avizion->av
D:avizor->av
D:avizoran->av
D:avizs->av
D:avizur->av
D:avliat->av
D:avlie->av
D:avliif->av
D:avly->av
D:avlys->av
D:avment->av
D:avor->av
D:avorable->av
D:avorably->av
D:avoracious->av
D:avorage->av
D:avorages->av
D:avoral->av
D:avoran->av
D:avoranis->av
D:avorat->av
D:avore->av
D:avored->av
D:avoree->av
D:avoren->av
D:avorention->av
D:avores->av
D:avorful->av
D:avorian->av
D:avorians->av
D:avorie->av
D:avoriee->av
D:avoring->av
D:avorings->av
D:avorion->av
D:avoris->av
D:avorities->av
D:avoriz->av
D:avorous->av
D:avors->av
D:avory->av
D:avorys->av
D:avous->av
D:avs->av
D:avsag->av
D:avsagat->av
D:avsage->av
D:avsagent->av
D:avsager->av
D:avsags->av
D:avsale->av
D:avsales->av
D:avsan->av
D:avsat->av
D:avsate->av
D:avse->av
D:avseal->av
D:avsealer->av
D:avsean->av
D:avsed->av
D:avsee->av
D:avsen->av
D:avsenabled->av
D:avsence->av
D:avsent->av
D:avser->av
D:avserage->av
D:avserages->av
D:avsers->av
D:avses->av
D:avsian->av
D:avsic->av
D:avsing->av
D:avsinger->av
D:avsor->av
D:avsship->av
D:avsurance->av
D:avsure->av
D:avth->av
D:avual->av
D:avul->av
D:avule->av
D:avulis->av
D:avully->av
D:avuls->av
D:avum->av
D:avur->av
D:avurage->av
D:avurages->av
D:avural->av
D:avuran->av
D:avure->av
D:avus->av
Q:charitable->charit
D:charit->charit
D:charita->charit
D:charitabile->charit
D:charitability->charit
D:charitabl->charit
D:charitable->charit
D:charitablealliance->charit
D:charitableness->charit
D:charitables->charit
D:charitablity->charit
D:charitablness->charit
D:charitably->charit
D:charitage->charit
D:charital->charit
D:charitales->charit
D:charitan->charit
D:charitar->charit
D:charitarian->charit
D:charitars->charit
D:charitat->charit
D:charitate->charit
D:charitatis->charit
D:charitative->charit
D:charite->charit
D:charitee->charit
D:chariteer->charit
D:charitees->charit
D:chariteis->charit
D:chariten->charit
D:chariter->charit
D:chariterable->charit
D:chariterator->charit
D:chariterators->charit
D:chariters->charit
D:charites->charit
D:chariti->charit
D:charitibility->charit
D:charitible->charit
D:charitibly->charit
D:chariting->charit
D:charition->charit
D:charitis->charit
D:charitised->charit
D:charitities->charit
D:charitity->charit
D:charitive->charit
D:charitivism->charit
D:charitly->charit
D:charitor->charit
D:charitors->charit
D:charitr->charit
D:charitragan->charit
D:charitrante->charit
D:charitre->charit
D:charitree->charit
D:charitrees->charit
D:charitric->charit
D:charits->charit
D:charitt->charit
D:charittable->charit
D:charitte->charit
D:charittees->charit
D:charitum->charit
D:charitures->charit
D:charitus->charit
Q:donation->donat
D:donat->donat
D:donata->donat
D:donatable->donat
D:donatal->donat
D:donatale->donat
D:donatalis->donat
D:donatar->donat
D:donataries->donat
D:donatary->donat
D:donatate->donat
D:donatated->donat
D:donatating->donat
D:donatation->donat
D:donatations->donat
D:donate->donat
D:donateables->donat
D:donated->donat
D:donateding->donat
D:donateds->donat
D:donatee->donat
D:donateee->donat
D:donateeee->donat
D:donateeeeeeeeeee->donat
D:donateeeeeeeeeeeeeeeeeee->donat
D:donatees->donat
D:donateing->donat
D:donateion->donat
D:donatelier->donat
D:donately->donat
D:donaten->donat
D:donatenaturally->donat
D:donatenic->donat
D:donateor->donat
D:donater->donat
D:donaters->donat
D:donates->donat
D:donateur->donat
D:donateures->donat
D:donateurs->donat
D:donati->donat
D:donatia->donat
D:donatian->donat
D:donatiane->donat
D:donatice->donat
D:donaticed->donat
D:donatif->donat
D:donating->donat
D:donation->donat
D:donationagency->donat
D:donational->donat
D:donationan->donat
D:donationated->donat
D:donationation->donat
D:donationations->donat
D:donatione->donat
D:donationed->donat
D:donationen->donat
D:donationer->donat
D:donationes->donat
D:donationif->donat
D:donationing->donat
D:donationis->donat
D:donations->donat
D:donatis->donat
D:donatism->donat
D:donatist->donat
D:donatistes->donat
D:donatistic->donat
D:donatistical->donat
D:donatistis->donat
D:donatists->donat
D:donatium->donat
D:donativ->donat
D:donative->donat
D:donatives->donat
D:donativis->donat
D:donator->donat
D:donatore->donat
D:donatoren->donat
D:donatorer->donat
D:donatores->donat
D:donators->donat
D:donatorship->donat
D:donatory->donat
D:donatr->donat
D:donatrager->donat
D:donatre->donat
D:donatric->donat
D:donatrice->donat
D:donatrices->donat
D:donatrion->donat
D:donatrists->donat
D:donats->donat
D:donatse->donat
D:donatt->donat
D:donatte->donat
D:donatted->donat
D:donatteee->donat
D:donattes->donat
D:donattion->donat
D:donattions->donat
D:donattis->donat
D:donatts->donat
D:donatul->donat
D:donatum->donat
D:donatur->donat
D:donaturs->donat
D:donatus->donat
<query> average charitable donation</query><numhits>10</numhits><time>2328</time>
</ATIREsearch>
<ATIREsearch>
D:wind->wind
D:winda->wind
D:windability->wind
D:windable->wind
D:windag->wind
D:windage->wind
D:windaged->wind
D:windages->wind
D:windal->wind
D:windale->wind
D:windals->wind
D:windan->wind
D:windanc->wind
D:windance->wind
D:windancer->wind
D:windancers->wind
D:windane->wind
D:windar->wind
D:windare->wind
D:windat->wind
D:windate->wind
D:windates->wind
D:windation->wind
D:windatrian->wind
D:windd->wind
D:winddan->wind
D:winddance->wind
D:winddancer->wind
D:winddancers->wind
D:winddancing->wind
D:windde->wind
D:winddeal->wind
D:winddealer->wind
D:winddeer->wind
D:windding->wind
D:winddor->wind
D:windds->wind
D:winde->wind
D:windeals->wind
D:windean->wind
D:windeat->wind
D:windeater->wind
D:windeaters->wind
D:winded->wind
D:windede->wind
D:windeded->wind
D:windedly->wind
D:windedness->wind
D:windee->wind
D:windeee->wind
D:windeeeeeeeeee->wind
D:windeeeeeeeeeee->wind
D:windeeeeeeeeeeeeeeeeeeeeeeeeeeeeeee->wind
D:windeers->wind
D:windees->wind
D:windeing->wind
D:windeis->wind
D:windeisen->wind
D:windely->wind
D:winden->wind
D:windenc->wind
D:windene->wind
D:windened->wind
D:windener->wind
D:windening->wind
D:windens->wind
D:windent->wind
D:windentist->wind
D:windeor->wind
D:winder->wind
D:windere->wind
D:windered->wind
D:winderee->wind
D:windereere->wind
D:winderen->wind
D:winderens->wind
D:winderes->wind
D:winderful->wind
D:winderfully->wind
D:winderif->wind
D:windering->wind
D:winderizing->wind
D:winderly->wind
D:winderness->wind
D:winderor->wind
D:winderous->wind
D:winders->wind
D:windes->wind
D:windful->wind
D:windfuls->wind
D:windhood->wind
D:windhoods->wind
D:windi->wind
D:windia->wind
D:windial->wind
D:windialer->wind
D:windian->wind
D:windianal->wind
D:windians->wind
D:windic->wind
D:windicate->wind
D:windicated->wind
D:windication->wind
D:windications->wind
D:windicator->wind
D:windicators->wind
D:windice->wind
D:windices->wind
D:windif->wind
D:windification->wind
D:windified->wind
D:windify->wind
D:winding->wind
D:windinge->wind
D:windinged->wind
D:windinger->wind
D:windingfully->wind
D:windingism->wind
D:windingly->wind
D:windings->wind
D:windis->wind
D:windish->wind
D:windishagency->wind
D:windisher->wind
D:windishores->wind
D:windisman->wind
D:windist->wind
D:windiv->wind
D:windive->wind
D:windiver->wind
D:windivers->wind
D:windiz->wind
D:windlied->wind
D:windlier->wind
D:windlily->wind
D:windly->wind
D:windment->wind
D:windness->wind
D:windnesse->wind
D:windor->wind
D:windore->wind
D:windors->wind
D:windous->wind
D:winds->wind
D:windsage->wind
D:windsan->wind
D:windsanity->wind
D:windsant->wind
D:windsat->wind
D:windseal->wind
D:windsealing->wind
D:windseer->wind
D:windsen->wind
D:windsenator->wind
D:windsenators->wind
D:windser->wind
D:windship->wind
D:windships->wind
D:windsical->wind
D:windsing->wind
D:windsinger->wind
D:windsingers->wind
D:windsinging->wind
D:windsize->wind
D:windsor->wind
D:windsore->wind
D:windsoreats->wind
D:windsored->wind
D:windsorian->wind
D:windsorians->wind
D:windsoring->wind
D:windsorish->wind
D:windsorized->wind
D:windsors->wind
D:windsorship->wind
D:windsory->wind
D:windsur->wind
D:windsurance->wind
D:windsure->wind
D:windsuring->wind
D:windth->wind
D:windul->wind
D:windum->wind
D:windur->wind
D:winduring->wind
D:windurs->wind
D:windus->wind
D:winj->wind
D:winjan->wind
D:winje->wind
D:winjen->wind
D:winjer->wind
D:winjers->wind
D:winjes->wind
D:winjing->wind
D:winjings->wind
D:winjor->wind
D:winjs->wind
D:winjuris->wind
D:power->power
D:powera->power
D:powerability->power
D:powerable->power
D:powerabler->power
D:powerag->power
D:powerage->power
D:poweraged->power
D:poweragency->power
D:poweragent->power
D:poweragentrally->power
D:poweragents->power
D:powerager->power
D:poweragers->power
D:powerages->power
D:poweraging->power
D:poweral->power
D:poweralice->power
D:poweralive->power
D:poweralliance->power
D:poweralliances->power
D:powerallies->power
D:powerally->power
D:poweran->power
D:poweranal->power
D:poweraner->power
D:poweraners->power
D:powerant->power
D:powerants->power
D:powerare->power
D:poweraror->power
D:powerat->power
D:powerate->power
D:powerated->power
D:powerating->power
D:poweratings->power
D:poweration->power
D:powerator->power
D:powerats->power
D:powere->power
D:powereality->power
D:powereat->power
D:powered->power
D:poweredalliance->power
D:powerede->power
D:powereding->power
D:poweredly->power
D:powereds->power
D:poweree->power
D:powereful->power
D:powereing->power
D:poweren->power
D:powerenable->power
D:powerenabled->power
D:powerenc->power
D:powerening->power
D:powerer->power
D:powerered->power
D:powererful->power
D:powerering->power
D:powerers->power
D:poweres->power
D:powerful->power
D:powerfulally->power
D:powerfulan->power
D:powerfule->power
D:powerfulent->power
D:powerfuler->power
D:powerfulful->power
D:powerfulial->power
D:powerfulised->power
D:powerfully->power
D:powerfulness->power
D:powerfuls->power
D:powerhood->power
D:poweri->power
D:poweria->power
D:poweric->power
D:powerice->power
D:powerif->power
D:powerific->power
D:powerifications->power
D:powerify->power
D:powering->power
D:poweringanation->power
D:poweringful->power
D:poweringly->power
D:powerings->power
D:poweris->power
D:powerise->power
D:powerised->power
D:poweriser->power
D:powerisers->power
D:powerish->power
D:powerished->power
D:powerising->power
D:powerism->power
D:powerize->power
D:powerized->power
D:powerizer->power
D:powerizers->power
D:powerizing->power
D:powerlie->power
D:powerlien->power
D:powerliens->power
D:powerlies->power
D:powerlily->power
D:powerly->power
D:powerment->power
D:powermentor->power
D:powerness->power
D:poweror->power
D:powerouse->power
D:powerr->power
D:powerrage->power
D:powerrages->power
D:powerrally->power
D:powerran->power
D:powerrancers->power
D:powerrate->power
D:powerrater->power
D:powerrating->power
D:powerratings->power
D:powerrationing->power
D:powerre->power
D:powerreal->power
D:powerred->power
D:powerren->power
D:powerres->power
D:powerrful->power
D:powerrice->power
D:powerring->power
D:powerrise->power
D:powerriser->power
D:powerrisers->power
D:powerrizer->power
D:powerrizers->power
D:powerrs->power
D:powers->power
D:powersabilities->power
D:powersagency->power
D:powersale->power
D:powersales->power
D:powersan->power
D:powersat->power
D:powersation->power
D:powersats->power
D:powerse->power
D:powerseal->power
D:powerseals->power
D:powersean->power
D:powerseat->power
D:powerseats->power
D:powersed->power
D:powersedan->power
D:powersee->power
D:powersen->power
D:powersens->power
D:powersenter->power
D:powersful->power
D:powership->power
D:powerships->power
D:powersian->power
D:powersif->power
D:powersish->power
D:powersize->power
D:powersizer->power
D:powersur->power
D:powersure->power
D:powerth->power
D:powerul->power
D:powerule->power
D:powerully->power
D:poweruring->power
D:powerus->power
<query> wind power</query><numhits>10</numhits><time>2167</time>
</ATIREsearch>
<ATIREsearch>
D:bph->bph
Q:treatment->treat
D:treat->treat
D:treata->treat
D:treatability->treat
D:treatabl->treat
D:treatable->treat
D:treatableness->treat
D:treatables->treat
D:treatablity->treat
D:treatably->treat
D:treatage->treat
D:treatan->treat
D:treatant->treat
D:treatare->treat
D:treatat->treat
D:treate->treat
D:treateable->treat
D:treated->treat
D:treatede->treat
D:treateding->treat
D:treatedment->treat
D:treateds->treat
D:treatee->treat
D:treatees->treat
D:treateing->treat
D:treatement->treat
D:treatements->treat
D:treaten->treat
D:treatened->treat
D:treatenents->treat
D:treatening->treat
D:treatens->treat
D:treatent->treat
D:treatents->treat
D:treater->treat
D:treatering->treat
D:treaterous->treat
D:treaters->treat
D:treates->treat
D:treatful->treat
D:treathood->treat
D:treati->treat
D:treatibility->treat
D:treatic->treat
D:treatice->treat
D:treatices->treat
D:treatife->treat
D:treatifes->treat
D:treating->treat
D:treatingly->treat
D:treatingment->treat
D:treatings->treat
D:treation->treat
D:treatis->treat
D:treatisan->treat
D:treatise->treat
D:treatised->treat
D:treatisede->treat
D:treatisee->treat
D:treatiser->treat
D:treatisers->treat
D:treatises->treat
D:treatishe->treat
D:treatising->treat
D:treatist->treat
D:treatists->treat
D:treativ->treat
D:treative->treat
D:treativity->treat
D:treatiz->treat
D:treatize->treat
D:treatly->treat
D:treatment->treat
D:treatmental->treat
D:treatmentallied->treat
D:treatmentan->treat
D:treatmentanal->treat
D:treatmentanticancer->treat
D:treatmentat->treat
D:treatmente->treat
D:treatmented->treat
D:treatmentent->treat
D:treatmentif->treat
D:treatmenting->treat
D:treatmentis->treat
D:treatmentment->treat
D:treatmentments->treat
D:treatmentor->treat
D:treatmentoral->treat
D:treatmentoriented->treat
D:treatmentr->treat
D:treatmentreatment->treat
D:treatments->treat
D:treatmenturic->treat
D:treator->treat
D:treatorous->treat
D:treators->treat
D:treatouse->treat
D:treatr->treat
D:treatral->treat
D:treatre->treat
D:treatred->treat
D:treatrical->treat
D:treatring->treat
D:treatrise->treat
D:treatrises->treat
D:treatrment->treat
D:treatrments->treat
D:treatrs->treat
D:treats->treat
D:treatse->treat
D:treatsed->treat
D:treatses->treat
D:treatsfully->treat
D:treatsing->treat
D:treatsize->treat
D:treatsments->treat
D:treatt->treat
D:treattag->treat
D:treattags->treat
D:treatted->treat
D:treattening->treat
D:treattes->treat
D:treatting->treat
D:treattise->treat
D:treattment->treat
D:treattments->treat
D:treattreatment->treat
D:treatts->treat
D:treature->treat
D:treatured->treat
D:treatures->treat
D:treaturing->treat
D:treaturous->treat
D:treatus->treat
<query> bph treatment</query><numhits>10</numhits><time>897</time>
</ATIREsearch>
<ATIREsearch>
Q:doctor->doct
D:doct->doct
D:docta->doct
D:doctable->doct
D:doctables->doct
D:doctag->doct
D:doctags->doct
D:doctal->doct
D:doctalee->doct
D:doctalen->doct
D:doctalents->doct
D:doctales->doct
D:doctane->doct
D:doctar->doct
D:doctaral->doct
D:doctarate->doct
D:doctarates->doct
D:doctars->doct
D:doctat->doct
D:doctate->doct
D:doctated->doct
D:doctation->doct
D:doctations->doct
D:doctator->doct
D:doctatorial->doct
D:doctators->doct
D:doctatorship->doct
D:docte->doct
D:docted->doct
D:doctee->doct
D:doctement->doct
D:docten->doct
D:doctennessee->doct
D:docter->doct
D:docterate->doct
D:doctered->doct
D:docterer->doct
D:docteres->doct
D:doctering->doct
D:docterous->doct
D:docters->doct
D:doctes->doct
D:docteur->doct
D:docteure->doct
D:docteurs->doct
D:docti->doct
D:doctic->doct
D:doctionaries->doct
D:doctionary->doct
D:doctis->doct
D:doctor->doct
D:doctorability->doct
D:doctorable->doct
D:doctorag->doct
D:doctorage->doct
D:doctoral->doct
D:doctoralan->doct
D:doctorale->doct
D:doctoralen->doct
D:doctorales->doct
D:doctoralhood->doct
D:doctoralice->doct
D:doctoralis->doct
D:doctorally->doct
D:doctorals->doct
D:doctoralship->doct
D:doctoran->doct
D:doctorant->doct
D:doctorante->doct
D:doctorantes->doct
D:doctorants->doct
D:doctorat->doct
D:doctoratal->doct
D:doctoratat->doct
D:doctorate->doct
D:doctorated->doct
D:doctoratee->doct
D:doctoraten->doct
D:doctorateness->doct
D:doctorateor->doct
D:doctorates->doct
D:doctoratial->doct
D:doctorating->doct
D:doctoration->doct
D:doctorats->doct
D:doctore->doct
D:doctored->doct
D:doctoredal->doct
D:doctoreder->doct
D:doctoree->doct
D:doctoren->doct
D:doctorenator->doct
D:doctorenter->doct
D:doctorere->doct
D:doctorerede->doct
D:doctoreren->doct
D:doctoreric->doct
D:doctorers->doct
D:doctores->doct
D:doctorhood->doct
D:doctorial->doct
D:doctoriales->doct
D:doctorially->doct
D:doctorials->doct
D:doctorian->doct
D:doctoriate->doct
D:doctoric->doct
D:doctorice->doct
D:doctorie->doct
D:doctorif->doct
D:doctoring->doct
D:doctoringal->doct
D:doctorings->doct
D:doctorious->doct
D:doctoris->doct
D:doctorish->doct
D:doctorishness->doct
D:doctorising->doct
D:doctorism->doct
D:doctorist->doct
D:doctoriver->doct
D:doctoriving->doct
D:doctorize->doct
D:doctorized->doct
D:doctorly->doct
D:doctormental->doct
D:doctorness->doct
D:doctoror->doct
D:doctororiental->doct
D:doctors->doct
D:doctorship->doct
D:doctorships->doct
D:doctory->doct
D:doctorye->doct
D:doctoryes->doct
D:doctorys->doct
D:doctr->doct
D:doctracie->doct
D:doctral->doct
D:doctran->doct
D:doctrane->doct
D:doctrans->doct
D:doctrat->doct
D:doctrate->doct
D:doctrates->doct
D:doctrations->doct
D:doctre->doct
D:doctreated->doct
D:doctree->doct
D:doctrees->doct
D:doctrial->doct
D:doctrianity->doct
D:doctrice->doct
D:doctrices->doct
D:doctrician->doct
D:doctring->doct
D:doctrings->doct
D:doctrionally->doct
D:doctris->doct
D:doctror->doct
D:doctroral->doct
D:doctrors->doct
D:doctrs->doct
D:docts->doct
D:doctsually->doct
D:doctt->doct
D:doctter->doct
D:docttor->doct
D:docttors->doct
D:doctts->doct
D:doctum->doct
D:doctur->doct
D:doctural->doct
D:docturate->doct
D:docture->doct
D:docturs->doct
D:doctus->doct
D:doxionly->doct
D:zhivago->zhivago
D:zhivagoa->zhivago
D:zhivagoed->zhivago
D:zhivagoes->zhivago
D:zhivagoian->zhivago
D:zhivagos->zhivago
<query> doctor zhivago</query><numhits>10</numhits><time>755</time>
</ATIREsearch>
<ATIREsearch>
D:land->land
D:landa->land
D:landable->land
D:landacious->land
D:landag->land
D:landagan->land
D:landage->land
D:landagen->land
D:landagent->land
D:landal->land
D:landalan->land
D:landale->land
D:landales->land
D:landals->land
D:landan->land
D:landance->land
D:landane->land
D:landaner->land
D:landaners->land
D:landanes->land
D:landanous->land
D:landante->land
D:landantes->land
D:landar->land
D:landaran->land
D:landare->land
D:landareal->land
D:landaren->land
D:landarian->land
D:landaring->land
D:landary->land
D:landat->land
D:landate->land
D:landd->land
D:landdag->land
D:landdage->land
D:landdagen->land
D:landdance->land
D:landde->land
D:landdeal->land
D:landdean->land
D:landded->land
D:landden->land
D:landding->land
D:landdis->land
D:landdiving->land
D:landds->land
D:lande->land
D:landeal->land
D:landean->land
D:landeaner->land
D:landeater->land
D:landed->land
D:landede->land
D:landededededed->land
D:landedness->land
D:landeds->land
D:landedship->land
D:landee->land
D:landeee->land
D:landeeee->land
D:landeer->land
D:landeis->land
D:landelies->land
D:landely->land
D:landen->land
D:landenc->land
D:landene->land
D:landenes->land
D:landenian->land
D:landenouse->land
D:landens->land
D:landente->land
D:landentity->land
D:landentr->land
D:landentrans->land
D:lander->land
D:landere->land
D:landered->land
D:landeren->land
D:landerer->land
D:landeric->land
D:landering->land
D:landeris->land
D:landerish->land
D:landerous->land
D:landers->land
D:landes->land
D:landeur->land
D:landful->land
D:landfulness->land
D:landfuls->land
D:landhood->land
D:landi->land
D:landia->land
D:landial->land
D:landian->land
D:landians->land
D:landic->land
D:landican->land
D:landicane->land
D:landice->land
D:landif->land
D:landifer->land
D:landification->land
D:landing->land
D:landingat->land
D:landinge->land
D:landinged->land
D:landingee->land
D:landinger->land
D:landingists->land
D:landingor->land
D:landings->land
D:landion->land
D:landis->land
D:landisan->land
D:landise->land
D:landiser->land
D:landises->land
D:landish->land
D:landishe->land
D:landishly->land
D:landism->land
D:landisman->land
D:landist->land
D:landistes->land
D:landive->land
D:landiver->land
D:landized->land
D:landlie->land
D:landly->land
D:landlying->land
D:landness->land
D:landor->land
D:landoran->land
D:landore->land
D:landoreis->land
D:landorer->land
D:landores->land
D:landorian->land
D:landorians->land
D:landorie->land
D:landorien->land
D:landoris->land
D:landorous->land
D:landors->land
D:landorys->land
D:lands->land
D:landsale->land
D:landsales->land
D:landsan->land
D:landsat->land
D:landsats->land
D:landse->land
D:landsee->land
D:landseer->land
D:landseers->land
D:landseismic->land
D:landsen->land
D:landsens->land
D:landser->land
D:landsers->land
D:landses->land
D:landship->land
D:landships->land
D:landsing->land
D:landsinger->land
D:landsize->land
D:landsly->land
D:landsness->land
D:landsor->land
D:landsoreningen->land
D:landth->land
D:landul->land
D:landules->land
D:landum->land
D:landur->land
D:landuran->land
D:landure->land
D:landuris->land
D:landurs->land
D:landus->land
D:lanj->land
D:lanjal->land
D:lanjalan->land
D:lanjan->land
D:lanje->land
D:lanjean->land
D:lanjeates->land
D:lanjee->land
D:lanjen->land
D:lanjer->land
D:lanjian->land
D:lanjing->land
D:lanjis->land
D:lanjs->land
D:lansion->land
D:lansionic->land
D:lansival->land
Q:surveyor->survey
D:surveied->survey
D:surveier->survey
D:surveies->survey
D:surveiliance->survey
D:surveior->survey
D:surveiors->survey
D:survey->survey
D:surveya->survey
D:surveyability->survey
D:surveyable->survey
D:surveyables->survey
D:surveyage->survey
D:surveyagent->survey
D:surveyal->survey
D:surveyan->survey
D:surveyanal->survey
D:surveyance->survey
D:surveyances->survey
D:surveyans->survey
D:surveyants->survey
D:surveye->survey
D:surveyed->survey
D:surveyee->survey
D:surveyees->survey
D:surveyeor->survey
D:surveyer->survey
D:surveyers->survey
D:surveyes->survey
D:surveyhood->survey
D:surveyi->survey
D:surveyic->survey
D:surveying->survey
D:surveyings->survey
D:surveyis->survey
D:surveyish->survey
D:surveyists->survey
D:surveyness->survey
D:surveyor->survey
D:surveyoragent->survey
D:surveyoran->survey
D:surveyores->survey
D:surveyoring->survey
D:surveyors->survey
D:surveyorship->survey
D:surveyorships->survey
D:surveys->survey
D:surveysage->survey
D:surveysalary->survey
D:surveyses->survey
D:surveysing->survey
D:surveysors->survey
D:surveyus->survey
<query> land surveyor</query><numhits>10</numhits><time>1322</time>
</ATIREsearch>
<ATIREsearch>
D:golf->golf
D:golfa->golf
D:golfability->golf
D:golfable->golf
D:golfag->golf
D:golfagent->golf
D:golfal->golf
D:golfan->golf
D:golfantics->golf
D:golfar->golf
D:golfare->golf
D:golfaris->golf
D:golfat->golf
D:golfe->golf
D:golfed->golf
D:golfeder->golf
D:golfedis->golf
D:golfee->golf
D:golfees->golf
D:golfeiz->golf
D:golfen->golf
D:golfeneur->golf
D:golfent->golf
D:golfer->golf
D:golferat->golf
D:golfere->golf
D:golfered->golf
D:golferee->golf
D:golferen->golf
D:golferis->golf
D:golferist->golf
D:golfers->golf
D:golfes->golf
D:golfeur->golf
D:golfeurs->golf
D:golfi->golf
D:golfianer->golf
D:golfice->golf
D:golfif->golf
D:golfing->golf
D:golfingal->golf
D:golfinger->golf
D:golfingly->golf
D:golfings->golf
D:golfique->golf
D:golfiques->golf
D:golfis->golf
D:golfish->golf
D:golfishes->golf
D:golfishing->golf
D:golfism->golf
D:golfist->golf
D:golfiste->golf
D:golfistic->golf
D:golfists->golf
D:golfity->golf
D:golfiv->golf
D:golfly->golf
D:golfment->golf
D:golfmentary->golf
D:golfmentor->golf
D:golfness->golf
D:golfore->golf
D:golforie->golf
D:golforient->golf
D:golfs->golf
D:golfsale->golf
D:golfsales->golf
D:golfsan->golf
D:golfsat->golf
D:golfseat->golf
D:golfsers->golf
D:golfsize->golf
D:golfsure->golf
D:golfur->golf
D:golfus->golf
D:gps->gps
<query> golf gps</query><numhits>10</numhits><time>639</time>
</ATIREsearch>
<ATIREsearch>
D:what->what
D:whata->what
D:whatabilities->what
D:whatability->what
D:whatablag->what
D:whatag->what
D:whatagal->what
D:whatagates->what
D:whatage->what
D:whatagency->what
D:whatal->what
D:whatalif->what
D:whatalife->what
D:whatalifeee->what
D:whatalifeeeee->what
D:whatalisees->what
D:whatan->what
D:whatanice->what
D:whatar->what
D:whatarate->what
D:whatare->what
D:whatareions->what
D:whatarerates->what
D:whatarerice->what
D:whatareuris->what
D:whatariver->what
D:whatat->what
D:whatatane->what
D:whatating->what
D:whatativer->what
D:whatatreat->what
D:whate->what
D:whateat->what
D:whated->what
D:whatee->what
D:whateer->what
D:whateing->what
D:whately->what
D:whatelyan->what
D:whaten->what
D:whatenabled->what
D:whatenc->what
D:whatenter->what
D:whatentered->what
D:whater->what
D:whatere->what
D:whatered->what
D:whaterer->what
D:whateriver->what
D:whaterlily->what
D:whaters->what
D:whatership->what
D:whates->what
D:whateship->what
D:whati->what
D:whatia->what
D:whatican->what
D:whaticant->what
D:whatif->what
D:whatifers->what
D:whatificant->what
D:whatifing->what
D:whatifis->what
D:whatifivanished->what
D:whatifs->what
D:whatify->what
D:whating->what
D:whatings->what
D:whatis->what
D:whatisal->what
D:whatisalife->what
D:whatisallie->what
D:whatisaloring->what
D:whatisan->what
D:whatisanancy->what
D:whatisat->what
D:whatise->what
D:whatisee->what
D:whatish->what
D:whatishere->what
D:whatishistory->what
D:whatishouse->what
D:whatishs->what
D:whatisifs->what
D:whatisiz->what
D:whatisliifee->what
D:whatism->what
D:whatismagic->what
D:whatisme->what
D:whatismean->what
D:whatismore->what
D:whatisms->what
D:whatist->what
D:whatister->what
D:whatistriz->what
D:whative->what
D:whatived->what
D:whativer->what
D:whatiz->what
D:whatizen->what
D:whatizs->what
D:whatlies->what
D:whatly->what
D:whatness->what
D:whatnesses->what
D:whator->what
D:whatr->what
D:whatre->what
D:whatreal->what
D:whatreality->what
D:whatreally->what
D:whatreallylies->what
D:whatrorenis->what
D:whatrs->what
D:whats->what
D:whatsabl->what
D:whatsag->what
D:whatsal->what
D:whatsalary->what
D:whatsalife->what
D:whatsan->what
D:whatsanity->what
D:whatsaryan->what
D:whatsat->what
D:whatsatree->what
D:whatse->what
D:whatseals->what
D:whatsee->what
D:whatsentences->what
D:whatser->what
D:whatsere->what
D:whatsers->what
D:whatses->what
D:whatshood->what
D:whatsif->what
D:whatsiz->what
D:whatsize->what
D:whatsizes->what
D:whatsment->what
D:whatt->what
D:whattable->what
D:whattag->what
D:whattage->what
D:whattagee->what
D:whattale->what
D:whattalent->what
D:whattalife->what
D:whattalion->what
D:whattan->what
D:whattats->what
D:whatte->what
D:whatted->what
D:whattely->what
D:whatten->what
D:whattenant->what
D:whatter->what
D:whatters->what
D:whatth->what
D:whattif->what
D:whatting->what
D:whattorent->what
D:whattr->what
D:whattree->what
D:whatts->what
D:whatule->what
D:whatulive->what
D:whatum->what
D:whatur->what
D:whature->what
D:whatus->what
D:is->is
D:isa->is
D:isabilities->is
D:isability->is
D:isabl->is
D:isablan->is
D:isable->is
D:isabled->is
D:isablement->is
D:isables->is
D:isabling->is
D:isabls->is
D:isacie->is
D:isacy->is
D:isag->is
D:isagalate->is
D:isagan->is
D:isagat->is
D:isagator->is
D:isage->is
D:isageane->is
D:isaged->is
D:isagee->is
D:isagen->is
D:isagency->is
D:isagenic->is
D:isagenice->is
D:isagenics->is
D:isagent->is
D:isager->is
D:isagerage->is
D:isages->is
D:isagifs->is
D:isagor->is
D:isags->is
D:isal->is
D:isalan->is
D:isalanat->is
D:isalanis->is
D:isalat->is
D:isalated->is
D:isalation->is
D:isale->is
D:isaleal->is
D:isalean->is
D:isaleane->is
D:isaleans->is
D:isaled->is
D:isalee->is
D:isalen->is
D:isalene->is
D:isales->is
D:isalian->is
D:isalice->is
D:isalicous->is
D:isalife->is
D:isalion->is
D:isalisalan->is
D:isalist->is
D:isaliv->is
D:isalive->is
D:isaliz->is
D:isalliance->is
D:isally->is
D:isalore->is
D:isals->is
D:isan->is
D:isanan->is
D:isanat->is
D:isanc->is
D:isance->is
D:isances->is
D:isane->is
D:isanee->is
D:isanely->is
D:isanic->is
D:isanion->is
D:isanity->is
D:isanor->is
D:isans->is
D:isanship->is
D:isant->is
D:isante->is
D:isantee->is
D:isantis->is
D:isants->is
D:isanur->is
D:isar->is
D:isarag->is
D:isaral->is
D:isarat->is
D:isarates->is
D:isarats->is
D:isare->is
D:isareal->is
D:isareality->is
D:isareally->is
D:isared->is
D:isaree->is
D:isareif->is
D:isareis->is
D:isaren->is
D:isarene->is
D:isares->is
D:isarian->is
D:isaric->is
D:isarie->is
D:isarion->is
D:isaris->is
D:isariv->is
D:isars->is
D:isary->is
D:isat->is
D:isatan->is
D:isate->is
D:isated->is
D:isater->is
D:isatere->is
D:isates->is
D:isatic->is
D:isation->is
D:isational->is
D:isations->is
D:isatis->is
D:isatoris->is
D:isatr->is
D:isatrag->is
D:isatrate->is
D:isatreee->is
D:isats->is
D:isatur->is
D:ise->is
D:iseag->is
D:iseage->is
D:iseager->is
D:iseal->is
D:isealalliance->is
D:iseale->is
D:isealife->is
D:isealism->is
D:iseals->is
D:isean->is
D:iseans->is
D:iseat->is
D:iseated->is
D:iseating->is
D:iseatran->is
D:iseats->is
D:ised->is
D:isedal->is
D:isedale->is
D:isedan->is
D:isedane->is
D:isede->is
D:iseden->is
D:iseder->is
D:isedor->is
D:isedore->is
D:iseds->is
D:iseduran->is
D:isee->is
D:iseealice->is
D:iseeatree->is
D:iseee->is
D:iseeee->is
D:iseeeee->is
D:iseees->is
D:iseeing->is
D:iseeisee->is
D:iseer->is
D:iseereally->is
D:iseered->is
D:iseerediseered->is
D:isees->is
D:iseeur->is
D:iseful->is
D:iseian->is
D:iseic->is
D:iseif->is
D:iseife->is
D:iseing->is
D:iseis->is
D:iseize->is
D:iselie->is
D:iselien->is
D:iselier->is
D:iseliere->is
D:isely->is
D:isement->is
D:isements->is
D:isen->is
D:isenable->is
D:isenabled->is
D:isenabledat->is
D:isenabling->is
D:isenat->is
D:isenator->is
D:isence->is
D:isencor->is
D:isene->is
D:isened->is
D:isenes->is
D:iseninger->is
D:isenist->is
D:iseniz->is
D:isenor->is
D:isens->is
D:isent->is
D:isental->is
D:isentan->is
D:isente->is
D:isentence->is
D:isentered->is
D:isenterenabled->is
D:isentering->is
D:isentical->is
D:isentification->is
D:isentity->is
D:isentrager->is
D:isentric->is
D:isentris->is
D:isents->is
D:iseor->is
D:iseory->is
D:iser->is
D:iserabl->is
D:iserable->is
D:iserables->is
D:iserably->is
D:iseral->is
D:iserals->is
D:iseran->is
D:iserans->is
D:iseration->is
D:isere->is
D:isereal->is
D:iserean->is
D:isereatur->is
D:isered->is
D:iseree->is
D:isereis->is
D:iserenity->is
D:iserentant->is
D:isereor->is
D:iserere->is
D:iseres->is
D:iserial->is
D:iserializable->is
D:iserializeable->is
D:iserialized->is
D:iserializer->is
D:iserian->is
D:iseric->is
D:iseris->is
D:iserliness->is
D:isers->is
D:ises->is
D:isetie->is
D:iseual->is
D:isful->is
D:isfully->is
D:isi->is
D:isia->is
D:isial->is
D:isially->is
D:isialor->is
D:isian->is
D:isians->is
D:isibil->is
D:isibility->is
D:isibl->is
D:isible->is
D:isibles->is
D:isic->is
D:isical->is
D:isicatalan->is
D:isice->is
D:isicing->is
D:isicores->is
D:isics->is
D:isif->is
D:isifan->is
D:isifat->is
D:isife->is
D:isified->is
D:isifs->is
D:ising->is
D:isingage->is
D:isinger->is
D:isingers->is
D:isinghood->is
D:isingly->is
D:isingor->is
D:isings->is
D:isiqu->is
D:isique->is
D:isis->is
D:isisag->is
D:isisagate->is
D:isisales->is
D:isisan->is
D:isisate->is
D:isisatis->is
D:isise->is
D:isised->is
D:isiseden->is
D:isisen->is
D:isiser->is
D:isises->is
D:isish->is
D:isisian->is
D:isisicor->is
D:isism->is
D:isismagic->is
D:isismarie->is
D:isismariee->is
D:isisme->is
D:isismedical->is
D:isity->is
D:isium->is
D:isiz->is
D:isize->is
D:isized->is
D:isizes->is
D:isizing->is
D:isizione->is
D:islie->is
D:islied->is
D:islien->is
D:islier->is
D:islies->is
D:isliife->is
D:isly->is
D:islyan->is
D:islye->is
D:islyian->is
D:islying->is
D:isment->is
D:ismental->is
D:ismentalist->is
D:ismentally->is
D:ismentioned->is
D:isness->is
D:isor->is
D:isoral->is
D:isoran->is
D:isorant->is
D:isorate->is
D:isorating->is
D:isore->is
D:isored->is
D:isoren->is
D:isores->is
D:isoric->is
D:isorien->is
D:isorientable->is
D:isorientated->is
D:isorientation->is
D:isorientationenabled->is
D:isories->is
D:isoring->is
D:isoris->is
D:isorly->is
D:isors->is
D:isory->is
D:isorys->is
D:isous->is
D:isship->is
D:isth->is
D:isual->is
D:isualat->is
D:isualisation->is
D:isualise->is
D:isualists->is
D:isualiz->is
D:isualization->is
D:isualizations->is
D:isualize->is
D:isualized->is
D:isualizes->is
D:isualizing->is
D:isually->is
D:isuals->is
D:isul->is
D:isulan->is
D:isulancy->is
D:isulat->is
D:isulate->is
D:isulated->is
D:isulating->is
D:isulation->is
D:isulativity->is
D:isulator->is
D:isulators->is
D:isulive->is
D:isuls->is
D:isum->is
D:isur->is
D:isurable->is
D:isuran->is
D:isuranc->is
D:isurance->is
D:isurances->is
D:isurat->is
D:isure->is
D:isured->is
D:isuree->is
D:isurence->is
D:isurer->is
D:isurers->is
D:isures->is
D:isureties->is
D:isurian->is
D:isurians->is
D:isuric->is
D:isuristring->is
D:isuriv->is
D:isurs->is
D:isus->is
Q:madagascar->madagasc
D:madagasc->madagasc
D:madagasca->madagasc
D:madagascal->madagasc
D:madagascan->madagasc
D:madagascans->madagasc
D:madagascar->madagasc
D:madagascaran->madagasc
D:madagascarans->madagasc
D:madagascare->madagasc
D:madagascarian->madagasc
D:madagascarians->madagasc
D:madagascaris->madagasc
D:madagascars->madagasc
D:madagascat->madagasc
D:madagascer->madagasc
D:madagascian->madagasc
D:known->known
D:knowna->known
D:knownable->known
D:knownage->known
D:knownagents->known
D:knownan->known
D:knownat->known
D:knowne->known
D:knowned->known
D:knownee->known
D:knownen->known
D:knowner->known
D:knowners->known
D:knowni->known
D:knownice->known
D:knownif->known
D:knowning->known
D:knowningly->known
D:knownis->known
D:knownity->known
D:knownly->known
D:knownn->known
D:knownness->known
D:knownor->known
D:knowns->known
D:for->for
<query> what is madagascar known for</query><numhits>10</numhits><time>8438</time>
</ATIREsearch>
<ATIREsearch>
D:home->home
D:homea->home
D:homeabilene->home
D:homeable->home
D:homeables->home
D:homeag->home
D:homeage->home
D:homeagent->home
D:homeagents->home
D:homeal->home
D:homealive->home
D:homealliance->home
D:homean->home
D:homeance->home
D:homeat->home
D:homeatelier->home
D:homee->home
D:homeee->home
D:homeeee->home
D:homeeeee->home
D:homeeeeee->home
D:homeeeeeee->home
D:homeeeeeeee->home
D:homeeeeeeeee->home
D:homeeeeeeeeee->home
D:homeeeeeeeeeee->home
D:homeeeeeeeeeeee->home
D:homeeeeeeeeeeeeee->home
D:homeeeeeeeeeeeeeeee->home
D:homeeeeeeeeeeeeeeeeee->home
D:homeeeeeeeeeeeeeeeeeeee->home
D:homeeeeeeeeeeeeeeeeeeeeeeeeeeeeeee->home
D:homeeeeeeeeeeeeeeeeeeeeeeeeeeeeeeeeeeeeeeeeeeeeeeeeeeeee->home
D:homeeeees->home
D:homeent->home
D:homeental->home
D:homeente->home
D:homeenter->home
D:homeer->home
D:homeers->home
D:homees->home
D:homeful->home
D:homefully->home
D:homefulness->home
D:homei->home
D:homeia->home
D:homeice->home
D:homeics->home
D:homeif->home
D:homeing->home
D:homeings->home
D:homeion->home
D:homeis->home
D:homeish->home
D:homeismore->home
D:homeister->home
D:homeium->home
D:homeize->home
D:homeliaries->home
D:homeliary->home
D:homelie->home
D:homelien->home
D:homelier->home
D:homelies->home
D:homelily->home
D:homeliness->home
D:homely->home
D:homelye->home
D:homelyes->home
D:homelyness->home
D:homelys->home
D:homeness->home
D:homeor->home
D:homes->home
D:homesabilene->home
D:homesage->home
D:homesagents->home
D:homesages->home
D:homesal->home
D:homesalary->home
D:homesale->home
D:homesalers->home
D:homesales->home
D:homesalive->home
D:homesan->home
D:homesat->home
D:homesations->home
D:homesats->home
D:homese->home
D:homeseal->home
D:homesealed->home
D:homesealing->home
D:homeseating->home
D:homesed->home
D:homesee->home
D:homeseer->home
D:homesen->home
D:homesent->home
D:homesenter->home
D:homeser->home
D:homeseuality->home
D:homeship->home
D:homeships->home
D:homesic->home
D:homesing->home
D:homesize->home
D:homesized->home
D:homeslies->home
D:homesly->home
D:homesor->home
D:homesuality->home
D:homesurance->home
D:homesure->home
D:hometh->home
D:homeum->home
D:homeur->home
D:homeus->home
Q:theater->theat
D:theat->theat
D:theata->theat
D:theatar->theat
D:theatare->theat
D:theataris->theat
D:theatariz->theat
D:theatars->theat
D:theate->theat
D:theated->theat
D:theatee->theat
D:theateeeeer->theat
D:theateer->theat
D:theateers->theat
D:theatees->theat
D:theateist->theat
D:theatelier->theat
D:theaten->theat
D:theatened->theat
D:theatener->theat
D:theatening->theat
D:theatens->theat
D:theater->theat
D:theateragentur->theat
D:theateragenturen->theat
D:theateralice->theat
D:theateralliance->theat
D:theaterat->theat
D:theateratelier->theat
D:theateratre->theat
D:theatere->theat
D:theatereality->theat
D:theaterer->theat
D:theateres->theat
D:theaterful->theat
D:theaterical->theat
D:theaterically->theat
D:theaterics->theat
D:theatering->theat
D:theateris->theat
D:theaterish->theat
D:theaterisme->theat
D:theaterists->theat
D:theaterization->theat
D:theaterlieder->theat
D:theaters->theat
D:theates->theat
D:theati->theat
D:theatic->theat
D:theatical->theat
D:theaticality->theat
D:theatics->theat
D:theating->theat
D:theatis->theat
D:theatist->theat
D:theatiste->theat
D:theatlien->theat
D:theatment->theat
D:theator->theat
D:theatorical->theat
D:theators->theat
D:theatr->theat
D:theatrable->theat
D:theatral->theat
D:theatrale->theat
D:theatralen->theat
D:theatrales->theat
D:theatralic->theat
D:theatralis->theat
D:theatralisant->theat
D:theatralisation->theat
D:theatralised->theat
D:theatraliser->theat
D:theatralising->theat
D:theatralisme->theat
D:theatrality->theat
D:theatralization->theat
D:theatralize->theat
D:theatralized->theat
D:theatralizes->theat
D:theatralizing->theat
D:theatratical->theat
D:theatre->theat
D:theatreage->theat
D:theatrealliance->theat
D:theatreat->theat
D:theatred->theat
D:theatredance->theat
D:theatredate->theat
D:theatrede->theat
D:theatredes->theat
D:theatree->theat
D:theatreeeee->theat
D:theatreeeeeeee->theat
D:theatreeeeeeeeeeeeeeeeeeeeeeeeee->theat
D:theatreencore->theat
D:theatreer->theat
D:theatreicals->theat
D:theatreif->theat
D:theatreis->theat
D:theatren->theat
D:theatrenational->theat
D:theatreor->theat
D:theatrer->theat
D:theatrerat->theat
D:theatrerice->theat
D:theatrers->theat
D:theatres->theat
D:theatreship->theat
D:theatreurs->theat
D:theatrial->theat
D:theatrials->theat
D:theatric->theat
D:theatrical->theat
D:theatricale->theat
D:theatricaled->theat
D:theatricales->theat
D:theatricalisation->theat
D:theatricalise->theat
D:theatricalised->theat
D:theatricalises->theat
D:theatricalising->theat
D:theatricalism->theat
D:theatricalisms->theat
D:theatricalist->theat
D:theatricalists->theat
D:theatricalities->theat
D:theatricality->theat
D:theatricalization->theat
D:theatricalize->theat
D:theatricalized->theat
D:theatricalizes->theat
D:theatricalizing->theat
D:theatrically->theat
D:theatricalness->theat
D:theatricals->theat
D:theatricantor->theat
D:theatricat->theat
D:theatricats->theat
D:theatrice->theat
D:theatrices->theat
D:theatricial->theat
D:theatrician->theat
D:theatricians->theat
D:theatricise->theat
D:theatricised->theat
D:theatricises->theat
D:theatricising->theat
D:theatricism->theat
D:theatricity->theat
D:theatricize->theat
D:theatricized->theat
D:theatricizes->theat
D:theatricizing->theat
D:theatricly->theat
D:theatrics->theat
D:theatris->theat
D:theatrish->theat
D:theatrists->theat
D:theatrs->theat
D:theats->theat
D:theatt->theat
D:theatte->theat
D:theattention->theat
D:theattentional->theat
D:theattentive->theat
D:theattentiveness->theat
D:theatters->theat
D:theattic->theat
D:theattore->theat
D:theattre->theat
D:theattror->theat
D:theatts->theat
D:theatur->theat
D:theatural->theat
D:theature->theat
D:theatures->theat
D:theatus->theat
Q:systems->system
D:system->system
D:systema->system
D:systemability->system
D:systemage->system
D:systemagentenable->system
D:systemagic->system
D:systemagical->system
D:systemal->system
D:systeman->system
D:systemanage->system
D:systemanantics->system
D:systemans->system
D:systemantic->system
D:systemantically->system
D:systemantics->system
D:systemaran->system
D:systemare->system
D:systemarics->system
D:systemat->system
D:systematatics->system
D:systemate->system
D:systemated->system
D:systemates->system
D:systematially->system
D:systematic->system
D:systematical->system
D:systematicalally->system
D:systematicality->system
D:systematically->system
D:systematice->system
D:systematicely->system
D:systematician->system
D:systematicians->system
D:systematicing->system
D:systematicist->system
D:systematicists->system
D:systematicities->system
D:systematicity->system
D:systematicly->system
D:systematicness->system
D:systematics->system
D:systemation->system
D:systemations->system
D:systematis->system
D:systematisate->system
D:systematisation->system
D:systematisations->system
D:systematise->system
D:systematised->system
D:systematisee->system
D:systematisees->system
D:systematiser->system
D:systematiserat->system
D:systematisere->system
D:systematisering->system
D:systematisers->system
D:systematises->system
D:systematiseurs->system
D:systematising->system
D:systematism->system
D:systematisme->system
D:systematisms->system
D:systematist->system
D:systematistists->system
D:systematists->system
D:systemativ->system
D:systemative->system
D:systematizability->system
D:systematizable->system
D:systematization->system
D:systematizations->system
D:systematize->system
D:systematizeable->system
D:systematized->system
D:systematizer->system
D:systematizers->system
D:systematizes->system
D:systematizing->system
D:systemator->system
D:systematr->system
D:systematrics->system
D:systemats->system
D:systeme->system
D:systemed->system
D:systemede->system
D:systemeden->system
D:systemedic->system
D:systemedics->system
D:systemee->system
D:systemeering->system
D:systemen->system
D:systemenables->system
D:systemene->system
D:systemer->system
D:systemere->system
D:systemering->system
D:systemes->system
D:systemfully->system
D:systemhood->system
D:systemi->system
D:systemia->system
D:systemic->system
D:systemical->system
D:systemically->system
D:systemicatic->system
D:systemice->system
D:systemicist->system
D:systemicists->system
D:systemicity->system
D:systemicly->system
D:systemics->system
D:systemif->system
D:systeming->system
D:systemique->system
D:systemiques->system
D:systemis->system
D:systemisation->system
D:systemise->system
D:systemised->system
D:systemiser->system
D:systemisers->system
D:systemises->system
D:systemish->system
D:systemising->system
D:systemism->system
D:systemist->system
D:systemistic->system
D:systemistics->system
D:systemists->system
D:systemity->system
D:systemiv->system
D:systemizable->system
D:systemization->system
D:systemizations->system
D:systemize->system
D:systemized->system
D:systemizer->system
D:systemizers->system
D:systemizes->system
D:systemizing->system
D:systemly->system
D:systemm->system
D:systemmagic->system
D:systemman->system
D:systemmanage->system
D:systemmanagement->system
D:systemmanager->system
D:systemmanagerif->system
D:systemmanual->system
D:systemmate->system
D:systemmatic->system
D:systemmatical->system
D:systemmatically->system
D:systemmatics->system
D:systemme->system
D:systemmean->system
D:systemmed->system
D:systemmedical->system
D:systemmic->system
D:systemmically->system
D:systemmore->system
D:systemmouse->system
D:systemms->system
D:systemness->system
D:systemor->system
D:systemoriented->system
D:systems->system
D:systemsability->system
D:systemsage->system
D:systemsagency->system
D:systemsales->system
D:systemsalliance->system
D:systemsan->system
D:systemsat->system
D:systemsatics->system
D:systemse->system
D:systemsealed->system
D:systemsee->system
D:systemseizures->system
D:systemsen->system
D:systemsens->system
D:systemsent->system
D:systemserialiser->system
D:systemsfully->system
D:systemship->system
D:systemships->system
D:systemsic->system
D:systemsif->system
D:systemsize->system
D:systemsizeif->system
D:systemsizes->system
D:systemsor->system
D:systemsure->system
D:systemsurs->system
D:systemum->system
D:systemus->system
<query> home theater systems</query><numhits>10</numhits><time>3816</time>
</ATIREsearch>
<ATIREsearch>
Q:carpal->carp
D:carp->carp
D:carpa->carp
D:carpag->carp
D:carpage->carp
D:carpages->carp
D:carpal->carp
D:carpale->carp
D:carpales->carp
D:carpalis->carp
D:carpals->carp
D:carpan->carp
D:carpane->carp
D:carpanen->carp
D:carpanic->carp
D:carpant->carp
D:carpanter->carp
D:carpants->carp
D:carpar->carp
D:carparal->carp
D:carparment->carp
D:carpars->carp
D:carpat->carp
D:carpate->carp
D:carpated->carp
D:carpaten->carp
D:carpater->carp
D:carpates->carp
D:carpatian->carp
D:carpatians->carp
D:carpatic->carp
D:carpatice->carp
D:carpator->carp
D:carpatrs->carp
D:carpats->carp
D:carpe->carp
D:carped->carp
D:carpede->carp
D:carpeded->carp
D:carpee->carp
D:carpeee->carp
D:carpeenter->carp
D:carpeenters->carp
D:carpeer->carp
D:carpeing->carp
D:carpen->carp
D:carpenal->carp
D:carpenate->carp
D:carpency->carp
D:carpene->carp
D:carpenean->carp
D:carpenen->carp
D:carpener->carp
D:carpening->carp
D:carpenlier->carp
D:carpens->carp
D:carpent->carp
D:carpentarie->carp
D:carpentarily->carp
D:carpentary->carp
D:carpente->carp
D:carpented->carp
D:carpenteer->carp
D:carpenten->carp
D:carpenter->carp
D:carpenterale->carp
D:carpenterant->carp
D:carpenterants->carp
D:carpenterary->carp
D:carpentere->carp
D:carpentered->carp
D:carpenteres->carp
D:carpenterian->carp
D:carpentering->carp
D:carpenterion->carp
D:carpenterised->carp
D:carpenterism->carp
D:carpenterly->carp
D:carpenters->carp
D:carpentes->carp
D:carpenteur->carp
D:carpenting->carp
D:carpentis->carp
D:carpentor->carp
D:carpentors->carp
D:carpentr->carp
D:carpentree->carp
D:carpentrer->carp
D:carpentring->carp
D:carpentrly->carp
D:carpents->carp
D:carper->carp
D:carperator->carp
D:carpere->carp
D:carpering->carp
D:carpers->carp
D:carpes->carp
D:carpetiers->carp
D:carpetiing->carp
D:carpety->carp
D:carpetyes->carp
D:carpi->carp
D:carpia->carp
D:carpian->carp
D:carpians->carp
D:carpic->carp
D:carpicat->carp
D:carpice->carp
D:carpices->carp
D:carpics->carp
D:carping->carp
D:carpingly->carp
D:carpings->carp
D:carpion->carp
D:carpione->carp
D:carpioneer->carp
D:carpis->carp
D:carpisan->carp
D:carpish->carp
D:carpist->carp
D:carpiste->carp
D:carpistes->carp
D:carpists->carp
D:carpium->carp
D:carpor->carp
D:carporan->carp
D:carporate->carp
D:carporation->carp
D:carporations->carp
D:carporator->carp
D:carpore->carp
D:carpous->carp
D:carpp->carp
D:carppal->carp
D:carppe->carp
D:carpped->carp
D:carpper->carp
D:carps->carp
D:carpse->carp
D:carpserat->carp
D:carpul->carp
D:carpule->carp
D:carpules->carp
D:carpum->carp
D:carpur->carp
D:carpus->carp
D:tunnel->tunnel
D:tunnela->tunnel
D:tunnelable->tunnel
D:tunnelage->tunnel
D:tunnelar->tunnel
D:tunnelareaten->tunnel
D:tunnelat->tunnel
D:tunnelator->tunnel
D:tunnele->tunnel
D:tunneled->tunnel
D:tunnelen->tunnel
D:tunneler->tunnel
D:tunnelers->tunnel
D:tunneles->tunnel
D:tunnelful->tunnel
D:tunneli->tunnel
D:tunneling->tunnel
D:tunnelings->tunnel
D:tunnelish->tunnel
D:tunnelist->tunnel
D:tunnelization->tunnel
D:tunnelized->tunnel
D:tunnell->tunnel
D:tunnelle->tunnel
D:tunnelled->tunnel
D:tunneller->tunnel
D:tunnellers->tunnel
D:tunnelling->tunnel
D:tunnellings->tunnel
D:tunnellist->tunnel
D:tunnells->tunnel
D:tunnelly->tunnel
D:tunnellying->tunnel
D:tunnelmental->tunnel
D:tunnelous->tunnel
D:tunnels->tunnel
D:tunnelsealing->tunnel
D:tunnelship->tunnel
D:tunnelships->tunnel
D:tunnelsinger->tunnel
D:tunnelsous->tunnel
Q:syndrome->syndrom
D:syndrom->syndrom
D:syndroma->syndrom
D:syndromal->syndrom
D:syndromatic->syndrom
D:syndrome->syndrom
D:syndromealliance->syndrom
D:syndromean->syndrom
D:syndromed->syndrom
D:syndromedist->syndrom
D:syndromee->syndrom
D:syndromeeee->syndrom
D:syndromeeeee->syndrom
D:syndromeeeeee->syndrom
D:syndromeis->syndrom
D:syndromen->syndrom
D:syndromeoral->syndrom
D:syndromer->syndrom
D:syndromereality->syndrom
D:syndromering->syndrom
D:syndromers->syndrom
D:syndromes->syndrom
D:syndromi->syndrom
D:syndromian->syndrom
D:syndromic->syndrom
D:syndromically->syndrom
D:syndroming->syndrom
D:syndromique->syndrom
D:syndromis->syndrom
D:syndromised->syndrom
D:syndromized->syndrom
D:syndromme->syndrom
D:syndroms->syndrom
D:syndromul->syndrom
D:syndromus->syndrom
D:syndromy->syndrom
<query> carpal tunnel syndrome</query><numhits>10</numhits><time>1056</time>
</ATIREsearch>
<ATIREsearch>
Q:capital->capit
D:capit->capit
D:capita->capit
D:capitable->capit
D:capitage->capit
D:capital->capit
D:capitalag->capit
D:capitalagency->capit
D:capitalalist->capit
D:capitalane->capit
D:capitalat->capit
D:capitalation->capit
D:capitalats->capit
D:capitale->capit
D:capitaled->capit
D:capitalen->capit
D:capitalene->capit
D:capitalens->capit
D:capitaler->capit
D:capitales->capit
D:capitaliced->capit
D:capitaling->capit
D:capitalione->capit
D:capitalis->capit
D:capitalisable->capit
D:capitalisables->capit
D:capitalisant->capit
D:capitalisation->capit
D:capitalisations->capit
D:capitalise->capit
D:capitalised->capit
D:capitalisee->capit
D:capitalisees->capit
D:capitalisent->capit
D:capitaliser->capit
D:capitalisers->capit
D:capitalises->capit
D:capitalisic->capit
D:capitalising->capit
D:capitalisism->capit
D:capitalism->capit
D:capitalisme->capit
D:capitalismes->capit
D:capitalismianity->capit
D:capitalismis->capit
D:capitalismization->capit
D:capitalismor->capit
D:capitalisms->capit
D:capitalist->capit
D:capitalistally->capit
D:capitaliste->capit
D:capitalistes->capit
D:capitalistic->capit
D:capitalistically->capit
D:capitalisticly->capit
D:capitalistion->capit
D:capitalistions->capit
D:capitalistism->capit
D:capitalistist->capit
D:capitalists->capit
D:capitalive->capit
D:capitaliz->capit
D:capitalizable->capit
D:capitalizan->capit
D:capitalizate->capit
D:capitalizating->capit
D:capitalization->capit
D:capitalizationally->capit
D:capitalizationist->capit
D:capitalizations->capit
D:capitalize->capit
D:capitalizeation->capit
D:capitalized->capit
D:capitalizefully->capit
D:capitalizeing->capit
D:capitalizer->capit
D:capitalizers->capit
D:capitalizes->capit
D:capitalizing->capit
D:capitalizion->capit
D:capitally->capit
D:capitalness->capit
D:capitalor->capit
D:capitalors->capit
D:capitals->capit
D:capitalship->capit
D:capitalships->capit
D:capitan->capit
D:capitanan->capit
D:capitanancy->capit
D:capitanate->capit
D:capitance->capit
D:capitancy->capit
D:capitane->capit
D:capitaneded->capit
D:capitaneis->capit
D:capitanes->capit
D:capitaniale->capit
D:capitanian->capit
D:capitanis->capit
D:capitans->capit
D:capitant->capit
D:capitar->capit
D:capitare->capit
D:capitarise->capit
D:capitarists->capit
D:capitat->capit
D:capitatale->capit
D:capitatalis->capit
D:capitatation->capit
D:capitate->capit
D:capitated->capit
D:capitates->capit
D:capitating->capit
D:capitation->capit
D:capitationis->capit
D:capitations->capit
D:capitatis->capit
D:capitatised->capit
D:capitative->capit
D:capitatize->capit
D:capitator->capit
D:capitators->capit
D:capite->capit
D:capiteal->capit
D:capiten->capit
D:capiter->capit
D:capites->capit
D:capiti->capit
D:capitia->capit
D:capitial->capit
D:capitialisation->capit
D:capitialise->capit
D:capitialisic->capit
D:capitialising->capit
D:capitialism->capit
D:capitialist->capit
D:capitialistic->capit
D:capitialists->capit
D:capitialization->capit
D:capitialize->capit
D:capitialized->capit
D:capitializes->capit
D:capitializing->capit
D:capitials->capit
D:capitian->capit
D:capitiane->capit
D:capiting->capit
D:capitingiz->capit
D:capitingize->capit
D:capitingized->capit
D:capitings->capit
D:capition->capit
D:capitioning->capit
D:capitions->capit
D:capitis->capit
D:capitise->capit
D:capitism->capit
D:capitist->capit
D:capitistation->capit
D:capitistic->capit
D:capitivate->capit
D:capitivated->capit
D:capitivates->capit
D:capitivating->capit
D:capitivatingly->capit
D:capitive->capit
D:capitived->capit
D:capitives->capit
D:capitivity->capit
D:capitization->capit
D:capitize->capit
D:capitliism->capit
D:capitor->capit
D:capitous->capit
D:capitral->capit
D:capitralism->capit
D:capitrant->capit
D:capits->capit
D:capitt->capit
D:capittal->capit
D:capitte->capit
D:capitualated->capit
D:capitualating->capit
D:capitualation->capit
D:capitualed->capit
D:capitualization->capit
D:capitul->capit
D:capitulant->capit
D:capitulants->capit
D:capitularies->capit
D:capitulary->capit
D:capitulat->capit
D:capitulate->capit
D:capitulated->capit
D:capitulatee->capit
D:capitulater->capit
D:capitulates->capit
D:capitulatif->capit
D:capitulatifs->capit
D:capitulating->capit
D:capitulation->capit
D:capitulationism->capit
D:capitulationist->capit
D:capitulationists->capit
D:capitulations->capit
D:capitulatis->capit
D:capitulative->capit
D:capitulatives->capit
D:capitulator->capit
D:capitulators->capit
D:capitulatory->capit
D:capitule->capit
D:capituler->capit
D:capitules->capit
D:capitulices->capit
D:capitulis->capit
D:capitulize->capit
D:capitum->capit
D:capitur->capit
D:capiture->capit
D:capitures->capit
D:capitus->capit
Q:gains->gain
D:gain->gain
D:gaina->gain
D:gainable->gain
D:gainables->gain
D:gainage->gain
D:gainages->gain
D:gainalife->gain
D:gainalliance->gain
D:gainan->gain
D:gainant->gain
D:gainante->gain
D:gainar->gain
D:gainare->gain
D:gainate->gain
D:gaine->gain
D:gainean->gain
D:gaineat->gain
D:gained->gain
D:gainedan->gain
D:gainedat->gain
D:gainedif->gain
D:gaineds->gain
D:gainee->gain
D:gaineer->gain
D:gaineeurive->gain
D:gainefully->gain
D:gaineing->gain
D:gainely->gain
D:gainen->gain
D:gainer->gain
D:gainere->gain
D:gainers->gain
D:gaines->gain
D:gainful->gain
D:gainfully->gain
D:gainfulness->gain
D:gainfulnesses->gain
D:gaini->gain
D:gainia->gain
D:gainian->gain
D:gainify->gain
D:gaining->gain
D:gaininging->gain
D:gainings->gain
D:gainis->gain
D:gainism->gain
D:gainium->gain
D:gainliness->gain
D:gainly->gain
D:gainment->gain
D:gainn->gain
D:gainne->gain
D:gainned->gain
D:gainner->gain
D:gainnes->gain
D:gainness->gain
D:gainnful->gain
D:gainning->gain
D:gainnis->gain
D:gainns->gain
D:gainor->gain
D:gainore->gain
D:gainors->gain
D:gainous->gain
D:gains->gain
D:gainse->gain
D:gainsful->gain
D:gainsing->gain
D:gainsize->gain
D:gainsly->gain
D:gainsurance->gain
D:gainul->gain
D:gainum->gain
D:gainus->gain
D:tax->tax
D:rate->rate
D:ratea->rate
D:rateabilene->rate
D:rateabilities->rate
D:rateability->rate
D:rateable->rate
D:rateables->rate
D:rateably->rate
D:rateal->rate
D:rateale->rate
D:ratean->rate
D:rateat->rate
D:ratee->rate
D:rateenter->rate
D:rateerat->rate
D:ratees->rate
D:rateful->rate
D:ratefully->rate
D:ratehood->rate
D:ratei->rate
D:rateia->rate
D:rateices->rate
D:rateif->rate
D:rateing->rate
D:rateings->rate
D:rateion->rate
D:rateis->rate
D:ratelier->rate
D:rateliers->rate
D:rately->rate
D:rateness->rate
D:rateor->rate
D:rates->rate
D:ratesabilene->rate
D:ratesal->rate
D:ratesalary->rate
D:ratesan->rate
D:ratesat->rate
D:ratese->rate
D:ratesen->rate
D:rateser->rate
D:rateses->rate
D:ratesic->rate
D:ratesif->rate
D:ratesing->rate
D:ratesor->rate
D:ratesorat->rate
D:rateur->rate
D:rateure->rate
D:rateurs->rate
D:rateus->rate
<query> capital gains tax rate</query><numhits>10</numhits><time>2478</time>
</ATIREsearch>
<ATIREsearch>
D:maryland->maryland
D:marylanda->maryland
D:marylandageants->maryland
D:marylandagencys->maryland
D:marylandagent->maryland
D:marylandan->maryland
D:marylandar->maryland
D:marylandare->maryland
D:marylandd->maryland
D:marylanddating->maryland
D:marylanddeal->maryland
D:marylanddeals->maryland
D:marylanddisability->maryland
D:marylande->maryland
D:marylandeats->maryland
D:marylanden->maryland
D:marylander->maryland
D:marylandering->maryland
D:marylanders->maryland
D:marylandi->maryland
D:marylandia->maryland
D:marylandian->maryland
D:marylandiane->maryland
D:marylandians->maryland
D:marylandium->maryland
D:marylandiv->maryland
D:marylandize->maryland
D:marylandmentor->maryland
D:marylandmentors->maryland
D:marylands->maryland
D:marylandsalary->maryland
D:marylandus->maryland
Q:department->depart
D:depart->depart
D:departa->depart
D:departable->depart
D:departage->depart
D:departageant->depart
D:departageat->depart
D:departageates->depart
D:departagee->depart
D:departagees->depart
D:departagent->depart
D:departager->depart
D:departal->depart
D:departance->depart
D:departanent->depart
D:departar->depart
D:departare->depart
D:departarment->depart
D:departat->depart
D:departate->depart
D:departation->depart
D:departations->depart
D:departatures->depart
D:departe->depart
D:departed->depart
D:departedly->depart
D:departedment->depart
D:departedments->depart
D:departeds->depart
D:departee->depart
D:departeeee->depart
D:departeents->depart
D:departees->depart
D:departement->depart
D:departemental->depart
D:departementale->depart
D:departementales->depart
D:departemente->depart
D:departementen->depart
D:departementene->depart
D:departementenes->depart
D:departements->depart
D:departen->depart
D:departent->depart
D:departents->depart
D:departer->depart
D:departere->depart
D:departeres->depart
D:departerment->depart
D:departers->depart
D:departes->depart
D:departi->depart
D:departial->depart
D:departials->depart
D:departing->depart
D:departingagents->depart
D:departinge->depart
D:departinged->depart
D:departingments->depart
D:departings->depart
D:departingure->depart
D:departion->depart
D:departis->depart
D:departive->depart
D:departmenc->depart
D:departmencs->depart
D:department->depart
D:departmental->depart
D:departmentale->depart
D:departmentales->depart
D:departmentalisation->depart
D:departmentalise->depart
D:departmentalised->depart
D:departmentalises->depart
D:departmentalising->depart
D:departmentalism->depart
D:departmentalist->depart
D:departmentalization->depart
D:departmentalizations->depart
D:departmentalize->depart
D:departmentalized->depart
D:departmentalizes->depart
D:departmentalizing->depart
D:departmentally->depart
D:departmentals->depart
D:departmentan->depart
D:departmentat->depart
D:departmentation->depart
D:departmente->depart
D:departmented->depart
D:departmentes->depart
D:departmentful->depart
D:departmentif->depart
D:departmentis->depart
D:departmentize->depart
D:departmentment->depart
D:departmentmental->depart
D:departmentments->depart
D:departmentor->depart
D:departmentoran->depart
D:departmentr->depart
D:departmentres->depart
D:departments->depart
D:departrents->depart
D:departrment->depart
D:departrments->depart
D:departs->depart
D:departsents->depart
D:departsment->depart
D:departsments->depart
D:departted->depart
D:departtents->depart
D:departtment->depart
D:departtments->depart
D:departts->depart
D:departture->depart
D:departum->depart
D:departur->depart
D:departure->depart
D:departured->depart
D:departuredate->depart
D:departuredated->depart
D:departuredates->depart
D:departureis->depart
D:departuren->depart
D:departurer->depart
D:departures->depart
D:departuring->depart
D:of->of
D:ofa->of
D:ofabilene->of
D:ofabilities->of
D:ofabl->of
D:ofabledating->of
D:ofacy->of
D:ofag->of
D:ofage->of
D:ofageing->of
D:ofagen->of
D:ofagent->of
D:ofager->of
D:ofages->of
D:ofaging->of
D:ofaginger->of
D:ofags->of
D:ofal->of
D:ofalan->of
D:ofale->of
D:ofalee->of
D:ofalice->of
D:ofalife->of
D:ofalion->of
D:ofallianceor->of
D:ofallied->of
D:ofally->of
D:ofals->of
D:ofan->of
D:ofanage->of
D:ofanal->of
D:ofanatic->of
D:ofanation->of
D:ofancient->of
D:ofanity->of
D:ofanizations->of
D:ofanous->of
D:ofans->of
D:ofante->of
D:ofar->of
D:ofarag->of
D:ofare->of
D:ofaren->of
D:ofarenal->of
D:ofaror->of
D:ofars->of
D:ofat->of
D:ofatal->of
D:ofate->of
D:ofaten->of
D:ofates->of
D:ofatis->of
D:ofatree->of
D:ofe->of
D:ofeale->of
D:ofean->of
D:ofeary->of
D:ofeat->of
D:ofeating->of
D:ofeature->of
D:ofeatured->of
D:ofeatures->of
D:ofed->of
D:ofeden->of
D:ofederal->of
D:ofederation->of
D:ofedor->of
D:ofee->of
D:ofeee->of
D:ofeeeee->of
D:ofeence->of
D:ofeer->of
D:ofeered->of
D:ofeerentals->of
D:ofeering->of
D:ofeers->of
D:ofees->of
D:ofeice->of
D:ofeicer->of
D:ofeif->of
D:ofeing->of
D:ofeish->of
D:ofelie->of
D:ofely->of
D:ofen->of
D:ofenag->of
D:ofenc->of
D:ofence->of
D:ofences->of
D:ofencive->of
D:ofene->of
D:ofener->of
D:ofeners->of
D:ofening->of
D:ofenis->of
D:ofens->of
D:ofent->of
D:ofente->of
D:ofenter->of
D:ofentered->of
D:ofentering->of
D:ofentities->of
D:ofently->of
D:ofeor->of
D:ofer->of
D:oferal->of
D:oferan->of
D:oferanat->of
D:oferante->of
D:oferate->of
D:oferated->of
D:oferation->of
D:ofere->of
D:ofered->of
D:oferencie->of
D:oferent->of
D:oferentes->of
D:oferic->of
D:oferice->of
D:ofering->of
D:oferings->of
D:oferion->of
D:oferis->of
D:oferise->of
D:oferised->of
D:oferized->of
D:oferlior->of
D:ofers->of
D:ofes->of
D:offul->of
D:offully->of
D:ofi->of
D:ofia->of
D:ofial->of
D:ofialmente->of
D:ofian->of
D:ofiblion->of
D:ofic->of
D:ofical->of
D:oficales->of
D:ofically->of
D:oficalmente->of
D:oficals->of
D:ofice->of
D:oficeer->of
D:oficer->of
D:oficerat->of
D:oficeres->of
D:oficers->of
D:ofices->of
D:oficial->of
D:oficialal->of
D:oficialan->of
D:oficiale->of
D:oficialen->of
D:oficiales->of
D:oficialice->of
D:oficialis->of
D:oficiality->of
D:oficially->of
D:oficialment->of
D:oficialmente->of
D:oficials->of
D:ofician->of
D:oficicial->of
D:oficingly->of
D:oficis->of
D:oficist->of
D:oficor->of
D:ofics->of
D:ofif->of
D:ofife->of
D:ofifice->of
D:ofifices->of
D:ofificial->of
D:ofifs->of
D:ofify->of
D:ofing->of
D:ofingal->of
D:ofingen->of
D:ofinger->of
D:ofion->of
D:ofions->of
D:ofis->of
D:ofise->of
D:ofiser->of
D:ofisers->of
D:ofish->of
D:ofishal->of
D:ofishally->of
D:ofishial->of
D:ofishingur->of
D:ofishly->of
D:ofisial->of
D:ofisialmente->of
D:ofism->of
D:ofismate->of
D:ofist->of
D:ofiste->of
D:ofisten->of
D:ofistore->of
D:ofistur->of
D:ofisur->of
D:ofities->of
D:ofiv->of
D:ofivan->of
D:ofive->of
D:ofiz->of
D:ofizial->of
D:ofizialean->of
D:oflie->of
D:ofliee->of
D:oflien->of
D:oflies->of
D:ofly->of
D:oflyan->of
D:oflyor->of
D:ofment->of
D:ofmental->of
D:ofmentality->of
D:ofmentally->of
D:ofmention->of
D:ofness->of
D:ofnesses->of
D:ofor->of
D:oforal->of
D:oforan->of
D:ofored->of
D:oforie->of
D:oforiental->of
D:oforion->of
D:oforor->of
D:ofors->of
D:ofous->of
D:ofously->of
D:ofs->of
D:ofsage->of
D:ofsale->of
D:ofsales->of
D:ofsan->of
D:ofsanity->of
D:ofsat->of
D:ofsatan->of
D:ofse->of
D:ofseals->of
D:ofseat->of
D:ofseats->of
D:ofsed->of
D:ofsedentary->of
D:ofsee->of
D:ofseeing->of
D:ofseized->of
D:ofsen->of
D:ofsent->of
D:ofsentences->of
D:ofsentencing->of
D:ofser->of
D:ofserene->of
D:ofserenity->of
D:ofserial->of
D:ofsers->of
D:ofses->of
D:ofship->of
D:ofships->of
D:ofsic->of
D:ofsing->of
D:ofsinger->of
D:ofsingers->of
D:ofsinging->of
D:ofsiz->of
D:ofsize->of
D:ofsizes->of
D:ofsly->of
D:ofsor->of
D:ofsors->of
D:ofth->of
D:ofual->of
D:ofum->of
D:ofur->of
D:ofuran->of
D:ofure->of
D:ofuren->of
D:ofuric->of
D:ofus->of
Q:natural->natur
D:natur->natur
D:natura->natur
D:naturability->natur
D:naturage->natur
D:natural->natur
D:naturalabilities->natur
D:naturalability->natur
D:naturalaging->natur
D:naturalality->natur
D:naturalalliance->natur
D:naturalally->natur
D:naturale->natur
D:naturalean->natur
D:naturaleater->natur
D:naturaled->natur
D:naturalee->natur
D:naturaleeeeeeeeee->natur
D:naturalees->natur
D:naturalement->natur
D:naturalene->natur
D:naturaleness->natur
D:naturalens->natur
D:naturalers->natur
D:naturales->natur
D:naturalful->natur
D:naturalian->natur
D:naturalif->natur
D:naturalife->natur
D:naturaling->natur
D:naturalis->natur
D:naturalisable->natur
D:naturalisant->natur
D:naturalisat->natur
D:naturalisation->natur
D:naturalisations->natur
D:naturalise->natur
D:naturalised->natur
D:naturalisees->natur
D:naturaliser->natur
D:naturaliserent->natur
D:naturaliserions->natur
D:naturalises->natur
D:naturalish->natur
D:naturalising->natur
D:naturalism->natur
D:naturalisme->natur
D:naturalismen->natur
D:naturalismes->natur
D:naturalismification->natur
D:naturalisms->natur
D:naturalist->natur
D:naturaliste->natur
D:naturalisters->natur
D:naturalistes->natur
D:naturalistic->natur
D:naturalistical->natur
D:naturalistically->natur
D:naturalisticism->natur
D:naturalistics->natur
D:naturalistis->natur
D:naturalistish->natur
D:naturalistist->natur
D:naturalists->natur
D:naturalities->natur
D:naturality->natur
D:naturalive->natur
D:naturaliving->natur
D:naturalivory->natur
D:naturaliz->natur
D:naturalizable->natur
D:naturalizan->natur
D:naturalizat->natur
D:naturalizated->natur
D:naturalizating->natur
D:naturalization->natur
D:naturalizations->natur
D:naturalize->natur
D:naturalized->natur
D:naturalizee->natur
D:naturalizeer->natur
D:naturalizer->natur
D:naturalizere->natur
D:naturalizers->natur
D:naturalizes->natur
D:naturalizing->natur
D:naturalizor->natur
D:naturalizur->natur
D:naturallie->natur
D:naturallies->natur
D:naturally->natur
D:naturallyalise->natur
D:naturallyat->natur
D:naturallye->natur
D:naturallying->natur
D:naturallyly->natur
D:naturallys->natur
D:naturalment->natur
D:naturalmentality->natur
D:naturalmente->natur
D:naturalness->natur
D:naturalnesses->natur
D:naturalor->natur
D:naturaloral->natur
D:naturals->natur
D:naturalure->natur
D:naturan->natur
D:naturanate->natur
D:naturanaturans->natur
D:naturane->natur
D:naturans->natur
D:naturante->natur
D:naturar->natur
D:naturarally->natur
D:naturare->natur
D:naturaren->natur
D:naturares->natur
D:naturat->natur
D:naturated->natur
D:naturaticals->natur
D:naturatics->natur
D:naturating->natur
D:naturation->natur
D:naturatly->natur
D:nature->natur
D:natureagate->natur
D:natureagent->natur
D:natureal->natur
D:natureale->natur
D:naturealistic->natur
D:natureality->natur
D:naturealive->natur
D:naturealiz->natur
D:naturealization->natur
D:naturealizer->natur
D:natureally->natur
D:natureals->natur
D:naturean->natur
D:natureane->natur
D:natured->natur
D:naturedance->natur
D:naturedating->natur
D:naturede->natur
D:naturedenature->natur
D:naturedly->natur
D:naturedness->natur
D:naturee->natur
D:natureee->natur
D:natureeee->natur
D:natureeeee->natur
D:natureeeeee->natur
D:natureeeeeee->natur
D:natureer->natur
D:natureful->natur
D:naturehood->natur
D:naturehoods->natur
D:natureice->natur
D:natureingifs->natur
D:natureis->natur
D:natureisancient->natur
D:natureish->natur
D:natureism->natur
D:natureistic->natur
D:naturely->natur
D:naturelyag->natur
D:naturementor->natur
D:naturements->natur
D:naturen->natur
D:naturenation->natur
D:naturenatives->natur
D:naturenaturally->natur
D:naturenature->natur
D:naturence->natur
D:naturene->natur
D:naturener->natur
D:natureness->natur
D:naturenic->natur
D:naturens->natur
D:naturent->natur
D:natureoriented->natur
D:naturer->natur
D:natureral->natur
D:natureran->natur
D:naturerate->natur
D:naturere->natur
D:naturereal->natur
D:naturereality->natur
D:naturerent->natur
D:naturerentals->natur
D:natureres->natur
D:naturerific->natur
D:natureringers->natur
D:naturerises->natur
D:natures->natur
D:naturi->natur
D:naturia->natur
D:naturial->natur
D:naturialized->natur
D:naturializer->natur
D:naturially->natur
D:naturian->natur
D:naturians->natur
D:naturice->natur
D:naturicity->natur
D:naturics->natur
D:naturife->natur
D:naturific->natur
D:naturify->natur
D:naturing->natur
D:naturingan->natur
D:naturion->natur
D:naturis->natur
D:naturisation->natur
D:naturish->natur
D:naturism->natur
D:naturisme->natur
D:naturismenature->natur
D:naturismes->natur
D:naturisms->natur
D:naturist->natur
D:naturistan->natur
D:naturiste->natur
D:naturisten->natur
D:naturistes->natur
D:naturistic->natur
D:naturistically->natur
D:naturistics->natur
D:naturistiv->natur
D:naturistr->natur
D:naturists->natur
D:naturitious->natur
D:naturity->natur
D:naturium->natur
D:naturization->natur
D:naturizational->natur
D:naturize->natur
D:naturized->natur
D:naturizer->natur
D:naturlie->natur
D:naturly->natur
D:naturlys->natur
D:naturor->natur
D:naturous->natur
D:naturr->natur
D:naturral->natur
D:naturralizer->natur
D:naturrally->natur
D:naturrals->natur
D:naturre->natur
D:naturreise->natur
D:naturreisen->natur
D:naturreizen->natur
D:naturring->natur
D:naturs->natur
D:natursal->natur
D:natursalizer->natur
D:natursan->natur
D:natursat->natur
D:naturse->natur
D:naturseal->natur
D:naturseife->natur
D:natursenter->natur
D:naturual->natur
D:naturualized->natur
D:naturualizer->natur
D:naturually->natur
D:naturuals->natur
D:naturul->natur
D:naturulizer->natur
D:naturullye->natur
D:naturum->natur
D:naturural->natur
D:natururally->natur
D:naturus->natur
Q:resources->resourc
D:resourc->resourc
D:resourca->resourc
D:resource->resourc
D:resourceable->resourc
D:resourceables->resourc
D:resourceagent->resourc
D:resourcealliance->resourc
D:resourced->resourc
D:resourcedat->resourc
D:resourcedate->resourc
D:resourcede->resourc
D:resourcedentist->resourc
D:resourceds->resourc
D:resourceduration->resourc
D:resourcee->resourc
D:resourceeful->resourc
D:resourceenter->resourc
D:resourcees->resourc
D:resourceful->resourc
D:resourcefully->resourc
D:resourcefulness->resourc
D:resourcefulnesses->resourc
D:resourcefuls->resourc
D:resourceing->resourc
D:resourceis->resourc
D:resourceize->resourc
D:resourcement->resourc
D:resourcen->resourc
D:resourcenat->resourc
D:resourcenation->resourc
D:resourceness->resourc
D:resourcenter->resourc
D:resourceorientation->resourc
D:resourcer->resourc
D:resourcerer->resourc
D:resourcerers->resourc
D:resourceres->resourc
D:resourceriver->resourc
D:resourcers->resourc
D:resources->resourc
D:resourceship->resourc
D:resourcetie->resourc
D:resourcful->resourc
D:resourcfulness->resourc
D:resourci->resourc
D:resourcified->resourc
D:resourcify->resourc
D:resourcing->resourc
D:resourcings->resourc
D:resourcis->resourc
D:resourcism->resourc
D:resourcist->resourc
D:resourcists->resourc
D:resourcities->resourc
D:resourcium->resourc
D:resourcs->resourc
D:resourcse->resourc
D:resourcses->resourc
<query> maryland department of natural resources</query><numhits>10</numhits><time>6725</time>
</ATIREsearch>
<ATIREsearch>
Q:nicolas->nicola
D:nicolaa->nicola
D:nicolaaleee->nicola
D:nicolae->nicola
D:nicolaedan->nicola
D:nicolaeian->nicola
D:nicolaes->nicola
D:nicolai->nicola
D:nicolaia->nicola
D:nicolaicen->nicola
D:nicolais->nicola
D:nicolaisen->nicola
D:nicolaism->nicola
D:nicolaisme->nicola
D:nicolaistr->nicola
D:nicolaity->nicola
D:nicolaivan->nicola
D:nicolas->nicola
D:nicolasage->nicola
D:nicolasan->nicola
D:nicolasant->nicola
D:nicolase->nicola
D:nicolasen->nicola
D:nicolasic->nicola
D:nicolaslily->nicola
D:nicolaum->nicola
D:nicolaurente->nicola
D:nicolaus->nicola
D:cage->cage
D:cagea->cage
D:cageable->cage
D:cagean->cage
D:cageants->cage
D:cageat->cage
D:cagee->cage
D:cageeee->cage
D:cageer->cage
D:cageers->cage
D:cagees->cage
D:cageful->cage
D:cagei->cage
D:cageian->cage
D:cageing->cage
D:cageism->cage
D:cageisms->cage
D:cagely->cage
D:cages->cage
D:cagesage->cage
D:cagesan->cage
D:cagese->cage
D:cagesize->cage
D:cageurs->cage
Q:movies->movy
D:moviable->movy
D:moviate->movy
D:moviated->movy
D:moviating->movy
D:moviation->movy
D:moviational->movy
D:moviations->movy
D:moviator->movy
D:movie->movy
D:movieable->movy
D:movieage->movy
D:movieal->movy
D:moviean->movy
D:movieat->movy
D:movieater->movy
D:movied->movy
D:moviedan->movy
D:moviedancer->movy
D:moviedate->movy
D:moviedealer->movy
D:moviedeals->movy
D:movieden->movy
D:moviedish->movy
D:moviediv->movy
D:moviedive->movy
D:moviediver->movy
D:movieds->movy
D:movieduration->movy
D:moviee->movy
D:movieee->movy
D:movieeee->movy
D:movieeeee->movy
D:movieeeeee->movy
D:movieeeeeee->movy
D:movieeeeeeee->movy
D:movieeeeeeeee->movy
D:movieeeeeeeeee->movy
D:movieeeeeeeeeee->movy
D:movieeeeeeeeeeee->movy
D:movieeeeeeeeeeeee->movy
D:movieeeeeeeeeeeeee->movy
D:movieeeeeeeeeeeeeee->movy
D:movieeeeeeeeeeeeeeee->movy
D:movieeeeeeeeeeeeeeeeee->movy
D:movieeeeeeeeeeeeeeeeeeee->movy
D:movieeeeeeeeeeeeeeeeeeeeeeeeeeeeeeeee->movy
D:movieeeeeeeeeeeeeeeeeeeeeeeeeeeeeeeeeeeeeeeeeeeeeeeeeeeeeeeeeeeeeeeeeeeeeeeeeee->movy
D:movieeeeeeeeeees->movy
D:movieeeeeeees->movy
D:movieeeeeees->movy
D:movieeeeees->movy
D:movieeeees->movy
D:movieeees->movy
D:movieees->movy
D:movieentrance->movy
D:movieer->movy
D:moviees->movy
D:moviehood->movy
D:movieif->movy
D:movieing->movy
D:movieings->movy
D:movieis->movy
D:movieised->movy
D:movieish->movy
D:movieize->movy
D:moviely->movy
D:moviement->movy
D:moviementor->movy
D:movien->movy
D:movienations->movy
D:movienator->movy
D:movienature->movy
D:movieness->movy
D:movienish->movy
D:movienizer->movy
D:movient->movy
D:movients->movy
D:movieor->movy
D:movier->movy
D:movieran->movy
D:movierant->movy
D:movierat->movy
D:movierate->movy
D:movierating->movy
D:movieratings->movy
D:movieration->movy
D:moviereal->movy
D:movierealization->movy
D:movierental->movy
D:movierentals->movy
D:moviering->movy
D:movierise->movy
D:moviers->movy
D:movies->movy
D:moviesan->movy
D:moviesat->movy
D:moviese->movy
D:movieseals->movy
D:moviesean->movy
D:movieseat->movy
D:movieseer->movy
D:movieseis->movy
D:moviesen->movy
D:moviesent->movy
D:movieseric->movy
D:movieses->movy
D:moviesice->movy
D:moviesing->movy
D:moviesize->movy
D:moviesizes->movy
D:moviesor->movy
D:moviesorientated->movy
D:movieties->movy
D:moviing->movy
D:moviis->movy
D:movilies->movy
D:movily->movy
D:moviment->movy
D:movimental->movy
D:movimentale->movy
D:movimentate->movy
D:movimentated->movy
D:movimentation->movy
D:movimentations->movy
D:movimente->movy
D:movimentor->movy
D:moviments->movy
D:movy->movy
D:movya->movy
D:movyans->movy
D:movye->movy
D:movyes->movy
D:movyi->movy
D:movying->movy
D:movys->movy
D:movysan->movy
<query> nicolas cage movies</query><numhits>10</numhits><time>1550</time>
</ATIREsearch>
<ATIREsearch>
D:kidj->kids
D:kidjal->kids
D:kidjenan->kids
D:kids->kids
D:kidsa->kids
D:kidsabilities->kids
D:kidsability->kids
D:kidsagan->kids
D:kidsage->kids
D:kidsaged->kids
D:kidsagentur->kids
D:kidsal->kids
D:kidsale->kids
D:kidsalive->kids
D:kidsals->kids
D:kidsan->kids
D:kidsar->kids
D:kidsare->kids
D:kidsarealive->kids
D:kidsat->kids
D:kidsatan->kids
D:kidsational->kids
D:kidse->kids
D:kidsean->kids
D:kidseat->kids
D:kidseats->kids
D:kidsed->kids
D:kidsen->kids
D:kidsent->kids
D:kidserate->kids
D:kidses->kids
D:kidseur->kids
D:kidsi->kids
D:kidsial->kids
D:kidsif->kids
D:kidsing->kids
D:kidsinger->kids
D:kidsingerish->kids
D:kidsingers->kids
D:kidsis->kids
D:kidsish->kids
D:kidsisme->kids
D:kidsize->kids
D:kidsized->kids
D:kidsor->kids
D:kidsure->kids
D:kidsus->kids
D:earth->earth
D:eartha->earth
D:earthable->earth
D:earthables->earth
D:earthage->earth
D:earthagent->earth
D:earthal->earth
D:earthalive->earth
D:earthalizer->earth
D:earthalliance->earth
D:earthan->earth
D:earthar->earth
D:earthat->earth
D:earthatic->earth
D:earthe->earth
D:eartheal->earth
D:earthean->earth
D:eartheans->earth
D:eartheat->earth
D:eartheater->earth
D:eartheaters->earth
D:eartheats->earth
D:earthed->earth
D:eartheden->earth
D:earthedness->earth
D:eartheist->earth
D:earthely->earth
D:earthen->earth
D:earthenc->earth
D:earthened->earth
D:earthenian->earth
D:earthenly->earth
D:earthenness->earth
D:earthens->earth
D:earthent->earth
D:earthential->earth
D:earthentree->earth
D:earther->earth
D:eartheral->earth
D:earthere->earth
D:earthereal->earth
D:eartherism->earth
D:eartherly->earth
D:earthers->earth
D:earthes->earth
D:earthful->earth
D:earthfully->earth
D:earthi->earth
D:earthia->earth
D:earthial->earth
D:earthian->earth
D:earthians->earth
D:earthical->earth
D:earthican->earth
D:earthicans->earth
D:earthice->earth
D:earthics->earth
D:earthif->earth
D:earthify->earth
D:earthing->earth
D:earthings->earth
D:earthion->earth
D:earthis->earth
D:earthish->earth
D:earthism->earth
D:earthist->earth
D:earthistic->earth
D:earthistory->earth
D:earthists->earth
D:earthity->earth
D:earthium->earth
D:earthize->earth
D:earthizen->earth
D:earthizens->earth
D:earthlie->earth
D:earthlien->earth
D:earthlier->earth
D:earthlies->earth
D:earthliing->earth
D:earthliness->earth
D:earthlinesse->earth
D:earthlinesses->earth
D:earthly->earth
D:earthlye->earth
D:earthlyen->earth
D:earthlys->earth
D:earthness->earth
D:earthor->earth
D:earthority->earth
D:earthouse->earth
D:earths->earth
D:earthsage->earth
D:earthsales->earth
D:earthsat->earth
D:earthseals->earth
D:earthseder->earth
D:earthsee->earth
D:earthsentials->earth
D:earthses->earth
D:earthship->earth
D:earthships->earth
D:earthsinger->earth
D:earthsings->earth
D:earthsized->earth
D:earthsure->earth
D:earthual->earth
D:earthum->earth
D:earthur->earth
D:earthus->earth
D:day->day
Q:activities->act
D:act->act
D:acta->act
D:actabilities->act
D:actability->act
D:actable->act
D:actables->act
D:actag->act
D:actagagag->act
D:actage->act
D:actagen->act
D:actagency->act
D:actagent->act
D:actags->act
D:actal->act
D:actalis->act
D:actalising->act
D:actalive->act
D:actalization->act
D:actalliance->act
D:actally->act
D:actals->act
D:actan->act
D:actance->act
D:actances->act
D:actancy->act
D:actane->act
D:actans->act
D:actant->act
D:actantial->act
D:actants->act
D:actar->act
D:actare->act
D:actares->act
D:actarial->act
D:actarian->act
D:actarien->act
D:actaring->act
D:actaris->act
D:actarivs->act
D:actarly->act
D:actars->act
D:actary->act
D:actat->act
D:actate->act
D:actates->act
D:actation->act
D:actatis->act
D:acte->act
D:acteal->act
D:actean->act
D:acteate->act
D:acted->act
D:actedance->act
D:actede->act
D:acteded->act
D:actedently->act
D:acteding->act
D:actedivities->act
D:acteds->act
D:actee->act
D:acteer->act
D:actees->act
D:acteiz->act
D:actely->act
D:actelys->act
D:acten->act
D:actencion->act
D:actene->act
D:actenics->act
D:actens->act
D:actent->act
D:actention->act
D:acteor->act
D:acter->act
D:acteren->act
D:acteres->act
D:acterial->act
D:acterian->act
D:actering->act
D:acterion->act
D:acteris->act
D:acterised->act
D:acteristic->act
D:acteristics->act
D:acterization->act
D:acterize->act
D:acterized->act
D:acterizes->act
D:acterizing->act
D:acterly->act
D:acters->act
D:actes->act
D:acteur->act
D:acteure->act
D:acteures->act
D:acteurs->act
D:actful->act
D:actfully->act
D:acti->act
D:actia->act
D:actial->act
D:actializan->act
D:actially->act
D:actian->act
D:actians->act
D:actibly->act
D:actic->act
D:actical->act
D:acticality->act
D:actically->act
D:actican->act
D:acticat->act
D:acticate->act
D:acticated->act
D:acticates->act
D:actication->act
D:acticator->act
D:actice->act
D:acticed->act
D:acticentre->act
D:actices->act
D:acticing->act
D:acticism->act
D:acticist->act
D:acticitie->act
D:acticities->act
D:acticity->act
D:acticivists->act
D:acticivities->act
D:acticly->act
D:acticore->act
D:actics->act
D:acticure->act
D:actif->act
D:actifage->act
D:actifan->act
D:actifed->act
D:actifedale->act
D:actifen->act
D:actification->act
D:actified->act
D:actifier->act
D:actifist->act
D:actifists->act
D:actifities->act
D:actifity->act
D:actifivities->act
D:actifivity->act
D:actiforan->act
D:actifs->act
D:actify->act
D:actifying->act
D:acting->act
D:actingability->act
D:actingagent->act
D:actingantics->act
D:actinge->act
D:actinged->act
D:actingerature->act
D:actingeratures->act
D:actinging->act
D:actingis->act
D:actingive->act
D:actingly->act
D:actingorary->act
D:actings->act
D:action->act
D:actionability->act
D:actionable->act
D:actionables->act
D:actionably->act
D:actionag->act
D:actionage->act
D:actionagent->act
D:actionagents->act
D:actional->act
D:actionalan->act
D:actionale->act
D:actionalist->act
D:actionality->act
D:actionalize->act
D:actionalizing->act
D:actionalliance->act
D:actionally->act
D:actionan->act
D:actionariat->act
D:actionaries->act
D:actionary->act
D:actionat->act
D:actionate->act
D:actionating->act
D:actionative->act
D:actionator->act
D:actionatr->act
D:actione->act
D:actioneats->act
D:actioned->act
D:actionee->act
D:actioneer->act
D:actioneering->act
D:actioneers->act
D:actionees->act
D:actionen->act
D:actionenable->act
D:actionenabled->act
D:actionent->act
D:actionentagency->act
D:actioner->act
D:actioners->act
D:actiones->act
D:actionful->act
D:actionic->act
D:actionice->act
D:actionif->act
D:actioning->act
D:actionings->act
D:actionionable->act
D:actionis->act
D:actionisation->act
D:actionised->act
D:actionish->act
D:actionism->act
D:actionisme->act
D:actionist->act
D:actionistic->act
D:actionists->act
D:actionivities->act
D:actionivitys->act
D:actionization->act
D:actionize->act
D:actionized->act
D:actionizer->act
D:actionizes->act
D:actionizing->act
D:actionly->act
D:actionness->act
D:actionor->act
D:actionoriented->act
D:actionors->act
D:actions->act
D:actionually->act
D:actionure->act
D:actionured->act
D:actiqu->act
D:actique->act
D:actiques->act
D:actis->act
D:actisal->act
D:actisales->act
D:actisanes->act
D:actise->act
D:actiseane->act
D:actisens->act
D:actish->act
D:actisism->act
D:actisity->act
D:actism->act
D:actist->act
D:actists->act
D:actisure->act
D:actities->act
D:actity->act
D:actium->act
D:activ->act
D:activable->act
D:activables->act
D:activacy->act
D:activage->act
D:activagers->act
D:actival->act
D:activale->act
D:activalive->act
D:activally->act
D:activan->act
D:activance->act
D:activant->act
D:activante->act
D:activantes->act
D:activanting->act
D:activants->act
D:activarien->act
D:activat->act
D:activatable->act
D:activatables->act
D:activatably->act
D:activatate->act
D:activatated->act
D:activatation->act
D:activate->act
D:activateable->act
D:activateat->act
D:activated->act
D:activatede->act
D:activateded->act
D:activateds->act
D:activateduring->act
D:activatee->act
D:activateent->act
D:activateentity->act
D:activateing->act
D:activately->act
D:activatenatural->act
D:activateners->act
D:activatening->act
D:activatent->act
D:activater->act
D:activaters->act
D:activates->act
D:activateur->act
D:activatian->act
D:activating->act
D:activatings->act
D:activation->act
D:activationagent->act
D:activationagents->act
D:activational->act
D:activationed->act
D:activationism->act
D:activationist->act
D:activationized->act
D:activations->act
D:activativate->act
D:activativating->act
D:activativation->act
D:activativator->act
D:activative->act
D:activatived->act
D:activatives->act
D:activator->act
D:activatoren->act
D:activatores->act
D:activatoris->act
D:activators->act
D:activatory->act
D:activatrice->act
D:activats->act
D:activatur->act
D:activature->act
D:active->act
D:activeabilities->act
D:activeag->act
D:activeage->act
D:activeageing->act
D:activeagent->act
D:activeaging->act
D:activeal->act
D:activealan->act
D:activeat->act
D:activeate->act
D:activeated->act
D:activeates->act
D:activeation->act
D:activeats->act
D:actived->act
D:activedancer->act
D:activedate->act
D:activedating->act
D:activedeal->act
D:activedeals->act
D:activeden->act
D:activedent->act
D:activedisabled->act
D:activedistance->act
D:activedivers->act
D:activediving->act
D:activeds->act
D:activeduration->act
D:activee->act
D:activeean->act
D:activeeee->act
D:activeeeeee->act
D:activeeeeeeeeee->act
D:activeeeeeeeeeeeeee->act
D:activeentities->act
D:activeentity->act
D:activeer->act
D:activees->act
D:activeice->act
D:activeion->act
D:activeis->act
D:activeish->act
D:activeist->act
D:activeists->act
D:activeities->act
D:activeity->act
D:actively->act
D:activelyish->act
D:activement->act
D:activementality->act
D:activen->act
D:activenation->act
D:activenc->act
D:activene->act
D:activeness->act
D:activenesses->act
D:activenic->act
D:activenice->act
D:activenics->act
D:activens->act
D:activent->act
D:activenture->act
D:activentures->act
D:activeoriented->act
D:activer->act
D:activerate->act
D:activere->act
D:activereal->act
D:activereality->act
D:activered->act
D:activeren->act
D:activerian->act
D:activering->act
D:activeringen->act
D:activerings->act
D:activerly->act
D:actives->act
D:activetie->act
D:activeties->act
D:activety->act
D:activetys->act
D:activeur->act
D:activic->act
D:activicates->act
D:activications->act
D:activicity->act
D:activing->act
D:activingly->act
D:activion->act
D:activis->act
D:activisation->act
D:activise->act
D:activised->act
D:activising->act
D:activisism->act
D:activisity->act
D:activism->act
D:activisme->act
D:activisming->act
D:activismists->act
D:activisms->act
D:activisor->act
D:activist->act
D:activiste->act
D:activisten->act
D:activistes->act
D:activistic->act
D:activistically->act
D:activisting->act
D:activistion->act
D:activistis->act
D:activistish->act
D:activistism->act
D:activistivity->act
D:activistly->act
D:activists->act
D:activitie->act
D:activitied->act
D:activitiee->act
D:activitiees->act
D:activitieis->act
D:activitiens->act
D:activitiers->act
D:activities->act
D:activitiesability->act
D:activitiesan->act
D:activitiesat->act
D:activitiese->act
D:activitiesif->act
D:activitiesor->act
D:activitily->act
D:activitiness->act
D:activitior->act
D:activitious->act
D:activity->act
D:activityable->act
D:activityality->act
D:activityan->act
D:activityat->act
D:activityatories->act
D:activitye->act
D:activityed->act
D:activityentity->act
D:activityes->act
D:activityif->act
D:activitying->act
D:activityis->act
D:activityisual->act
D:activityor->act
D:activitys->act
D:activiv->act
D:activivate->act
D:activivated->act
D:activivating->act
D:activivation->act
D:activive->act
D:activively->act
D:activives->act
D:activivist->act
D:activivists->act
D:activivities->act
D:activivity->act
D:activiz->act
D:activization->act
D:activize->act
D:activized->act
D:activizer->act
D:activizing->act
D:activly->act
D:activmente->act
D:activness->act
D:activnesse->act
D:activor->act
D:activorous->act
D:activs->act
D:actiz->act
D:actizen->act
D:actizes->act
D:actly->act
D:actment->act
D:actments->act
D:actness->act
D:actor->act
D:actoral->act
D:actorales->act
D:actorat->act
D:actore->act
D:actored->act
D:actoren->act
D:actoreric->act
D:actores->act
D:actorhood->act
D:actorial->act
D:actorials->act
D:actorians->act
D:actorics->act
D:actorie->act
D:actories->act
D:actoring->act
D:actorion->act
D:actoris->act
D:actorisation->act
D:actorish->act
D:actorization->act
D:actorly->act
D:actorness->act
D:actororiented->act
D:actors->act
D:actorship->act
D:actorships->act
D:actory->act
D:actous->act
D:actr->act
D:actragent->act
D:actral->act
D:actrally->act
D:actran->act
D:actranational->act
D:actrans->act
D:actrat->act
D:actrate->act
D:actrating->act
D:actratings->act
D:actration->act
D:actrative->act
D:actre->act
D:actreal->act
D:actrealationalist->act
D:actreally->act
D:actred->act
D:actreds->act
D:actree->act
D:actrees->act
D:actren->act
D:actres->act
D:actrial->act
D:actrian->act
D:actric->act
D:actrice->act
D:actricee->act
D:actrices->act
D:actricity->act
D:actrion->act
D:actrions->act
D:actris->act
D:actrise->act
D:actrises->act
D:actrish->act
D:actrist->act
D:actriv->act
D:actrivated->act
D:actrive->act
D:actrivism->act
D:actrivities->act
D:actrivity->act
D:actriz->act
D:actrizes->act
D:actrly->act
D:actror->act
D:actrors->act
D:actrory->act
D:actrs->act
D:actrual->act
D:actrually->act
D:actrurial->act
D:acts->act
D:actsage->act
D:actsales->act
D:actsan->act
D:actsat->act
D:actsean->act
D:actsee->act
D:actsens->act
D:actsent->act
D:actsented->act
D:actser->act
D:actses->act
D:actsiz->act
D:actsize->act
D:actsor->act
D:actsually->act
D:actt->act
D:acttagagat->act
D:acttally->act
D:acttatatag->act
D:acttatatat->act
D:actte->act
D:actted->act
D:acttens->act
D:actth->act
D:actting->act
D:acttion->act
D:acttions->act
D:acttiv->act
D:acttivate->act
D:acttivation->act
D:acttive->act
D:acttively->act
D:acttives->act
D:acttivist->act
D:acttivists->act
D:acttivities->act
D:acttivity->act
D:acttly->act
D:acttor->act
D:acttr->act
D:acttrans->act
D:acttree->act
D:actts->act
D:acttual->act
D:acttually->act
D:actual->act
D:actualage->act
D:actualages->act
D:actualal->act
D:actualality->act
D:actualant->act
D:actualator->act
D:actuale->act
D:actualed->act
D:actualement->act
D:actualemente->act
D:actualente->act
D:actuales->act
D:actualic->act
D:actualication->act
D:actualice->act
D:actualiceis->act
D:actualicen->act
D:actualices->act
D:actualis->act
D:actualisable->act
D:actualisant->act
D:actualisate->act
D:actualisation->act
D:actualisational->act
D:actualisations->act
D:actualise->act
D:actualised->act
D:actualisee->act
D:actualisees->act
D:actualisen->act
D:actualisent->act
D:actualiser->act
D:actualiseren->act
D:actualisering->act
D:actualisers->act
D:actualises->act
D:actualish->act
D:actualising->act
D:actualism->act
D:actualist->act
D:actualiste->act
D:actualistes->act
D:actualistic->act
D:actualists->act
D:actualitie->act
D:actualities->act
D:actuality->act
D:actualityis->act
D:actualityness->act
D:actualityor->act
D:actualityors->act
D:actualityory->act
D:actualitys->act
D:actualiz->act
D:actualizable->act
D:actualizables->act
D:actualizacie->act
D:actualizale->act
D:actualizan->act
D:actualizat->act
D:actualizate->act
D:actualizating->act
D:actualization->act
D:actualizationes->act
D:actualizations->act
D:actualizatively->act
D:actualizator->act
D:actualize->act
D:actualized->act
D:actualizee->act
D:actualizement->act
D:actualizen->act
D:actualizer->act
D:actualizers->act
D:actualizes->act
D:actualizing->act
D:actualizor->act
D:actualizouse->act
D:actuallie->act
D:actually->act
D:actuallyalan->act
D:actuallyalive->act
D:actuallyally->act
D:actuallyan->act
D:actuallye->act
D:actuallyeating->act
D:actuallying->act
D:actuallyis->act
D:actuallyliiv->act
D:actuallys->act
D:actualment->act
D:actualmente->act
D:actualmenter->act
D:actualness->act
D:actuals->act
D:actul->act
D:actulal->act
D:actulally->act
D:actulan->act
D:actulary->act
D:actulatly->act
D:actulator->act
D:actule->act
D:actules->act
D:actulice->act
D:actulity->act
D:actulization->act
D:actulize->act
D:actulizing->act
D:actully->act
D:actulmente->act
D:actulually->act
D:actum->act
D:actur->act
D:acturacy->act
D:actural->act
D:acturally->act
D:acturaries->act
D:acturary->act
D:acturate->act
D:acturated->act
D:acturately->act
D:acturation->act
D:acturator->act
D:acturators->act
D:acture->act
D:actured->act
D:acturely->act
D:acturene->act
D:acturent->act
D:acturer->act
D:acturers->act
D:actures->act
D:acturial->act
D:acturiales->act
D:acturially->act
D:acturials->act
D:acturian->act
D:acturians->act
D:acturing->act
D:acturion->act
D:acturis->act
D:acturly->act
D:actus->act
<query> kids earth day activities</query><numhits>10</numhits><time>4416</time>
</ATIREsearch>
<ATIREsearch>
D:solar->solar
D:solara->solar
D:solaralliance->solar
D:solarallie->solar
D:solaran->solar
D:solaranc->solar
D:solarance->solar
D:solarane->solar
D:solarant->solar
D:solararate->solar
D:solararates->solar
D:solararating->solar
D:solararatings->solar
D:solararental->solar
D:solarate->solar
D:solaratennessee->solar
D:solarator->solar
D:solare->solar
D:solarealis->solar
D:solared->solar
D:solaree->solar
D:solarees->solar
D:solareis->solar
D:solaren->solar
D:solarene->solar
D:solarens->solar
D:solarentur->solar
D:solarer->solar
D:solares->solar
D:solari->solar
D:solaria->solar
D:solarial->solar
D:solarian->solar
D:solarianism->solar
D:solarians->solar
D:solaric->solar
D:solarice->solar
D:solaricity->solar
D:solarics->solar
D:solarif->solar
D:solarific->solar
D:solarifur->solar
D:solaring->solar
D:solarion->solar
D:solarions->solar
D:solaris->solar
D:solarisanis->solar
D:solarisation->solar
D:solarisations->solar
D:solarise->solar
D:solarised->solar
D:solariser->solar
D:solarises->solar
D:solarish->solar
D:solarishs->solar
D:solarisification->solar
D:solarising->solar
D:solarism->solar
D:solarisme->solar
D:solarismed->solar
D:solarisms->solar
D:solarisness->solar
D:solarist->solar
D:solaristan->solar
D:solaristen->solar
D:solaristic->solar
D:solaristics->solar
D:solarists->solar
D:solarity->solar
D:solarium->solar
D:solariumed->solar
D:solariums->solar
D:solariz->solar
D:solarizate->solar
D:solarization->solar
D:solarizations->solar
D:solarize->solar
D:solarized->solar
D:solarizer->solar
D:solarizes->solar
D:solarizing->solar
D:solarly->solar
D:solarmente->solar
D:solarmention->solar
D:solaror->solar
D:solarous->solar
D:solarr->solar
D:solarrate->solar
D:solarrific->solar
D:solarriver->solar
D:solars->solar
D:solarsage->solar
D:solarsal->solar
D:solarsales->solar
D:solarsat->solar
D:solarseal->solar
D:solarship->solar
D:solarships->solar
D:solarum->solar
D:solarus->solar
D:water->water
D:watera->water
D:waterable->water
D:waterage->water
D:wateragency->water
D:waterages->water
D:wateral->water
D:wateralive->water
D:wateralliance->water
D:wateran->water
D:waterans->water
D:waterant->water
D:waterare->water
D:waterat->water
D:waterate->water
D:waterative->water
D:waterats->water
D:watere->water
D:watered->water
D:watereds->water
D:wateree->water
D:watereereer->water
D:watereing->water
D:wateren->water
D:waterent->water
D:waterer->water
D:waterere->water
D:waterered->water
D:watereric->water
D:waterering->water
D:waterers->water
D:wateres->water
D:waterful->water
D:waterfuls->water
D:waterhood->water
D:wateri->water
D:wateria->water
D:waterial->water
D:waterials->water
D:waterian->water
D:waterians->water
D:waterical->water
D:waterice->water
D:waterif->water
D:waterific->water
D:watering->water
D:wateringen->water
D:wateringers->water
D:wateringing->water
D:wateringingly->water
D:wateringly->water
D:waterings->water
D:waterion->water
D:waterionized->water
D:waterionizer->water
D:waterionizers->water
D:wateris->water
D:waterisalive->water
D:waterise->water
D:waterised->water
D:waterish->water
D:waterishness->water
D:waterishnesses->water
D:waterism->water
D:waterist->water
D:wateriv->water
D:waterive->water
D:wateriz->water
D:waterization->water
D:waterize->water
D:waterized->water
D:waterlies->water
D:waterlilie->water
D:waterlilies->water
D:waterlily->water
D:waterlilys->water
D:waterly->water
D:waterment->water
D:waterness->water
D:wateror->water
D:wateroriented->water
D:waterous->water
D:waterouses->water
D:waterousness->water
D:waterr->water
D:waterrat->water
D:waterrate->water
D:waterrates->water
D:waterrating->water
D:waterrats->water
D:waterre->water
D:waterred->water
D:waterren->water
D:waterres->water
D:waterring->water
D:waterrising->water
D:waterror->water
D:waterrs->water
D:waters->water
D:watersage->water
D:watersat->water
D:watersation->water
D:waterse->water
D:waterseal->water
D:watersealant->water
D:watersealed->water
D:watersealer->water
D:watersealing->water
D:waterseals->water
D:waterseat->water
D:watersed->water
D:waterseds->water
D:watersee->water
D:waterseer->water
D:watersen->water
D:watersence->water
D:watersentencing->water
D:waterser->water
D:watership->water
D:waterships->water
D:watersian->water
D:watersing->water
D:watersinger->water
D:watersize->water
D:watersure->water
D:waterth->water
D:waterule->water
D:waterur->water
D:waterus->water
Q:fountains->fountain
D:fountain->fountain
D:fountaina->fountain
D:fountainal->fountain
D:fountainat->fountain
D:fountaine->fountain
D:fountained->fountain
D:fountaineer->fountain
D:fountaineering->fountain
D:fountaineers->fountain
D:fountainentrance->fountain
D:fountainer->fountain
D:fountainers->fountain
D:fountaines->fountain
D:fountainhood->fountain
D:fountaini->fountain
D:fountaining->fountain
D:fountainis->fountain
D:fountainizing->fountain
D:fountainlily->fountain
D:fountainn->fountain
D:fountainnature->fountain
D:fountainous->fountain
D:fountains->fountain
<query> solar water fountains</query><numhits>10</numhits><time>1527</time>
</ATIREsearch>
<ATIREsearch>
D:what->what
D:whata->what
D:whatabilities->what
D:whatability->what
D:whatablag->what
D:whatag->what
D:whatagal->what
D:whatagates->what
D:whatage->what
D:whatagency->what
D:whatal->what
D:whatalif->what
D:whatalife->what
D:whatalifeee->what
D:whatalifeeeee->what
D:whatalisees->what
D:whatan->what
D:whatanice->what
D:whatar->what
D:whatarate->what
D:whatare->what
D:whatareions->what
D:whatarerates->what
D:whatarerice->what
D:whatareuris->what
D:whatariver->what
D:whatat->what
D:whatatane->what
D:whatating->what
D:whatativer->what
D:whatatreat->what
D:whate->what
D:whateat->what
D:whated->what
D:whatee->what
D:whateer->what
D:whateing->what
D:whately->what
D:whatelyan->what
D:whaten->what
D:whatenabled->what
D:whatenc->what
D:whatenter->what
D:whatentered->what
D:whater->what
D:whatere->what
D:whatered->what
D:whaterer->what
D:whateriver->what
D:whaterlily->what
D:whaters->what
D:whatership->what
D:whates->what
D:whateship->what
D:whati->what
D:whatia->what
D:whatican->what
D:whaticant->what
D:whatif->what
D:whatifers->what
D:whatificant->what
D:whatifing->what
D:whatifis->what
D:whatifivanished->what
D:whatifs->what
D:whatify->what
D:whating->what
D:whatings->what
D:whatis->what
D:whatisal->what
D:whatisalife->what
D:whatisallie->what
D:whatisaloring->what
D:whatisan->what
D:whatisanancy->what
D:whatisat->what
D:whatise->what
D:whatisee->what
D:whatish->what
D:whatishere->what
D:whatishistory->what
D:whatishouse->what
D:whatishs->what
D:whatisifs->what
D:whatisiz->what
D:whatisliifee->what
D:whatism->what
D:whatismagic->what
D:whatisme->what
D:whatismean->what
D:whatismore->what
D:whatisms->what
D:whatist->what
D:whatister->what
D:whatistriz->what
D:whative->what
D:whatived->what
D:whativer->what
D:whatiz->what
D:whatizen->what
D:whatizs->what
D:whatlies->what
D:whatly->what
D:whatness->what
D:whatnesses->what
D:whator->what
D:whatr->what
D:whatre->what
D:whatreal->what
D:whatreality->what
D:whatreally->what
D:whatreallylies->what
D:whatrorenis->what
D:whatrs->what
D:whats->what
D:whatsabl->what
D:whatsag->what
D:whatsal->what
D:whatsalary->what
D:whatsalife->what
D:whatsan->what
D:whatsanity->what
D:whatsaryan->what
D:whatsat->what
D:whatsatree->what
D:whatse->what
D:whatseals->what
D:whatsee->what
D:whatsentences->what
D:whatser->what
D:whatsere->what
D:whatsers->what
D:whatses->what
D:whatshood->what
D:whatsif->what
D:whatsiz->what
D:whatsize->what
D:whatsizes->what
D:whatsment->what
D:whatt->what
D:whattable->what
D:whattag->what
D:whattage->what
D:whattagee->what
D:whattale->what
D:whattalent->what
D:whattalife->what
D:whattalion->what
D:whattan->what
D:whattats->what
D:whatte->what
D:whatted->what
D:whattely->what
D:whatten->what
D:whattenant->what
D:whatter->what
D:whatters->what
D:whatth->what
D:whattif->what
D:whatting->what
D:whattorent->what
D:whattr->what
D:whattree->what
D:whatts->what
D:whatule->what
D:whatulive->what
D:whatum->what
D:whatur->what
D:whature->what
D:whatus->what
D:was->was
D:the->the
D:name->name
D:namea->name
D:nameability->name
D:nameable->name
D:nameables->name
D:nameably->name
D:nameage->name
D:nameages->name
D:namealan->name
D:namealice->name
D:namean->name
D:nameant->name
D:nameat->name
D:namee->name
D:nameeater->name
D:nameee->name
D:nameeee->name
D:nameeeee->name
D:nameeeeee->name
D:nameeeeeee->name
D:nameeeeeeee->name
D:nameeeeeeeeee->name
D:nameeeeeeeeeeeeee->name
D:nameeeeeeeeeeeeeeeeeeee->name
D:nameeeeeeeeeeeeeeeeeeeee->name
D:nameeeeeeeeeeeeeeeeeeeeeeeeees->name
D:nameenc->name
D:nameente->name
D:nameentity->name
D:nameer->name
D:nameeric->name
D:namees->name
D:nameful->name
D:namefully->name
D:namehood->name
D:namei->name
D:nameia->name
D:nameif->name
D:nameifier->name
D:nameify->name
D:nameing->name
D:nameings->name
D:nameis->name
D:nameisagent->name
D:nameisale->name
D:nameisallie->name
D:nameish->name
D:nameism->name
D:nameisms->name
D:nameist->name
D:nameistag->name
D:nameiz->name
D:nameize->name
D:nameliante->name
D:namelie->name
D:namely->name
D:namelye->name
D:namemental->name
D:namemention->name
D:nameness->name
D:nameor->name
D:nameorials->name
D:nameous->name
D:names->name
D:namesagency->name
D:namesale->name
D:namesan->name
D:namesaneres->name
D:namesant->name
D:namesat->name
D:namese->name
D:namesee->name
D:namesees->name
D:nameselie->name
D:namesen->name
D:nameser->name
D:nameses->name
D:nameship->name
D:namesic->name
D:namesif->name
D:namesize->name
D:namesmentioned->name
D:namesor->name
D:namesur->name
D:nameth->name
D:nameul->name
D:nameur->name
D:nameus->name
D:of->of
D:ofa->of
D:ofabilene->of
D:ofabilities->of
D:ofabl->of
D:ofabledating->of
D:ofacy->of
D:ofag->of
D:ofage->of
D:ofageing->of
D:ofagen->of
D:ofagent->of
D:ofager->of
D:ofages->of
D:ofaging->of
D:ofaginger->of
D:ofags->of
D:ofal->of
D:ofalan->of
D:ofale->of
D:ofalee->of
D:ofalice->of
D:ofalife->of
D:ofalion->of
D:ofallianceor->of
D:ofallied->of
D:ofally->of
D:ofals->of
D:ofan->of
D:ofanage->of
D:ofanal->of
D:ofanatic->of
D:ofanation->of
D:ofancient->of
D:ofanity->of
D:ofanizations->of
D:ofanous->of
D:ofans->of
D:ofante->of
D:ofar->of
D:ofarag->of
D:ofare->of
D:ofaren->of
D:ofarenal->of
D:ofaror->of
D:ofars->of
D:ofat->of
D:ofatal->of
D:ofate->of
D:ofaten->of
D:ofates->of
D:ofatis->of
D:ofatree->of
D:ofe->of
D:ofeale->of
D:ofean->of
D:ofeary->of
D:ofeat->of
D:ofeating->of
D:ofeature->of
D:ofeatured->of
D:ofeatures->of
D:ofed->of
D:ofeden->of
D:ofederal->of
D:ofederation->of
D:ofedor->of
D:ofee->of
D:ofeee->of
D:ofeeeee->of
D:ofeence->of
D:ofeer->of
D:ofeered->of
D:ofeerentals->of
D:ofeering->of
D:ofeers->of
D:ofees->of
D:ofeice->of
D:ofeicer->of
D:ofeif->of
D:ofeing->of
D:ofeish->of
D:ofelie->of
D:ofely->of
D:ofen->of
D:ofenag->of
D:ofenc->of
D:ofence->of
D:ofences->of
D:ofencive->of
D:ofene->of
D:ofener->of
D:ofeners->of
D:ofening->of
D:ofenis->of
D:ofens->of
D:ofent->of
D:ofente->of
D:ofenter->of
D:ofentered->of
D:ofentering->of
D:ofentities->of
D:ofently->of
D:ofeor->of
D:ofer->of
D:oferal->of
D:oferan->of
D:oferanat->of
D:oferante->of
D:oferate->of
D:oferated->of
D:oferation->of
D:ofere->of
D:ofered->of
D:oferencie->of
D:oferent->of
D:oferentes->of
D:oferic->of
D:oferice->of
D:ofering->of
D:oferings->of
D:oferion->of
D:oferis->of
D:oferise->of
D:oferised->of
D:oferized->of
D:oferlior->of
D:ofers->of
D:ofes->of
D:offul->of
D:offully->of
D:ofi->of
D:ofia->of
D:ofial->of
D:ofialmente->of
D:ofian->of
D:ofiblion->of
D:ofic->of
D:ofical->of
D:oficales->of
D:ofically->of
D:oficalmente->of
D:oficals->of
D:ofice->of
D:oficeer->of
D:oficer->of
D:oficerat->of
D:oficeres->of
D:oficers->of
D:ofices->of
D:oficial->of
D:oficialal->of
D:oficialan->of
D:oficiale->of
D:oficialen->of
D:oficiales->of
D:oficialice->of
D:oficialis->of
D:oficiality->of
D:oficially->of
D:oficialment->of
D:oficialmente->of
D:oficials->of
D:ofician->of
D:oficicial->of
D:oficingly->of
D:oficis->of
D:oficist->of
D:oficor->of
D:ofics->of
D:ofif->of
D:ofife->of
D:ofifice->of
D:ofifices->of
D:ofificial->of
D:ofifs->of
D:ofify->of
D:ofing->of
D:ofingal->of
D:ofingen->of
D:ofinger->of
D:ofion->of
D:ofions->of
D:ofis->of
D:ofise->of
D:ofiser->of
D:ofisers->of
D:ofish->of
D:ofishal->of
D:ofishally->of
D:ofishial->of
D:ofishingur->of
D:ofishly->of
D:ofisial->of
D:ofisialmente->of
D:ofism->of
D:ofismate->of
D:ofist->of
D:ofiste->of
D:ofisten->of
D:ofistore->of
D:ofistur->of
D:ofisur->of
D:ofities->of
D:ofiv->of
D:ofivan->of
D:ofive->of
D:ofiz->of
D:ofizial->of
D:ofizialean->of
D:oflie->of
D:ofliee->of
D:oflien->of
D:oflies->of
D:ofly->of
D:oflyan->of
D:oflyor->of
D:ofment->of
D:ofmental->of
D:ofmentality->of
D:ofmentally->of
D:ofmention->of
D:ofness->of
D:ofnesses->of
D:ofor->of
D:oforal->of
D:oforan->of
D:ofored->of
D:oforie->of
D:oforiental->of
D:oforion->of
D:oforor->of
D:ofors->of
D:ofous->of
D:ofously->of
D:ofs->of
D:ofsage->of
D:ofsale->of
D:ofsales->of
D:ofsan->of
D:ofsanity->of
D:ofsat->of
D:ofsatan->of
D:ofse->of
D:ofseals->of
D:ofseat->of
D:ofseats->of
D:ofsed->of
D:ofsedentary->of
D:ofsee->of
D:ofseeing->of
D:ofseized->of
D:ofsen->of
D:ofsent->of
D:ofsentences->of
D:ofsentencing->of
D:ofser->of
D:ofserene->of
D:ofserenity->of
D:ofserial->of
D:ofsers->of
D:ofses->of
D:ofship->of
D:ofships->of
D:ofsic->of
D:ofsing->of
D:ofsinger->of
D:ofsingers->of
D:ofsinging->of
D:ofsiz->of
D:ofsize->of
D:ofsizes->of
D:ofsly->of
D:ofsor->of
D:ofsors->of
D:ofth->of
D:ofual->of
D:ofum->of
D:ofur->of
D:ofuran->of
D:ofure->of
D:ofuren->of
D:ofuric->of
D:ofus->of
Q:elvis->elv
D:elv->elv
D:elva->elv
D:elvag->elv
D:elvage->elv
D:elvagor->elv
D:elval->elv
D:elvalee->elv
D:elvalen->elv
D:elvallie->elv
D:elvalor->elv
D:elvalorence->elv
D:elvals->elv
D:elvan->elv
D:elvanance->elv
D:elvanator->elv
D:elvane->elv
D:elvanenter->elv
D:elvaneris->elv
D:elvanes->elv
D:elvanish->elv
D:elvanity->elv
D:elvanor->elv
D:elvans->elv
D:elvante->elv
D:elvantic->elv
D:elvar->elv
D:elvaran->elv
D:elvaree->elv
D:elvares->elv
D:elvarian->elv
D:elvarie->elv
D:elvarien->elv
D:elvary->elv
D:elvat->elv
D:elvate->elv
D:elvated->elv
D:elvating->elv
D:elvation->elv
D:elvations->elv
D:elvator->elv
D:elvators->elv
D:elvatous->elv
D:elvatrice->elv
D:elve->elv
D:elvean->elv
D:elveane->elv
D:elveated->elv
D:elveating->elv
D:elveation->elv
D:elveator->elv
D:elved->elv
D:elvedal->elv
D:elvedalen->elv
D:elvedan->elv
D:elvedee->elv
D:elveden->elv
D:elvedere->elv
D:elvedes->elv
D:elvee->elv
D:elveee->elv
D:elveeish->elv
D:elveer->elv
D:elveian->elv
D:elveiser->elv
D:elveish->elv
D:elvely->elv
D:elven->elv
D:elvenal->elv
D:elvenate->elv
D:elvencat->elv
D:elvencity->elv
D:elvene->elv
D:elvenen->elv
D:elvenes->elv
D:elveness->elv
D:elvenesse->elv
D:elvenhood->elv
D:elvenish->elv
D:elvenlied->elv
D:elvenlies->elv
D:elvenly->elv
D:elvenor->elv
D:elvens->elv
D:elvent->elv
D:elventales->elv
D:elventanal->elv
D:elvente->elv
D:elventree->elv
D:elventure->elv
D:elvenure->elv
D:elver->elv
D:elverage->elv
D:elvere->elv
D:elvereans->elv
D:elveree->elv
D:elveren->elv
D:elverial->elv
D:elverian->elv
D:elveric->elv
D:elvering->elv
D:elverion->elv
D:elveris->elv
D:elverly->elv
D:elvernesse->elv
D:elvers->elv
D:elves->elv
D:elvetie->elv
D:elvetiene->elv
D:elvety->elv
D:elveur->elv
D:elvi->elv
D:elvia->elv
D:elvial->elv
D:elvialliure->elv
D:elvian->elv
D:elvic->elv
D:elvice->elv
D:elvicions->elv
D:elvics->elv
D:elvif->elv
D:elvification->elv
D:elvifs->elv
D:elving->elv
D:elvinger->elv
D:elvings->elv
D:elvis->elv
D:elvisal->elv
D:elvisator->elv
D:elvise->elv
D:elvised->elv
D:elvisen->elv
D:elviseric->elv
D:elvises->elv
D:elvish->elv
D:elvishly->elv
D:elvishness->elv
D:elvishous->elv
D:elvishouse->elv
D:elvisian->elv
D:elvisish->elv
D:elvisized->elv
D:elvisizer->elv
D:elvisly->elv
D:elvislys->elv
D:elvism->elv
D:elvisman->elv
D:elvisme->elv
D:elvismedic->elv
D:elvismen->elv
D:elvisness->elv
D:elvisorion->elv
D:elvist->elv
D:elviste->elv
D:elvister->elv
D:elvistic->elv
D:elvistrs->elv
D:elvium->elv
D:elviv->elv
D:elvive->elv
D:elviver->elv
D:elviz->elv
D:elvizs->elv
D:elvor->elv
D:elvoran->elv
D:elvore->elv
D:elvorian->elv
D:elvs->elv
D:elvse->elv
D:elvsen->elv
D:elvses->elv
D:elvul->elv
D:elvum->elv
D:elvur->elv
D:elvus->elv
D:presley->presley
D:presleya->presley
D:presleyan->presley
D:presleyi->presley
D:presleyism->presley
D:presleys->presley
D:s->s
D:home->home
D:homea->home
D:homeabilene->home
D:homeable->home
D:homeables->home
D:homeag->home
D:homeage->home
D:homeagent->home
D:homeagents->home
D:homeal->home
D:homealive->home
D:homealliance->home
D:homean->home
D:homeance->home
D:homeat->home
D:homeatelier->home
D:homee->home
D:homeee->home
D:homeeee->home
D:homeeeee->home
D:homeeeeee->home
D:homeeeeeee->home
D:homeeeeeeee->home
D:homeeeeeeeee->home
D:homeeeeeeeeee->home
D:homeeeeeeeeeee->home
D:homeeeeeeeeeeee->home
D:homeeeeeeeeeeeeee->home
D:homeeeeeeeeeeeeeeee->home
D:homeeeeeeeeeeeeeeeeee->home
D:homeeeeeeeeeeeeeeeeeeee->home
D:homeeeeeeeeeeeeeeeeeeeeeeeeeeeeeee->home
D:homeeeeeeeeeeeeeeeeeeeeeeeeeeeeeeeeeeeeeeeeeeeeeeeeeeeee->home
D:homeeeees->home
D:homeent->home
D:homeental->home
D:homeente->home
D:homeenter->home
D:homeer->home
D:homeers->home
D:homees->home
D:homeful->home
D:homefully->home
D:homefulness->home
D:homei->home
D:homeia->home
D:homeice->home
D:homeics->home
D:homeif->home
D:homeing->home
D:homeings->home
D:homeion->home
D:homeis->home
D:homeish->home
D:homeismore->home
D:homeister->home
D:homeium->home
D:homeize->home
D:homeliaries->home
D:homeliary->home
D:homelie->home
D:homelien->home
D:homelier->home
D:homelies->home
D:homelily->home
D:homeliness->home
D:homely->home
D:homelye->home
D:homelyes->home
D:homelyness->home
D:homelys->home
D:homeness->home
D:homeor->home
D:homes->home
D:homesabilene->home
D:homesage->home
D:homesagents->home
D:homesages->home
D:homesal->home
D:homesalary->home
D:homesale->home
D:homesalers->home
D:homesales->home
D:homesalive->home
D:homesan->home
D:homesat->home
D:homesations->home
D:homesats->home
D:homese->home
D:homeseal->home
D:homesealed->home
D:homesealing->home
D:homeseating->home
D:homesed->home
D:homesee->home
D:homeseer->home
D:homesen->home
D:homesent->home
D:homesenter->home
D:homeser->home
D:homeseuality->home
D:homeship->home
D:homeships->home
D:homesic->home
D:homesing->home
D:homesize->home
D:homesized->home
D:homeslies->home
D:homesly->home
D:homesor->home
D:homesuality->home
D:homesurance->home
D:homesure->home
D:hometh->home
D:homeum->home
D:homeur->home
D:homeus->home
<query> what was the name of elvis presley s home</query><numhits>10</numhits><time>16511</time>
</ATIREsearch>
<ATIREsearch>
D:nba->nba
Q:records->record
D:record->record
D:recorda->record
D:recordabilene->record
D:recordabilis->record
D:recordability->record
D:recordabl->record
D:recordable->record
D:recordables->record
D:recordably->record
D:recordage->record
D:recordal->record
D:recordales->record
D:recordality->record
D:recordals->record
D:recordan->record
D:recordance->record
D:recordans->record
D:recordant->record
D:recordante->record
D:recordantur->record
D:recordanual->record
D:recordar->record
D:recordaran->record
D:recordare->record
D:recordareis->record
D:recordarentur->record
D:recordarer->record
D:recordarian->record
D:recordaris->record
D:recordat->record
D:recordate->record
D:recordation->record
D:recordatione->record
D:recordationes->record
D:recordationis->record
D:recordations->record
D:recordatory->record
D:recordatr->record
D:recordats->record
D:recordatur->record
D:recordd->record
D:recorddate->record
D:recorddatingee->record
D:recordde->record
D:recorddeal->record
D:recorddeals->record
D:recordded->record
D:recordder->record
D:recorddes->record
D:recordding->record
D:recorddisable->record
D:recordds->record
D:recordduration->record
D:recorde->record
D:recordeal->record
D:recordeals->record
D:recorded->record
D:recordedan->record
D:recordedat->record
D:recordede->record
D:recordeded->record
D:recordeding->record
D:recordedings->record
D:recordeditie->record
D:recordedness->record
D:recordeds->record
D:recordee->record
D:recordeer->record
D:recordees->record
D:recordeing->record
D:recordeis->record
D:recorden->record
D:recordenable->record
D:recordenabled->record
D:recordentur->record
D:recorder->record
D:recordere->record
D:recordered->record
D:recorderers->record
D:recorderes->record
D:recorderif->record
D:recordering->record
D:recorderis->record
D:recorderist->record
D:recorders->record
D:recordership->record
D:recorderships->record
D:recordes->record
D:recordeur->record
D:recordeurs->record
D:recordi->record
D:recordia->record
D:recordian->record
D:recordic->record
D:recordical->record
D:recordif->record
D:recordify->record
D:recording->record
D:recordingan->record
D:recordinger->record
D:recordinging->record
D:recordingings->record
D:recordingis->record
D:recordingist->record
D:recordingly->record
D:recordings->record
D:recordis->record
D:recordish->record
D:recordismag->record
D:recordist->record
D:recordists->record
D:recordium->record
D:recordivity->record
D:recordization->record
D:recordized->record
D:recordly->record
D:recordment->record
D:recordness->record
D:recordor->record
D:recordorating->record
D:recordous->record
D:records->record
D:recordsage->record
D:recordsal->record
D:recordsale->record
D:recordsales->record
D:recordsan->record
D:recordse->record
D:recordseal->record
D:recordsed->record
D:recordsenter->record
D:recordser->record
D:recordserializer->record
D:recordses->record
D:recordship->record
D:recordsif->record
D:recordsing->record
D:recordsings->record
D:recordsize->record
D:recordsor->record
D:recordul->record
D:recordulated->record
D:recordum->record
D:recordus->record
<query> nba records</query><numhits>10</numhits><time>1152</time>
</ATIREsearch>
<ATIREsearch>
Q:electoral->elect
D:elect->elect
D:electa->elect
D:electabilities->elect
D:electability->elect
D:electable->elect
D:electableness->elect
D:electables->elect
D:electablity->elect
D:electal->elect
D:electan->elect
D:electanic->elect
D:electant->elect
D:electar->elect
D:electare->elect
D:electares->elect
D:electary->elect
D:electe->elect
D:electeanic->elect
D:elected->elect
D:electedalice->elect
D:electeded->elect
D:electedness->elect
D:electeds->elect
D:electee->elect
D:electeer->elect
D:electees->elect
D:electeian->elect
D:electeic->elect
D:electeical->elect
D:electeics->elect
D:electeion->elect
D:electeions->elect
D:electen->elect
D:electenic->elect
D:electer->elect
D:electeric->elect
D:electerical->elect
D:electerics->elect
D:electers->elect
D:electes->elect
D:electeur->elect
D:electeurs->elect
D:electful->elect
D:electi->elect
D:electia->elect
D:electian->elect
D:electibility->elect
D:electible->elect
D:electiblity->elect
D:electic->elect
D:electical->elect
D:electically->elect
D:electicals->elect
D:electican->elect
D:electice->elect
D:electices->elect
D:electician->elect
D:electicians->elect
D:electicis->elect
D:electicism->elect
D:electicisms->elect
D:electicities->elect
D:electicity->elect
D:electicore->elect
D:electics->elect
D:electif->elect
D:electificante->elect
D:electification->elect
D:electified->elect
D:electifing->elect
D:electifly->elect
D:electifs->elect
D:electify->elect
D:electifying->elect
D:electing->elect
D:electings->elect
D:election->elect
D:electionable->elect
D:electional->elect
D:electionalize->elect
D:electionally->elect
D:electionals->elect
D:electionary->elect
D:electionate->elect
D:electione->elect
D:electioned->elect
D:electioneeering->elect
D:electioneer->elect
D:electioneered->elect
D:electioneerer->elect
D:electioneerers->elect
D:electioneering->elect
D:electioneers->elect
D:electionering->elect
D:electiones->elect
D:electionic->elect
D:electionics->elect
D:electionif->elect
D:electioning->elect
D:electionis->elect
D:electionism->elect
D:electionist->elect
D:electionists->elect
D:electionness->elect
D:electionor->elect
D:elections->elect
D:electique->elect
D:electiques->elect
D:electis->elect
D:electisms->elect
D:electiv->elect
D:elective->elect
D:electivees->elect
D:electively->elect
D:electivement->elect
D:electiveness->elect
D:electiver->elect
D:electives->elect
D:electiviser->elect
D:electivity->elect
D:electivive->elect
D:electivized->elect
D:electly->elect
D:electness->elect
D:elector->elect
D:electoral->elect
D:electoralate->elect
D:electorale->elect
D:electorales->elect
D:electoralis->elect
D:electoralish->elect
D:electoralism->elect
D:electoralist->elect
D:electoraliste->elect
D:electoralistes->elect
D:electoralists->elect
D:electorality->elect
D:electorally->elect
D:electoralmente->elect
D:electorals->elect
D:electorat->elect
D:electoratal->elect
D:electoratate->elect
D:electorate->elect
D:electorates->elect
D:electoratist->elect
D:electore->elect
D:electored->elect
D:electorees->elect
D:electores->elect
D:electorial->elect
D:electorially->elect
D:electorials->elect
D:electoriate->elect
D:electoric->elect
D:electorical->elect
D:electoricity->elect
D:electorics->elect
D:electoris->elect
D:electorism->elect
D:electors->elect
D:electorship->elect
D:electory->elect
D:electr->elect
D:electracies->elect
D:electracy->elect
D:electragate->elect
D:electragen->elect
D:electragic->elect
D:electral->elect
D:electralance->elect
D:electralane->elect
D:electraled->elect
D:electraliser->elect
D:electran->elect
D:electranation->elect
D:electrance->elect
D:electranic->elect
D:electranically->elect
D:electranics->elect
D:electrans->elect
D:electrate->elect
D:electrates->elect
D:electratr->elect
D:electrats->elect
D:electrature->elect
D:electre->elect
D:electreal->elect
D:electreanic->elect
D:electreat->elect
D:electred->elect
D:electree->elect
D:electrees->elect
D:electreic->elect
D:electreical->elect
D:electreification->elect
D:electreion->elect
D:electrenic->elect
D:electrens->elect
D:electres->elect
D:electrial->elect
D:electrially->elect
D:electrian->elect
D:electrians->elect
D:electric->elect
D:electricability->elect
D:electricable->elect
D:electricablly->elect
D:electrical->elect
D:electricalagent->elect
D:electricalal->elect
D:electricalalliance->elect
D:electricalan->elect
D:electricale->elect
D:electricaleden->elect
D:electricalian->elect
D:electricalice->elect
D:electricality->elect
D:electricalive->elect
D:electricalization->elect
D:electrically->elect
D:electricalness->elect
D:electricaloration->elect
D:electricals->elect
D:electrican->elect
D:electricans->elect
D:electricant->elect
D:electricants->elect
D:electricat->elect
D:electricatats->elect
D:electrication->elect
D:electricator->elect
D:electrice->elect
D:electricean->elect
D:electriced->elect
D:electriceden->elect
D:electriceds->elect
D:electriceely->elect
D:electricen->elect
D:electricenter->elect
D:electricer->elect
D:electriceric->elect
D:electrices->elect
D:electriceur->elect
D:electricial->elect
D:electricially->elect
D:electricials->elect
D:electrician->elect
D:electricianage->elect
D:electricianally->elect
D:electricians->elect
D:electricic->elect
D:electricical->elect
D:electricican->elect
D:electricicans->elect
D:electricication->elect
D:electricice->elect
D:electricician->elect
D:electricicity->elect
D:electricifed->elect
D:electricification->elect
D:electricing->elect
D:electricion->elect
D:electricionic->elect
D:electricions->elect
D:electricised->elect
D:electricism->elect
D:electricist->elect
D:electricists->elect
D:electricitie->elect
D:electricities->elect
D:electricity->elect
D:electricityan->elect
D:electricityanator->elect
D:electricitye->elect
D:electricityeans->elect
D:electricityentities->elect
D:electricityful->elect
D:electricityif->elect
D:electricityismagic->elect
D:electricityor->elect
D:electricitys->elect
D:electricize->elect
D:electricized->elect
D:electricizedfully->elect
D:electricizers->elect
D:electricizing->elect
D:electriclilies->elect
D:electricly->elect
D:electricness->elect
D:electricor->elect
D:electricorat->elect
D:electricore->elect
D:electrics->elect
D:electricure->elect
D:electrif->elect
D:electrifal->elect
D:electrifeation->elect
D:electrifed->elect
D:electrifee->elect
D:electriferous->elect
D:electrific->elect
D:electrificat->elect
D:electrificate->elect
D:electrificated->elect
D:electrification->elect
D:electrifications->elect
D:electrificent->elect
D:electrifification->elect
D:electrifing->elect
D:electrifized->elect
D:electrifly->elect
D:electriflying->elect
D:electring->elect
D:electrion->elect
D:electrionic->elect
D:electrionically->elect
D:electrionics->elect
D:electrions->elect
D:electris->elect
D:electrisal->elect
D:electrisan->elect
D:electrisant->elect
D:electrisante->elect
D:electrisantes->elect
D:electrisation->elect
D:electrise->elect
D:electrisee->elect
D:electrisent->elect
D:electriser->elect
D:electrishan->elect
D:electrishans->elect
D:electrishion->elect
D:electrisian->elect
D:electrisity->elect
D:electrism->elect
D:electrist->elect
D:electrity->elect
D:electriv->elect
D:electrival->elect
D:electrive->elect
D:electrivians->elect
D:electrivity->elect
D:electrivive->elect
D:electrivizer->elect
D:electrivore->elect
D:electrivores->elect
D:electriz->elect
D:electrizant->elect
D:electrizante->elect
D:electrizantemente->elect
D:electrizantes->elect
D:electrizat->elect
D:electrization->elect
D:electrize->elect
D:electrized->elect
D:electrizee->elect
D:electrizer->elect
D:electrizes->elect
D:electrizing->elect
D:electrizities->elect
D:electror->elect
D:electroral->elect
D:electrorally->elect
D:electroran->elect
D:electrorat->elect
D:electrorate->elect
D:electrorated->elect
D:electrorates->elect
D:electrore->elect
D:electrorent->elect
D:electroric->elect
D:electrorican->elect
D:electroriental->elect
D:electrorings->elect
D:electrors->elect
D:electrous->elect
D:electrouse->elect
D:electrouser->elect
D:electrs->elect
D:elects->elect
D:electsean->elect
D:electser->elect
D:electship->elect
D:electted->elect
D:electtic->elect
D:electtical->elect
D:electticity->elect
D:electtion->elect
D:electtions->elect
D:electtr->elect
D:electtren->elect
D:electtric->elect
D:electtrical->elect
D:electtricity->elect
D:electts->elect
D:electual->elect
D:electum->elect
D:electure->elect
D:electures->elect
D:electuring->elect
D:electus->elect
D:elexion->elect
D:elexions->elect
Q:college->colleg
D:colleg->colleg
D:collega->colleg
D:collegabile->colleg
D:collegal->colleg
D:collegan->colleg
D:collegans->colleg
D:collegant->colleg
D:collegar->colleg
D:collegare->colleg
D:collegatariat->colleg
D:collegatary->colleg
D:collegate->colleg
D:collegation->colleg
D:collegative->colleg
D:collegatore->colleg
D:collegats->colleg
D:college->colleg
D:collegeag->colleg
D:collegeage->colleg
D:collegeaged->colleg
D:collegeagers->colleg
D:collegeages->colleg
D:collegeal->colleg
D:collegeality->colleg
D:collegean->colleg
D:collegeanal->colleg
D:collegeant->colleg
D:collegeante->colleg
D:collegeantics->colleg
D:collegeat->colleg
D:collegeate->colleg
D:collegeated->colleg
D:collegeats->colleg
D:colleged->colleg
D:collegedale->colleg
D:collegedate->colleg
D:collegedates->colleg
D:collegedating->colleg
D:collegede->colleg
D:collegedean->colleg
D:collegeds->colleg
D:collegee->colleg
D:collegeeats->colleg
D:collegeee->colleg
D:collegeeee->colleg
D:collegeeeee->colleg
D:collegeeeeee->colleg
D:collegeeeeeeeee->colleg
D:collegeeeeeeeeeeee->colleg
D:collegees->colleg
D:collegeian->colleg
D:collegeic->colleg
D:collegeif->colleg
D:collegeing->colleg
D:collegeis->colleg
D:collegeish->colleg
D:collegementors->colleg
D:collegen->colleg
D:collegeness->colleg
D:collegent->colleg
D:collegently->colleg
D:collegeor->colleg
D:collegeous->colleg
D:colleger->colleg
D:collegerant->colleg
D:collegerat->colleg
D:collegerating->colleg
D:collegere->colleg
D:collegereal->colleg
D:collegereally->colleg
D:collegeree->colleg
D:collegerentals->colleg
D:collegerings->colleg
D:collegeris->colleg
D:collegerivals->colleg
D:collegers->colleg
D:colleges->colleg
D:collegetie->colleg
D:collegg->colleg
D:collegge->colleg
D:colleggede->colleg
D:colleggeee->colleg
D:collegges->colleg
D:collegi->colleg
D:collegia->colleg
D:collegial->colleg
D:collegiale->colleg
D:collegiales->colleg
D:collegialis->colleg
D:collegialism->colleg
D:collegialisms->colleg
D:collegialities->colleg
D:collegiality->colleg
D:collegially->colleg
D:collegials->colleg
D:collegian->colleg
D:collegianan->colleg
D:collegianer->colleg
D:collegianers->colleg
D:collegians->colleg
D:collegic->colleg
D:collegify->colleg
D:colleging->colleg
D:collegional->colleg
D:collegis->colleg
D:collegistics->colleg
D:collegistis->colleg
D:collegium->colleg
D:collegiume->colleg
D:collegiums->colleg
D:collegliate->colleg
D:collegor->colleg
D:collegous->colleg
D:collegs->colleg
D:collegse->colleg
D:collegses->colleg
D:collegure->colleg
D:collegus->colleg
Q:results->result
D:result->result
D:resulta->result
D:resultable->result
D:resultables->result
D:resultan->result
D:resultanat->result
D:resultance->result
D:resultancy->result
D:resultans->result
D:resultant->result
D:resultante->result
D:resultanten->result
D:resultantes->result
D:resultanting->result
D:resultantis->result
D:resultantly->result
D:resultants->result
D:resultar->result
D:resultaran->result
D:resultare->result
D:resultaren->result
D:resultarian->result
D:resultary->result
D:resultat->result
D:resultatat->result
D:resultate->result
D:resultated->result
D:resultaten->result
D:resultatene->result
D:resultater->result
D:resultates->result
D:resultatifs->result
D:resultating->result
D:resultation->result
D:resultations->result
D:resultative->result
D:resultativeness->result
D:resultativer->result
D:resultatives->result
D:resultativity->result
D:resultatr->result
D:resultats->result
D:resulte->result
D:resulted->result
D:resulteded->result
D:resulteding->result
D:resultedly->result
D:resulteds->result
D:resultee->result
D:resulten->result
D:resultenabled->result
D:resultent->result
D:resulter->result
D:resulterane->result
D:resulterat->result
D:resultere->result
D:resulterede->result
D:resulteren->result
D:resulterent->result
D:resulterer->result
D:resultes->result
D:resultful->result
D:resultfulness->result
D:resulti->result
D:resultic->result
D:resultics->result
D:resultif->result
D:resulting->result
D:resultinged->result
D:resultingly->result
D:resultings->result
D:resultion->result
D:resultions->result
D:resultis->result
D:resultive->result
D:resultively->result
D:resultiz->result
D:resultly->result
D:resultness->result
D:resultor->result
D:resultorientation->result
D:resultoriented->result
D:resultoriously->result
D:resultr->result
D:resultre->result
D:resultring->result
D:resultrs->result
D:results->result
D:resultsallied->result
D:resultsan->result
D:resultsat->result
D:resultse->result
D:resultseee->result
D:resultsenate->result
D:resultsenter->result
D:resultser->result
D:resultserial->result
D:resultserializer->result
D:resultses->result
D:resultsif->result
D:resultsing->result
D:resultsize->result
D:resultsor->result
D:resultsore->result
D:resultsoriented->result
D:resultt->result
D:resulttable->result
D:resulttag->result
D:resulttant->result
D:resultted->result
D:resultten->result
D:resultting->result
D:resulttive->result
D:resulttree->result
D:resultts->result
D:resultur->result
D:resulture->result
D:resultus->result
<query> electoral college 2008 results</query><numhits>10</numhits><time>3947</time>
</ATIREsearch>
<ATIREsearch>
D:male->male
D:malea->male
D:maleabil->male
D:maleabilene->male
D:maleability->male
D:maleable->male
D:maleagans->male
D:maleagant->male
D:maleage->male
D:maleagist->male
D:maleal->male
D:malealice->male
D:malean->male
D:maleanat->male
D:maleane->male
D:maleant->male
D:maleante->male
D:maleantes->male
D:maleat->male
D:maleate->male
D:maleated->male
D:maleates->male
D:maleats->male
D:malee->male
D:maleee->male
D:maleeee->male
D:maleeeee->male
D:maleeeeee->male
D:maleeeeeee->male
D:maleeeeeeee->male
D:maleeeeeeeeeee->male
D:maleeees->male
D:maleees->male
D:maleentity->male
D:maleer->male
D:malees->male
D:maleful->male
D:malehood->male
D:malei->male
D:maleia->male
D:maleial->male
D:maleian->male
D:maleiane->male
D:maleians->male
D:maleic->male
D:maleics->male
D:maleificent->male
D:maleificents->male
D:maleified->male
D:maleing->male
D:maleinge->male
D:maleion->male
D:maleis->male
D:maleise->male
D:maleish->male
D:maleisian->male
D:maleism->male
D:maleist->male
D:maleister->male
D:maleisure->male
D:maleizen->male
D:malely->male
D:maleness->male
D:malenesses->male
D:maleor->male
D:maleore->male
D:maleorientated->male
D:males->male
D:malesally->male
D:malesan->male
D:malesane->male
D:malese->male
D:maleseat->male
D:maleseee->male
D:malesers->male
D:maleships->male
D:malesian->male
D:malesians->male
D:malesic->male
D:malesice->male
D:malesinger->male
D:malesingers->male
D:malesishere->male
D:malesness->male
D:malesore->male
D:malesur->male
D:malesurivor->male
D:maleth->male
D:maleul->male
D:maleum->male
D:maleur->male
D:maleure->male
D:maleuric->male
D:maleus->male
Q:menopause->menopau
D:menopau->menopau
D:menopaue->menopau
D:menopausal->menopau
D:menopausally->menopau
D:menopausalness->menopau
D:menopausals->menopau
D:menopause->menopau
D:menopauseal->menopau
D:menopaused->menopau
D:menopausees->menopau
D:menopauseif->menopau
D:menopausementors->menopau
D:menopauser->menopau
D:menopausers->menopau
D:menopauses->menopau
D:menopausic->menopau
D:menopausical->menopau
D:menopausing->menopau
D:menopausish->menopau
D:menopausual->menopau
<query> male menopause</query><numhits>10</numhits><time>1097</time>
</ATIREsearch>
<ATIREsearch>
Q:usda->usd
D:usd->usd
D:usda->usd
D:usdag->usd
D:usdage->usd
D:usdal->usd
D:usdan->usd
D:usdanational->usd
D:usdanatural->usd
D:usdance->usd
D:usdancing->usd
D:usdane->usd
D:usdanes->usd
D:usdanistan->usd
D:usdans->usd
D:usdant->usd
D:usdar->usd
D:usdars->usd
D:usdat->usd
D:usdate->usd
D:usdating->usd
D:usdations->usd
D:usdd->usd
D:usdde->usd
D:usdden->usd
D:usddenly->usd
D:usdding->usd
D:usddings->usd
D:usddiv->usd
D:usdds->usd
D:usde->usd
D:usdeal->usd
D:usdealers->usd
D:usdeals->usd
D:usdean->usd
D:usded->usd
D:usdee->usd
D:usden->usd
D:usdent->usd
D:usdental->usd
D:usdenturist->usd
D:usder->usd
D:usdeur->usd
D:usdful->usd
D:usdi->usd
D:usdia->usd
D:usdial->usd
D:usding->usd
D:usdisability->usd
D:usdish->usd
D:usdist->usd
D:usdistag->usd
D:usdiv->usd
D:usdivers->usd
D:usdiveships->usd
D:usdiving->usd
D:usdiz->usd
D:usdor->usd
D:usds->usd
D:usdually->usd
D:usdul->usd
D:usdum->usd
D:usduration->usd
D:usdus->usd
D:food->food
D:fooda->food
D:foodability->food
D:foodable->food
D:foodables->food
D:foodably->food
D:foodaciousness->food
D:foodag->food
D:foodage->food
D:foodagency->food
D:foodages->food
D:foodal->food
D:foodalive->food
D:foodalliance->food
D:foodallyeats->food
D:foodan->food
D:foodar->food
D:foodare->food
D:foodaries->food
D:foodarity->food
D:foodarousal->food
D:foodat->food
D:foodate->food
D:foodatelier->food
D:foodaterian->food
D:foodd->food
D:fooddary->food
D:fooddeals->food
D:fooddental->food
D:fooddish->food
D:foodds->food
D:foodduring->food
D:foode->food
D:foodeat->food
D:foodeaten->food
D:foodeater->food
D:foodeating->food
D:foodeats->food
D:fooded->food
D:foodee->food
D:foodees->food
D:fooden->food
D:foodenc->food
D:foodening->food
D:foodenings->food
D:fooder->food
D:fooderacy->food
D:fooderal->food
D:fooders->food
D:foodes->food
D:foodful->food
D:foodhood->food
D:foodi->food
D:foodia->food
D:foodian->food
D:foodians->food
D:foodic->food
D:foodically->food
D:foodif->food
D:foodifancy->food
D:foodification->food
D:foodified->food
D:foodify->food
D:fooding->food
D:foodings->food
D:foodis->food
D:foodise->food
D:foodish->food
D:foodishere->food
D:foodishly->food
D:foodishness->food
D:foodism->food
D:foodismagical->food
D:foodisme->food
D:foodisms->food
D:foodist->food
D:foodistan->food
D:foodistry->food
D:foodists->food
D:foodities->food
D:foodity->food
D:foodival->food
D:foodivents->food
D:foodivities->food
D:foodization->food
D:foodizer->food
D:foodlie->food
D:foodlies->food
D:foodlily->food
D:foodliness->food
D:foodly->food
D:foodmental->food
D:foodments->food
D:foodness->food
D:foodor->food
D:foods->food
D:foodsalary->food
D:foodsales->food
D:foodsalive->food
D:foodsat->food
D:foodsate->food
D:foodse->food
D:foodsealer->food
D:foodsealers->food
D:foodseating->food
D:foodsen->food
D:foodsence->food
D:foodser->food
D:foodserializer->food
D:foodserice->food
D:foodses->food
D:foodship->food
D:foodships->food
D:foodsicanteat->food
D:foodsif->food
D:foodsize->food
D:foodum->food
D:foodus->food
D:fooj->food
D:foojan->food
D:fooje->food
D:foojee->food
D:foojen->food
D:foojs->food
D:foojur->food
D:foosion->food
D:pyramid->pyramid
D:pyramida->pyramid
D:pyramidage->pyramid
D:pyramidagent->pyramid
D:pyramidal->pyramid
D:pyramidale->pyramid
D:pyramidales->pyramid
D:pyramidalis->pyramid
D:pyramidalism->pyramid
D:pyramidalist->pyramid
D:pyramidality->pyramid
D:pyramidalization->pyramid
D:pyramidalizations->pyramid
D:pyramidalized->pyramid
D:pyramidally->pyramid
D:pyramidals->pyramid
D:pyramidd->pyramid
D:pyramidded->pyramid
D:pyramiddental->pyramid
D:pyramide->pyramid
D:pyramided->pyramid
D:pyramiden->pyramid
D:pyramidene->pyramid
D:pyramident->pyramid
D:pyramider->pyramid
D:pyramiders->pyramid
D:pyramides->pyramid
D:pyramidi->pyramid
D:pyramidia->pyramid
D:pyramidial->pyramid
D:pyramidian->pyramid
D:pyramidic->pyramid
D:pyramidical->pyramid
D:pyramidically->pyramid
D:pyramiding->pyramid
D:pyramidings->pyramid
D:pyramidion->pyramid
D:pyramidions->pyramid
D:pyramidis->pyramid
D:pyramidised->pyramid
D:pyramidish->pyramid
D:pyramidism->pyramid
D:pyramidium->pyramid
D:pyramidiums->pyramid
D:pyramidization->pyramid
D:pyramidize->pyramid
D:pyramidized->pyramid
D:pyramidor->pyramid
D:pyramids->pyramid
D:pyramidsen->pyramid
D:pyramidum->pyramid
D:pyramidus->pyramid
<query> usda food pyramid</query><numhits>10</numhits><time>1303</time>
</ATIREsearch>
<ATIREsearch>
D:making->making
D:makinga->making
D:makingalife->making
D:makingaliving->making
D:makingan->making
D:makingat->making
D:makinge->making
D:makinges->making
D:makingfully->making
D:makingg->making
D:makingi->making
D:makingice->making
D:makinging->making
D:makingis->making
D:makingist->making
D:makingly->making
D:makingness->making
D:makingor->making
D:makings->making
D:makingsure->making
D:makingus->making
Q:chicken->chick
D:chick->chick
D:chicka->chick
D:chickabilly->chick
D:chickable->chick
D:chickage->chick
D:chickal->chick
D:chickaleary->chick
D:chickalee->chick
D:chickalistic->chick
D:chickan->chick
D:chickane->chick
D:chickanic->chick
D:chickanis->chick
D:chickans->chick
D:chickar->chick
D:chickaree->chick
D:chickarees->chick
D:chickaris->chick
D:chickars->chick
D:chickat->chick
D:chickatee->chick
D:chickateers->chick
D:chickatees->chick
D:chickator->chick
D:chickatrice->chick
D:chickatrices->chick
D:chicke->chick
D:chickean->chick
D:chicked->chick
D:chickedales->chick
D:chickedee->chick
D:chickeds->chick
D:chickee->chick
D:chickeee->chick
D:chickeeeeee->chick
D:chickees->chick
D:chicken->chick
D:chickenability->chick
D:chickenal->chick
D:chickenales->chick
D:chickenane->chick
D:chickenant->chick
D:chickenary->chick
D:chickenator->chick
D:chickenators->chick
D:chickenatr->chick
D:chickenatrics->chick
D:chickencales->chick
D:chickencat->chick
D:chickenclient->chick
D:chickencory->chick
D:chickene->chick
D:chickeneales->chick
D:chickeneater->chick
D:chickened->chick
D:chickenedales->chick
D:chickeneer->chick
D:chickeneers->chick
D:chickeneing->chick
D:chickenen->chick
D:chickenenenenings->chick
D:chickener->chick
D:chickeners->chick
D:chickeness->chick
D:chickenhood->chick
D:chickenification->chick
D:chickening->chick
D:chickenish->chick
D:chickenism->chick
D:chickenist->chick
D:chickenistan->chick
D:chickenists->chick
D:chickenity->chick
D:chickenivore->chick
D:chickenization->chick
D:chickenize->chick
D:chickenized->chick
D:chickenizing->chick
D:chickenly->chick
D:chickenness->chick
D:chickenor->chick
D:chickens->chick
D:chickenship->chick
D:chickent->chick
D:chickentales->chick
D:chickentreat->chick
D:chickentree->chick
D:chicker->chick
D:chickeree->chick
D:chickering->chick
D:chickerings->chick
D:chickerlye->chick
D:chickers->chick
D:chickerur->chick
D:chickes->chick
D:chickety->chick
D:chickhood->chick
D:chicki->chick
D:chickifer->chick
D:chickification->chick
D:chickified->chick
D:chickify->chick
D:chicking->chick
D:chickinge->chick
D:chickings->chick
D:chickionary->chick
D:chickis->chick
D:chickish->chick
D:chickism->chick
D:chickistan->chick
D:chickity->chick
D:chickivists->chick
D:chicklihoods->chick
D:chickly->chick
D:chickness->chick
D:chickoree->chick
D:chickorees->chick
D:chickorie->chick
D:chickories->chick
D:chickory->chick
D:chicks->chick
D:chicksale->chick
D:chicksales->chick
D:chicksan->chick
D:chicksans->chick
D:chickseat->chick
D:chicksen->chick
D:chicksinger->chick
D:chickth->chick
D:chickum->chick
D:chickus->chick
D:soup->soup
D:soupa->soup
D:soupage->soup
D:soupanatural->soup
D:soupant->soup
D:soupar->soup
D:souparee->soup
D:souparion->soup
D:soupe->soup
D:soupeat->soup
D:soupeater->soup
D:souped->soup
D:soupede->soup
D:soupee->soup
D:soupen->soup
D:soupenator->soup
D:soupene->soup
D:soupent->soup
D:soupente->soup
D:souper->soup
D:soupere->soup
D:souperen->soup
D:souperific->soup
D:souperism->soup
D:soupers->soup
D:soupes->soup
D:soupeur->soup
D:soupful->soup
D:souphood->soup
D:soupi->soup
D:soupia->soup
D:soupians->soup
D:soupic->soup
D:soupif->soup
D:soupification->soup
D:soupifying->soup
D:souping->soup
D:soupionis->soup
D:soupions->soup
D:soupis->soup
D:soupise->soup
D:soupish->soup
D:soupist->soup
D:soupity->soup
D:soupness->soup
D:soupor->soup
D:soupous->soup
D:soupoused->soup
D:soupp->soup
D:souppan->soup
D:souppe->soup
D:soupped->soup
D:soupper->soup
D:souppes->soup
D:soupping->soup
D:souppity->soup
D:soupps->soup
D:soups->soup
D:soupse->soup
D:soupsenator->soup
D:soupses->soup
D:soupus->soup
D:from->from
D:froma->from
D:fromable->from
D:fromag->from
D:fromagarie->from
D:fromage->from
D:fromaged->from
D:fromagee->from
D:fromageeeee->from
D:fromageeeeeeeeeeeee->from
D:fromagees->from
D:fromagely->from
D:fromagent->from
D:fromager->from
D:fromagere->from
D:fromageres->from
D:fromagerics->from
D:fromagerif->from
D:fromagers->from
D:fromages->from
D:fromagical->from
D:fromagistes->from
D:fromal->from
D:fromale->from
D:fromalism->from
D:fromalist->from
D:fromalities->from
D:fromally->from
D:froman->from
D:fromanator->from
D:fromanators->from
D:fromanature->from
D:fromanc->from
D:fromance->from
D:fromancient->from
D:fromancing->from
D:fromanian->from
D:fromanor->from
D:fromans->from
D:fromant->from
D:fromantic->from
D:fromantis->from
D:fromar->from
D:fromare->from
D:fromaris->from
D:fromarises->from
D:fromars->from
D:fromary->from
D:fromat->from
D:fromate->from
D:fromated->from
D:fromatic->from
D:fromation->from
D:fromational->from
D:fromations->from
D:fromative->from
D:fromator->from
D:fromatree->from
D:fromats->from
D:frome->from
D:fromed->from
D:fromeden->from
D:fromee->from
D:fromen->from
D:fromer->from
D:fromerally->from
D:fromerly->from
D:fromers->from
D:fromes->from
D:fromi->from
D:fromia->from
D:fromian->from
D:fromic->from
D:fromice->from
D:fromie->from
D:fromif->from
D:fromiiser->from
D:froming->from
D:fromings->from
D:fromion->from
D:fromions->from
D:fromis->from
D:fromises->from
D:fromish->from
D:fromists->from
D:fromity->from
D:fromly->from
D:fromlying->from
D:fromm->from
D:frommacy->from
D:frommage->from
D:frommager->from
D:frommagic->from
D:frommagical->from
D:frommaging->from
D:frommale->from
D:frommalor->from
D:fromman->from
D:frommanagement->from
D:frommanagers->from
D:frommanaging->from
D:frommans->from
D:frommanually->from
D:frommarie->from
D:frommary->from
D:frommater->from
D:frommaterials->from
D:frommator->from
D:fromme->from
D:frommean->from
D:frommedical->from
D:frommedicean->from
D:frommees->from
D:frommen->from
D:frommeningeal->from
D:frommens->from
D:fromment->from
D:frommental->from
D:frommentee->from
D:frommer->from
D:frommere->from
D:frommeres->from
D:frommerian->from
D:frommeris->from
D:frommers->from
D:frommes->from
D:frommety->from
D:fromming->from
D:fromminger->from
D:frommis->from
D:frommor->from
D:frommoral->from
D:frommore->from
D:frommors->from
D:frommouse->from
D:fromms->from
D:fromor->from
D:fromoriental->from
D:fromorion->from
D:fromors->from
D:fromory->from
D:froms->from
D:fromsal->from
D:fromsale->from
D:fromsales->from
D:fromsan->from
D:fromsane->from
D:fromse->from
D:fromseagate->from
D:fromseal->from
D:fromsee->from
D:fromseeing->from
D:fromsenators->from
D:fromserial->from
D:fromship->from
D:fromships->from
D:fromsing->from
D:fromsize->from
D:fromth->from
D:fromulate->from
D:fromulated->from
D:fromulates->from
D:fromulation->from
D:fromum->from
D:fromur->from
D:fromuranis->from
D:fromure->from
D:fromures->from
D:fromuristring->from
D:fromus->from
D:fromy->from
D:fromyale->from
D:fromyeates->from
D:fromyen->from
D:fromyer->from
D:fromyes->from
D:scratch->scratch
D:scratcha->scratch
D:scratchability->scratch
D:scratchable->scratch
D:scratchables->scratch
D:scratchant->scratch
D:scratchare->scratch
D:scratchator->scratch
D:scratchatory->scratch
D:scratche->scratch
D:scratched->scratch
D:scratchee->scratch
D:scratcheing->scratch
D:scratchen->scratch
D:scratchening->scratch
D:scratcher->scratch
D:scratcherings->scratch
D:scratchers->scratch
D:scratches->scratch
D:scratchety->scratch
D:scratcheurs->scratch
D:scratchi->scratch
D:scratchified->scratch
D:scratching->scratch
D:scratchingfully->scratch
D:scratchingly->scratch
D:scratchings->scratch
D:scratchis->scratch
D:scratchism->scratch
D:scratchisme->scratch
D:scratchity->scratch
D:scratchness->scratch
D:scratchnesses->scratch
D:scratchor->scratch
D:scratchs->scratch
D:scratchum->scratch
D:scratchus->scratch
<query> making chicken soup from scratch</query><numhits>10</numhits><time>4566</time>
</ATIREsearch>
<ATIREsearch>
D:black->black
D:blacka->black
D:blackability->black
D:blackable->black
D:blackacious->black
D:blackage->black
D:blackaged->black
D:blackagency->black
D:blackages->black
D:blackal->black
D:blackalation->black
D:blackalice->black
D:blackalicous->black
D:blackalive->black
D:blackalliance->black
D:blackally->black
D:blackan->black
D:blackanal->black
D:blackanals->black
D:blackanise->black
D:blackanized->black
D:blackant->black
D:blackanteaters->black
D:blackants->black
D:blackarian->black
D:blackarican->black
D:blackaries->black
D:blackaris->black
D:blackarise->black
D:blackat->black
D:blackatan->black
D:blackate->black
D:blackater->black
D:blackating->black
D:blackator->black
D:blackats->black
D:blacke->black
D:blackeage->black
D:blackeal->black
D:blackean->black
D:blackeater->black
D:blacked->black
D:blackeded->black
D:blackeden->black
D:blackeds->black
D:blackee->black
D:blackeee->black
D:blackeees->black
D:blackely->black
D:blacken->black
D:blackenage->black
D:blackenator->black
D:blackene->black
D:blackened->black
D:blackenedice->black
D:blackenedlily->black
D:blackeneds->black
D:blackenened->black
D:blackener->black
D:blackeners->black
D:blackeness->black
D:blackening->black
D:blackenings->black
D:blackenise->black
D:blackenize->black
D:blackenized->black
D:blackenly->black
D:blackens->black
D:blackenship->black
D:blackent->black
D:blackents->black
D:blacker->black
D:blackere->black
D:blackerer->black
D:blackererer->black
D:blackeric->black
D:blackerican->black
D:blackerly->black
D:blackers->black
D:blackes->black
D:blackety->black
D:blackful->black
D:blackfully->black
D:blackhood->black
D:blackhooded->black
D:blackhoods->black
D:blacki->black
D:blackia->black
D:blackian->black
D:blackiblanc->black
D:blackic->black
D:blackican->black
D:blackice->black
D:blackicee->black
D:blackicent->black
D:blackices->black
D:blackicing->black
D:blackif->black
D:blackifian->black
D:blackification->black
D:blackified->black
D:blackify->black
D:blacking->black
D:blackinger->black
D:blackingly->black
D:blackings->black
D:blackion->black
D:blackis->black
D:blackise->black
D:blackised->black
D:blackish->black
D:blackishan->black
D:blackisher->black
D:blackishly->black
D:blackishness->black
D:blackishor->black
D:blackism->black
D:blackisme->black
D:blackisms->black
D:blackist->black
D:blackistan->black
D:blackisted->black
D:blackister->black
D:blackisting->black
D:blackistor->black
D:blackists->black
D:blackity->black
D:blackivory->black
D:blackiz->black
D:blackize->black
D:blacklie->black
D:blacklieder->black
D:blacklies->black
D:blackliion->black
D:blackliist->black
D:blacklilies->black
D:blacklily->black
D:blacklilys->black
D:blackly->black
D:blacklye->black
D:blacklying->black
D:blacklys->black
D:blackness->black
D:blacknesse->black
D:blacknesses->black
D:blackor->black
D:blackore->black
D:blackorean->black
D:blackoreans->black
D:blackored->black
D:blackores->black
D:blackorican->black
D:blackorifice->black
D:blackous->black
D:blackouse->black
D:blacks->black
D:blacksable->black
D:blacksagan->black
D:blacksage->black
D:blacksal->black
D:blacksale->black
D:blacksaler->black
D:blacksally->black
D:blacksan->black
D:blacksat->black
D:blacksatan->black
D:blackse->black
D:blackseal->black
D:blacksealers->black
D:blacksealion->black
D:blackseating->black
D:blackseats->black
D:blacksedan->black
D:blacksee->black
D:blacksen->black
D:blacksenate->black
D:blacksent->black
D:blacksentence->black
D:blackserenity->black
D:blackserial->black
D:blackses->black
D:blackship->black
D:blackshiper->black
D:blackships->black
D:blacksican->black
D:blacksinger->black
D:blacksings->black
D:blacksize->black
D:blacksizes->black
D:blacksly->black
D:blacksness->black
D:blacksure->black
D:blackth->black
D:blackum->black
D:blackurant->black
D:blackurs->black
D:blackus->black
D:and->and
D:anda->and
D:andabil->and
D:andabilities->and
D:andability->and
D:andabl->and
D:andable->and
D:andacious->and
D:andag->and
D:andagan->and
D:andagate->and
D:andage->and
D:andagean->and
D:andaged->and
D:andagencies->and
D:andagency->and
D:andagents->and
D:andages->and
D:andagis->and
D:andagor->and
D:andal->and
D:andalal->and
D:andalan->and
D:andalane->and
D:andale->and
D:andalee->and
D:andaleeee->and
D:andaleer->and
D:andalen->and
D:andalene->and
D:andaler->and
D:andales->and
D:andalic->and
D:andalican->and
D:andalician->and
D:andalicians->and
D:andalife->and
D:andalion->and
D:andalis->and
D:andalise->and
D:andalised->and
D:andalish->and
D:andalism->and
D:andaliv->and
D:andalive->and
D:andalize->and
D:andalliances->and
D:andallied->and
D:andallies->and
D:andally->and
D:andallyousee->and
D:andalous->and
D:andalouse->and
D:andalousean->and
D:andalouses->and
D:andalousian->and
D:andals->and
D:andan->and
D:andanan->and
D:andanate->and
D:andanc->and
D:andance->and
D:andancean->and
D:andanced->and
D:andancer->and
D:andancient->and
D:andane->and
D:andanes->and
D:andaniale->and
D:andanian->and
D:andanions->and
D:andanis->and
D:andanism->and
D:andans->and
D:andant->and
D:andante->and
D:andantee->and
D:andantes->and
D:andantion->and
D:andantory->and
D:andants->and
D:andar->and
D:andaral->and
D:andaran->and
D:andaraning->and
D:andarat->and
D:andare->and
D:andarean->and
D:andared->and
D:andaree->and
D:andareee->and
D:andareeee->and
D:andaren->and
D:andares->and
D:andarial->and
D:andarials->and
D:andarian->and
D:andarians->and
D:andarie->and
D:andarieal->and
D:andarien->and
D:andaries->and
D:andariese->and
D:andaring->and
D:andarion->and
D:andarious->and
D:andaris->and
D:andarist->and
D:andarization->and
D:andarmente->and
D:andarousal->and
D:andars->and
D:andary->and
D:andarys->and
D:andat->and
D:andatable->and
D:andate->and
D:andated->and
D:andatee->and
D:andates->and
D:andating->and
D:andativan->and
D:andative->and
D:andatories->and
D:andatory->and
D:andatree->and
D:andats->and
D:andature->and
D:andd->and
D:anddal->and
D:anddan->and
D:anddance->and
D:anddanceable->and
D:anddanced->and
D:anddancers->and
D:anddancing->and
D:anddanes->and
D:anddanish->and
D:anddate->and
D:anddated->and
D:anddates->and
D:anddating->and
D:andde->and
D:anddeal->and
D:anddealers->and
D:anddealing->and
D:anddean->and
D:andded->and
D:anddedicated->and
D:anddedication->and
D:anddee->and
D:anddeee->and
D:anddeetie->and
D:andden->and
D:anddent->and
D:anddental->and
D:anddents->and
D:andder->and
D:andderal->and
D:andderived->and
D:andders->and
D:anddes->and
D:anddials->and
D:anddiane->and
D:anddiced->and
D:andding->and
D:anddis->and
D:anddisabilities->and
D:anddisability->and
D:anddisabled->and
D:anddished->and
D:anddishes->and
D:anddisorientation->and
D:anddisorients->and
D:anddistance->and
D:anddistances->and
D:anddives->and
D:anddiving->and
D:anddousing->and
D:andds->and
D:anddual->and
D:anddurability->and
D:anddurable->and
D:andduration->and
D:andduring->and
D:ande->and
D:andeager->and
D:andeal->and
D:andean->and
D:andeanist->and
D:andeanists->and
D:andeanization->and
D:andeanizing->and
D:andeans->and
D:andeat->and
D:andeaten->and
D:andeating->and
D:andeats->and
D:anded->and
D:andedan->and
D:andedly->and
D:andee->and
D:andeee->and
D:andeeee->and
D:andeeeee->and
D:andeeeeeeeeeeeee->and
D:andeeeeeers->and
D:andeer->and
D:andeeral->and
D:andeerer->and
D:andeers->and
D:andees->and
D:andeis->and
D:andeity->and
D:andelie->and
D:andelier->and
D:andely->and
D:andelys->and
D:andement->and
D:andements->and
D:anden->and
D:andenable->and
D:andenabling->and
D:andenator->and
D:andencore->and
D:andene->and
D:andener->and
D:andenes->and
D:andenics->and
D:andenis->and
D:andeniste->and
D:andens->and
D:andent->and
D:andente->and
D:andenter->and
D:andentered->and
D:andentering->and
D:andentrances->and
D:andenture->and
D:andentures->and
D:andeor->and
D:ander->and
D:anderage->and
D:anderal->and
D:anderale->and
D:anderan->and
D:anderanic->and
D:anderation->and
D:andere->and
D:andereal->and
D:andered->and
D:anderen->and
D:anderenals->and
D:anderene->and
D:anderer->and
D:anderes->and
D:anderful->and
D:anderial->and
D:anderian->and
D:anderic->and
D:andering->and
D:anderinger->and
D:anderings->and
D:anderion->and
D:anderis->and
D:anderisen->and
D:anderiv->and
D:anderivative->and
D:anderlie->and
D:anderly->and
D:anderment->and
D:anderments->and
D:anderness->and
D:anders->and
D:anderual->and
D:andes->and
D:andeur->and
D:andeure->and
D:andful->and
D:andfully->and
D:andhood->and
D:andhooded->and
D:andi->and
D:andia->and
D:andial->and
D:andian->and
D:andianer->and
D:andianes->and
D:andians->and
D:andible->and
D:andic->and
D:andical->and
D:andican->and
D:andicat->and
D:andications->and
D:andicator->and
D:andice->and
D:andicent->and
D:andices->and
D:andicor->and
D:andicous->and
D:andics->and
D:andif->and
D:andifant->and
D:andife->and
D:andifer->and
D:andifes->and
D:andific->and
D:andifisher->and
D:andify->and
D:anding->and
D:andingaling->and
D:andingeneral->and
D:andinger->and
D:andings->and
D:andion->and
D:andione->and
D:andionene->and
D:andionic->and
D:andionship->and
D:andiqu->and
D:andique->and
D:andiques->and
D:andis->and
D:andisan->and
D:andise->and
D:andised->and
D:andisen->and
D:andisers->and
D:andish->and
D:andishan->and
D:andishane->and
D:andishe->and
D:andishee->and
D:andishere->and
D:andising->and
D:andisman->and
D:andist->and
D:andistante->and
D:anditie->and
D:andities->and
D:andity->and
D:andium->and
D:andiv->and
D:andival->and
D:andivan->and
D:andive->and
D:andivee->and
D:andiven->and
D:andiventures->and
D:andiver->and
D:andives->and
D:andivian->and
D:andivic->and
D:andiviv->and
D:andivory->and
D:andiz->and
D:andizan->and
D:andize->and
D:andized->and
D:andizing->and
D:andizly->and
D:andlie->and
D:andliee->and
D:andlier->and
D:andlies->and
D:andly->and
D:andment->and
D:andmental->and
D:andmentally->and
D:andmentoring->and
D:andments->and
D:andness->and
D:andor->and
D:andorable->and
D:andoral->and
D:andoran->and
D:andoranized->and
D:andorans->and
D:andorat->and
D:andore->and
D:andored->and
D:andoredan->and
D:andoree->and
D:andoren->and
D:andores->and
D:andorful->and
D:andorian->and
D:andorianality->and
D:andorianer->and
D:andorians->and
D:andoric->and
D:andorien->and
D:andorient->and
D:andorientation->and
D:andorion->and
D:andorior->and
D:andoris->and
D:andorlie->and
D:andoror->and
D:andors->and
D:andory->and
D:andous->and
D:ands->and
D:andsage->and
D:andsager->and
D:andsages->and
D:andsal->and
D:andsalable->and
D:andsalary->and
D:andsale->and
D:andsales->and
D:andsally->and
D:andsan->and
D:andsat->and
D:andsatan->and
D:andsaturated->and
D:andse->and
D:andseal->and
D:andsealed->and
D:andsealer->and
D:andseals->and
D:andsean->and
D:andseat->and
D:andsedation->and
D:andsederic->and
D:andsee->and
D:andseee->and
D:andseeee->and
D:andseeing->and
D:andsees->and
D:andseized->and
D:andseizure->and
D:andsen->and
D:andsenate->and
D:andsenator->and
D:andsenators->and
D:andsenor->and
D:andsens->and
D:andsent->and
D:andsentence->and
D:andsentences->and
D:andsentencing->and
D:andser->and
D:andseren->and
D:andserenity->and
D:andserial->and
D:andserializer->and
D:andship->and
D:andshipments->and
D:andships->and
D:andsian->and
D:andsic->and
D:andsinger->and
D:andsingers->and
D:andsize->and
D:andsizeable->and
D:andsizes->and
D:andsizing->and
D:andsor->and
D:andsore->and
D:andsores->and
D:andsur->and
D:andsure->and
D:andsurely->and
D:andth->and
D:andual->and
D:andually->and
D:andul->and
D:andulag->and
D:andulan->and
D:andulating->and
D:andule->and
D:andules->and
D:andulician->and
D:andulisian->and
D:anduls->and
D:andum->and
D:andur->and
D:andural->and
D:anduran->and
D:andurance->and
D:andure->and
D:andured->and
D:anduren->and
D:andurial->and
D:andurian->and
D:andurians->and
D:anduring->and
D:andurion->and
D:anduris->and
D:anduriz->and
D:andurs->and
D:andus->and
D:anj->and
D:anjag->and
D:anjager->and
D:anjal->and
D:anjalan->and
D:anjale->and
D:anjalee->and
D:anjaleee->and
D:anjalene->and
D:anjalic->and
D:anjalis->and
D:anjalisane->and
D:anjalise->and
D:anjalish->and
D:anjally->and
D:anjals->and
D:anjan->and
D:anjanal->and
D:anjanan->and
D:anjane->and
D:anjanee->and
D:anjanis->and
D:anjans->and
D:anjary->and
D:anjat->and
D:anjater->and
D:anjates->and
D:anje->and
D:anjeal->and
D:anjealous->and
D:anjean->and
D:anjed->and
D:anjeder->and
D:anjee->and
D:anjeeal->and
D:anjeer->and
D:anjees->and
D:anjelie->and
D:anjelier->and
D:anjelious->and
D:anjely->and
D:anjen->and
D:anjene->and
D:anjeneral->and
D:anjenic->and
D:anjens->and
D:anjer->and
D:anjere->and
D:anjeric->and
D:anjerous->and
D:anjers->and
D:anjes->and
D:anjeures->and
D:anjiale->and
D:anjian->and
D:anjianing->and
D:anjic->and
D:anjif->and
D:anjing->and
D:anjion->and
D:anjione->and
D:anjis->and
D:anjisan->and
D:anjist->and
D:anjistoric->and
D:anjiv->and
D:anjiz->and
D:anjizal->and
D:anjly->and
D:anjor->and
D:anjoran->and
D:anjore->and
D:anjorie->and
D:anjous->and
D:anjs->and
D:anjual->and
D:anjually->and
D:anjur->and
D:anjuran->and
D:anjure->and
D:anjured->and
D:anjurs->and
D:ansion->and
D:ansionen->and
D:ansionian->and
D:ansionians->and
D:ansionic->and
D:ansionion->and
D:ansionions->and
D:ansionly->and
D:ansions->and
D:ansive->and
D:ansiven->and
D:ansivity->and
D:gold->gold
D:golda->gold
D:goldagan->gold
D:goldagat->gold
D:goldage->gold
D:goldaged->gold
D:goldagers->gold
D:goldal->gold
D:goldale->gold
D:goldalee->gold
D:goldan->gold
D:goldance->gold
D:goldancers->gold
D:goldanizer->gold
D:goldante->gold
D:goldar->gold
D:goldare->gold
D:goldaries->gold
D:goldaris->gold
D:goldarise->gold
D:goldary->gold
D:goldat->gold
D:goldate->gold
D:goldation->gold
D:goldd->gold
D:golddager->gold
D:golddale->gold
D:golddancer->gold
D:goldde->gold
D:golddeal->gold
D:golddealer->gold
D:golddean->gold
D:golddearie->gold
D:golddee->gold
D:goldden->gold
D:golddial->gold
D:golddice->gold
D:golddicer->gold
D:goldding->gold
D:golddinger->gold
D:golddish->gold
D:golddiver->gold
D:golde->gold
D:goldean->gold
D:goldeater->gold
D:golded->gold
D:goldedale->gold
D:goldee->gold
D:goldeee->gold
D:goldeer->gold
D:goldeian->gold
D:goldeings->gold
D:goldeis->gold
D:goldelier->gold
D:golden->gold
D:goldenag->gold
D:goldenage->gold
D:goldenaged->gold
D:goldenagee->gold
D:goldenager->gold
D:goldenagers->gold
D:goldenages->gold
D:goldenale->gold
D:goldenally->gold
D:goldenan->gold
D:goldenat->gold
D:goldenative->gold
D:goldenator->gold
D:goldenc->gold
D:goldencaged->gold
D:goldencages->gold
D:goldencan->gold
D:goldencat->gold
D:goldencent->gold
D:goldencities->gold
D:goldencity->gold
D:goldencoral->gold
D:goldency->gold
D:goldene->gold
D:goldened->gold
D:goldeneden->gold
D:goldeneds->gold
D:goldenee->gold
D:goldenen->gold
D:goldenencore->gold
D:goldener->gold
D:goldenes->gold
D:goldeness->gold
D:goldenessence->gold
D:goldenhood->gold
D:goldenices->gold
D:goldening->gold
D:goldenis->gold
D:goldenish->gold
D:goldenivories->gold
D:goldenize->gold
D:goldenlie->gold
D:goldenlies->gold
D:goldenlily->gold
D:goldenly->gold
D:goldenmentality->gold
D:goldenness->gold
D:goldennesses->gold
D:goldens->gold
D:goldenship->gold
D:goldenships->gold
D:goldent->gold
D:goldentag->gold
D:goldentager->gold
D:goldental->gold
D:goldentales->gold
D:goldentan->gold
D:goldentans->gold
D:goldente->gold
D:goldenteager->gold
D:goldentee->gold
D:goldentent->gold
D:goldenter->gold
D:goldenters->gold
D:goldentifer->gold
D:goldentiser->gold
D:goldentiver->gold
D:goldentizer->gold
D:goldentors->gold
D:goldentran->gold
D:goldentrance->gold
D:goldentree->gold
D:goldentreeag->gold
D:goldentrees->gold
D:golder->gold
D:goldere->gold
D:golderen->gold
D:golderer->gold
D:golderic->gold
D:goldering->gold
D:golderised->gold
D:golders->gold
D:goldes->gold
D:goldeur->gold
D:goldful->gold
D:goldi->gold
D:goldia->gold
D:goldian->gold
D:goldic->gold
D:goldice->gold
D:goldif->gold
D:goldifen->gold
D:goldified->gold
D:goldifish->gold
D:goldify->gold
D:golding->gold
D:goldingale->gold
D:goldinge->gold
D:goldingen->gold
D:goldinger->gold
D:goldingers->gold
D:goldings->gold
D:goldion->gold
D:goldione->gold
D:goldis->gold
D:goldisation->gold
D:goldish->gold
D:goldism->gold
D:goldisms->gold
D:goldist->gold
D:goldistring->gold
D:goldium->gold
D:goldiv->gold
D:goldiver->gold
D:goldization->gold
D:goldized->gold
D:goldizen->gold
D:goldlies->gold
D:goldlily->gold
D:goldlilys->gold
D:goldliness->gold
D:goldly->gold
D:goldlys->gold
D:goldness->gold
D:goldor->gold
D:goldoran->gold
D:goldore->gold
D:goldored->gold
D:goldorerate->gold
D:golds->gold
D:goldsage->gold
D:goldsal->gold
D:goldsalary->gold
D:goldsale->gold
D:goldsaler->gold
D:goldsales->gold
D:goldsan->gold
D:goldsat->gold
D:goldsatish->gold
D:goldse->gold
D:goldseal->gold
D:goldsen->gold
D:goldsentance->gold
D:goldser->gold
D:goldses->gold
D:goldship->gold
D:goldsing->gold
D:goldsinger->gold
D:goldsize->gold
D:goldsizes->gold
D:goldsor->gold
D:goldth->gold
D:goldual->gold
D:goldum->gold
D:goldur->gold
D:goldurs->gold
D:goldus->gold
<query> black and gold</query><numhits>10</numhits><time>5441</time>
</ATIREsearch>
<ATIREsearch>
Q:traverse->traver
D:travera->traver
D:traveri->traver
D:traveria->traver
D:traverred->traver
D:traversability->traver
D:traversable->traver
D:traversables->traver
D:traversal->traver
D:traversale->traver
D:traversally->traver
D:traversals->traver
D:traversant->traver
D:traversante->traver
D:traversary->traver
D:traversat->traver
D:traversate->traver
D:traverse->traver
D:traverseable->traver
D:traverseag->traver
D:traverseagen->traver
D:traversealive->traver
D:traversed->traver
D:traversee->traver
D:traverseenter->traver
D:traversees->traver
D:traverseing->traver
D:traversely->traver
D:traversement->traver
D:traversements->traver
D:traversen->traver
D:traversens->traver
D:traversent->traver
D:traverser->traver
D:traversere->traver
D:traverserent->traver
D:traverserer->traver
D:traverseres->traver
D:traversers->traver
D:traverses->traver
D:traversety->traver
D:traverseur->traver
D:traversian->traver
D:traversianal->traver
D:traversing->traver
D:traversings->traver
D:traversity->traver
D:traversor->traver
D:traverus->traver
D:citianc->city
D:citiate->city
D:citiation->city
D:citiations->city
D:citie->city
D:citiean->city
D:citieans->city
D:citied->city
D:citiee->city
D:citieees->city
D:citiees->city
D:citieis->city
D:citien->city
D:citiens->city
D:citienship->city
D:citient->city
D:citier->city
D:citiere->city
D:citiers->city
D:cities->city
D:citiesalive->city
D:citiesalliance->city
D:citiese->city
D:citiesen->city
D:citieses->city
D:citiesor->city
D:citihood->city
D:citiing->city
D:citiings->city
D:citiis->city
D:citiizans->city
D:citiizen->city
D:citiizens->city
D:citiizenship->city
D:citily->city
D:citiness->city
D:citior->city
D:citious->city
D:citiship->city
D:city->city
D:citya->city
D:cityagencies->city
D:cityagent->city
D:cityal->city
D:cityallie->city
D:cityan->city
D:cityans->city
D:cityar->city
D:cityare->city
D:cityat->city
D:citye->city
D:cityealing->city
D:cityeater->city
D:cityeats->city
D:cityed->city
D:cityeds->city
D:cityee->city
D:cityen->city
D:cityentity->city
D:cityentree->city
D:cityers->city
D:cityes->city
D:cityful->city
D:cityhood->city
D:cityhoods->city
D:cityi->city
D:cityia->city
D:cityian->city
D:cityians->city
D:cityice->city
D:cityif->city
D:citying->city
D:cityis->city
D:cityised->city
D:cityish->city
D:cityism->city
D:cityist->city
D:cityists->city
D:cityity->city
D:cityiv->city
D:cityizen->city
D:cityizens->city
D:citylie->city
D:citylien->city
D:citylilies->city
D:cityly->city
D:cityment->city
D:citymentor->city
D:citymentors->city
D:cityness->city
D:citynesses->city
D:cityor->city
D:citys->city
D:citysage->city
D:citysale->city
D:citysales->city
D:citysan->city
D:citysat->city
D:cityse->city
D:cityseal->city
D:cityseats->city
D:cityseeing->city
D:citysen->city
D:cityses->city
D:cityship->city
D:cityships->city
D:citysingers->city
D:citysize->city
D:cityth->city
D:cityus->city
<query> traverse city</query><numhits>10</numhits><time>1210</time>
</ATIREsearch>
<ATIREsearch>
D:i->i
D:will->will
D:willa->will
D:willabilly->will
D:willable->will
D:willacie->will
D:willacy->will
D:willag->will
D:willage->will
D:willagee->will
D:willagene->will
D:willager->will
D:willagers->will
D:willages->will
D:willal->will
D:willale->will
D:willalee->will
D:willan->will
D:willance->will
D:willancs->will
D:willane->will
D:willaner->will
D:willans->will
D:willant->will
D:willar->will
D:willare->will
D:willaree->will
D:willaren->will
D:willarie->will
D:willars->will
D:willary->will
D:willat->will
D:willation->will
D:willatree->will
D:willats->will
D:wille->will
D:willeagerly->will
D:willean->will
D:willeat->will
D:willed->will
D:willede->will
D:willedee->will
D:willedness->will
D:willee->will
D:willeeee->will
D:willeees->will
D:willees->will
D:willeful->will
D:willeis->will
D:willeisen->will
D:willement->will
D:willen->will
D:willenable->will
D:willence->will
D:willency->will
D:willene->will
D:willened->will
D:willener->will
D:willens->will
D:willent->will
D:willenter->will
D:willenterable->will
D:willer->will
D:willeral->will
D:willere->will
D:willerer->will
D:willering->will
D:willers->will
D:willes->will
D:willety->will
D:willful->will
D:willfulists->will
D:willfully->will
D:willfulness->will
D:willfulnesses->will
D:willfuls->will
D:willhood->will
D:willi->will
D:willia->will
D:willial->will
D:willialal->will
D:williale->will
D:willian->will
D:williane->will
D:willianis->will
D:willians->will
D:willibil->will
D:willibl->will
D:willic->will
D:willice->will
D:willicer->will
D:willicism->will
D:willics->will
D:willicur->will
D:willif->will
D:willife->will
D:willifer->will
D:willified->will
D:willifly->will
D:willifor->will
D:willifors->will
D:willifs->will
D:willing->will
D:willingale->will
D:willingate->will
D:willinge->will
D:willingen->will
D:willingenabler->will
D:willingeness->will
D:willinger->will
D:willingere->will
D:willingers->will
D:willingful->will
D:willingfully->will
D:willinghood->will
D:willinging->will
D:willingingly->will
D:willingingness->will
D:willinglie->will
D:willingliness->will
D:willingly->will
D:willinglye->will
D:willingness->will
D:willingnessability->will
D:willingnesse->will
D:willingnesses->will
D:willings->will
D:willion->will
D:willione->will
D:williones->will
D:willions->will
D:williquis->will
D:willis->will
D:willisan->will
D:willise->will
D:willisee->will
D:willisen->will
D:willises->will
D:willish->will
D:willisian->will
D:willisish->will
D:willisism->will
D:willisisms->will
D:willism->will
D:willismagee->will
D:willisman->will
D:willisme->will
D:willisms->will
D:willisor->will
D:willist->will
D:willistan->will
D:williste->will
D:willisten->will
D:willister->will
D:willistion->will
D:willistor->will
D:willistrat->will
D:willists->will
D:willity->will
D:willitys->will
D:willium->will
D:williums->will
D:williv->will
D:willivan->will
D:willive->will
D:willivee->will
D:williver->will
D:willivs->will
D:williz->will
D:willizee->will
D:willizs->will
D:willl->will
D:willlacy->will
D:willlage->will
D:willlans->will
D:willle->will
D:willled->will
D:willlee->will
D:willlen->will
D:willles->will
D:willlful->will
D:willlian->will
D:willlice->will
D:willlie->will
D:willliee->will
D:willlies->will
D:willlife->will
D:willling->will
D:willlingly->will
D:willlingness->will
D:willlis->will
D:willlism->will
D:willlist->will
D:willlisten->will
D:willlister->will
D:willlive->will
D:willlly->will
D:willls->will
D:willly->will
D:willlys->will
D:willmence->will
D:willment->will
D:willmenter->will
D:willmention->will
D:willments->will
D:willness->will
D:willnesse->will
D:willnessness->will
D:willor->will
D:willorene->will
D:willorie->will
D:willory->will
D:willous->will
D:wills->will
D:willsagen->will
D:willsale->will
D:willsan->will
D:willsat->will
D:willsation->will
D:willse->will
D:willseal->will
D:willseden->will
D:willsee->will
D:willsen->will
D:willserenity->will
D:willsers->will
D:willses->will
D:willship->will
D:willsing->will
D:willsor->will
D:willsure->will
D:willsurely->will
D:willth->will
D:willtie->will
D:willtier->will
D:willty->will
D:willum->will
D:willus->will
Q:survive->surv
D:surv->surv
D:surva->surv
D:survability->surv
D:survage->surv
D:surval->surv
D:survalance->surv
D:survale->surv
D:survaled->surv
D:survalence->surv
D:survalent->surv
D:survalism->surv
D:survalliance->surv
D:survallience->surv
D:survaloriser->surv
D:survan->surv
D:survanal->surv
D:survanc->surv
D:survance->surv
D:survant->surv
D:survants->surv
D:survars->surv
D:survat->surv
D:survatement->surv
D:survation->surv
D:survator->surv
D:surve->surv
D:surveance->surv
D:surved->surv
D:survee->surv
D:surveing->surv
D:surveis->surv
D:surveliance->surv
D:surveliante->surv
D:survelience->surv
D:survely->surv
D:surven->surv
D:survenance->surv
D:survenant->surv
D:survenante->surv
D:survene->surv
D:survened->surv
D:survening->surv
D:survent->surv
D:survente->surv
D:surveor->surv
D:surveors->surv
D:surver->surv
D:survere->surv
D:surverely->surv
D:survering->surv
D:surverly->surv
D:surveror->surv
D:survers->surv
D:surves->surv
D:survi->surv
D:survia->surv
D:survial->surv
D:survialance->surv
D:survialence->surv
D:survialist->surv
D:survialists->surv
D:survibility->surv
D:survical->surv
D:survice->surv
D:surviced->surv
D:survicer->surv
D:survices->surv
D:survicial->surv
D:survicing->surv
D:survicor->surv
D:survifal->surv
D:survife->surv
D:survifing->surv
D:survifor->surv
D:survifors->surv
D:survifur->surv
D:survifurs->surv
D:surving->surv
D:survinging->surv
D:survings->surv
D:survion->surv
D:survis->surv
D:survise->surv
D:survised->surv
D:survises->surv
D:survising->surv
D:survisiz->surv
D:survisor->surv
D:survisors->surv
D:surviv->surv
D:survivability->surv
D:survivable->surv
D:survivables->surv
D:survivablity->surv
D:survivably->surv
D:survival->surv
D:survivalability->surv
D:survivalable->surv
D:survivalating->surv
D:survivale->surv
D:survivaleating->surv
D:survivaled->surv
D:survivalen->surv
D:survivaler->surv
D:survivaling->surv
D:survivalis->surv
D:survivalise->surv
D:survivalism->surv
D:survivalisme->surv
D:survivalist->surv
D:survivaliste->surv
D:survivalistic->surv
D:survivalistics->surv
D:survivalists->surv
D:survivality->surv
D:survivaliz->surv
D:survivals->surv
D:survivalship->surv
D:survivance->surv
D:survivances->surv
D:survivancy->surv
D:survivanor->surv
D:survivant->surv
D:survivante->surv
D:survivantes->surv
D:survivants->surv
D:survive->surv
D:surviveability->surv
D:surviveable->surv
D:surviveablity->surv
D:surviveal->surv
D:survivealive->surv
D:survivealivealice->surv
D:survived->surv
D:survivee->surv
D:surviveee->surv
D:surviveeee->surv
D:surviveeeeeeee->surv
D:surviveeeeeeeeee->surv
D:surviveence->surv
D:surviveer->surv
D:surviveing->surv
D:surviveis->surv
D:surviven->surv
D:survivency->surv
D:survivent->surv
D:surviveor->surv
D:surviver->surv
D:survivered->surv
D:survivers->surv
D:survivership->surv
D:survives->surv
D:survivial->surv
D:survivialism->surv
D:survivialist->surv
D:survivials->surv
D:surviving->surv
D:survivingals->surv
D:survivingancient->surv
D:survivinging->surv
D:survivived->surv
D:surviviving->surv
D:survivivors->surv
D:survivor->surv
D:survivoralliance->surv
D:survivorat->surv
D:survivore->surv
D:survivored->surv
D:survivoree->surv
D:survivores->surv
D:survivorhood->surv
D:survivorians->surv
D:survivoring->surv
D:survivorism->surv
D:survivorist->surv
D:survivorists->surv
D:survivormentors->surv
D:survivors->surv
D:survivorship->surv
D:survivorships->surv
D:survivory->surv
D:survivur->surv
D:survor->surv
D:survors->surv
D:survs->surv
D:survum->surv
D:survur->surv
D:survus->surv
Q:lyrics->lyric
D:lyric->lyric
D:lyrica->lyric
D:lyricagent->lyric
D:lyrical->lyric
D:lyricalality->lyric
D:lyricale->lyric
D:lyricalement->lyric
D:lyricalife->lyric
D:lyricalist->lyric
D:lyricalists->lyric
D:lyricality->lyric
D:lyricaliving->lyric
D:lyricalizer->lyric
D:lyricallies->lyric
D:lyrically->lyric
D:lyricallye->lyric
D:lyricalness->lyric
D:lyricalnesses->lyric
D:lyricals->lyric
D:lyrican->lyric
D:lyricans->lyric
D:lyricar->lyric
D:lyricat->lyric
D:lyrication->lyric
D:lyricator->lyric
D:lyricature->lyric
D:lyrice->lyric
D:lyriceater->lyric
D:lyriced->lyric
D:lyricen->lyric
D:lyricens->lyric
D:lyricenter->lyric
D:lyricer->lyric
D:lyricers->lyric
D:lyrices->lyric
D:lyricful->lyric
D:lyrici->lyric
D:lyricia->lyric
D:lyricial->lyric
D:lyricing->lyric
D:lyricings->lyric
D:lyricis->lyric
D:lyricise->lyric
D:lyricised->lyric
D:lyricises->lyric
D:lyricishness->lyric
D:lyricising->lyric
D:lyricism->lyric
D:lyricisme->lyric
D:lyricisms->lyric
D:lyricist->lyric
D:lyriciste->lyric
D:lyricisted->lyric
D:lyricistities->lyric
D:lyricistizes->lyric
D:lyricists->lyric
D:lyricity->lyric
D:lyricization->lyric
D:lyricize->lyric
D:lyricized->lyric
D:lyricizes->lyric
D:lyricizing->lyric
D:lyricl->lyric
D:lyricle->lyric
D:lyriclee->lyric
D:lyriclly->lyric
D:lyricly->lyric
D:lyricness->lyric
D:lyrics->lyric
D:lyricsal->lyric
D:lyricsale->lyric
D:lyricsat->lyric
D:lyricse->lyric
D:lyricsenable->lyric
D:lyricsian->lyric
D:lyricsinger->lyric
D:lyricsish->lyric
D:lyricsism->lyric
D:lyricsness->lyric
D:lyricule->lyric
D:lyricum->lyric
D:lyricus->lyric
<query> i will survive lyrics</query><numhits>10</numhits><time>4686</time>
</ATIREsearch>
<ATIREsearch>
Q:hawaiian->haway
D:hawaie->haway
D:hawaiee->haway
D:hawaieeeeeeeeeeeeeeeeeeee->haway
D:hawaien->haway
D:hawaiens->haway
D:hawaiial->haway
D:hawaiian->haway
D:hawaiianalife->haway
D:hawaiianation->haway
D:hawaiianer->haway
D:hawaiianers->haway
D:hawaiianish->haway
D:hawaiianism->haway
D:hawaiianization->haway
D:hawaiianize->haway
D:hawaiianized->haway
D:hawaiianly->haway
D:hawaiianness->haway
D:hawaiians->haway
D:hawaiic->haway
D:hawaiican->haway
D:hawaiicanal->haway
D:hawaiicat->haway
D:hawaiicaterers->haway
D:hawaiicats->haway
D:hawaiice->haway
D:hawaiicenter->haway
D:hawaiicenters->haway
D:hawaiicity->haway
D:hawaiicore->haway
D:hawaiifan->haway
D:hawaiifish->haway
D:hawaiifishing->haway
D:hawaiifive->haway
D:hawaiiflyers->haway
D:hawaiifor->haway
D:hawaiion->haway
D:hawaiione->haway
D:hawaiis->haway
D:hawaiisalary->haway
D:hawaiisales->haway
D:hawaiisan->haway
D:hawaiisat->haway
D:hawaiisenate->haway
D:hawaiish->haway
D:hawaiisize->haway
D:hawaiistate->haway
D:hawaiistated->haway
D:hawaiistorage->haway
D:hawaiistories->haway
D:hawaiistory->haway
D:hawaiisur->haway
D:hawaiiv->haway
D:hawaiiviv->haway
D:haway->haway
D:hawaya->haway
D:hawayan->haway
D:hawaye->haway
D:hawayee->haway
D:hawayeere->haway
D:hawayen->haway
D:hawayi->haway
D:haways->haway
D:volcano->volcano
D:volcanoa->volcano
D:volcanoe->volcano
D:volcanoed->volcano
D:volcanoes->volcano
D:volcanoi->volcano
D:volcanoic->volcano
D:volcanoish->volcano
D:volcanoism->volcano
D:volcanos->volcano
D:volcanoseismic->volcano
D:volcanoth->volcano
Q:observatories->observ
D:observ->observ
D:observa->observ
D:observabile->observ
D:observabilities->observ
D:observability->observ
D:observable->observ
D:observablen->observ
D:observableness->observ
D:observables->observ
D:observably->observ
D:observacious->observ
D:observage->observ
D:observal->observ
D:observale->observ
D:observalism->observ
D:observalist->observ
D:observan->observ
D:observanc->observ
D:observance->observ
D:observances->observ
D:observancies->observ
D:observancs->observ
D:observancy->observ
D:observanee->observ
D:observant->observ
D:observante->observ
D:observanter->observ
D:observantes->observ
D:observantis->observ
D:observantist->observ
D:observantists->observ
D:observantly->observ
D:observantness->observ
D:observants->observ
D:observantur->observ
D:observar->observ
D:observaran->observ
D:observaratory->observ
D:observare->observ
D:observareeeeeee->observ
D:observareis->observ
D:observaren->observ
D:observarent->observ
D:observares->observ
D:observarions->observ
D:observaris->observ
D:observarory->observ
D:observary->observ
D:observat->observ
D:observatary->observ
D:observatations->observ
D:observate->observ
D:observated->observ
D:observater->observ
D:observateur->observ
D:observateure->observ
D:observateuren->observ
D:observateurs->observ
D:observatic->observ
D:observatice->observ
D:observatif->observ
D:observating->observ
D:observation->observ
D:observational->observ
D:observationalism->observ
D:observationalist->observ
D:observationalists->observ
D:observationally->observ
D:observationals->observ
D:observationaries->observ
D:observationat->observ
D:observatione->observ
D:observationen->observ
D:observationer->observ
D:observationes->observ
D:observationial->observ
D:observationis->observ
D:observationist->observ
D:observationister->observ
D:observationists->observ
D:observations->observ
D:observatis->observ
D:observative->observ
D:observator->observ
D:observatoral->observ
D:observatoratory->observ
D:observatore->observ
D:observatores->observ
D:observatorial->observ
D:observatorie->observ
D:observatorien->observ
D:observatories->observ
D:observatoris->observ
D:observators->observ
D:observatory->observ
D:observatorys->observ
D:observatration->observ
D:observatrice->observ
D:observatrices->observ
D:observatrion->observ
D:observats->observ
D:observatur->observ
D:observatures->observ
D:observe->observ
D:observeable->observ
D:observeably->observ
D:observeance->observ
D:observeant->observ
D:observeat->observ
D:observeation->observ
D:observed->observ
D:observedat->observ
D:observede->observ
D:observedly->observ
D:observeds->observ
D:observee->observ
D:observeer->observ
D:observees->observ
D:observeing->observ
D:observeis->observ
D:observen->observ
D:observence->observ
D:observences->observ
D:observent->observ
D:observentur->observ
D:observenture->observ
D:observer->observ
D:observerable->observ
D:observeralan->observ
D:observeran->observ
D:observerance->observ
D:observerances->observ
D:observerat->observ
D:observeration->observ
D:observerations->observ
D:observeratory->observ
D:observerats->observ
D:observere->observ
D:observered->observ
D:observeren->observ
D:observerer->observ
D:observerers->observ
D:observeres->observ
D:observerif->observ
D:observering->observ
D:observerions->observ
D:observers->observ
D:observership->observ
D:observerships->observ
D:observes->observ
D:observeship->observ
D:observeur->observ
D:observi->observ
D:observice->observ
D:observiced->observ
D:observices->observ
D:observing->observ
D:observingat->observ
D:observingly->observ
D:observings->observ
D:observions->observ
D:observis->observ
D:observise->observ
D:observism->observ
D:observist->observ
D:observium->observ
D:observive->observ
D:observor->observ
D:observors->observ
D:observorship->observ
D:observorships->observ
D:observory->observ
D:observs->observ
D:observsation->observ
D:observsations->observ
D:observses->observ
<query> hawaiian volcano observatories</query><numhits>10</numhits><time>1045</time>
</ATIREsearch>
<ATIREsearch>
D:beef->beef
D:beefa->beef
D:beefag->beef
D:beefage->beef
D:beefal->beef
D:beefan->beef
D:beefanator->beef
D:beefancy->beef
D:beefans->beef
D:beefater->beef
D:beefe->beef
D:beefeat->beef
D:beefeate->beef
D:beefeated->beef
D:beefeateer->beef
D:beefeater->beef
D:beefeatere->beef
D:beefeaters->beef
D:beefeating->beef
D:beefed->beef
D:beefee->beef
D:beefen->beef
D:beefening->beef
D:beefens->beef
D:beefer->beef
D:beeferater->beef
D:beeferer->beef
D:beefers->beef
D:beefi->beef
D:beefical->beef
D:beeficate->beef
D:beeficating->beef
D:beeficial->beef
D:beefification->beef
D:beefing->beef
D:beefinger->beef
D:beefingly->beef
D:beefis->beef
D:beefish->beef
D:beefism->beef
D:beefist->beef
D:beefity->beef
D:beefive->beef
D:beeflies->beef
D:beefly->beef
D:beeflys->beef
D:beefment->beef
D:beefness->beef
D:beefor->beef
D:beefore->beef
D:beeforee->beef
D:beefors->beef
D:beefs->beef
D:beefsan->beef
D:beefth->beef
D:beefur->beef
D:beefus->beef
D:stroganoff->stroganoff
D:stroganoffed->stroganoff
D:stroganoffians->stroganoff
D:stroganoffs->stroganoff
Q:recipe->recip
D:recip->recip
D:recipa->recip
D:recipage->recip
D:recipages->recip
D:recipal->recip
D:recipals->recip
D:recipants->recip
D:recipator->recip
D:recipe->recip
D:recipeant->recip
D:recipeants->recip
D:recipeat->recip
D:reciped->recip
D:recipede->recip
D:recipedish->recip
D:recipeds->recip
D:recipee->recip
D:recipeee->recip
D:recipeeee->recip
D:recipeeeee->recip
D:recipeeeeee->recip
D:recipeeeeeee->recip
D:recipeeeeeeeee->recip
D:recipeeeeeeeeeee->recip
D:recipeeeeeeeeeeee->recip
D:recipeeeees->recip
D:recipeeees->recip
D:recipeees->recip
D:recipeentice->recip
D:recipeer->recip
D:recipees->recip
D:recipeice->recip
D:recipeiced->recip
D:recipeices->recip
D:recipeicing->recip
D:recipeis->recip
D:recipely->recip
D:recipen->recip
D:recipenat->recip
D:recipenis->recip
D:recipens->recip
D:recipent->recip
D:recipents->recip
D:reciper->recip
D:reciperantis->recip
D:reciperate->recip
D:reciperating->recip
D:reciperatores->recip
D:recipere->recip
D:reciperent->recip
D:reciperes->recip
D:reciperiver->recip
D:recipers->recip
D:recipes->recip
D:recipeship->recip
D:recipi->recip
D:recipical->recip
D:recipicant->recip
D:recipicate->recip
D:recipicates->recip
D:recipicating->recip
D:recipice->recip
D:recipicent->recip
D:recipices->recip
D:recipics->recip
D:reciping->recip
D:recipis->recip
D:recipise->recip
D:recipises->recip
D:recipor->recip
D:reciporated->recip
D:reciporation->recip
D:reciporical->recip
D:reciporicate->recip
D:recipp->recip
D:recippe->recip
D:recippes->recip
D:recips->recip
D:recipse->recip
D:recipses->recip
D:recipulating->recip
D:recipus->recip
<query> beef stroganoff recipe</query><numhits>10</numhits><time>1563</time>
</ATIREsearch>
<ATIREsearch>
D:world->world
D:worlda->world
D:worldag->world
D:worldage->world
D:worldagent->world
D:worldal->world
D:worldales->world
D:worldalliance->world
D:worldan->world
D:worldance->world
D:worldar->world
D:worldare->world
D:worldat->world
D:worldating->world
D:worldation->world
D:worldd->world
D:worlddale->world
D:worlddance->world
D:worlddancer->world
D:worlddate->world
D:worlddates->world
D:worldde->world
D:worlddeal->world
D:worlddealer->world
D:worlddeer->world
D:worlddental->world
D:worlddial->world
D:worlddialer->world
D:worlddist->world
D:worlddistances->world
D:worlddiv->world
D:worlddive->world
D:worlddiving->world
D:worldds->world
D:worlde->world
D:worldeater->world
D:worldeaters->world
D:worldeats->world
D:worlded->world
D:worldedens->world
D:worldedness->world
D:worldee->world
D:worldely->world
D:worlden->world
D:worldenable->world
D:worldent->world
D:worldental->world
D:worldenter->world
D:worldenterer->world
D:worldentities->world
D:worldentity->world
D:worldentre->world
D:worlder->world
D:worlderness->world
D:worlders->world
D:worldes->world
D:worldful->world
D:worldhood->world
D:worldi->world
D:worldia->world
D:worldian->world
D:worldians->world
D:worldif->world
D:worldification->world
D:worldified->world
D:worldify->world
D:worlding->world
D:worldings->world
D:worldis->world
D:worldisalive->world
D:worldisation->world
D:worldisee->world
D:worldish->world
D:worldishere->world
D:worldishly->world
D:worldishouse->world
D:worldism->world
D:worldismagic->world
D:worldisms->world
D:worldist->world
D:worldists->world
D:worldity->world
D:worldiv->world
D:worldive->world
D:worldiver->world
D:worldization->world
D:worldized->world
D:worldizen->world
D:worldizing->world
D:worldlie->world
D:worldlieness->world
D:worldlier->world
D:worldlies->world
D:worldlily->world
D:worldliness->world
D:worldlinesses->world
D:worldly->world
D:worldlyness->world
D:worldlys->world
D:worldmentor->world
D:worldness->world
D:worldor->world
D:worldorientation->world
D:worlds->world
D:worldsagacious->world
D:worldsalaries->world
D:worldsales->world
D:worldsat->world
D:worldsaturated->world
D:worldse->world
D:worldseagate->world
D:worldsee->world
D:worldseeing->world
D:worldsenator->world
D:worldseris->world
D:worldses->world
D:worldship->world
D:worldshiper->world
D:worldships->world
D:worldsif->world
D:worldsinger->world
D:worldsings->world
D:worldsize->world
D:worldsized->world
D:worldsmental->world
D:worldsness->world
D:worldsor->world
D:worldsship->world
D:worldsure->world
D:worldth->world
D:worldus->world
D:s->s
D:biggest->biggest
D:biggesta->biggest
D:biggestal->biggest
D:biggested->biggest
D:biggesten->biggest
D:biggesting->biggest
D:biggestlie->biggest
D:biggestly->biggest
D:biggestness->biggest
D:biggestr->biggest
D:biggestrans->biggest
D:biggestred->biggest
D:biggestriver->biggest
D:biggests->biggest
D:biggestsale->biggest
D:biggestt->biggest
D:dog->dog
<query> world s biggest dog</query><numhits>10</numhits><time>4593</time>
</ATIREsearch>
<ATIREsearch>
D:what->what
D:whata->what
D:whatabilities->what
D:whatability->what
D:whatablag->what
D:whatag->what
D:whatagal->what
D:whatagates->what
D:whatage->what
D:whatagency->what
D:whatal->what
D:whatalif->what
D:whatalife->what
D:whatalifeee->what
D:whatalifeeeee->what
D:whatalisees->what
D:whatan->what
D:whatanice->what
D:whatar->what
D:whatarate->what
D:whatare->what
D:whatareions->what
D:whatarerates->what
D:whatarerice->what
D:whatareuris->what
D:whatariver->what
D:whatat->what
D:whatatane->what
D:whatating->what
D:whatativer->what
D:whatatreat->what
D:whate->what
D:whateat->what
D:whated->what
D:whatee->what
D:whateer->what
D:whateing->what
D:whately->what
D:whatelyan->what
D:whaten->what
D:whatenabled->what
D:whatenc->what
D:whatenter->what
D:whatentered->what
D:whater->what
D:whatere->what
D:whatered->what
D:whaterer->what
D:whateriver->what
D:whaterlily->what
D:whaters->what
D:whatership->what
D:whates->what
D:whateship->what
D:whati->what
D:whatia->what
D:whatican->what
D:whaticant->what
D:whatif->what
D:whatifers->what
D:whatificant->what
D:whatifing->what
D:whatifis->what
D:whatifivanished->what
D:whatifs->what
D:whatify->what
D:whating->what
D:whatings->what
D:whatis->what
D:whatisal->what
D:whatisalife->what
D:whatisallie->what
D:whatisaloring->what
D:whatisan->what
D:whatisanancy->what
D:whatisat->what
D:whatise->what
D:whatisee->what
D:whatish->what
D:whatishere->what
D:whatishistory->what
D:whatishouse->what
D:whatishs->what
D:whatisifs->what
D:whatisiz->what
D:whatisliifee->what
D:whatism->what
D:whatismagic->what
D:whatisme->what
D:whatismean->what
D:whatismore->what
D:whatisms->what
D:whatist->what
D:whatister->what
D:whatistriz->what
D:whative->what
D:whatived->what
D:whativer->what
D:whatiz->what
D:whatizen->what
D:whatizs->what
D:whatlies->what
D:whatly->what
D:whatness->what
D:whatnesses->what
D:whator->what
D:whatr->what
D:whatre->what
D:whatreal->what
D:whatreality->what
D:whatreally->what
D:whatreallylies->what
D:whatrorenis->what
D:whatrs->what
D:whats->what
D:whatsabl->what
D:whatsag->what
D:whatsal->what
D:whatsalary->what
D:whatsalife->what
D:whatsan->what
D:whatsanity->what
D:whatsaryan->what
D:whatsat->what
D:whatsatree->what
D:whatse->what
D:whatseals->what
D:whatsee->what
D:whatsentences->what
D:whatser->what
D:whatsere->what
D:whatsers->what
D:whatses->what
D:whatshood->what
D:whatsif->what
D:whatsiz->what
D:whatsize->what
D:whatsizes->what
D:whatsment->what
D:whatt->what
D:whattable->what
D:whattag->what
D:whattage->what
D:whattagee->what
D:whattale->what
D:whattalent->what
D:whattalife->what
D:whattalion->what
D:whattan->what
D:whattats->what
D:whatte->what
D:whatted->what
D:whattely->what
D:whatten->what
D:whattenant->what
D:whatter->what
D:whatters->what
D:whatth->what
D:whattif->what
D:whatting->what
D:whattorent->what
D:whattr->what
D:whattree->what
D:whatts->what
D:whatule->what
D:whatulive->what
D:whatum->what
D:whatur->what
D:whature->what
D:whatus->what
Q:are->ar
D:ar->ar
D:ara->ar
D:arabil->ar
D:arabile->ar
D:arabilis->ar
D:arability->ar
D:arabilor->ar
D:arabl->ar
D:arablation->ar
D:arable->ar
D:arabler->ar
D:arables->ar
D:arablic->ar
D:arablies->ar
D:arablife->ar
D:arablish->ar
D:arablive->ar
D:arablives->ar
D:arablly->ar
D:arabls->ar
D:arably->ar
D:aracy->ar
D:arag->ar
D:aragal->ar
D:aragalat->ar
D:aragalis->ar
D:aragalive->ar
D:aragalur->ar
D:aragan->ar
D:aragance->ar
D:aragane->ar
D:araganes->ar
D:araganices->ar
D:aragant->ar
D:aragat->ar
D:aragatan->ar
D:aragats->ar
D:arage->ar
D:arageants->ar
D:araged->ar
D:aragee->ar
D:arageeee->ar
D:arageeeeeeeeeeeeeee->ar
D:aragement->ar
D:aragements->ar
D:aragen->ar
D:aragence->ar
D:aragencies->ar
D:aragency->ar
D:aragencys->ar
D:aragene->ar
D:aragenes->ar
D:aragent->ar
D:aragents->ar
D:arager->ar
D:aragere->ar
D:arages->ar
D:aragian->ar
D:araging->ar
D:aragion->ar
D:aragione->ar
D:aragis->ar
D:aragiste->ar
D:aragment->ar
D:aragments->ar
D:aragor->ar
D:aragoran->ar
D:aragous->ar
D:arags->ar
D:aral->ar
D:aralan->ar
D:aralanes->ar
D:aralanis->ar
D:aralans->ar
D:aralary->ar
D:aralat->ar
D:arale->ar
D:araled->ar
D:aralee->ar
D:araleeeeeeeeeee->ar
D:aralen->ar
D:aralene->ar
D:araler->ar
D:arales->ar
D:araliales->ar
D:aralian->ar
D:aralic->ar
D:araling->ar
D:aralion->ar
D:aralis->ar
D:aralive->ar
D:araliz->ar
D:aralliance->ar
D:arallie->ar
D:arallious->ar
D:arally->ar
D:aralor->ar
D:araloran->ar
D:arals->ar
D:aran->ar
D:aranal->ar
D:aranan->ar
D:aranane->ar
D:arananor->ar
D:aranant->ar
D:aranat->ar
D:aranate->ar
D:aranates->ar
D:aranation->ar
D:aranc->ar
D:arance->ar
D:arancedis->ar
D:arances->ar
D:arancie->ar
D:arancion->ar
D:arancione->ar
D:arancy->ar
D:arane->ar
D:araneal->ar
D:aranean->ar
D:araneans->ar
D:aranee->ar
D:araneis->ar
D:araneism->ar
D:aranely->ar
D:aranen->ar
D:araneous->ar
D:araner->ar
D:aranes->ar
D:araneur->ar
D:aranial->ar
D:aranian->ar
D:aranic->ar
D:aranicer->ar
D:aranion->ar
D:aranis->ar
D:aranise->ar
D:aranish->ar
D:araniz->ar
D:aranizer->ar
D:aranizers->ar
D:aranor->ar
D:aranous->ar
D:arans->ar
D:arant->ar
D:arantan->ar
D:arante->ar
D:aranted->ar
D:arantee->ar
D:arantees->ar
D:arantes->ar
D:arantian->ar
D:arantis->ar
D:arantor->ar
D:arantre->ar
D:arants->ar
D:aranual->ar
D:aranur->ar
D:arar->ar
D:araragat->ar
D:araragee->ar
D:araral->ar
D:ararale->ar
D:araran->ar
D:ararant->ar
D:ararat->ar
D:araratatat->ar
D:ararate->ar
D:araratian->ar
D:ararats->ar
D:arare->ar
D:arared->ar
D:araree->ar
D:arareis->ar
D:ararely->ar
D:araren->ar
D:ararene->ar
D:arareness->ar
D:ararens->ar
D:ararental->ar
D:ararer->ar
D:ararian->ar
D:araric->ar
D:ararie->ar
D:araris->ar
D:ararity->ar
D:arariz->ar
D:arars->ar
D:arary->ar
D:araryan->ar
D:ararys->ar
D:arat->ar
D:aratag->ar
D:aratal->ar
D:aratale->ar
D:aratan->ar
D:aratane->ar
D:aratanic->ar
D:aratanis->ar
D:aratat->ar
D:aratatatatatatatatatatatatatatatatatatatatatatatatatatatat->ar
D:aratate->ar
D:aratator->ar
D:arate->ar
D:aratean->ar
D:arated->ar
D:aratee->ar
D:arateis->ar
D:arately->ar
D:araten->ar
D:arateors->ar
D:arater->ar
D:aratere->ar
D:arates->ar
D:aratic->ar
D:aratificial->ar
D:aratifs->ar
D:arating->ar
D:aratings->ar
D:aration->ar
D:arational->ar
D:arationalism->ar
D:arationality->ar
D:arationally->ar
D:arationary->ar
D:aratione->ar
D:arations->ar
D:aratis->ar
D:aratiste->ar
D:aratists->ar
D:arativ->ar
D:arative->ar
D:aratively->ar
D:aratives->ar
D:arator->ar
D:aratores->ar
D:aratorie->ar
D:aratoris->ar
D:arators->ar
D:aratory->ar
D:aratr->ar
D:aratrally->ar
D:aratrans->ar
D:aratris->ar
D:aratrs->ar
D:arats->ar
D:aratual->ar
D:are->ar
D:areabilities->ar
D:areable->ar
D:areag->ar
D:areagal->ar
D:areagan->ar
D:areagate->ar
D:areage->ar
D:areager->ar
D:areagives->ar
D:areal->ar
D:arealat->ar
D:areale->ar
D:arealen->ar
D:arealer->ar
D:arealice->ar
D:arealis->ar
D:arealisation->ar
D:arealise->ar
D:arealiser->ar
D:arealish->ar
D:arealist->ar
D:arealisted->ar
D:arealistener->ar
D:arealistic->ar
D:areality->ar
D:arealive->ar
D:arealization->ar
D:arealized->ar
D:areallie->ar
D:areally->ar
D:arealor->ar
D:arealous->ar
D:areals->ar
D:arean->ar
D:areanal->ar
D:areanational->ar
D:areancient->ar
D:areane->ar
D:areaner->ar
D:areanes->ar
D:areanor->ar
D:areans->ar
D:areant->ar
D:areat->ar
D:areatable->ar
D:areatag->ar
D:areatags->ar
D:areatan->ar
D:areate->ar
D:areated->ar
D:areaten->ar
D:areater->ar
D:areaters->ar
D:areates->ar
D:areating->ar
D:areation->ar
D:areations->ar
D:areative->ar
D:areator->ar
D:areators->ar
D:areatree->ar
D:areatres->ar
D:areature->ar
D:areatures->ar
D:ared->ar
D:aredal->ar
D:aredale->ar
D:aredan->ar
D:aredane->ar
D:aredate->ar
D:arede->ar
D:aredealing->ar
D:areded->ar
D:arededicated->ar
D:arededor->ar
D:aredee->ar
D:aredeities->ar
D:areden->ar
D:aredent->ar
D:aredentists->ar
D:aredere->ar
D:arederived->ar
D:aredes->ar
D:aredian->ar
D:aredicenter->ar
D:areding->ar
D:aredinger->ar
D:aredion->ar
D:aredis->ar
D:aredisabling->ar
D:aredness->ar
D:aredor->ar
D:aredore->ar
D:areds->ar
D:aredurable->ar
D:aree->ar
D:areeable->ar
D:areeager->ar
D:areeating->ar
D:areee->ar
D:areeeane->ar
D:areeee->ar
D:areeeee->ar
D:areeeeee->ar
D:areeeeeee->ar
D:areeeeeeee->ar
D:areeeeeeeee->ar
D:areeeeeeeeee->ar
D:areeeeeeeeeee->ar
D:areeeeeeeeeeee->ar
D:areeeeeeeeeeeee->ar
D:areeeeeeeeeeeeeee->ar
D:areeeeeeeeeeeeeeeeee->ar
D:areeeeeeeeeeeeeeeeeeeee->ar
D:areeeeeeeeeeeeeeeeeeeeeeeee->ar
D:areeeees->ar
D:areeees->ar
D:areeement->ar
D:areeing->ar
D:areeis->ar
D:areement->ar
D:areements->ar
D:areence->ar
D:areent->ar
D:areentering->ar
D:areenticed->ar
D:areer->ar
D:areerat->ar
D:areerate->ar
D:areere->ar
D:areerican->ar
D:areering->ar
D:areers->ar
D:arees->ar
D:areful->ar
D:arefully->ar
D:arehood->ar
D:areial->ar
D:areials->ar
D:areian->ar
D:areic->ar
D:areical->ar
D:areif->ar
D:areing->ar
D:areings->ar
D:areion->ar
D:areions->ar
D:areis->ar
D:areise->ar
D:areised->ar
D:areiser->ar
D:areish->ar
D:areising->ar
D:areisinger->ar
D:areity->ar
D:areiz->ar
D:arelie->ar
D:arelien->ar
D:arelier->ar
D:arelies->ar
D:areliingede->ar
D:areliis->ar
D:arelious->ar
D:arely->ar
D:arelyen->ar
D:arelying->ar
D:arelyishere->ar
D:arelys->ar
D:arement->ar
D:arementally->ar
D:arementioned->ar
D:aren->ar
D:arenabled->ar
D:arenacious->ar
D:arenag->ar
D:arenagal->ar
D:arenagatan->ar
D:arenagate->ar
D:arenagifs->ar
D:arenal->ar
D:arenalat->ar
D:arenale->ar
D:arenales->ar
D:arenalicous->ar
D:arenalife->ar
D:arenaling->ar
D:arenalist->ar
D:arenaliving->ar
D:arenals->ar
D:arenan->ar
D:arenane->ar
D:arenaned->ar
D:arenarie->ar
D:arenaries->ar
D:arenarious->ar
D:arenary->ar
D:arenat->ar
D:arenatag->ar
D:arenation->ar
D:arenational->ar
D:arenatural->ar
D:arenaturally->ar
D:arenaturals->ar
D:arenaturist->ar
D:arenc->ar
D:arence->ar
D:arences->ar
D:arencies->ar
D:arencore->ar
D:arency->ar
D:arene->ar
D:arenean->ar
D:areneans->ar
D:arenee->ar
D:areneee->ar
D:areneis->ar
D:arenen->ar
D:arener->ar
D:arenere->ar
D:arenes->ar
D:areness->ar
D:arenian->ar
D:arenians->ar
D:arenic->ar
D:arenice->ar
D:arening->ar
D:arenis->ar
D:areniv->ar
D:areniz->ar
D:arenizs->ar
D:arenor->ar
D:arenous->ar
D:arens->ar
D:arent->ar
D:arental->ar
D:arentale->ar
D:arentals->ar
D:arente->ar
D:arented->ar
D:arentee->ar
D:arenter->ar
D:arenteral->ar
D:arentes->ar
D:arenthood->ar
D:arentian->ar
D:arenting->ar
D:arention->ar
D:arentis->ar
D:arentity->ar
D:arently->ar
D:arentreal->ar
D:arentree->ar
D:arents->ar
D:areor->ar
D:areoral->ar
D:areore->ar
D:areous->ar
D:arer->ar
D:arerage->ar
D:areral->ar
D:arerary->ar
D:arerated->ar
D:arerationally->ar
D:arerator->ar
D:arere->ar
D:arereal->ar
D:arerealistic->ar
D:arerealities->ar
D:arereality->ar
D:arerealizing->ar
D:arereally->ar
D:arered->ar
D:arerenee->ar
D:arerenes->ar
D:arererere->ar
D:arerial->ar
D:arerian->ar
D:arerican->ar
D:areris->ar
D:arerising->ar
D:arers->ar
D:arerural->ar
D:ares->ar
D:aretie->ar
D:aretien->ar
D:arety->ar
D:areualive->ar
D:areur->ar
D:arful->ar
D:arfully->ar
D:ari->ar
D:aria->ar
D:arial->ar
D:ariale->ar
D:arialed->ar
D:arialee->ar
D:arialees->ar
D:ariales->ar
D:arialing->ar
D:arialis->ar
D:arialist->ar
D:arialize->ar
D:arialized->ar
D:arially->ar
D:arials->ar
D:arian->ar
D:arianable->ar
D:arianag->ar
D:arianagags->ar
D:arianagalante->ar
D:arianal->ar
D:arianalee->ar
D:arianalives->ar
D:arianan->ar
D:ariananance->ar
D:ariananations->ar
D:ariananator->ar
D:arianat->ar
D:arianate->ar
D:arianatene->ar
D:arianateran->ar
D:arianator->ar
D:arianators->ar
D:ariane->ar
D:arianealise->ar
D:arianed->ar
D:arianedenise->ar
D:arianee->ar
D:arianeian->ar
D:arianeized->ar
D:arianen->ar
D:arianenation->ar
D:arianer->ar
D:arianereis->ar
D:arianes->ar
D:arianic->ar
D:arianis->ar
D:arianisation->ar
D:arianise->ar
D:arianism->ar
D:arianist->ar
D:arianistic->ar
D:arianistical->ar
D:arianists->ar
D:arianiv->ar
D:arianization->ar
D:arianizing->ar
D:arians->ar
D:aribil->ar
D:aribl->ar
D:arible->ar
D:aribles->ar
D:aric->ar
D:aricag->ar
D:arical->ar
D:aricals->ar
D:arican->ar
D:aricans->ar
D:aricat->ar
D:arication->ar
D:aricature->ar
D:aricatures->ar
D:arice->ar
D:aricee->ar
D:ariceee->ar
D:aricent->ar
D:aricentric->ar
D:aricer->ar
D:arices->ar
D:arician->ar
D:aricians->ar
D:aricife->ar
D:aricifes->ar
D:aricis->ar
D:aricism->ar
D:ariclie->ar
D:aricor->ar
D:aricore->ar
D:aricoris->ar
D:aricous->ar
D:arics->ar
D:arif->ar
D:arifagic->ar
D:arifal->ar
D:arifan->ar
D:arifanees->ar
D:arifant->ar
D:arifat->ar
D:arifate->ar
D:arife->ar
D:arifede->ar
D:arifen->ar
D:arifer->ar
D:arifes->ar
D:arifian->ar
D:arifiarie->ar
D:arific->ar
D:arifical->ar
D:arification->ar
D:arifice->ar
D:arificer->ar
D:arifices->ar
D:arificial->ar
D:arificially->ar
D:arificials->ar
D:arifie->ar
D:arifien->ar
D:arifing->ar
D:arifis->ar
D:arifor->ar
D:arifs->ar
D:arifur->ar
D:arifure->ar
D:arify->ar
D:aring->ar
D:aringe->ar
D:aringen->ar
D:aringer->ar
D:aringing->ar
D:aringly->ar
D:aringor->ar
D:arings->ar
D:arion->ar
D:arional->ar
D:arionan->ar
D:arione->ar
D:arioner->ar
D:ariones->ar
D:arionic->ar
D:arionics->ar
D:arionis->ar
D:arionly->ar
D:arions->ar
D:ariqu->ar
D:arique->ar
D:ariquiz->ar
D:aris->ar
D:arisal->ar
D:arisales->ar
D:arisan->ar
D:arisanal->ar
D:arisane->ar
D:arisans->ar
D:arisant->ar
D:arisat->ar
D:arisation->ar
D:arise->ar
D:ariseance->ar
D:ariseances->ar
D:ariseancy->ar
D:arised->ar
D:ariseduring->ar
D:ariseeeee->ar
D:arisees->ar
D:ariseif->ar
D:ariseing->ar
D:ariseinge->ar
D:ariseis->ar
D:arisen->ar
D:arisened->ar
D:arisener->ar
D:ariser->ar
D:ariseres->ar
D:arises->ar
D:arish->ar
D:arishag->ar
D:arishal->ar
D:arishant->ar
D:arishat->ar
D:arishe->ar
D:arisher->ar
D:arishes->ar
D:arishioner->ar
D:arishioners->ar
D:arisian->ar
D:arisians->ar
D:arising->ar
D:arisinge->ar
D:arisinging->ar
D:arisings->ar
D:arisisms->ar
D:arisity->ar
D:arisiz->ar
D:arism->ar
D:arisman->ar
D:arismancer->ar
D:arismane->ar
D:arismantis->ar
D:arismatic->ar
D:arisme->ar
D:arismore->ar
D:arisor->ar
D:arisore->ar
D:arist->ar
D:aristabl->ar
D:aristable->ar
D:aristag->ar
D:aristal->ar
D:aristan->ar
D:aristanis->ar
D:aristanship->ar
D:aristant->ar
D:aristat->ar
D:aristatalis->ar
D:aristate->ar
D:aristations->ar
D:ariste->ar
D:aristeale->ar
D:aristean->ar
D:aristed->ar
D:aristede->ar
D:aristedes->ar
D:aristee->ar
D:aristeer->ar
D:aristeian->ar
D:aristeion->ar
D:aristen->ar
D:aristence->ar
D:aristene->ar
D:aristens->ar
D:arister->ar
D:aristerion->ar
D:aristerous->ar
D:aristes->ar
D:aristian->ar
D:aristic->ar
D:aristically->ar
D:aristicats->ar
D:aristice->ar
D:aristife->ar
D:aristion->ar
D:aristis->ar
D:aristisan->ar
D:aristist->ar
D:aristitie->ar
D:aristiv->ar
D:aristiz->ar
D:aristor->ar
D:aristoracy->ar
D:aristorags->ar
D:aristorat->ar
D:aristoratic->ar
D:aristorats->ar
D:aristore->ar
D:aristracy->ar
D:aristrian->ar
D:aristry->ar
D:arists->ar
D:arisualice->ar
D:aritie->ar
D:aritience->ar
D:arities->ar
D:arity->ar
D:arityan->ar
D:arium->ar
D:ariums->ar
D:ariv->ar
D:arival->ar
D:arivalagan->ar
D:arivalan->ar
D:arivale->ar
D:arivalente->ar
D:arivaling->ar
D:arivals->ar
D:arivan->ar
D:arivanan->ar
D:arivane->ar
D:arivante->ar
D:arivat->ar
D:arivatanen->ar
D:arive->ar
D:arived->ar
D:ariveded->ar
D:arivee->ar
D:ariveer->ar
D:ariveing->ar
D:ariven->ar
D:arivene->ar
D:arivenes->ar
D:ariver->ar
D:ariverag->ar
D:arivere->ar
D:ariverent->ar
D:arivers->ar
D:arives->ar
D:arivial->ar
D:arivials->ar
D:arivic->ar
D:arivice->ar
D:arivices->ar
D:ariving->ar
D:arivis->ar
D:arivist->ar
D:ariviste->ar
D:arivived->ar
D:arivives->ar
D:arivs->ar
D:ariz->ar
D:arizal->ar
D:arizale->ar
D:arizals->ar
D:arizan->ar
D:arizanal->ar
D:arizane->ar
D:arizant->ar
D:arizanur->ar
D:arizatalent->ar
D:arizate->ar
D:arization->ar
D:arize->ar
D:arized->ar
D:arizeder->ar
D:arizen->ar
D:arizenly->ar
D:arizer->ar
D:arizers->ar
D:arizes->ar
D:arizian->ar
D:arizing->ar
D:arizion->ar
D:arizis->ar
D:arizor->ar
D:arizore->ar
D:arizs->ar
D:arizur->ar
D:arizures->ar
D:arliant->ar
D:arlie->ar
D:arlied->ar
D:arliee->ar
D:arlieeee->ar
D:arlien->ar
D:arlience->ar
D:arliene->ar
D:arlier->ar
D:arlies->ar
D:arliment->ar
D:arly->ar
D:arlyager->ar
D:arlyan->ar
D:arlyate->ar
D:arlye->ar
D:arlyene->ar
D:arlys->ar
D:armenc->ar
D:armencal->ar
D:armence->ar
D:armency->ar
D:arment->ar
D:armental->ar
D:armentale->ar
D:armentalis->ar
D:armente->ar
D:armented->ar
D:armenteers->ar
D:armenter->ar
D:armenteres->ar
D:armenters->ar
D:armentes->ar
D:armentian->ar
D:armentis->ar
D:armentor->ar
D:armentrant->ar
D:arments->ar
D:arness->ar
D:arnesse->ar
D:arnessed->ar
D:arnessen->ar
D:arnesses->ar
D:arnessing->ar
D:aror->ar
D:arorable->ar
D:arorag->ar
D:aroral->ar
D:aroralif->ar
D:aroran->ar
D:arorat->ar
D:arore->ar
D:arored->ar
D:aroree->ar
D:arores->ar
D:arorier->ar
D:arorise->ar
D:arors->ar
D:arous->ar
D:arousability->ar
D:arousable->ar
D:arousal->ar
D:arousalism->ar
D:arousalist->ar
D:arousals->ar
D:arouse->ar
D:aroused->ar
D:arousedly->ar
D:arouseing->ar
D:arousely->ar
D:arousement->ar
D:arousen->ar
D:arouser->ar
D:arousers->ar
D:arouses->ar
D:arousian->ar
D:arousing->ar
D:arousingly->ar
D:arousings->ar
D:arousment->ar
D:arousual->ar
D:arr->ar
D:arrability->ar
D:arrable->ar
D:arrably->ar
D:arrag->ar
D:arragan->ar
D:arragance->ar
D:arragant->ar
D:arragatans->ar
D:arrage->ar
D:arraged->ar
D:arrageement->ar
D:arragement->ar
D:arragements->ar
D:arragen->ar
D:arragence->ar
D:arragenments->ar
D:arragent->ar
D:arragers->ar
D:arrages->ar
D:arraging->ar
D:arragment->ar
D:arragments->ar
D:arral->ar
D:arrale->ar
D:arralen->ar
D:arralist->ar
D:arrals->ar
D:arran->ar
D:arranage->ar
D:arranaged->ar
D:arranagement->ar
D:arranagements->ar
D:arranages->ar
D:arranagments->ar
D:arranan->ar
D:arranc->ar
D:arrancable->ar
D:arrancables->ar
D:arrancals->ar
D:arrancan->ar
D:arrancary->ar
D:arrancat->ar
D:arrancate->ar
D:arrance->ar
D:arrancen->ar
D:arrancer->ar
D:arrancered->ar
D:arrancers->ar
D:arrances->ar
D:arrancy->ar
D:arrane->ar
D:arraned->ar
D:arranement->ar
D:arranements->ar
D:arraner->ar
D:arraning->ar
D:arraninge->ar
D:arranis->ar
D:arranish->ar
D:arrans->ar
D:arrant->ar
D:arrante->ar
D:arranted->ar
D:arrantes->ar
D:arrantly->ar
D:arrantness->ar
D:arrants->ar
D:arrary->ar
D:arrarys->ar
D:arrat->ar
D:arratan->ar
D:arrate->ar
D:arrated->ar
D:arrates->ar
D:arratic->ar
D:arrating->ar
D:arratings->ar
D:arration->ar
D:arratisur->ar
D:arrative->ar
D:arratives->ar
D:arrator->ar
D:arrators->ar
D:arratr->ar
D:arrats->ar
D:arre->ar
D:arreage->ar
D:arreages->ar
D:arreagments->ar
D:arreal->ar
D:arreally->ar
D:arrean->ar
D:arreaner->ar
D:arreanes->ar
D:arreat->ar
D:arreated->ar
D:arreats->ar
D:arred->ar
D:arredat->ar
D:arredate->ar
D:arredated->ar
D:arredatore->ar
D:arredatrice->ar
D:arredes->ar
D:arredisement->ar
D:arredly->ar
D:arredor->ar
D:arredores->ar
D:arredors->ar
D:arree->ar
D:arreee->ar
D:arreeee->ar
D:arreeeee->ar
D:arreeeeeee->ar
D:arreeeeeeee->ar
D:arreeeeeeeee->ar
D:arreement->ar
D:arreer->ar
D:arrees->ar
D:arreic->ar
D:arreicife->ar
D:arreifes->ar
D:arreion->ar
D:arreis->ar
D:arreise->ar
D:arreist->ar
D:arrelie->ar
D:arreliese->ar
D:arrelious->ar
D:arrely->ar
D:arrelying->ar
D:arren->ar
D:arrencats->ar
D:arrence->ar
D:arrene->ar
D:arrenes->ar
D:arrenian->ar
D:arrenis->ar
D:arrenment->ar
D:arrenor->ar
D:arrens->ar
D:arrent->ar
D:arrental->ar
D:arrentan->ar
D:arrentation->ar
D:arrente->ar
D:arrention->ar
D:arrents->ar
D:arrer->ar
D:arrerage->ar
D:arrerages->ar
D:arrerags->ar
D:arrere->ar
D:arreree->ar
D:arrerency->ar
D:arrerente->ar
D:arreres->ar
D:arrerors->ar
D:arrers->ar
D:arres->ar
D:arretieren->ar
D:arrial->ar
D:arriale->ar
D:arrials->ar
D:arrian->ar
D:arriane->ar
D:arrianee->ar
D:arrianeeee->ar
D:arrianer->ar
D:arrianism->ar
D:arrians->ar
D:arric->ar
D:arrical->ar
D:arricale->ar
D:arricalee->ar
D:arricals->ar
D:arrican->ar
D:arrice->ar
D:arriced->ar
D:arrices->ar
D:arrician->ar
D:arricife->ar
D:arricifes->ar
D:arrics->ar
D:arrif->ar
D:arrifat->ar
D:arrife->ar
D:arrifes->ar
D:arrific->ar
D:arrificially->ar
D:arrifual->ar
D:arring->ar
D:arringatore->ar
D:arringene->ar
D:arringing->ar
D:arrings->ar
D:arrion->ar
D:arrione->ar
D:arrioneee->ar
D:arris->ar
D:arrisal->ar
D:arrisan->ar
D:arrisat->ar
D:arrise->ar
D:arrised->ar
D:arriseing->ar
D:arrisen->ar
D:arrises->ar
D:arrish->ar
D:arrisher->ar
D:arrisian->ar
D:arrising->ar
D:arrisman->ar
D:arristable->ar
D:arristan->ar
D:arristed->ar
D:arrister->ar
D:arristers->ar
D:arristic->ar
D:arristor->ar
D:arrity->ar
D:arriv->ar
D:arrivabile->ar
D:arrivage->ar
D:arrivages->ar
D:arrival->ar
D:arrivale->ar
D:arrivaled->ar
D:arrivales->ar
D:arrivaling->ar
D:arrivalis->ar
D:arrivaliste->ar
D:arrivals->ar
D:arrivan->ar
D:arrivance->ar
D:arrivances->ar
D:arrivant->ar
D:arrivante->ar
D:arrivantes->ar
D:arrivants->ar
D:arrivat->ar
D:arrivate->ar
D:arrive->ar
D:arriveal->ar
D:arrivealiv->ar
D:arrivealive->ar
D:arrivealivede->ar
D:arriveals->ar
D:arriveat->ar
D:arrived->ar
D:arrivedat->ar
D:arrivede->ar
D:arriveder->ar
D:arrivederic->ar
D:arrivedness->ar
D:arriveds->ar
D:arrivee->ar
D:arriveer->ar
D:arrivees->ar
D:arriveing->ar
D:arrively->ar
D:arrivement->ar
D:arriven->ar
D:arrivent->ar
D:arrivents->ar
D:arriver->ar
D:arriverant->ar
D:arrivere->ar
D:arriveren->ar
D:arriverent->ar
D:arriverer->ar
D:arriverial->ar
D:arrivers->ar
D:arrives->ar
D:arrivial->ar
D:arrivials->ar
D:arriving->ar
D:arrivingat->ar
D:arrivingis->ar
D:arrivings->ar
D:arrivions->ar
D:arrivis->ar
D:arrivism->ar
D:arrivisme->ar
D:arrivist->ar
D:arriviste->ar
D:arrivistes->ar
D:arrivity->ar
D:arriviving->ar
D:arrivore->ar
D:arrivs->ar
D:arriz->ar
D:arrizal->ar
D:arrizing->ar
D:arrlie->ar
D:arrly->ar
D:arrment->ar
D:arrness->ar
D:arror->ar
D:arroral->ar
D:arrors->ar
D:arrous->ar
D:arrousal->ar
D:arrousals->ar
D:arrouse->ar
D:arroused->ar
D:arrousement->ar
D:arrouses->ar
D:arrousing->ar
D:arrousment->ar
D:arrs->ar
D:arrur->ar
D:arrure->ar
D:ars->ar
D:arsabl->ar
D:arsag->ar
D:arsagen->ar
D:arsager->ar
D:arsal->ar
D:arsalan->ar
D:arsalane->ar
D:arsalanian->ar
D:arsalans->ar
D:arsalary->ar
D:arsale->ar
D:arsalen->ar
D:arsales->ar
D:arsalion->ar
D:arsalur->ar
D:arsan->ar
D:arsanal->ar
D:arsanale->ar
D:arsanalists->ar
D:arsanate->ar
D:arsane->ar
D:arsanian->ar
D:arsanic->ar
D:arsanis->ar
D:arsans->ar
D:arsat->ar
D:arsate->ar
D:arsatelier->ar
D:arse->ar
D:arseage->ar
D:arseal->ar
D:arsean->ar
D:arseanal->ar
D:arseanistan->ar
D:arseat->ar
D:arseats->ar
D:arsed->ar
D:arsedent->ar
D:arsedly->ar
D:arsedness->ar
D:arsee->ar
D:arseee->ar
D:arseeeee->ar
D:arseeeeeeee->ar
D:arseeing->ar
D:arseely->ar
D:arseer->ar
D:arsees->ar
D:arseful->ar
D:arseic->ar
D:arseing->ar
D:arseish->ar
D:arseishness->ar
D:arseist->ar
D:arseistance->ar
D:arsely->ar
D:arsement->ar
D:arsen->ar
D:arsenal->ar
D:arsenalage->ar
D:arsenale->ar
D:arsenaled->ar
D:arsenaler->ar
D:arsenales->ar
D:arsenalians->ar
D:arsenalic->ar
D:arsenalisation->ar
D:arsenalising->ar
D:arsenalism->ar
D:arsenalist->ar
D:arsenalistical->ar
D:arsenalists->ar
D:arsenality->ar
D:arsenalization->ar
D:arsenalized->ar
D:arsenally->ar
D:arsenals->ar
D:arsenalship->ar
D:arsenant->ar
D:arsenary->ar
D:arsenat->ar
D:arsenate->ar
D:arsenates->ar
D:arsenatian->ar
D:arsenatis->ar
D:arsenator->ar
D:arsenators->ar
D:arsenc->ar
D:arsencal->ar
D:arsene->ar
D:arseneal->ar
D:arsened->ar
D:arsenenal->ar
D:arsenenic->ar
D:arsenenous->ar
D:arseneous->ar
D:arsenes->ar
D:arseness->ar
D:arsenial->ar
D:arsenials->ar
D:arsenian->ar
D:arsenians->ar
D:arsenic->ar
D:arsenical->ar
D:arsenicale->ar
D:arsenicalis->ar
D:arsenicalism->ar
D:arsenicals->ar
D:arsenicate->ar
D:arsenicated->ar
D:arsenice->ar
D:arseniceater->ar
D:arsenicicing->ar
D:arsenicism->ar
D:arsenicity->ar
D:arsenics->ar
D:arsening->ar
D:arsenis->ar
D:arsenise->ar
D:arsenism->ar
D:arsenist->ar
D:arsenists->ar
D:arsenizing->ar
D:arsenly->ar
D:arsenous->ar
D:arsens->ar
D:arsent->ar
D:arsental->ar
D:arsentales->ar
D:arsentate->ar
D:arsenter->ar
D:arsentic->ar
D:arser->ar
D:arserant->ar
D:arsere->ar
D:arserialized->ar
D:arsers->ar
D:arses->ar
D:arseur->ar
D:arship->ar
D:arships->ar
D:arsial->ar
D:arsian->ar
D:arsianian->ar
D:arsians->ar
D:arsic->ar
D:arsice->ar
D:arsif->ar
D:arsifal->ar
D:arsing->ar
D:arsinge->ar
D:arsings->ar
D:arsity->ar
D:arsiz->ar
D:arsize->ar
D:arsizee->ar
D:arsment->ar
D:arsor->ar
D:arsoral->ar
D:arsorie->ar
D:arsur->ar
D:arsurat->ar
D:arsure->ar
D:arsures->ar
D:arth->ar
D:arual->ar
D:arualan->ar
D:aruale->ar
D:arualee->ar
D:arualishere->ar
D:aruals->ar
D:arul->ar
D:arulal->ar
D:arulalan->ar
D:arulan->ar
D:arulanant->ar
D:arule->ar
D:arulee->ar
D:aruler->ar
D:arules->ar
D:arulian->ar
D:arulife->ar
D:aruling->ar
D:arulings->ar
D:arulisms->ar
D:arulized->ar
D:arully->ar
D:aruls->ar
D:arum->ar
D:arur->ar
D:arural->ar
D:aruran->ar
D:aruration->ar
D:arure->ar
D:aruree->ar
D:aruren->ar
D:arurentals->ar
D:arurer->ar
D:arureror->ar
D:arurian->ar
D:arurisan->ar
D:arurizer->ar
D:arus->ar
D:the->the
D:seven->seven
D:sevena->seven
D:sevenage->seven
D:sevenages->seven
D:sevenal->seven
D:sevenality->seven
D:sevenalive->seven
D:sevenans->seven
D:sevenant->seven
D:sevenants->seven
D:sevenar->seven
D:sevenaries->seven
D:sevenars->seven
D:sevenat->seven
D:sevenate->seven
D:sevenatelier->seven
D:sevenation->seven
D:sevenator->seven
D:sevene->seven
D:seveneant->seven
D:sevened->seven
D:seveneden->seven
D:sevenee->seven
D:seveneeeeeee->seven
D:seveneer->seven
D:sevenen->seven
D:sevener->seven
D:seveners->seven
D:sevenes->seven
D:sevenety->seven
D:seveni->seven
D:sevenia->seven
D:sevenian->seven
D:sevenic->seven
D:sevenif->seven
D:sevenify->seven
D:sevening->seven
D:seveningen->seven
D:sevenion->seven
D:sevenis->seven
D:sevenish->seven
D:sevenism->seven
D:sevenist->seven
D:seveniste->seven
D:sevenities->seven
D:sevenity->seven
D:sevenize->seven
D:sevenlies->seven
D:sevenly->seven
D:sevenn->seven
D:sevennation->seven
D:sevennations->seven
D:sevenne->seven
D:sevenner->seven
D:sevennes->seven
D:sevenness->seven
D:sevennial->seven
D:sevennials->seven
D:sevenning->seven
D:sevennity->seven
D:sevenor->seven
D:sevenorients->seven
D:sevens->seven
D:sevensages->seven
D:sevensat->seven
D:sevensatans->seven
D:sevense->seven
D:sevenseals->seven
D:sevenseat->seven
D:sevenseater->seven
D:sevenseaters->seven
D:sevensee->seven
D:sevensen->seven
D:sevensent->seven
D:sevensentences->seven
D:sevenserene->seven
D:sevenses->seven
D:sevenship->seven
D:sevensian->seven
D:sevensize->seven
D:sevensor->seven
D:seventh->seven
D:sevenum->seven
D:sevenus->seven
Q:deadly->dead
D:dead->dead
D:deada->dead
D:deadage->dead
D:deadagent->dead
D:deadal->dead
D:deadale->dead
D:deadalene->dead
D:deadalic->dead
D:deadalice->dead
D:deadalicee->dead
D:deadalife->dead
D:deadalist->dead
D:deadalive->dead
D:deadally->dead
D:deadance->dead
D:deadans->dead
D:deadant->dead
D:deadante->dead
D:deadants->dead
D:deadar->dead
D:deadare->dead
D:deadarerising->dead
D:deadarlie->dead
D:deadat->dead
D:deadd->dead
D:deaddancer->dead
D:deaddancers->dead
D:deaddancing->dead
D:deaddante->dead
D:deaddate->dead
D:deadde->dead
D:deaddealer->dead
D:deaddeals->dead
D:deaddeer->dead
D:deaddemented->dead
D:deadden->dead
D:deadder->dead
D:deaddere->dead
D:deadding->dead
D:deaddis->dead
D:deaddiver->dead
D:deaddly->dead
D:deaddors->dead
D:deade->dead
D:deadeater->dead
D:deaded->dead
D:deadeded->dead
D:deadedness->dead
D:deadee->dead
D:deadeee->dead
D:deadely->dead
D:deaden->dead
D:deadened->dead
D:deadenedness->dead
D:deadeneds->dead
D:deadeneing->dead
D:deadener->dead
D:deadeners->dead
D:deadening->dead
D:deadeningly->dead
D:deadenings->dead
D:deadenly->dead
D:deadens->dead
D:deader->dead
D:deaderer->dead
D:deaderific->dead
D:deadering->dead
D:deaders->dead
D:deadership->dead
D:deades->dead
D:deadeur->dead
D:deadful->dead
D:deadfully->dead
D:deadfulness->dead
D:deadfuls->dead
D:deadhood->dead
D:deadi->dead
D:deadia->dead
D:deadian->dead
D:deadicate->dead
D:deadicated->dead
D:deadicates->dead
D:deadicating->dead
D:deadication->dead
D:deadications->dead
D:deadice->dead
D:deadif->dead
D:deadified->dead
D:deadify->dead
D:deadifying->dead
D:deading->dead
D:deadingly->dead
D:deadings->dead
D:deadis->dead
D:deadisalive->dead
D:deadish->dead
D:deadishly->dead
D:deadism->dead
D:deadist->dead
D:deadisticism->dead
D:deadists->dead
D:deadity->dead
D:deadivan->dead
D:deadlie->dead
D:deadlien->dead
D:deadlieness->dead
D:deadliens->dead
D:deadlier->dead
D:deadlies->dead
D:deadlihood->dead
D:deadliife->dead
D:deadlily->dead
D:deadliness->dead
D:deadlinesses->dead
D:deadly->dead
D:deadlyalive->dead
D:deadlyalliance->dead
D:deadlye->dead
D:deadlyer->dead
D:deadlyful->dead
D:deadlying->dead
D:deadlyish->dead
D:deadlyist->dead
D:deadlyity->dead
D:deadlylies->dead
D:deadlyness->dead
D:deadlys->dead
D:deadment->dead
D:deadmentales->dead
D:deadness->dead
D:deadnesse->dead
D:deadnesses->dead
D:deador->dead
D:deadoralive->dead
D:deadore->dead
D:deadores->dead
D:deadororalive->dead
D:deads->dead
D:deadsatan->dead
D:deadse->dead
D:deadseal->dead
D:deadsed->dead
D:deadsedatives->dead
D:deadsee->dead
D:deadsenator->dead
D:deadsent->dead
D:deadser->dead
D:deadserenity->dead
D:deadship->dead
D:deadships->dead
D:deadsinger->dead
D:deadsor->dead
D:deadsure->dead
D:deadth->dead
D:deadul->dead
D:deadum->dead
D:deadus->dead
D:sins->sins
D:sinsa->sins
D:sinsal->sins
D:sinsales->sins
D:sinsan->sins
D:sinsane->sins
D:sinsaneeeeeee->sins
D:sinsanity->sins
D:sinsar->sins
D:sinsarat->sins
D:sinsare->sins
D:sinsarity->sins
D:sinsatan->sins
D:sinsate->sins
D:sinsation->sins
D:sinsational->sins
D:sinsationalist->sins
D:sinsationally->sins
D:sinsations->sins
D:sinse->sins
D:sinsed->sins
D:sinsee->sins
D:sinseee->sins
D:sinseeeeee->sins
D:sinseer->sins
D:sinseerly->sins
D:sinseized->sins
D:sinsen->sins
D:sinsenal->sins
D:sinsenor->sins
D:sinsens->sins
D:sinser->sins
D:sinserance->sins
D:sinsere->sins
D:sinserely->sins
D:sinserene->sins
D:sinserity->sins
D:sinserly->sins
D:sinsers->sins
D:sinses->sins
D:sinsi->sins
D:sinsia->sins
D:sinsibility->sins
D:sinsible->sins
D:sinsibles->sins
D:sinsical->sins
D:sinsice->sins
D:sinsicity->sins
D:sinsing->sins
D:sinsinger->sins
D:sinsingly->sins
D:sinsis->sins
D:sinsity->sins
D:sinsize->sins
D:sinsor->sins
D:sinsory->sins
D:sinsual->sins
D:sinsualities->sins
D:sinsuality->sins
D:sinsulated->sins
D:sinsulation->sins
D:sinsuran->sins
D:sinsurance->sins
D:sinsure->sins
D:sinsurely->sins
D:sinsurence->sins
D:sinsus->sins
<query> what are the seven deadly sins</query><numhits>10</numhits><time>10307</time>
</ATIREsearch>
<ATIREsearch>
Q:hurricane->hurr
D:hurr->hurr
D:hurra->hurr
D:hurrable->hurr
D:hurran->hurr
D:hurrance->hurr
D:hurrane->hurr
D:hurrans->hurr
D:hurrant->hurr
D:hurrar->hurr
D:hurrat->hurr
D:hurratan->hurr
D:hurrate->hurr
D:hurre->hurr
D:hurrealism->hurr
D:hurred->hurr
D:hurredly->hurr
D:hurree->hurr
D:hurreee->hurr
D:hurreicane->hurr
D:hurreiz->hurr
D:hurren->hurr
D:hurrens->hurr
D:hurrent->hurr
D:hurrer->hurr
D:hurres->hurr
D:hurri->hurr
D:hurria->hurr
D:hurrian->hurr
D:hurriane->hurr
D:hurrianes->hurr
D:hurrianized->hurr
D:hurrians->hurr
D:hurrible->hurr
D:hurribly->hurr
D:hurric->hurr
D:hurrical->hurr
D:hurrican->hurr
D:hurricanation->hurr
D:hurricance->hurr
D:hurricances->hurr
D:hurricane->hurr
D:hurricaneage->hurr
D:hurricanealee->hurr
D:hurricaneally->hurr
D:hurricaned->hurr
D:hurricanedeee->hurr
D:hurricanedisater->hurr
D:hurricanedivers->hurr
D:hurricanedoris->hurr
D:hurricanee->hurr
D:hurricaneeee->hurr
D:hurricanees->hurr
D:hurricanelie->hurr
D:hurricanelily->hurr
D:hurricanene->hurr
D:hurricaneorient->hurr
D:hurricaner->hurr
D:hurricanered->hurr
D:hurricanes->hurr
D:hurricaneship->hurr
D:hurricanic->hurr
D:hurricaning->hurr
D:hurricanish->hurr
D:hurricanizing->hurr
D:hurricans->hurr
D:hurricant->hurr
D:hurricante->hurr
D:hurricat->hurr
D:hurrication->hurr
D:hurrice->hurr
D:hurriceane->hurr
D:hurricen->hurr
D:hurricene->hurr
D:hurrician->hurr
D:hurriciane->hurr
D:hurricore->hurr
D:hurrifane->hurr
D:hurring->hurr
D:hurringly->hurr
D:hurrion->hurr
D:hurriquane->hurr
D:hurris->hurr
D:hurrisane->hurr
D:hurrish->hurr
D:hurrishane->hurr
D:hurristat->hurr
D:hurrivane->hurr
D:hurrly->hurr
D:hurror->hurr
D:hurrr->hurr
D:hurrreee->hurr
D:hurrrican->hurr
D:hurrricance->hurr
D:hurrricane->hurr
D:hurrricanes->hurr
D:hurrring->hurr
D:hurrrs->hurr
D:hurrs->hurr
D:hurrse->hurr
D:hurrul->hurr
D:hurrum->hurr
D:hurrur->hurr
Q:irene->ir
D:ir->ir
D:ira->ir
D:irabile->ir
D:irabilis->ir
D:irable->ir
D:iracie->ir
D:iracious->ir
D:iracy->ir
D:irag->ir
D:iragal->ir
D:iragale->ir
D:iragan->ir
D:iragane->ir
D:iragans->ir
D:iragary->ir
D:iragation->ir
D:irage->ir
D:iraged->ir
D:iragen->ir
D:iragent->ir
D:irager->ir
D:iragis->ir
D:iragistan->ir
D:iragiving->ir
D:irags->ir
D:iral->ir
D:iralatif->ir
D:irale->ir
D:iralee->ir
D:iraleer->ir
D:iralen->ir
D:iralene->ir
D:iralian->ir
D:iralic->ir
D:iralice->ir
D:iralife->ir
D:iralis->ir
D:iralivant->ir
D:irally->ir
D:irals->ir
D:iran->ir
D:iranag->ir
D:iranal->ir
D:iranalive->ir
D:iranalliance->ir
D:iranan->ir
D:iranancy->ir
D:irananian->ir
D:irananians->ir
D:iranans->ir
D:iranat->ir
D:iranation->ir
D:iranc->ir
D:irance->ir
D:irancer->ir
D:irancity->ir
D:iranciv->ir
D:irancurated->ir
D:irancy->ir
D:irane->ir
D:iraneal->ir
D:iranean->ir
D:iraned->ir
D:iranedee->ir
D:iranee->ir
D:iraneee->ir
D:iranens->ir
D:iranent->ir
D:iraneous->ir
D:iraner->ir
D:iranere->ir
D:iraners->ir
D:iraniales->ir
D:iranian->ir
D:iranianalliances->ir
D:iranianants->ir
D:iraniane->ir
D:iranianes->ir
D:iranianhood->ir
D:iranianis->ir
D:iranianism->ir
D:iranianists->ir
D:iranianization->ir
D:iranianized->ir
D:iranianness->ir
D:iranians->ir
D:iranic->ir
D:iranically->ir
D:iranican->ir
D:iranicised->ir
D:iranicization->ir
D:iraning->ir
D:iranion->ir
D:iranis->ir
D:iranisation->ir
D:iranise->ir
D:iranish->ir
D:iranisher->ir
D:iranisized->ir
D:iranism->ir
D:iranisme->ir
D:iranist->ir
D:iranistan->ir
D:iranistanian->ir
D:iranistanis->ir
D:iranistics->ir
D:iranists->ir
D:iraniz->ir
D:iranization->ir
D:iranize->ir
D:iranized->ir
D:iranizes->ir
D:iranor->ir
D:irans->ir
D:irant->ir
D:irantalent->ir
D:irante->ir
D:iranter->ir
D:irantre->ir
D:irants->ir
D:irar->ir
D:iraran->ir
D:irarator->ir
D:irare->ir
D:irarely->ir
D:irarian->ir
D:irarif->ir
D:irarion->ir
D:irary->ir
D:irat->ir
D:iratability->ir
D:iratable->ir
D:iratalive->ir
D:iratan->ir
D:iratate->ir
D:iratated->ir
D:iratating->ir
D:iratation->ir
D:irate->ir
D:iratean->ir
D:irated->ir
D:iratedly->ir
D:irateee->ir
D:irately->ir
D:iraten->ir
D:iratenate->ir
D:iratenation->ir
D:irateness->ir
D:irater->ir
D:irates->ir
D:irateship->ir
D:iratic->ir
D:iratically->ir
D:iraticate->ir
D:irating->ir
D:iratings->ir
D:iration->ir
D:irational->ir
D:irationale->ir
D:irationalists->ir
D:irationality->ir
D:irationally->ir
D:irations->ir
D:iratis->ir
D:irator->ir
D:irators->ir
D:iratory->ir
D:irats->ir
D:ire->ir
D:ireagan->ir
D:ireagent->ir
D:ireal->ir
D:ireale->ir
D:ireales->ir
D:irealice->ir
D:irealisation->ir
D:irealise->ir
D:irealised->ir
D:irealises->ir
D:irealish->ir
D:irealist->ir
D:irealistically->ir
D:ireality->ir
D:irealizabile->ir
D:irealization->ir
D:irealize->ir
D:irealized->ir
D:ireally->ir
D:irean->ir
D:ireane->ir
D:ireanian->ir
D:ireans->ir
D:ireat->ir
D:ireate->ir
D:ireated->ir
D:ireation->ir
D:ireative->ir
D:ired->ir
D:iredal->ir
D:iredale->ir
D:iredales->ir
D:iredant->ir
D:iredate->ir
D:irede->ir
D:iredentism->ir
D:ireder->ir
D:iredes->ir
D:iredial->ir
D:irediz->ir
D:iredness->ir
D:iredor->ir
D:ireds->ir
D:iree->ir
D:ireee->ir
D:ireeee->ir
D:ireeeee->ir
D:ireeics->ir
D:ireely->ir
D:ireer->ir
D:ireere->ir
D:irees->ir
D:ireful->ir
D:irefully->ir
D:irefulness->ir
D:ireif->ir
D:ireifs->ir
D:ireion->ir
D:ireis->ir
D:ireise->ir
D:ireish->ir
D:irelious->ir
D:irely->ir
D:irelys->ir
D:irement->ir
D:irements->ir
D:iren->ir
D:irenable->ir
D:irenan->ir
D:irenat->ir
D:irenc->ir
D:irence->ir
D:irene->ir
D:ireneablen->ir
D:irenealice->ir
D:irenean->ir
D:ireneat->ir
D:irened->ir
D:irenedale->ir
D:irenee->ir
D:ireneee->ir
D:ireneeee->ir
D:ireneeeee->ir
D:ireneeeeeeee->ir
D:ireneeeeeeeeeee->ir
D:ireneeish->ir
D:irenees->ir
D:ireneic->ir
D:ireneing->ir
D:ireneis->ir
D:ireneish->ir
D:ireneism->ir
D:irenen->ir
D:irenene->ir
D:irenenenene->ir
D:irenenenenenenene->ir
D:irenens->ir
D:irenental->ir
D:irener->ir
D:irenerene->ir
D:irenerenee->ir
D:ireners->ir
D:irenes->ir
D:ireness->ir
D:irenian->ir
D:irenic->ir
D:irenical->ir
D:irenicality->ir
D:irenically->ir
D:irenice->ir
D:irenicism->ir
D:irenicist->ir
D:irenics->ir
D:irening->ir
D:irenion->ir
D:irenis->ir
D:irenism->ir
D:irenist->ir
D:irenor->ir
D:irens->ir
D:irent->ir
D:irental->ir
D:irentation->ir
D:irente->ir
D:irented->ir
D:irenters->ir
D:irentity->ir
D:irents->ir
D:irenur->ir
D:irer->ir
D:ireracy->ir
D:irerator->ir
D:irere->ir
D:ireren->ir
D:irerer->ir
D:ireric->ir
D:irers->ir
D:ires->ir
D:irety->ir
D:ireur->ir
D:iri->ir
D:iria->ir
D:irial->ir
D:irialis->ir
D:irials->ir
D:irian->ir
D:iriane->ir
D:irianian->ir
D:irianians->ir
D:irianis->ir
D:irians->ir
D:iribl->ir
D:irible->ir
D:iric->ir
D:irical->ir
D:irican->ir
D:iricat->ir
D:irice->ir
D:iricen->ir
D:irician->ir
D:iricif->ir
D:iricis->ir
D:iricism->ir
D:iricor->ir
D:irics->ir
D:irif->ir
D:irifat->ir
D:irife->ir
D:irific->ir
D:irifien->ir
D:iriflyer->ir
D:iring->ir
D:iringal->ir
D:iringan->ir
D:iringer->ir
D:irings->ir
D:irion->ir
D:irione->ir
D:irionial->ir
D:irionic->ir
D:irionically->ir
D:irioning->ir
D:irions->ir
D:iriqu->ir
D:irique->ir
D:iriquis->ir
D:iris->ir
D:irisable->ir
D:irisagent->ir
D:irisan->ir
D:irisanian->ir
D:irisant->ir
D:irisary->ir
D:irisate->ir
D:irisated->ir
D:irisation->ir
D:irisations->ir
D:irise->ir
D:irised->ir
D:irisee->ir
D:iriseeeeee->ir
D:irisees->ir
D:irisen->ir
D:irisene->ir
D:irisent->ir
D:irisentore->ir
D:iriser->ir
D:iriseren->ir
D:irises->ir
D:irish->ir
D:irishalan->ir
D:irishalice->ir
D:irishalized->ir
D:irishate->ir
D:irishe->ir
D:irished->ir
D:irisheeees->ir
D:irisheees->ir
D:irishees->ir
D:irishen->ir
D:irisher->ir
D:irishers->ir
D:irishes->ir
D:irishian->ir
D:irishicing->ir
D:irishing->ir
D:irishionary->ir
D:irishis->ir
D:irishisation->ir
D:irishise->ir
D:irishised->ir
D:irishish->ir
D:irishism->ir
D:irishisms->ir
D:irishistable->ir
D:irishize->ir
D:irishized->ir
D:irishizes->ir
D:irishlily->ir
D:irishly->ir
D:irishment->ir
D:irishness->ir
D:irishouse->ir
D:irishs->ir
D:irisian->ir
D:irisianian->ir
D:irisians->ir
D:irisice->ir
D:irising->ir
D:irisisms->ir
D:irisize->ir
D:irisized->ir
D:irislily->ir
D:irislys->ir
D:irism->ir
D:irismagic->ir
D:irisman->ir
D:irismanager->ir
D:irismancer->ir
D:irismarie->ir
D:irismariee->ir
D:irismary->ir
D:irisme->ir
D:irismedical->ir
D:irismeee->ir
D:irismes->ir
D:irismishly->ir
D:irismist->ir
D:irisness->ir
D:irisor->ir
D:irist->ir
D:iristable->ir
D:iristal->ir
D:iristan->ir
D:iriste->ir
D:iristen->ir
D:iristist->ir
D:iristory->ir
D:irium->ir
D:iriv->ir
D:irival->ir
D:irivals->ir
D:irivan->ir
D:irive->ir
D:iriven->ir
D:iriver->ir
D:irivers->ir
D:iriving->ir
D:irivs->ir
D:iriz->ir
D:irizan->ir
D:irizans->ir
D:irizary->ir
D:irization->ir
D:irize->ir
D:irized->ir
D:irizer->ir
D:irizs->ir
D:irlie->ir
D:irliee->ir
D:irliene->ir
D:irly->ir
D:irment->ir
D:irmentor->ir
D:irness->ir
D:iror->ir
D:irore->ir
D:iroren->ir
D:irorer->ir
D:irorere->ir
D:irorers->ir
D:irors->ir
D:irous->ir
D:irr->ir
D:irrability->ir
D:irrably->ir
D:irrag->ir
D:irragate->ir
D:irragated->ir
D:irragates->ir
D:irragation->ir
D:irral->ir
D:irralee->ir
D:irran->ir
D:irranional->ir
D:irrant->ir
D:irrantant->ir
D:irrantional->ir
D:irrantionally->ir
D:irrat->ir
D:irratabile->ir
D:irratability->ir
D:irratable->ir
D:irratably->ir
D:irratant->ir
D:irratants->ir
D:irratate->ir
D:irratated->ir
D:irratatedly->ir
D:irratates->ir
D:irratating->ir
D:irratatingly->ir
D:irratation->ir
D:irratations->ir
D:irratative->ir
D:irratator->ir
D:irrate->ir
D:irrated->ir
D:irratedly->ir
D:irrateing->ir
D:irrately->ir
D:irraten->ir
D:irrateness->ir
D:irratered->ir
D:irrates->ir
D:irratian->ir
D:irratianal->ir
D:irratic->ir
D:irratical->ir
D:irratically->ir
D:irraticate->ir
D:irraticated->ir
D:irratice->ir
D:irraticly->ir
D:irrating->ir
D:irration->ir
D:irrationabile->ir
D:irrationabiles->ir
D:irrationabilis->ir
D:irrationable->ir
D:irrationably->ir
D:irrational->ir
D:irrationalagent->ir
D:irrationalality->ir
D:irrationale->ir
D:irrationalen->ir
D:irrationaler->ir
D:irrationales->ir
D:irrationalis->ir
D:irrationalised->ir
D:irrationalising->ir
D:irrationalism->ir
D:irrationalisme->ir
D:irrationalismness->ir
D:irrationalisms->ir
D:irrationalist->ir
D:irrationalistic->ir
D:irrationalists->ir
D:irrationalities->ir
D:irrationality->ir
D:irrationalitys->ir
D:irrationalization->ir
D:irrationalize->ir
D:irrationalized->ir
D:irrationalizer->ir
D:irrationalizes->ir
D:irrationalizing->ir
D:irrationally->ir
D:irrationalness->ir
D:irrationalor->ir
D:irrationals->ir
D:irrationate->ir
D:irrationational->ir
D:irrationial->ir
D:irrationing->ir
D:irrationional->ir
D:irrations->ir
D:irrative->ir
D:irrator->ir
D:irratrion->ir
D:irratrors->ir
D:irre->ir
D:irreagal->ir
D:irreal->ir
D:irreale->ir
D:irrealen->ir
D:irrealer->ir
D:irreales->ir
D:irrealis->ir
D:irrealisabile->ir
D:irrealisable->ir
D:irrealisables->ir
D:irrealism->ir
D:irrealisme->ir
D:irrealist->ir
D:irrealiste->ir
D:irrealistee->ir
D:irrealistic->ir
D:irrealistics->ir
D:irrealists->ir
D:irrealities->ir
D:irreality->ir
D:irrealivent->ir
D:irrealizable->ir
D:irrealized->ir
D:irreally->ir
D:irrealmente->ir
D:irrealur->ir
D:irrean->ir
D:irreanism->ir
D:irreanist->ir
D:irreanists->ir
D:irreatations->ir
D:irreatically->ir
D:irreating->ir
D:irreational->ir
D:irred->ir
D:irrede->ir
D:irredencie->ir
D:irredent->ir
D:irredente->ir
D:irredentism->ir
D:irredentist->ir
D:irredentistes->ir
D:irredentists->ir
D:irredents->ir
D:irredes->ir
D:irredicent->ir
D:irreds->ir
D:irree->ir
D:irreeal->ir
D:irreis->ir
D:irreistable->ir
D:irren->ir
D:irrence->ir
D:irrenceders->ir
D:irrency->ir
D:irrene->ir
D:irrenness->ir
D:irrent->ir
D:irrentional->ir
D:irrer->ir
D:irrerate->ir
D:irrereable->ir
D:irres->ir
D:irretientur->ir
D:irretier->ir
D:irric->ir
D:irrican->ir
D:irricure->ir
D:irrifation->ir
D:irrifence->ir
D:irrific->ir
D:irring->ir
D:irringation->ir
D:irrion->ir
D:irris->ir
D:irrisation->ir
D:irrisen->ir
D:irriseris->ir
D:irrish->ir
D:irrishe->ir
D:irrishness->ir
D:irrismics->ir
D:irrisming->ir
D:irrisor->ir
D:irrisorie->ir
D:irrist->ir
D:irristable->ir
D:irristably->ir
D:irristat->ir
D:irristatic->ir
D:irrististable->ir
D:irritiate->ir
D:irritiated->ir
D:irritiates->ir
D:irritiating->ir
D:irritiation->ir
D:irritiations->ir
D:irritieren->ir
D:irriv->ir
D:irrivalent->ir
D:irrive->ir
D:irriverence->ir
D:irriverent->ir
D:irriverente->ir
D:irriving->ir
D:irrizary->ir
D:irrly->ir
D:irror->ir
D:irrorage->ir
D:irroratalis->ir
D:irrorate->ir
D:irrorated->ir
D:irroration->ir
D:irroratis->ir
D:irrorator->ir
D:irrored->ir
D:irroring->ir
D:irrors->ir
D:irrs->ir
D:irrur->ir
D:irs->ir
D:irsag->ir
D:irsal->ir
D:irsales->ir
D:irsally->ir
D:irsan->ir
D:irsat->ir
D:irse->ir
D:irseal->ir
D:irsean->ir
D:irsed->ir
D:irsee->ir
D:irseer->ir
D:irseiser->ir
D:irsen->ir
D:irsenee->ir
D:irsens->ir
D:irser->ir
D:irses->ir
D:irship->ir
D:irsic->ir
D:irsicans->ir
D:irsif->ir
D:irsing->ir
D:irsish->ir
D:irsity->ir
D:irsize->ir
D:irslie->ir
D:irsliens->ir
D:irsly->ir
D:irsur->ir
D:irsurance->ir
D:irth->ir
D:irual->ir
D:irul->ir
D:irulan->ir
D:irulanan->ir
D:irulanian->ir
D:irulant->ir
D:irulats->ir
D:irule->ir
D:iruled->ir
D:iruleing->ir
D:irulen->ir
D:irulence->ir
D:irulent->ir
D:iruler->ir
D:irules->ir
D:irulian->ir
D:iruling->ir
D:irully->ir
D:iruls->ir
D:irum->ir
D:irur->ir
D:irural->ir
D:irure->ir
D:iruren->ir
D:irus->ir
Q:flooding->flood
D:flood->flood
D:flooda->flood
D:floodability->flood
D:floodable->flood
D:floodage->flood
D:floodagent->flood
D:floodant->flood
D:floodar->flood
D:floodarly->flood
D:floodat->flood
D:floodater->flood
D:floodd->flood
D:floodded->flood
D:floodding->flood
D:floodds->flood
D:floode->flood
D:flooded->flood
D:floodeded->flood
D:floodedness->flood
D:floodeds->flood
D:floodee->flood
D:floodening->flood
D:floodentities->flood
D:flooder->flood
D:flooders->flood
D:floodes->flood
D:floodeur->flood
D:floodeurs->flood
D:floodi->flood
D:floodia->flood
D:floodian->flood
D:floodians->flood
D:flooding->flood
D:floodingagent->flood
D:floodingis->flood
D:floodings->flood
D:floodion->flood
D:floodis->flood
D:floodish->flood
D:floodor->flood
D:floods->flood
D:floodship->flood
D:floodsurant->flood
D:floodurance->flood
D:floodus->flood
D:flooj->flood
D:in->in
D:ina->in
D:inabil->in
D:inabile->in
D:inabilene->in
D:inabilitie->in
D:inabilities->in
D:inability->in
D:inabilitys->in
D:inabl->in
D:inablative->in
D:inable->in
D:inabled->in
D:inabler->in
D:inablers->in
D:inables->in
D:inabliity->in
D:inabling->in
D:inablities->in
D:inablity->in
D:inably->in
D:inag->in
D:inagalur->in
D:inagan->in
D:inagate->in
D:inage->in
D:inageants->in
D:inaged->in
D:inagee->in
D:inagen->in
D:inagenary->in
D:inagencies->in
D:inagency->in
D:inagencys->in
D:inagent->in
D:inagents->in
D:inages->in
D:inagiceat->in
D:inagif->in
D:inaging->in
D:inagist->in
D:inagivity->in
D:inagualable->in
D:inagural->in
D:inaguraling->in
D:inagurally->in
D:inagurate->in
D:inagurated->in
D:inagurates->in
D:inagurating->in
D:inaguration->in
D:inagurational->in
D:inagurations->in
D:inagure->in
D:inaguree->in
D:inagurual->in
D:inagururation->in
D:inal->in
D:inalal->in
D:inalan->in
D:inalater->in
D:inalation->in
D:inalatore->in
D:inalatorie->in
D:inale->in
D:inaleable->in
D:inalee->in
D:inalen->in
D:inalenable->in
D:inaler->in
D:inalers->in
D:inalian->in
D:inalianable->in
D:inalice->in
D:inaling->in
D:inalion->in
D:inalis->in
D:inalisan->in
D:inalise->in
D:inalising->in
D:inalisme->in
D:inalist->in
D:inalists->in
D:inality->in
D:inalive->in
D:inalize->in
D:inalized->in
D:inalizing->in
D:inalliance->in
D:inallienable->in
D:inally->in
D:inals->in
D:inan->in
D:inanacies->in
D:inanage->in
D:inanal->in
D:inanan->in
D:inanance->in
D:inananities->in
D:inanate->in
D:inanator->in
D:inanc->in
D:inance->in
D:inanced->in
D:inancer->in
D:inances->in
D:inancial->in
D:inancially->in
D:inancials->in
D:inancient->in
D:inancier->in
D:inanciers->in
D:inancing->in
D:inancs->in
D:inancy->in
D:inane->in
D:inanely->in
D:inaneness->in
D:inanenly->in
D:inaner->in
D:inanes->in
D:inanicion->in
D:inanis->in
D:inanisme->in
D:inanisms->in
D:inanitiate->in
D:inanitiation->in
D:inanitie->in
D:inanities->in
D:inanity->in
D:inanly->in
D:inans->in
D:inant->in
D:inante->in
D:inantly->in
D:inantor->in
D:inants->in
D:inanual->in
D:inanuran->in
D:inar->in
D:inarable->in
D:inarage->in
D:inaral->in
D:inaran->in
D:inare->in
D:inareal->in
D:inareality->in
D:inared->in
D:inaree->in
D:inares->in
D:inarial->in
D:inarian->in
D:inarians->in
D:inariants->in
D:inarily->in
D:inaring->in
D:inarion->in
D:inaris->in
D:inarisan->in
D:inarishian->in
D:inariv->in
D:inarization->in
D:inarly->in
D:inars->in
D:inarual->in
D:inary->in
D:inaryal->in
D:inat->in
D:inatal->in
D:inatalation->in
D:inatan->in
D:inatance->in
D:inatances->in
D:inatant->in
D:inatantan->in
D:inatantly->in
D:inate->in
D:inateate->in
D:inated->in
D:inatee->in
D:inately->in
D:inateness->in
D:inatent->in
D:inatention->in
D:inatentive->in
D:inatentiveness->in
D:inater->in
D:inaterantionalizing->in
D:inateration->in
D:inaterative->in
D:inaterlieren->in
D:inates->in
D:inatial->in
D:inatialization->in
D:inatialize->in
D:inatials->in
D:inating->in
D:inatingiveis->in
D:ination->in
D:inational->in
D:inationality->in
D:inations->in
D:inatis->in
D:inative->in
D:inatives->in
D:inatment->in
D:inator->in
D:inatorer->in
D:inators->in
D:inatory->in
D:inatrance->in
D:inatree->in
D:inatrice->in
D:inats->in
D:inatur->in
D:inatural->in
D:inaturalist->in
D:inaturate->in
D:inature->in
D:inatures->in
D:ine->in
D:ineag->in
D:ineagan->in
D:ineage->in
D:ineages->in
D:ineal->in
D:inealal->in
D:inean->in
D:ineans->in
D:ineant->in
D:inearyal->in
D:ineat->in
D:ineater->in
D:ineatial->in
D:ineatialization->in
D:ineation->in
D:ined->in
D:inedable->in
D:inedal->in
D:inedale->in
D:inede->in
D:ineded->in
D:ineden->in
D:inedentors->in
D:inederal->in
D:inedes->in
D:inedian->in
D:inedians->in
D:inedic->in
D:inedicabilis->in
D:inedicated->in
D:inedicator->in
D:inedices->in
D:inedione->in
D:inedis->in
D:inedly->in
D:ineds->in
D:inee->in
D:ineeal->in
D:ineee->in
D:ineeee->in
D:ineeeee->in
D:ineeeeee->in
D:ineeeeeeeeeeeeeeeeee->in
D:ineeeeees->in
D:ineeeees->in
D:ineeees->in
D:ineeeral->in
D:ineees->in
D:ineer->in
D:ineeral->in
D:ineereal->in
D:ineerial->in
D:ineering->in
D:ineers->in
D:ineerual->in
D:inees->in
D:ineial->in
D:ineian->in
D:ineians->in
D:ineicator->in
D:ineice->in
D:ineing->in
D:ineis->in
D:ineist->in
D:inelie->in
D:inelior->in
D:inelious->in
D:inely->in
D:inelyal->in
D:inement->in
D:inements->in
D:inen->in
D:inenable->in
D:inenabled->in
D:inenc->in
D:inence->in
D:inences->in
D:inene->in
D:inener->in
D:inenes->in
D:ineness->in
D:inens->in
D:inent->in
D:inental->in
D:inentals->in
D:inente->in
D:inented->in
D:inenten->in
D:inenter->in
D:inentered->in
D:inentical->in
D:inentification->in
D:inenting->in
D:inentingen->in
D:inentings->in
D:inention->in
D:inentional->in
D:inentionalizing->in
D:inentionally->in
D:inentions->in
D:inentity->in
D:inentive->in
D:inentives->in
D:inently->in
D:inentor->in
D:inentory->in
D:inents->in
D:inentured->in
D:ineor->in
D:ineoral->in
D:ineory->in
D:ineous->in
D:iner->in
D:ineral->in
D:inerale->in
D:inerales->in
D:ineralize->in
D:ineralized->in
D:inerals->in
D:ineran->in
D:inerancy->in
D:inerane->in
D:inerant->in
D:ineraries->in
D:inerary->in
D:inerat->in
D:inerate->in
D:ineration->in
D:inerative->in
D:inere->in
D:inereal->in
D:inered->in
D:inereeal->in
D:inereial->in
D:inerely->in
D:inerency->in
D:inerenship->in
D:inerent->in
D:inerente->in
D:inerentemente->in
D:inerentes->in
D:inerers->in
D:ineres->in
D:inereual->in
D:inerial->in
D:ineric->in
D:inering->in
D:ineris->in
D:inerized->in
D:inerly->in
D:inerment->in
D:inerness->in
D:iners->in
D:inerual->in
D:inerural->in
D:ines->in
D:inetiative->in
D:inetie->in
D:inety->in
D:ineual->in
D:ineualities->in
D:ineuality->in
D:ineur->in
D:ineural->in
D:ineurance->in
D:ineurances->in
D:ineure->in
D:ineurence->in
D:inful->in
D:infulance->in
D:infulanced->in
D:infulances->in
D:infulat->in
D:infulation->in
D:infule->in
D:infulence->in
D:infulenced->in
D:infulencers->in
D:infulences->in
D:infulencing->in
D:infulential->in
D:infulenting->in
D:infulis->in
D:infully->in
D:inhood->in
D:ini->in
D:inia->in
D:inial->in
D:inialantic->in
D:inialation->in
D:inializater->in
D:inialization->in
D:inialize->in
D:inialized->in
D:inializer->in
D:inializes->in
D:inializing->in
D:inially->in
D:inian->in
D:inianeural->in
D:inians->in
D:inibility->in
D:inic->in
D:inical->in
D:inicals->in
D:inican->in
D:inicans->in
D:inicat->in
D:inicate->in
D:inicated->in
D:inicates->in
D:inicating->in
D:inication->in
D:inications->in
D:inicative->in
D:inicator->in
D:inicators->in
D:inice->in
D:inicence->in
D:inicent->in
D:inicentally->in
D:inicenter->in
D:inicentives->in
D:inicents->in
D:inicere->in
D:inices->in
D:iniceties->in
D:inicety->in
D:inicial->in
D:iniciale->in
D:iniciales->in
D:inicialice->in
D:inicialisation->in
D:inicializable->in
D:inicialize->in
D:inicialized->in
D:inicializes->in
D:inicializing->in
D:inicially->in
D:inicialment->in
D:inicialmente->in
D:inicials->in
D:inician->in
D:inicing->in
D:inicion->in
D:inicis->in
D:inicist->in
D:inicistes->in
D:inicity->in
D:inicore->in
D:inics->in
D:inif->in
D:inifant->in
D:inifat->in
D:inife->in
D:inifee->in
D:inifer->in
D:inifes->in
D:inifial->in
D:inification->in
D:inifie->in
D:inifien->in
D:inifieneure->in
D:inifif->in
D:inifity->in
D:inifor->in
D:iniforis->in
D:inifors->in
D:inify->in
D:inifye->in
D:ining->in
D:iningatan->in
D:ininge->in
D:iningen->in
D:ininger->in
D:inings->in
D:inion->in
D:inionat->in
D:inione->in
D:inions->in
D:iniqu->in
D:inique->in
D:iniquely->in
D:iniquement->in
D:iniqueness->in
D:iniques->in
D:iniquis->in
D:iniquitie->in
D:iniquities->in
D:iniquitious->in
D:iniquity->in
D:iniquitys->in
D:iniquous->in
D:inis->in
D:inisan->in
D:inisance->in
D:inisane->in
D:inisatif->in
D:inise->in
D:inisen->in
D:inisene->in
D:inisent->in
D:iniser->in
D:iniserable->in
D:inises->in
D:inish->in
D:inishal->in
D:inishals->in
D:inishative->in
D:inishe->in
D:inished->in
D:inishee->in
D:inisheer->in
D:inisher->in
D:inishere->in
D:inishers->in
D:inishes->in
D:inishial->in
D:inishials->in
D:inishing->in
D:inisial->in
D:inisialer->in
D:inisiales->in
D:inisials->in
D:inisian->in
D:inisians->in
D:inisife->in
D:inising->in
D:inism->in
D:inismag->in
D:inismean->in
D:inismor->in
D:inismore->in
D:inisms->in
D:inist->in
D:inistal->in
D:inistance->in
D:inistances->in
D:inistantaneously->in
D:inistate->in
D:inistated->in
D:inistatr->in
D:iniste->in
D:inisteal->in
D:inisted->in
D:inistee->in
D:inistent->in
D:inister->in
D:inisterial->in
D:inistering->in
D:inisters->in
D:inistials->in
D:inistian->in
D:inisting->in
D:inistismizene->in
D:inistore->in
D:inistories->in
D:inistr->in
D:inistrat->in
D:inistration->in
D:inistrations->in
D:inistrative->in
D:inistrator->in
D:inistrators->in
D:inistre->in
D:inistries->in
D:inistrife->in
D:inistring->in
D:inistrings->in
D:inistry->in
D:inists->in
D:inisurance->in
D:initiant->in
D:initianted->in
D:initianten->in
D:initiantion->in
D:initiantive->in
D:initiants->in
D:initiantur->in
D:initiary->in
D:initiat->in
D:initiatable->in
D:initiatally->in
D:initiatated->in
D:initiatates->in
D:initiatation->in
D:initiate->in
D:initiated->in
D:initiateded->in
D:initiatedor->in
D:initiateds->in
D:initiatee->in
D:initiatees->in
D:initiateion->in
D:initiately->in
D:initiater->in
D:initiaters->in
D:initiates->in
D:initiateship->in
D:initiateur->in
D:initiateurs->in
D:initiatial->in
D:initiatialisation->in
D:initiatialization->in
D:initiatialize->in
D:initiatially->in
D:initiatian->in
D:initiatic->in
D:initiatically->in
D:initiatices->in
D:initiatics->in
D:initiatif->in
D:initiating->in
D:initiation->in
D:initiational->in
D:initiationary->in
D:initiationen->in
D:initiationis->in
D:initiations->in
D:initiatism->in
D:initiativ->in
D:initiativate->in
D:initiative->in
D:initiativean->in
D:initiatived->in
D:initiativeee->in
D:initiativees->in
D:initiatively->in
D:initiativen->in
D:initiativeness->in
D:initiativer->in
D:initiativers->in
D:initiatives->in
D:initiativism->in
D:initiativists->in
D:initiativity->in
D:initiativs->in
D:initiatization->in
D:initiatizer->in
D:initiatizes->in
D:initiatly->in
D:initiator->in
D:initiatore->in
D:initiatoren->in
D:initiatorial->in
D:initiatoric->in
D:initiatories->in
D:initiatorily->in
D:initiators->in
D:initiatory->in
D:initiatred->in
D:initiatrice->in
D:initiatrices->in
D:initiats->in
D:initie->in
D:initiealization->in
D:initieated->in
D:initied->in
D:initiee->in
D:initiees->in
D:initien->in
D:initient->in
D:initier->in
D:initierat->in
D:initierats->in
D:initiere->in
D:initierede->in
D:initieren->in
D:initieres->in
D:initiering->in
D:initieringen->in
D:inities->in
D:initiial->in
D:initiialisation->in
D:initiialization->in
D:initiialize->in
D:initiially->in
D:initiials->in
D:initiing->in
D:initiingness->in
D:initiings->in
D:initiis->in
D:initiivan->in
D:initiivat->in
D:initiizes->in
D:initily->in
D:initiual->in
D:initiualization->in
D:initiualize->in
D:inity->in
D:inityal->in
D:inityalization->in
D:inityial->in
D:initys->in
D:inium->in
D:iniums->in
D:iniv->in
D:inival->in
D:inivan->in
D:inivation->in
D:inivational->in
D:inivations->in
D:inivative->in
D:inivatives->in
D:inivator->in
D:inivators->in
D:inive->in
D:inived->in
D:iniven->in
D:iniveous->in
D:iniver->in
D:iniverity->in
D:inives->in
D:inivis->in
D:inivitiatives->in
D:inivorous->in
D:inivory->in
D:inivs->in
D:iniz->in
D:inizan->in
D:inizations->in
D:inize->in
D:inized->in
D:inizen->in
D:inizer->in
D:iniziale->in
D:inizialization->in
D:inizialize->in
D:inizialized->in
D:inizializers->in
D:inizializing->in
D:inizialmente->in
D:inizing->in
D:inizion->in
D:inlie->in
D:inlied->in
D:inlien->in
D:inliens->in
D:inlier->in
D:inliers->in
D:inlies->in
D:inlilies->in
D:inly->in
D:inlyed->in
D:inlying->in
D:inlys->in
D:inmence->in
D:inment->in
D:inmental->in
D:inmentioned->in
D:inmentionence->in
D:inmentioning->in
D:inn->in
D:innabilene->in
D:innabilis->in
D:innability->in
D:innable->in
D:innables->in
D:innag->in
D:innage->in
D:innages->in
D:innagural->in
D:innagurate->in
D:innagurated->in
D:innagurates->in
D:innaguration->in
D:innagurators->in
D:innal->in
D:innale->in
D:innalif->in
D:innalife->in
D:innalive->in
D:innaliving->in
D:innally->in
D:innan->in
D:innane->in
D:innanee->in
D:innanely->in
D:innanen->in
D:innaneness->in
D:innanities->in
D:innanity->in
D:innant->in
D:innante->in
D:innantes->in
D:innary->in
D:innat->in
D:innatant->in
D:innate->in
D:innated->in
D:innately->in
D:innateness->in
D:innatention->in
D:innatentive->in
D:innatentiveness->in
D:innates->in
D:innatic->in
D:innational->in
D:innations->in
D:innatism->in
D:innatist->in
D:innatists->in
D:innative->in
D:innativism->in
D:innativity->in
D:innatore->in
D:innators->in
D:innatreeeeee->in
D:innatur->in
D:innatural->in
D:innaturale->in
D:innaturalis->in
D:innaturalism->in
D:innaturally->in
D:innaturalmente->in
D:innature->in
D:innatures->in
D:inne->in
D:inneal->in
D:innealan->in
D:innean->in
D:inneans->in
D:inneat->in
D:inneats->in
D:inned->in
D:innee->in
D:inneee->in
D:inneeee->in
D:inneeeee->in
D:inneeist->in
D:inneer->in
D:inneeral->in
D:innees->in
D:inneist->in
D:inneity->in
D:innen->in
D:innens->in
D:innent->in
D:innente->in
D:innentions->in
D:innentors->in
D:innents->in
D:innenturen->in
D:inner->in
D:innerage->in
D:inneral->in
D:inneralice->in
D:inneran->in
D:innerancy->in
D:inneranists->in
D:innerant->in
D:innerantist->in
D:innerantly->in
D:innerary->in
D:innere->in
D:innereal->in
D:innered->in
D:innereds->in
D:innereiserer->in
D:inneren->in
D:innerent->in
D:innerente->in
D:innerer->in
D:innererer->in
D:innereriz->in
D:inneres->in
D:innerial->in
D:innering->in
D:inneringen->in
D:innerings->in
D:innerise->in
D:innerish->in
D:innerism->in
D:innerly->in
D:innerlying->in
D:innerlyly->in
D:innermentalist->in
D:innerness->in
D:innerorat->in
D:inners->in
D:innerual->in
D:innes->in
D:inness->in
D:innesse->in
D:innessence->in
D:innesses->in
D:innety->in
D:inneural->in
D:inniales->in
D:innially->in
D:innians->in
D:innic->in
D:innice->in
D:innicence->in
D:innicent->in
D:innicents->in
D:innicial->in
D:innicially->in
D:innicials->in
D:innicor->in
D:innif->in
D:innifer->in
D:innificantly->in
D:inning->in
D:inningen->in
D:inninger->in
D:inningers->in
D:innings->in
D:innion->in
D:innionis->in
D:innions->in
D:innis->in
D:innise->in
D:innisen->in
D:innisent->in
D:innisful->in
D:innish->in
D:innisheer->in
D:innisher->in
D:innisian->in
D:innismere->in
D:innismish->in
D:innismore->in
D:innister->in
D:innistor->in
D:innistr->in
D:innistree->in
D:innisture->in
D:innitiate->in
D:innitiated->in
D:innitiates->in
D:innitiating->in
D:innitiation->in
D:innitiativ->in
D:innitiative->in
D:innitiatives->in
D:innitiator->in
D:innitiators->in
D:innities->in
D:innity->in
D:inniv->in
D:innivated->in
D:innivating->in
D:innivation->in
D:innivations->in
D:innivative->in
D:innivity->in
D:inniz->in
D:innized->in
D:innment->in
D:innness->in
D:innor->in
D:innoral->in
D:innorat->in
D:innoration->in
D:innorative->in
D:innore->in
D:innoreal->in
D:innored->in
D:innorisic->in
D:inns->in
D:innual->in
D:innually->in
D:innur->in
D:innural->in
D:innurance->in
D:innure->in
D:innured->in
D:innuring->in
D:innurs->in
D:inor->in
D:inoraganic->in
D:inoral->in
D:inorality->in
D:inoran->in
D:inorance->in
D:inorantes->in
D:inorat->in
D:inorated->in
D:inore->in
D:inoreal->in
D:inoreality->in
D:inored->in
D:inoreder->in
D:inoree->in
D:inoreful->in
D:inoren->in
D:inorerat->in
D:inores->in
D:inorial->in
D:inorian->in
D:inorians->in
D:inorien->in
D:inorient->in
D:inorientation->in
D:inoring->in
D:inorities->in
D:inority->in
D:inors->in
D:inorual->in
D:inoryal->in
D:inous->in
D:inouse->in
D:inousent->in
D:inouses->in
D:ins->in
D:insabilene->in
D:insability->in
D:insable->in
D:insaciate->in
D:insag->in
D:insage->in
D:insagency->in
D:insagent->in
D:insal->in
D:insalan->in
D:insalante->in
D:insalary->in
D:insalate->in
D:insalated->in
D:insalating->in
D:insalation->in
D:insalations->in
D:insale->in
D:insaled->in
D:insalely->in
D:insalenly->in
D:insales->in
D:insality->in
D:insalivate->in
D:insalivated->in
D:insalivates->in
D:insalivation->in
D:insalivations->in
D:insally->in
D:insalment->in
D:insalments->in
D:insan->in
D:insanabile->in
D:insanabilis->in
D:insanability->in
D:insanabilmente->in
D:insanable->in
D:insanableness->in
D:insanably->in
D:insanal->in
D:insanally->in
D:insanananity->in
D:insanant->in
D:insanate->in
D:insanatic->in
D:insanation->in
D:insanatised->in
D:insanatized->in
D:insanc->in
D:insance->in
D:insancenes->in
D:insances->in
D:insancy->in
D:insane->in
D:insanealicat->in
D:insanealice->in
D:insanean->in
D:insaneanteater->in
D:insaneantics->in
D:insaned->in
D:insanedan->in
D:insanedisabled->in
D:insanediver->in
D:insanee->in
D:insaneee->in
D:insaneeee->in
D:insaneeeee->in
D:insaneeeeee->in
D:insaneeeeeee->in
D:insaneeeeeeee->in
D:insaneeeeeeeee->in
D:insaneeeeeeeeee->in
D:insaneeeeeeeeeee->in
D:insaneeeeeeeeeeeee->in
D:insaneeeeeeeeeeeeeeeeee->in
D:insaneeeeeeeeeeeeeeeeeeeeeeeeeeeeeeee->in
D:insaneeeeeeely->in
D:insaneeeeely->in
D:insaneely->in
D:insaneer->in
D:insaneeric->in
D:insanefully->in
D:insaneif->in
D:insaneish->in
D:insaneisme->in
D:insaneity->in
D:insanelily->in
D:insanely->in
D:insanelyurs->in
D:insanementality->in
D:insanen->in
D:insanenator->in
D:insanene->in
D:insaneness->in
D:insanenly->in
D:insaneous->in
D:insaner->in
D:insanerantings->in
D:insanerationality->in
D:insanerator->in
D:insanereagan->in
D:insanerealities->in
D:insanereality->in
D:insanerealization->in
D:insanerer->in
D:insanerism->in
D:insanes->in
D:insaneties->in
D:insanety->in
D:insanialeisure->in
D:insanian->in
D:insanic->in
D:insanical->in
D:insanif->in
D:insanificant->in
D:insaningly->in
D:insanis->in
D:insanish->in
D:insanism->in
D:insanist->in
D:insanistan->in
D:insanitie->in
D:insanities->in
D:insanity->in
D:insanityat->in
D:insanitye->in
D:insanityis->in
D:insanityismentality->in
D:insanityness->in
D:insanitys->in
D:insanliens->in
D:insanly->in
D:insans->in
D:insant->in
D:insantance->in
D:insantaneous->in
D:insantaneously->in
D:insante->in
D:insantely->in
D:insantence->in
D:insantity->in
D:insantive->in
D:insantly->in
D:insantrans->in
D:insants->in
D:insat->in
D:insatability->in
D:insatable->in
D:insatalation->in
D:insatance->in
D:insatances->in
D:insatanic->in
D:insatanity->in
D:insatant->in
D:insatantly->in
D:insate->in
D:insater->in
D:insaterlieren->in
D:insation->in
D:insationable->in
D:insatis->in
D:insatisable->in
D:insatity->in
D:insatitys->in
D:insats->in
D:insatur->in
D:insaturable->in
D:insaturated->in
D:insaturation->in
D:insature->in
D:insatured->in
D:insaturees->in
D:insatures->in
D:inse->in
D:inseal->in
D:insealant->in
D:insealate->in
D:insealation->in
D:insealators->in
D:insealing->in
D:insean->in
D:inseant->in
D:inseat->in
D:inseated->in
D:inseats->in
D:insed->in
D:insedate->in
D:insede->in
D:insedence->in
D:insedent->in
D:insedentary->in
D:insedently->in
D:inseder->in
D:insederat->in
D:insedere->in
D:insee->in
D:inseeing->in
D:inseer->in
D:inseis->in
D:inseliing->in
D:insely->in
D:insement->in
D:insen->in
D:insenately->in
D:insenature->in
D:insenc->in
D:insence->in
D:insenced->in
D:insencere->in
D:insencerity->in
D:insences->in
D:insencish->in
D:insencure->in
D:insenely->in
D:insenic->in
D:insenity->in
D:insens->in
D:insent->in
D:insentative->in
D:insented->in
D:insentence->in
D:insentencing->in
D:insential->in
D:insentice->in
D:insentif->in
D:insentis->in
D:insentiv->in
D:insentive->in
D:insentively->in
D:insentiver->in
D:insentives->in
D:insentivising->in
D:insentivity->in
D:insentivize->in
D:insentivs->in
D:insently->in
D:insents->in
D:insentualization->in
D:inser->in
D:inserable->in
D:inseral->in
D:inserance->in
D:inserances->in
D:inserant->in
D:inserantur->in
D:inserat->in
D:inserate->in
D:inseraten->in
D:inserating->in
D:inseration->in
D:inserational->in
D:inserator->in
D:inserats->in
D:inseratur->in
D:insere->in
D:insered->in
D:inseree->in
D:inserees->in
D:inserence->in
D:inserenity->in
D:inserens->in
D:inserent->in
D:inserentant->in
D:inserente->in
D:inserenten->in
D:inserentur->in
D:inserer->in
D:inserere->in
D:insererentur->in
D:inseres->in
D:inserial->in
D:inserice->in
D:insering->in
D:inserion->in
D:inserions->in
D:inseris->in
D:inseriste->in
D:inserivate->in
D:inserlieren->in
D:inserment->in
D:inseror->in
D:insers->in
D:inses->in
D:insety->in
D:inseur->in
D:inseurance->in
D:inseurances->in
D:inseure->in
D:inseurence->in
D:inship->in
D:inshipment->in
D:inships->in
D:insian->in
D:insiane->in
D:insianity->in
D:insians->in
D:insic->in
D:insical->in
D:insication->in
D:insications->in
D:insicator->in
D:insice->in
D:insiced->in
D:insicer->in
D:insicere->in
D:insicerety->in
D:insicion->in
D:insicional->in
D:insicions->in
D:insicive->in
D:insicor->in
D:insicore->in
D:insicored->in
D:insicors->in
D:insicur->in
D:insicure->in
D:insicured->in
D:insicurities->in
D:insicurity->in
D:insif->in
D:insife->in
D:insifer->in
D:insificant->in
D:insificent->in
D:insifics->in
D:insing->in
D:insingen->in
D:insinger->in
D:insingerat->in
D:insingerate->in
D:insingers->in
D:insingurat->in
D:insish->in
D:insism->in
D:insitiative->in
D:insitiency->in
D:insity->in
D:insize->in
D:insized->in
D:insizers->in
D:insizes->in
D:insizing->in
D:insizion->in
D:inslie->in
D:insmental->in
D:insor->in
D:insoral->in
D:insorance->in
D:insorances->in
D:insore->in
D:insored->in
D:insorence->in
D:insoreness->in
D:insoric->in
D:insors->in
D:insous->in
D:insualation->in
D:insualative->in
D:insuale->in
D:insur->in
D:insurabilities->in
D:insurability->in
D:insurabl->in
D:insurable->in
D:insurables->in
D:insurablitily->in
D:insurablity->in
D:insurably->in
D:insuragencies->in
D:insurally->in
D:insuran->in
D:insuranance->in
D:insuranc->in
D:insurancance->in
D:insurancances->in
D:insurancane->in
D:insurance->in
D:insuranceabilene->in
D:insuranceage->in
D:insuranceageants->in
D:insuranceagenc->in
D:insuranceagencies->in
D:insuranceagency->in
D:insuranceagencys->in
D:insuranceagent->in
D:insuranceagents->in
D:insuranceal->in
D:insurancealife->in
D:insurancealliance->in
D:insurancean->in
D:insuranceance->in
D:insuranceans->in
D:insuranceat->in
D:insuranced->in
D:insurancedating->in
D:insurancede->in
D:insurancedeals->in
D:insurancededicated->in
D:insurancedental->in
D:insurancederive->in
D:insurancederiver->in
D:insurancederiving->in
D:insurancedes->in
D:insurancedisability->in
D:insurancedisablity->in
D:insurancedive->in
D:insurancediver->in
D:insurancediving->in
D:insuranceds->in
D:insurancee->in
D:insuranceee->in
D:insuranceeran->in
D:insuranceering->in
D:insuranceerive->in
D:insuranceeriver->in
D:insuranceeriving->in
D:insuranceers->in
D:insurancees->in
D:insuranceif->in
D:insuranceing->in
D:insuranceion->in
D:insuranceis->in
D:insurancely->in
D:insurancemental->in
D:insurancen->in
D:insurancenat->in
D:insurancenation->in
D:insurancenational->in
D:insurancenationally->in
D:insurancenatural->in
D:insurancenc->in
D:insurancene->in
D:insuranceness->in
D:insurancenic->in
D:insurancenice->in
D:insurancenly->in
D:insurancens->in
D:insurancenter->in
D:insurancentre->in
D:insurancentres->in
D:insuranceor->in
D:insuranceore->in
D:insurancer->in
D:insurancerance->in
D:insurancerat->in
D:insurancerate->in
D:insurancerated->in
D:insuranceratedeals->in
D:insuranceraters->in
D:insurancerates->in
D:insurancerating->in
D:insuranceratings->in
D:insurancere->in
D:insurancereal->in
D:insurancerental->in
D:insurancerenters->in
D:insurancerican->in
D:insurancerive->in
D:insuranceriver->in
D:insuranceriving->in
D:insurancers->in
D:insurances->in
D:insuranceually->in
D:insurancies->in
D:insuranciis->in
D:insurancing->in
D:insurancis->in
D:insurancous->in
D:insurancs->in
D:insurancy->in
D:insurancys->in
D:insurane->in
D:insuraned->in
D:insuranee->in
D:insuranence->in
D:insuranes->in
D:insuraning->in
D:insurans->in
D:insurant->in
D:insurantate->in
D:insurante->in
D:insurantes->in
D:insurants->in
D:insurat->in
D:insuration->in
D:insurative->in
D:insuratization->in
D:insure->in
D:insureabilene->in
D:insureable->in
D:insureageants->in
D:insureal->in
D:insureance->in
D:insureanced->in
D:insureances->in
D:insureants->in
D:insured->in
D:insuredating->in
D:insurede->in
D:insuredeal->in
D:insuredeals->in
D:insuredental->in
D:insuredentity->in
D:insuredes->in
D:insuredisability->in
D:insuredisablity->in
D:insuredness->in
D:insureds->in
D:insuree->in
D:insureence->in
D:insureer->in
D:insureers->in
D:insurees->in
D:insureice->in
D:insureing->in
D:insuren->in
D:insurenatural->in
D:insurenc->in
D:insurence->in
D:insurenceabilene->in
D:insurenceagent->in
D:insurenceal->in
D:insurenced->in
D:insurencedating->in
D:insurencede->in
D:insurencedeal->in
D:insurencedental->in
D:insurencedes->in
D:insurencedisability->in
D:insurencedisablity->in
D:insurencee->in
D:insurencenc->in
D:insurencene->in
D:insurenceor->in
D:insurencer->in
D:insurencerate->in
D:insurencerated->in
D:insurencerates->in
D:insurencerating->in
D:insurenceratings->in
D:insurencerental->in
D:insurences->in
D:insurencs->in
D:insurency->in
D:insurene->in
D:insureness->in
D:insurens->in
D:insurent->in
D:insurente->in
D:insurenters->in
D:insurents->in
D:insureor->in
D:insurer->in
D:insurerance->in
D:insurerate->in
D:insurerated->in
D:insurerates->in
D:insurerating->in
D:insureratings->in
D:insurere->in
D:insurered->in
D:insurerental->in
D:insurerer->in
D:insurerers->in
D:insureres->in
D:insurerif->in
D:insurers->in
D:insures->in
D:insureship->in
D:insureshipment->in
D:insurety->in
D:insurial->in
D:insurice->in
D:insuring->in
D:insurish->in
D:insurity->in
D:insurment->in
D:insuror->in
D:insurors->in
D:insurs->in
D:insurur->in
D:insururance->in
D:insurured->in
D:insurures->in
D:insururing->in
D:inth->in
D:inual->in
D:inually->in
D:inul->in
D:inulal->in
D:inulan->in
D:inulat->in
D:inulate->in
D:inulated->in
D:inulating->in
D:inulation->in
D:inule->in
D:inulen->in
D:inulingan->in
D:inuls->in
D:inum->in
D:inur->in
D:inurable->in
D:inural->in
D:inuran->in
D:inuranc->in
D:inurance->in
D:inurances->in
D:inurat->in
D:inuration->in
D:inure->in
D:inureal->in
D:inured->in
D:inuredness->in
D:inureee->in
D:inurees->in
D:inurely->in
D:inurement->in
D:inurements->in
D:inurence->in
D:inurer->in
D:inurere->in
D:inurers->in
D:inures->in
D:inurial->in
D:inuring->in
D:inurion->in
D:inurists->in
D:inurment->in
D:inurs->in
D:inurual->in
D:inus->in
Q:manville->manvil
D:manvil->manvil
D:manvila->manvil
D:manvill->manvil
D:manville->manvil
D:manviller->manvil
D:manvilles->manvil
D:manvillian->manvil
D:manvils->manvil
D:nj->nj
<query> hurricane irene flooding in manville nj</query><numhits>10</numhits><time>6679</time>
</ATIREsearch>
<ATIREsearch>
D:hair->hair
D:haira->hair
D:hairacy->hair
D:hairage->hair
D:hairages->hair
D:hairal->hair
D:hairalister->hair
D:hairan->hair
D:hairans->hair
D:hairare->hair
D:hairaryan->hair
D:hairat->hair
D:hairatage->hair
D:hairatan->hair
D:haire->hair
D:haireal->hair
D:haired->hair
D:hairedness->hair
D:haireds->hair
D:hairee->hair
D:hairen->hair
D:hairer->hair
D:hairers->hair
D:haires->hair
D:hairful->hair
D:hairi->hair
D:hairian->hair
D:hairic->hair
D:hairicane->hair
D:hairicis->hair
D:hairif->hair
D:hairiferous->hair
D:hairific->hair
D:hairification->hair
D:hairified->hair
D:hairifs->hair
D:hairing->hair
D:hairings->hair
D:hairion->hair
D:hairis->hair
D:hairises->hair
D:hairish->hair
D:hairism->hair
D:hairist->hair
D:hairists->hair
D:hairity->hair
D:hairiv->hair
D:hairly->hair
D:hairness->hair
D:hairor->hair
D:hairouse->hair
D:hairr->hair
D:hairrage->hair
D:hairre->hair
D:hairred->hair
D:hairres->hair
D:hairrific->hair
D:hairrings->hair
D:hairris->hair
D:hairrising->hair
D:hairs->hair
D:hairsanity->hair
D:hairsatan->hair
D:hairse->hair
D:hairseal->hair
D:hairsen->hair
D:hairses->hair
D:hairship->hair
D:hairsinged->hair
D:hairsish->hair
D:hairsize->hair
D:hairsoreal->hair
D:hairth->hair
D:hairuality->hair
D:hairul->hair
D:hairule->hair
D:hairules->hair
D:hairum->hair
D:hairus->hair
D:dye->dye
<query> hair dye</query><numhits>10</numhits><time>742</time>
</ATIREsearch>
<ATIREsearch>
D:dark->dark
D:darka->dark
D:darkag->dark
D:darkagate->dark
D:darkage->dark
D:darkaged->dark
D:darkageent->dark
D:darkagent->dark
D:darkages->dark
D:darkal->dark
D:darkale->dark
D:darkalee->dark
D:darkalice->dark
D:darkalliance->dark
D:darkallie->dark
D:darkally->dark
D:darkan->dark
D:darkanator->dark
D:darkane->dark
D:darkaner->dark
D:darkanians->dark
D:darkanion->dark
D:darkanisen->dark
D:darkans->dark
D:darkant->dark
D:darkantics->dark
D:darkar->dark
D:darkaraters->dark
D:darkare->dark
D:darkarian->dark
D:darkariane->dark
D:darkarians->dark
D:darkaries->dark
D:darkarise->dark
D:darkarisen->dark
D:darkarish->dark
D:darkat->dark
D:darkate->dark
D:darke->dark
D:darked->dark
D:darkede->dark
D:darkeded->dark
D:darkeden->dark
D:darkedens->dark
D:darkedness->dark
D:darkee->dark
D:darkeeee->dark
D:darkeer->dark
D:darkeing->dark
D:darkely->dark
D:darkelys->dark
D:darken->dark
D:darkenable->dark
D:darkene->dark
D:darkened->dark
D:darkenedalice->dark
D:darkenedness->dark
D:darkeneds->dark
D:darkeneing->dark
D:darkenened->dark
D:darkener->dark
D:darkeneren->dark
D:darkeners->dark
D:darkenes->dark
D:darkeness->dark
D:darkenesse->dark
D:darkenessence->dark
D:darkening->dark
D:darkenings->dark
D:darkenment->dark
D:darkens->dark
D:darkent->dark
D:darkenter->dark
D:darkentity->dark
D:darkents->dark
D:darker->dark
D:darkerage->dark
D:darkeralan->dark
D:darkeralice->dark
D:darkere->dark
D:darkeren->dark
D:darkeriane->dark
D:darkeric->dark
D:darkering->dark
D:darkerish->dark
D:darkerist->dark
D:darkerness->dark
D:darkers->dark
D:darkes->dark
D:darkeur->dark
D:darkful->dark
D:darkhood->dark
D:darkhooded->dark
D:darkhoodness->dark
D:darki->dark
D:darkia->dark
D:darkian->dark
D:darkians->dark
D:darkic->dark
D:darkice->dark
D:darkicee->dark
D:darkification->dark
D:darkified->dark
D:darkify->dark
D:darking->dark
D:darkings->dark
D:darkion->dark
D:darkique->dark
D:darkis->dark
D:darkise->dark
D:darkish->dark
D:darkishere->dark
D:darkishish->dark
D:darkishly->dark
D:darkishness->dark
D:darkism->dark
D:darkisms->dark
D:darkist->dark
D:darkity->dark
D:darkium->dark
D:darkivans->dark
D:darkive->dark
D:darkives->dark
D:darkivory->dark
D:darkiz->dark
D:darklie->dark
D:darklier->dark
D:darklies->dark
D:darklilie->dark
D:darklily->dark
D:darkliness->dark
D:darkly->dark
D:darklyiced->dark
D:darklys->dark
D:darkment->dark
D:darkmentality->dark
D:darkness->dark
D:darknessat->dark
D:darknesse->dark
D:darknessed->dark
D:darknesseden->dark
D:darknessers->dark
D:darknesses->dark
D:darknessishere->dark
D:darknessismagic->dark
D:darknessisme->dark
D:darknessmentality->dark
D:darkor->dark
D:darkoran->dark
D:darkore->dark
D:darkorian->dark
D:darkorical->dark
D:darkorion->dark
D:darkous->dark
D:darks->dark
D:darksable->dark
D:darksagag->dark
D:darksage->dark
D:darksal->dark
D:darksally->dark
D:darksan->dark
D:darksanity->dark
D:darksat->dark
D:darksatan->dark
D:darksatanic->dark
D:darksator->dark
D:darkseal->dark
D:darksealer->dark
D:darksean->dark
D:darksed->dark
D:darksee->dark
D:darkseer->dark
D:darkseifer->dark
D:darkseize->dark
D:darksen->dark
D:darksentences->dark
D:darkser->dark
D:darkserene->dark
D:darkserenety->dark
D:darkserenity->dark
D:darkserial->dark
D:darkship->dark
D:darkships->dark
D:darksice->dark
D:darksing->dark
D:darksinger->dark
D:darksinging->dark
D:darksize->dark
D:darkslyer->dark
D:darkslyicer->dark
D:darksness->dark
D:darksorent->dark
D:darkth->dark
D:darkual->dark
D:darkul->dark
D:darkum->dark
D:darkur->dark
D:darkus->dark
Q:chocolate->chocol
D:chocol->chocol
D:chocola->chocol
D:chocolacious->chocol
D:chocolacy->chocol
D:chocolage->chocol
D:chocolalate->chocol
D:chocolale->chocol
D:chocolales->chocol
D:chocolan->chocol
D:chocolancer->chocol
D:chocolant->chocol
D:chocolante->chocol
D:chocolar->chocol
D:chocolare->chocol
D:chocolares->chocol
D:chocolarious->chocol
D:chocolary->chocol
D:chocolat->chocol
D:chocolatal->chocol
D:chocolatarie->chocol
D:chocolatate->chocol
D:chocolate->chocol
D:chocolatealice->chocol
D:chocolateatelier->chocol
D:chocolateater->chocol
D:chocolated->chocol
D:chocolatedance->chocol
D:chocolatedanish->chocol
D:chocolatedealer->chocol
D:chocolatededications->chocol
D:chocolatedeities->chocol
D:chocolateden->chocol
D:chocolatee->chocol
D:chocolateee->chocol
D:chocolateeee->chocol
D:chocolateeeee->chocol
D:chocolateeeeee->chocol
D:chocolateeeeeee->chocol
D:chocolateeeeeeee->chocol
D:chocolateeeeeeeeee->chocol
D:chocolateeeeeeeeeee->chocol
D:chocolateeeeeeeeeeeee->chocol
D:chocolateeeeeeeeeeeeee->chocol
D:chocolateeeeeeeeeeeeeeee->chocol
D:chocolateeeeeeeeeeeeeeeeeeeeee->chocol
D:chocolateeeeeeeeeeeeeeeeeeeeeee->chocol
D:chocolateeeeeeeeeeeeeeeeeeeeeeeeeeeeeeeee->chocol
D:chocolateeeeeeeeeeeeeeeeeeeeeeeeeeeeeeeeee->chocol
D:chocolateeeeeeeeeeeeeeeeeeeeeeeeeeeeeeeeeeeeeeeeeeeeeeeee->chocol
D:chocolateeeeeeeeeeeeeeeeeeeeeeeeeeeeeeeeeeeeeeeeeeeeeeeeeeee->chocol
D:chocolateeeeeeeeeeeeeeeeeeeees->chocol
D:chocolateeees->chocol
D:chocolateeer->chocol
D:chocolateencore->chocol
D:chocolateenter->chocol
D:chocolateer->chocol
D:chocolateering->chocol
D:chocolateers->chocol
D:chocolatees->chocol
D:chocolateice->chocol
D:chocolateicing->chocol
D:chocolateif->chocol
D:chocolateis->chocol
D:chocolateish->chocol
D:chocolatelily->chocol
D:chocolatelious->chocol
D:chocolately->chocol
D:chocolatelying->chocol
D:chocolatelyness->chocol
D:chocolaten->chocol
D:chocolatenate->chocol
D:chocolateness->chocol
D:chocolateor->chocol
D:chocolateore->chocol
D:chocolater->chocol
D:chocolateral->chocol
D:chocolaterants->chocol
D:chocolateratings->chocol
D:chocolateration->chocol
D:chocolaterats->chocol
D:chocolatere->chocol
D:chocolatereality->chocol
D:chocolateric->chocol
D:chocolaterice->chocol
D:chocolatering->chocol
D:chocolaterise->chocol
D:chocolateriver->chocol
D:chocolaterivers->chocol
D:chocolaters->chocol
D:chocolates->chocol
D:chocolateship->chocol
D:chocolateships->chocol
D:chocolatetier->chocol
D:chocolatetiers->chocol
D:chocolatety->chocol
D:chocolateur->chocol
D:chocolatic->chocol
D:chocolatifications->chocol
D:chocolating->chocol
D:chocolation->chocol
D:chocolations->chocol
D:chocolatised->chocol
D:chocolatish->chocol
D:chocolatishness->chocol
D:chocolatism->chocol
D:chocolatitious->chocol
D:chocolatized->chocol
D:chocolatly->chocol
D:chocolatness->chocol
D:chocolatr->chocol
D:chocolatre->chocol
D:chocolatree->chocol
D:chocolatris->chocol
D:chocolatrish->chocol
D:chocolatriz->chocol
D:chocolats->chocol
D:chocole->chocol
D:chocoleans->chocol
D:chocolee->chocol
D:chocoleisure->chocol
D:chocoler->chocol
D:chocolerian->chocol
D:chocoles->chocol
D:chocolety->chocol
D:chocoli->chocol
D:chocolia->chocol
D:chocolic->chocol
D:chocolics->chocol
D:chocolife->chocol
D:chocolific->chocol
D:chocolis->chocol
D:chocolish->chocol
D:chocolishous->chocol
D:chocolistic->chocol
D:chocolity->chocol
D:chocolive->chocol
D:chocolized->chocol
D:chocolizing->chocol
D:chocoll->chocol
D:chocollage->chocol
D:chocollat->chocol
D:chocollate->chocol
D:chocollateee->chocol
D:chocollates->chocol
D:chocollativ->chocol
D:chocolsate->chocol
D:chocoltiers->chocol
D:chocolure->chocol
Q:health->heal
D:heal->heal
D:heala->heal
D:healability->heal
D:healable->heal
D:healage->heal
D:healagenics->heal
D:healan->heal
D:healane->heal
D:healant->heal
D:healar->heal
D:healat->heal
D:healations->heal
D:healative->heal
D:heale->heal
D:healed->heal
D:healede->heal
D:healeds->heal
D:healee->heal
D:healees->heal
D:healen->heal
D:healene->heal
D:healens->heal
D:healent->heal
D:healer->heal
D:healere->heal
D:healerer->heal
D:healerian->heal
D:healerly->heal
D:healeror->heal
D:healers->heal
D:healership->heal
D:heales->heal
D:healeur->heal
D:healful->heal
D:heali->heal
D:healia->heal
D:healian->heal
D:healical->heal
D:healics->heal
D:healing->heal
D:healingagent->heal
D:healingat->heal
D:healinge->heal
D:healinger->heal
D:healingice->heal
D:healingis->heal
D:healingly->heal
D:healingmental->heal
D:healingness->heal
D:healings->heal
D:healion->heal
D:healionics->heal
D:healis->heal
D:healism->heal
D:healist->heal
D:healistic->heal
D:heality->heal
D:healium->heal
D:healive->heal
D:heall->heal
D:heallan->heal
D:heallary->heal
D:healle->heal
D:healled->heal
D:heallen->heal
D:heallenics->heal
D:healler->heal
D:heallers->heal
D:heallife->heal
D:healling->heal
D:heallinge->heal
D:heallive->heal
D:healloran->heal
D:healls->heal
D:heally->heal
D:healmental->heal
D:healness->heal
D:healor->heal
D:healous->heal
D:heals->heal
D:healse->heal
D:healseal->heal
D:healsing->heal
D:health->heal
D:healtie->heal
D:healtier->heal
D:healtily->heal
D:healtiness->heal
D:healty->heal
D:healtyer->heal
D:healtyist->heal
D:healtyly->heal
D:healum->heal
D:healur->heal
D:healus->heal
Q:benefits->benefit
D:benefit->benefit
D:benefita->benefit
D:benefitable->benefit
D:benefitage->benefit
D:benefital->benefit
D:benefitancient->benefit
D:benefitaries->benefit
D:benefitary->benefit
D:benefitat->benefit
D:benefite->benefit
D:benefited->benefit
D:benefiteds->benefit
D:benefitee->benefit
D:benefiten->benefit
D:benefitent->benefit
D:benefiter->benefit
D:benefiters->benefit
D:benefites->benefit
D:benefitful->benefit
D:benefiti->benefit
D:benefitial->benefit
D:benefitic->benefit
D:benefitical->benefit
D:benefiticary->benefit
D:benefiticial->benefit
D:benefitif->benefit
D:benefiting->benefit
D:benefitinging->benefit
D:benefitional->benefit
D:benefitis->benefit
D:benefitism->benefit
D:benefitium->benefit
D:benefitive->benefit
D:benefitized->benefit
D:benefitness->benefit
D:benefitor->benefit
D:benefitors->benefit
D:benefitory->benefit
D:benefitr->benefit
D:benefitrater->benefit
D:benefitrates->benefit
D:benefitratings->benefit
D:benefitrealisation->benefit
D:benefitree->benefit
D:benefitreisen->benefit
D:benefitring->benefit
D:benefitriver->benefit
D:benefitrs->benefit
D:benefits->benefit
D:benefitsage->benefit
D:benefitsagency->benefit
D:benefitsagent->benefit
D:benefitsal->benefit
D:benefitsale->benefit
D:benefitsales->benefit
D:benefitsalliance->benefit
D:benefitsan->benefit
D:benefitsat->benefit
D:benefitse->benefit
D:benefitsen->benefit
D:benefitses->benefit
D:benefitsfully->benefit
D:benefitshood->benefit
D:benefitsif->benefit
D:benefitsor->benefit
D:benefitsorientation->benefit
D:benefitt->benefit
D:benefittance->benefit
D:benefitte->benefit
D:benefitted->benefit
D:benefitter->benefit
D:benefitters->benefit
D:benefittial->benefit
D:benefitting->benefit
D:benefitts->benefit
D:benefitual->benefit
<query> dark chocolate health benefits</query><numhits>10</numhits><time>3079</time>
</ATIREsearch>
<ATIREsearch>
D:ham->ham
D:radio->radio
D:radioa->radio
D:radioabilene->radio
D:radioabl->radio
D:radioablation->radio
D:radioablative->radio
D:radioable->radio
D:radioag->radio
D:radioage->radio
D:radioagent->radio
D:radioags->radio
D:radioal->radio
D:radioalice->radio
D:radioan->radio
D:radioanal->radio
D:radioant->radio
D:radioante->radio
D:radioat->radio
D:radioate->radio
D:radioatelier->radio
D:radioation->radio
D:radioative->radio
D:radioator->radio
D:radioe->radio
D:radioeater->radio
D:radioed->radio
D:radioeden->radio
D:radioen->radio
D:radioenable->radio
D:radioens->radio
D:radioent->radio
D:radioenter->radio
D:radioer->radio
D:radioeris->radio
D:radioers->radio
D:radioes->radio
D:radioi->radio
D:radioic->radio
D:radioif->radio
D:radioing->radio
D:radiois->radio
D:radioish->radio
D:radioisity->radio
D:radioism->radio
D:radiolied->radio
D:radiolies->radio
D:radiolily->radio
D:radiomentale->radio
D:radiomenter->radio
D:radioness->radio
D:radioor->radio
D:radiooran->radio
D:radios->radio
D:radiosal->radio
D:radiosale->radio
D:radiosals->radio
D:radiosant->radio
D:radiosat->radio
D:radiosatan->radio
D:radiose->radio
D:radioseal->radio
D:radiosean->radio
D:radioseer->radio
D:radiosentizers->radio
D:radioser->radio
D:radioship->radio
D:radiosinger->radio
D:radiosities->radio
D:radiosity->radio
D:radiosize->radio
D:radiosized->radio
D:radiosure->radio
D:radiosures->radio
D:radioth->radio
D:radioul->radio
D:radiouran->radio
<query> ham radio</query><numhits>10</numhits><time>891</time>
</ATIREsearch>
<ATIREsearch>
Q:symptoms->symptom
D:symptom->symptom
D:symptoma->symptom
D:symptomal->symptom
D:symptomale->symptom
D:symptomaric->symptom
D:symptomat->symptom
D:symptomate->symptom
D:symptomates->symptom
D:symptomatic->symptom
D:symptomatical->symptom
D:symptomatically->symptom
D:symptomatice->symptom
D:symptomaticity->symptom
D:symptomaticness->symptom
D:symptomatics->symptom
D:symptomatis->symptom
D:symptomatisation->symptom
D:symptomatise->symptom
D:symptomatised->symptom
D:symptomatises->symptom
D:symptomatising->symptom
D:symptomative->symptom
D:symptomatize->symptom
D:symptomatized->symptom
D:symptomatizes->symptom
D:symptomatizing->symptom
D:symptomatous->symptom
D:symptomatree->symptom
D:symptome->symptom
D:symptomed->symptom
D:symptomeering->symptom
D:symptomen->symptom
D:symptomer->symptom
D:symptomes->symptom
D:symptomic->symptom
D:symptomis->symptom
D:symptomise->symptom
D:symptomised->symptom
D:symptomises->symptom
D:symptomization->symptom
D:symptomize->symptom
D:symptomized->symptom
D:symptomizes->symptom
D:symptomizing->symptom
D:symptommanagement->symptom
D:symptommatic->symptom
D:symptomms->symptom
D:symptomoriented->symptom
D:symptoms->symptom
D:symptomsat->symptom
D:symptomsation->symptom
D:symptomse->symptom
D:symptomsor->symptom
D:symptomy->symptom
D:of->of
D:ofa->of
D:ofabilene->of
D:ofabilities->of
D:ofabl->of
D:ofabledating->of
D:ofacy->of
D:ofag->of
D:ofage->of
D:ofageing->of
D:ofagen->of
D:ofagent->of
D:ofager->of
D:ofages->of
D:ofaging->of
D:ofaginger->of
D:ofags->of
D:ofal->of
D:ofalan->of
D:ofale->of
D:ofalee->of
D:ofalice->of
D:ofalife->of
D:ofalion->of
D:ofallianceor->of
D:ofallied->of
D:ofally->of
D:ofals->of
D:ofan->of
D:ofanage->of
D:ofanal->of
D:ofanatic->of
D:ofanation->of
D:ofancient->of
D:ofanity->of
D:ofanizations->of
D:ofanous->of
D:ofans->of
D:ofante->of
D:ofar->of
D:ofarag->of
D:ofare->of
D:ofaren->of
D:ofarenal->of
D:ofaror->of
D:ofars->of
D:ofat->of
D:ofatal->of
D:ofate->of
D:ofaten->of
D:ofates->of
D:ofatis->of
D:ofatree->of
D:ofe->of
D:ofeale->of
D:ofean->of
D:ofeary->of
D:ofeat->of
D:ofeating->of
D:ofeature->of
D:ofeatured->of
D:ofeatures->of
D:ofed->of
D:ofeden->of
D:ofederal->of
D:ofederation->of
D:ofedor->of
D:ofee->of
D:ofeee->of
D:ofeeeee->of
D:ofeence->of
D:ofeer->of
D:ofeered->of
D:ofeerentals->of
D:ofeering->of
D:ofeers->of
D:ofees->of
D:ofeice->of
D:ofeicer->of
D:ofeif->of
D:ofeing->of
D:ofeish->of
D:ofelie->of
D:ofely->of
D:ofen->of
D:ofenag->of
D:ofenc->of
D:ofence->of
D:ofences->of
D:ofencive->of
D:ofene->of
D:ofener->of
D:ofeners->of
D:ofening->of
D:ofenis->of
D:ofens->of
D:ofent->of
D:ofente->of
D:ofenter->of
D:ofentered->of
D:ofentering->of
D:ofentities->of
D:ofently->of
D:ofeor->of
D:ofer->of
D:oferal->of
D:oferan->of
D:oferanat->of
D:oferante->of
D:oferate->of
D:oferated->of
D:oferation->of
D:ofere->of
D:ofered->of
D:oferencie->of
D:oferent->of
D:oferentes->of
D:oferic->of
D:oferice->of
D:ofering->of
D:oferings->of
D:oferion->of
D:oferis->of
D:oferise->of
D:oferised->of
D:oferized->of
D:oferlior->of
D:ofers->of
D:ofes->of
D:offul->of
D:offully->of
D:ofi->of
D:ofia->of
D:ofial->of
D:ofialmente->of
D:ofian->of
D:ofiblion->of
D:ofic->of
D:ofical->of
D:oficales->of
D:ofically->of
D:oficalmente->of
D:oficals->of
D:ofice->of
D:oficeer->of
D:oficer->of
D:oficerat->of
D:oficeres->of
D:oficers->of
D:ofices->of
D:oficial->of
D:oficialal->of
D:oficialan->of
D:oficiale->of
D:oficialen->of
D:oficiales->of
D:oficialice->of
D:oficialis->of
D:oficiality->of
D:oficially->of
D:oficialment->of
D:oficialmente->of
D:oficials->of
D:ofician->of
D:oficicial->of
D:oficingly->of
D:oficis->of
D:oficist->of
D:oficor->of
D:ofics->of
D:ofif->of
D:ofife->of
D:ofifice->of
D:ofifices->of
D:ofificial->of
D:ofifs->of
D:ofify->of
D:ofing->of
D:ofingal->of
D:ofingen->of
D:ofinger->of
D:ofion->of
D:ofions->of
D:ofis->of
D:ofise->of
D:ofiser->of
D:ofisers->of
D:ofish->of
D:ofishal->of
D:ofishally->of
D:ofishial->of
D:ofishingur->of
D:ofishly->of
D:ofisial->of
D:ofisialmente->of
D:ofism->of
D:ofismate->of
D:ofist->of
D:ofiste->of
D:ofisten->of
D:ofistore->of
D:ofistur->of
D:ofisur->of
D:ofities->of
D:ofiv->of
D:ofivan->of
D:ofive->of
D:ofiz->of
D:ofizial->of
D:ofizialean->of
D:oflie->of
D:ofliee->of
D:oflien->of
D:oflies->of
D:ofly->of
D:oflyan->of
D:oflyor->of
D:ofment->of
D:ofmental->of
D:ofmentality->of
D:ofmentally->of
D:ofmention->of
D:ofness->of
D:ofnesses->of
D:ofor->of
D:oforal->of
D:oforan->of
D:ofored->of
D:oforie->of
D:oforiental->of
D:oforion->of
D:oforor->of
D:ofors->of
D:ofous->of
D:ofously->of
D:ofs->of
D:ofsage->of
D:ofsale->of
D:ofsales->of
D:ofsan->of
D:ofsanity->of
D:ofsat->of
D:ofsatan->of
D:ofse->of
D:ofseals->of
D:ofseat->of
D:ofseats->of
D:ofsed->of
D:ofsedentary->of
D:ofsee->of
D:ofseeing->of
D:ofseized->of
D:ofsen->of
D:ofsent->of
D:ofsentences->of
D:ofsentencing->of
D:ofser->of
D:ofserene->of
D:ofserenity->of
D:ofserial->of
D:ofsers->of
D:ofses->of
D:ofship->of
D:ofships->of
D:ofsic->of
D:ofsing->of
D:ofsinger->of
D:ofsingers->of
D:ofsinging->of
D:ofsiz->of
D:ofsize->of
D:ofsizes->of
D:ofsly->of
D:ofsor->of
D:ofsors->of
D:ofth->of
D:ofual->of
D:ofum->of
D:ofur->of
D:ofuran->of
D:ofure->of
D:ofuren->of
D:ofuric->of
D:ofus->of
D:mad->mad
D:cow->cow
Q:disease->disea
D:diseae->disea
D:diseaee->disea
D:diseaees->disea
D:diseaes->disea
D:diseaness->disea
D:diseas->disea
D:disease->disea
D:diseasean->disea
D:diseaseat->disea
D:diseased->disea
D:diseaseded->disea
D:diseaseding->disea
D:diseasedish->disea
D:diseasedly->disea
D:diseasedmentality->disea
D:diseasedness->disea
D:diseasee->disea
D:diseaseee->disea
D:diseaseeee->disea
D:diseaseeeeeeeeee->disea
D:diseaseer->disea
D:diseaseership->disea
D:diseasees->disea
D:diseaseful->disea
D:diseaseif->disea
D:diseaseion->disea
D:diseaseis->disea
D:diseasement->disea
D:diseasen->disea
D:diseasencure->disea
D:diseaseor->disea
D:diseaseoral->disea
D:diseaseous->disea
D:diseaser->disea
D:diseasers->disea
D:diseases->disea
D:diseaseship->disea
D:diseasic->disea
D:diseasification->disea
D:diseasing->disea
D:diseasism->disea
D:diseasor->disea
D:in->in
D:ina->in
D:inabil->in
D:inabile->in
D:inabilene->in
D:inabilitie->in
D:inabilities->in
D:inability->in
D:inabilitys->in
D:inabl->in
D:inablative->in
D:inable->in
D:inabled->in
D:inabler->in
D:inablers->in
D:inables->in
D:inabliity->in
D:inabling->in
D:inablities->in
D:inablity->in
D:inably->in
D:inag->in
D:inagalur->in
D:inagan->in
D:inagate->in
D:inage->in
D:inageants->in
D:inaged->in
D:inagee->in
D:inagen->in
D:inagenary->in
D:inagencies->in
D:inagency->in
D:inagencys->in
D:inagent->in
D:inagents->in
D:inages->in
D:inagiceat->in
D:inagif->in
D:inaging->in
D:inagist->in
D:inagivity->in
D:inagualable->in
D:inagural->in
D:inaguraling->in
D:inagurally->in
D:inagurate->in
D:inagurated->in
D:inagurates->in
D:inagurating->in
D:inaguration->in
D:inagurational->in
D:inagurations->in
D:inagure->in
D:inaguree->in
D:inagurual->in
D:inagururation->in
D:inal->in
D:inalal->in
D:inalan->in
D:inalater->in
D:inalation->in
D:inalatore->in
D:inalatorie->in
D:inale->in
D:inaleable->in
D:inalee->in
D:inalen->in
D:inalenable->in
D:inaler->in
D:inalers->in
D:inalian->in
D:inalianable->in
D:inalice->in
D:inaling->in
D:inalion->in
D:inalis->in
D:inalisan->in
D:inalise->in
D:inalising->in
D:inalisme->in
D:inalist->in
D:inalists->in
D:inality->in
D:inalive->in
D:inalize->in
D:inalized->in
D:inalizing->in
D:inalliance->in
D:inallienable->in
D:inally->in
D:inals->in
D:inan->in
D:inanacies->in
D:inanage->in
D:inanal->in
D:inanan->in
D:inanance->in
D:inananities->in
D:inanate->in
D:inanator->in
D:inanc->in
D:inance->in
D:inanced->in
D:inancer->in
D:inances->in
D:inancial->in
D:inancially->in
D:inancials->in
D:inancient->in
D:inancier->in
D:inanciers->in
D:inancing->in
D:inancs->in
D:inancy->in
D:inane->in
D:inanely->in
D:inaneness->in
D:inanenly->in
D:inaner->in
D:inanes->in
D:inanicion->in
D:inanis->in
D:inanisme->in
D:inanisms->in
D:inanitiate->in
D:inanitiation->in
D:inanitie->in
D:inanities->in
D:inanity->in
D:inanly->in
D:inans->in
D:inant->in
D:inante->in
D:inantly->in
D:inantor->in
D:inants->in
D:inanual->in
D:inanuran->in
D:inar->in
D:inarable->in
D:inarage->in
D:inaral->in
D:inaran->in
D:inare->in
D:inareal->in
D:inareality->in
D:inared->in
D:inaree->in
D:inares->in
D:inarial->in
D:inarian->in
D:inarians->in
D:inariants->in
D:inarily->in
D:inaring->in
D:inarion->in
D:inaris->in
D:inarisan->in
D:inarishian->in
D:inariv->in
D:inarization->in
D:inarly->in
D:inars->in
D:inarual->in
D:inary->in
D:inaryal->in
D:inat->in
D:inatal->in
D:inatalation->in
D:inatan->in
D:inatance->in
D:inatances->in
D:inatant->in
D:inatantan->in
D:inatantly->in
D:inate->in
D:inateate->in
D:inated->in
D:inatee->in
D:inately->in
D:inateness->in
D:inatent->in
D:inatention->in
D:inatentive->in
D:inatentiveness->in
D:inater->in
D:inaterantionalizing->in
D:inateration->in
D:inaterative->in
D:inaterlieren->in
D:inates->in
D:inatial->in
D:inatialization->in
D:inatialize->in
D:inatials->in
D:inating->in
D:inatingiveis->in
D:ination->in
D:inational->in
D:inationality->in
D:inations->in
D:inatis->in
D:inative->in
D:inatives->in
D:inatment->in
D:inator->in
D:inatorer->in
D:inators->in
D:inatory->in
D:inatrance->in
D:inatree->in
D:inatrice->in
D:inats->in
D:inatur->in
D:inatural->in
D:inaturalist->in
D:inaturate->in
D:inature->in
D:inatures->in
D:ine->in
D:ineag->in
D:ineagan->in
D:ineage->in
D:ineages->in
D:ineal->in
D:inealal->in
D:inean->in
D:ineans->in
D:ineant->in
D:inearyal->in
D:ineat->in
D:ineater->in
D:ineatial->in
D:ineatialization->in
D:ineation->in
D:ined->in
D:inedable->in
D:inedal->in
D:inedale->in
D:inede->in
D:ineded->in
D:ineden->in
D:inedentors->in
D:inederal->in
D:inedes->in
D:inedian->in
D:inedians->in
D:inedic->in
D:inedicabilis->in
D:inedicated->in
D:inedicator->in
D:inedices->in
D:inedione->in
D:inedis->in
D:inedly->in
D:ineds->in
D:inee->in
D:ineeal->in
D:ineee->in
D:ineeee->in
D:ineeeee->in
D:ineeeeee->in
D:ineeeeeeeeeeeeeeeeee->in
D:ineeeeees->in
D:ineeeees->in
D:ineeees->in
D:ineeeral->in
D:ineees->in
D:ineer->in
D:ineeral->in
D:ineereal->in
D:ineerial->in
D:ineering->in
D:ineers->in
D:ineerual->in
D:inees->in
D:ineial->in
D:ineian->in
D:ineians->in
D:ineicator->in
D:ineice->in
D:ineing->in
D:ineis->in
D:ineist->in
D:inelie->in
D:inelior->in
D:inelious->in
D:inely->in
D:inelyal->in
D:inement->in
D:inements->in
D:inen->in
D:inenable->in
D:inenabled->in
D:inenc->in
D:inence->in
D:inences->in
D:inene->in
D:inener->in
D:inenes->in
D:ineness->in
D:inens->in
D:inent->in
D:inental->in
D:inentals->in
D:inente->in
D:inented->in
D:inenten->in
D:inenter->in
D:inentered->in
D:inentical->in
D:inentification->in
D:inenting->in
D:inentingen->in
D:inentings->in
D:inention->in
D:inentional->in
D:inentionalizing->in
D:inentionally->in
D:inentions->in
D:inentity->in
D:inentive->in
D:inentives->in
D:inently->in
D:inentor->in
D:inentory->in
D:inents->in
D:inentured->in
D:ineor->in
D:ineoral->in
D:ineory->in
D:ineous->in
D:iner->in
D:ineral->in
D:inerale->in
D:inerales->in
D:ineralize->in
D:ineralized->in
D:inerals->in
D:ineran->in
D:inerancy->in
D:inerane->in
D:inerant->in
D:ineraries->in
D:inerary->in
D:inerat->in
D:inerate->in
D:ineration->in
D:inerative->in
D:inere->in
D:inereal->in
D:inered->in
D:inereeal->in
D:inereial->in
D:inerely->in
D:inerency->in
D:inerenship->in
D:inerent->in
D:inerente->in
D:inerentemente->in
D:inerentes->in
D:inerers->in
D:ineres->in
D:inereual->in
D:inerial->in
D:ineric->in
D:inering->in
D:ineris->in
D:inerized->in
D:inerly->in
D:inerment->in
D:inerness->in
D:iners->in
D:inerual->in
D:inerural->in
D:ines->in
D:inetiative->in
D:inetie->in
D:inety->in
D:ineual->in
D:ineualities->in
D:ineuality->in
D:ineur->in
D:ineural->in
D:ineurance->in
D:ineurances->in
D:ineure->in
D:ineurence->in
D:inful->in
D:infulance->in
D:infulanced->in
D:infulances->in
D:infulat->in
D:infulation->in
D:infule->in
D:infulence->in
D:infulenced->in
D:infulencers->in
D:infulences->in
D:infulencing->in
D:infulential->in
D:infulenting->in
D:infulis->in
D:infully->in
D:inhood->in
D:ini->in
D:inia->in
D:inial->in
D:inialantic->in
D:inialation->in
D:inializater->in
D:inialization->in
D:inialize->in
D:inialized->in
D:inializer->in
D:inializes->in
D:inializing->in
D:inially->in
D:inian->in
D:inianeural->in
D:inians->in
D:inibility->in
D:inic->in
D:inical->in
D:inicals->in
D:inican->in
D:inicans->in
D:inicat->in
D:inicate->in
D:inicated->in
D:inicates->in
D:inicating->in
D:inication->in
D:inications->in
D:inicative->in
D:inicator->in
D:inicators->in
D:inice->in
D:inicence->in
D:inicent->in
D:inicentally->in
D:inicenter->in
D:inicentives->in
D:inicents->in
D:inicere->in
D:inices->in
D:iniceties->in
D:inicety->in
D:inicial->in
D:iniciale->in
D:iniciales->in
D:inicialice->in
D:inicialisation->in
D:inicializable->in
D:inicialize->in
D:inicialized->in
D:inicializes->in
D:inicializing->in
D:inicially->in
D:inicialment->in
D:inicialmente->in
D:inicials->in
D:inician->in
D:inicing->in
D:inicion->in
D:inicis->in
D:inicist->in
D:inicistes->in
D:inicity->in
D:inicore->in
D:inics->in
D:inif->in
D:inifant->in
D:inifat->in
D:inife->in
D:inifee->in
D:inifer->in
D:inifes->in
D:inifial->in
D:inification->in
D:inifie->in
D:inifien->in
D:inifieneure->in
D:inifif->in
D:inifity->in
D:inifor->in
D:iniforis->in
D:inifors->in
D:inify->in
D:inifye->in
D:ining->in
D:iningatan->in
D:ininge->in
D:iningen->in
D:ininger->in
D:inings->in
D:inion->in
D:inionat->in
D:inione->in
D:inions->in
D:iniqu->in
D:inique->in
D:iniquely->in
D:iniquement->in
D:iniqueness->in
D:iniques->in
D:iniquis->in
D:iniquitie->in
D:iniquities->in
D:iniquitious->in
D:iniquity->in
D:iniquitys->in
D:iniquous->in
D:inis->in
D:inisan->in
D:inisance->in
D:inisane->in
D:inisatif->in
D:inise->in
D:inisen->in
D:inisene->in
D:inisent->in
D:iniser->in
D:iniserable->in
D:inises->in
D:inish->in
D:inishal->in
D:inishals->in
D:inishative->in
D:inishe->in
D:inished->in
D:inishee->in
D:inisheer->in
D:inisher->in
D:inishere->in
D:inishers->in
D:inishes->in
D:inishial->in
D:inishials->in
D:inishing->in
D:inisial->in
D:inisialer->in
D:inisiales->in
D:inisials->in
D:inisian->in
D:inisians->in
D:inisife->in
D:inising->in
D:inism->in
D:inismag->in
D:inismean->in
D:inismor->in
D:inismore->in
D:inisms->in
D:inist->in
D:inistal->in
D:inistance->in
D:inistances->in
D:inistantaneously->in
D:inistate->in
D:inistated->in
D:inistatr->in
D:iniste->in
D:inisteal->in
D:inisted->in
D:inistee->in
D:inistent->in
D:inister->in
D:inisterial->in
D:inistering->in
D:inisters->in
D:inistials->in
D:inistian->in
D:inisting->in
D:inistismizene->in
D:inistore->in
D:inistories->in
D:inistr->in
D:inistrat->in
D:inistration->in
D:inistrations->in
D:inistrative->in
D:inistrator->in
D:inistrators->in
D:inistre->in
D:inistries->in
D:inistrife->in
D:inistring->in
D:inistrings->in
D:inistry->in
D:inists->in
D:inisurance->in
D:initiant->in
D:initianted->in
D:initianten->in
D:initiantion->in
D:initiantive->in
D:initiants->in
D:initiantur->in
D:initiary->in
D:initiat->in
D:initiatable->in
D:initiatally->in
D:initiatated->in
D:initiatates->in
D:initiatation->in
D:initiate->in
D:initiated->in
D:initiateded->in
D:initiatedor->in
D:initiateds->in
D:initiatee->in
D:initiatees->in
D:initiateion->in
D:initiately->in
D:initiater->in
D:initiaters->in
D:initiates->in
D:initiateship->in
D:initiateur->in
D:initiateurs->in
D:initiatial->in
D:initiatialisation->in
D:initiatialization->in
D:initiatialize->in
D:initiatially->in
D:initiatian->in
D:initiatic->in
D:initiatically->in
D:initiatices->in
D:initiatics->in
D:initiatif->in
D:initiating->in
D:initiation->in
D:initiational->in
D:initiationary->in
D:initiationen->in
D:initiationis->in
D:initiations->in
D:initiatism->in
D:initiativ->in
D:initiativate->in
D:initiative->in
D:initiativean->in
D:initiatived->in
D:initiativeee->in
D:initiativees->in
D:initiatively->in
D:initiativen->in
D:initiativeness->in
D:initiativer->in
D:initiativers->in
D:initiatives->in
D:initiativism->in
D:initiativists->in
D:initiativity->in
D:initiativs->in
D:initiatization->in
D:initiatizer->in
D:initiatizes->in
D:initiatly->in
D:initiator->in
D:initiatore->in
D:initiatoren->in
D:initiatorial->in
D:initiatoric->in
D:initiatories->in
D:initiatorily->in
D:initiators->in
D:initiatory->in
D:initiatred->in
D:initiatrice->in
D:initiatrices->in
D:initiats->in
D:initie->in
D:initiealization->in
D:initieated->in
D:initied->in
D:initiee->in
D:initiees->in
D:initien->in
D:initient->in
D:initier->in
D:initierat->in
D:initierats->in
D:initiere->in
D:initierede->in
D:initieren->in
D:initieres->in
D:initiering->in
D:initieringen->in
D:inities->in
D:initiial->in
D:initiialisation->in
D:initiialization->in
D:initiialize->in
D:initiially->in
D:initiials->in
D:initiing->in
D:initiingness->in
D:initiings->in
D:initiis->in
D:initiivan->in
D:initiivat->in
D:initiizes->in
D:initily->in
D:initiual->in
D:initiualization->in
D:initiualize->in
D:inity->in
D:inityal->in
D:inityalization->in
D:inityial->in
D:initys->in
D:inium->in
D:iniums->in
D:iniv->in
D:inival->in
D:inivan->in
D:inivation->in
D:inivational->in
D:inivations->in
D:inivative->in
D:inivatives->in
D:inivator->in
D:inivators->in
D:inive->in
D:inived->in
D:iniven->in
D:iniveous->in
D:iniver->in
D:iniverity->in
D:inives->in
D:inivis->in
D:inivitiatives->in
D:inivorous->in
D:inivory->in
D:inivs->in
D:iniz->in
D:inizan->in
D:inizations->in
D:inize->in
D:inized->in
D:inizen->in
D:inizer->in
D:iniziale->in
D:inizialization->in
D:inizialize->in
D:inizialized->in
D:inizializers->in
D:inizializing->in
D:inizialmente->in
D:inizing->in
D:inizion->in
D:inlie->in
D:inlied->in
D:inlien->in
D:inliens->in
D:inlier->in
D:inliers->in
D:inlies->in
D:inlilies->in
D:inly->in
D:inlyed->in
D:inlying->in
D:inlys->in
D:inmence->in
D:inment->in
D:inmental->in
D:inmentioned->in
D:inmentionence->in
D:inmentioning->in
D:inn->in
D:innabilene->in
D:innabilis->in
D:innability->in
D:innable->in
D:innables->in
D:innag->in
D:innage->in
D:innages->in
D:innagural->in
D:innagurate->in
D:innagurated->in
D:innagurates->in
D:innaguration->in
D:innagurators->in
D:innal->in
D:innale->in
D:innalif->in
D:innalife->in
D:innalive->in
D:innaliving->in
D:innally->in
D:innan->in
D:innane->in
D:innanee->in
D:innanely->in
D:innanen->in
D:innaneness->in
D:innanities->in
D:innanity->in
D:innant->in
D:innante->in
D:innantes->in
D:innary->in
D:innat->in
D:innatant->in
D:innate->in
D:innated->in
D:innately->in
D:innateness->in
D:innatention->in
D:innatentive->in
D:innatentiveness->in
D:innates->in
D:innatic->in
D:innational->in
D:innations->in
D:innatism->in
D:innatist->in
D:innatists->in
D:innative->in
D:innativism->in
D:innativity->in
D:innatore->in
D:innators->in
D:innatreeeeee->in
D:innatur->in
D:innatural->in
D:innaturale->in
D:innaturalis->in
D:innaturalism->in
D:innaturally->in
D:innaturalmente->in
D:innature->in
D:innatures->in
D:inne->in
D:inneal->in
D:innealan->in
D:innean->in
D:inneans->in
D:inneat->in
D:inneats->in
D:inned->in
D:innee->in
D:inneee->in
D:inneeee->in
D:inneeeee->in
D:inneeist->in
D:inneer->in
D:inneeral->in
D:innees->in
D:inneist->in
D:inneity->in
D:innen->in
D:innens->in
D:innent->in
D:innente->in
D:innentions->in
D:innentors->in
D:innents->in
D:innenturen->in
D:inner->in
D:innerage->in
D:inneral->in
D:inneralice->in
D:inneran->in
D:innerancy->in
D:inneranists->in
D:innerant->in
D:innerantist->in
D:innerantly->in
D:innerary->in
D:innere->in
D:innereal->in
D:innered->in
D:innereds->in
D:innereiserer->in
D:inneren->in
D:innerent->in
D:innerente->in
D:innerer->in
D:innererer->in
D:innereriz->in
D:inneres->in
D:innerial->in
D:innering->in
D:inneringen->in
D:innerings->in
D:innerise->in
D:innerish->in
D:innerism->in
D:innerly->in
D:innerlying->in
D:innerlyly->in
D:innermentalist->in
D:innerness->in
D:innerorat->in
D:inners->in
D:innerual->in
D:innes->in
D:inness->in
D:innesse->in
D:innessence->in
D:innesses->in
D:innety->in
D:inneural->in
D:inniales->in
D:innially->in
D:innians->in
D:innic->in
D:innice->in
D:innicence->in
D:innicent->in
D:innicents->in
D:innicial->in
D:innicially->in
D:innicials->in
D:innicor->in
D:innif->in
D:innifer->in
D:innificantly->in
D:inning->in
D:inningen->in
D:inninger->in
D:inningers->in
D:innings->in
D:innion->in
D:innionis->in
D:innions->in
D:innis->in
D:innise->in
D:innisen->in
D:innisent->in
D:innisful->in
D:innish->in
D:innisheer->in
D:innisher->in
D:innisian->in
D:innismere->in
D:innismish->in
D:innismore->in
D:innister->in
D:innistor->in
D:innistr->in
D:innistree->in
D:innisture->in
D:innitiate->in
D:innitiated->in
D:innitiates->in
D:innitiating->in
D:innitiation->in
D:innitiativ->in
D:innitiative->in
D:innitiatives->in
D:innitiator->in
D:innitiators->in
D:innities->in
D:innity->in
D:inniv->in
D:innivated->in
D:innivating->in
D:innivation->in
D:innivations->in
D:innivative->in
D:innivity->in
D:inniz->in
D:innized->in
D:innment->in
D:innness->in
D:innor->in
D:innoral->in
D:innorat->in
D:innoration->in
D:innorative->in
D:innore->in
D:innoreal->in
D:innored->in
D:innorisic->in
D:inns->in
D:innual->in
D:innually->in
D:innur->in
D:innural->in
D:innurance->in
D:innure->in
D:innured->in
D:innuring->in
D:innurs->in
D:inor->in
D:inoraganic->in
D:inoral->in
D:inorality->in
D:inoran->in
D:inorance->in
D:inorantes->in
D:inorat->in
D:inorated->in
D:inore->in
D:inoreal->in
D:inoreality->in
D:inored->in
D:inoreder->in
D:inoree->in
D:inoreful->in
D:inoren->in
D:inorerat->in
D:inores->in
D:inorial->in
D:inorian->in
D:inorians->in
D:inorien->in
D:inorient->in
D:inorientation->in
D:inoring->in
D:inorities->in
D:inority->in
D:inors->in
D:inorual->in
D:inoryal->in
D:inous->in
D:inouse->in
D:inousent->in
D:inouses->in
D:ins->in
D:insabilene->in
D:insability->in
D:insable->in
D:insaciate->in
D:insag->in
D:insage->in
D:insagency->in
D:insagent->in
D:insal->in
D:insalan->in
D:insalante->in
D:insalary->in
D:insalate->in
D:insalated->in
D:insalating->in
D:insalation->in
D:insalations->in
D:insale->in
D:insaled->in
D:insalely->in
D:insalenly->in
D:insales->in
D:insality->in
D:insalivate->in
D:insalivated->in
D:insalivates->in
D:insalivation->in
D:insalivations->in
D:insally->in
D:insalment->in
D:insalments->in
D:insan->in
D:insanabile->in
D:insanabilis->in
D:insanability->in
D:insanabilmente->in
D:insanable->in
D:insanableness->in
D:insanably->in
D:insanal->in
D:insanally->in
D:insanananity->in
D:insanant->in
D:insanate->in
D:insanatic->in
D:insanation->in
D:insanatised->in
D:insanatized->in
D:insanc->in
D:insance->in
D:insancenes->in
D:insances->in
D:insancy->in
D:insane->in
D:insanealicat->in
D:insanealice->in
D:insanean->in
D:insaneanteater->in
D:insaneantics->in
D:insaned->in
D:insanedan->in
D:insanedisabled->in
D:insanediver->in
D:insanee->in
D:insaneee->in
D:insaneeee->in
D:insaneeeee->in
D:insaneeeeee->in
D:insaneeeeeee->in
D:insaneeeeeeee->in
D:insaneeeeeeeee->in
D:insaneeeeeeeeee->in
D:insaneeeeeeeeeee->in
D:insaneeeeeeeeeeeee->in
D:insaneeeeeeeeeeeeeeeeee->in
D:insaneeeeeeeeeeeeeeeeeeeeeeeeeeeeeeee->in
D:insaneeeeeeely->in
D:insaneeeeely->in
D:insaneely->in
D:insaneer->in
D:insaneeric->in
D:insanefully->in
D:insaneif->in
D:insaneish->in
D:insaneisme->in
D:insaneity->in
D:insanelily->in
D:insanely->in
D:insanelyurs->in
D:insanementality->in
D:insanen->in
D:insanenator->in
D:insanene->in
D:insaneness->in
D:insanenly->in
D:insaneous->in
D:insaner->in
D:insanerantings->in
D:insanerationality->in
D:insanerator->in
D:insanereagan->in
D:insanerealities->in
D:insanereality->in
D:insanerealization->in
D:insanerer->in
D:insanerism->in
D:insanes->in
D:insaneties->in
D:insanety->in
D:insanialeisure->in
D:insanian->in
D:insanic->in
D:insanical->in
D:insanif->in
D:insanificant->in
D:insaningly->in
D:insanis->in
D:insanish->in
D:insanism->in
D:insanist->in
D:insanistan->in
D:insanitie->in
D:insanities->in
D:insanity->in
D:insanityat->in
D:insanitye->in
D:insanityis->in
D:insanityismentality->in
D:insanityness->in
D:insanitys->in
D:insanliens->in
D:insanly->in
D:insans->in
D:insant->in
D:insantance->in
D:insantaneous->in
D:insantaneously->in
D:insante->in
D:insantely->in
D:insantence->in
D:insantity->in
D:insantive->in
D:insantly->in
D:insantrans->in
D:insants->in
D:insat->in
D:insatability->in
D:insatable->in
D:insatalation->in
D:insatance->in
D:insatances->in
D:insatanic->in
D:insatanity->in
D:insatant->in
D:insatantly->in
D:insate->in
D:insater->in
D:insaterlieren->in
D:insation->in
D:insationable->in
D:insatis->in
D:insatisable->in
D:insatity->in
D:insatitys->in
D:insats->in
D:insatur->in
D:insaturable->in
D:insaturated->in
D:insaturation->in
D:insature->in
D:insatured->in
D:insaturees->in
D:insatures->in
D:inse->in
D:inseal->in
D:insealant->in
D:insealate->in
D:insealation->in
D:insealators->in
D:insealing->in
D:insean->in
D:inseant->in
D:inseat->in
D:inseated->in
D:inseats->in
D:insed->in
D:insedate->in
D:insede->in
D:insedence->in
D:insedent->in
D:insedentary->in
D:insedently->in
D:inseder->in
D:insederat->in
D:insedere->in
D:insee->in
D:inseeing->in
D:inseer->in
D:inseis->in
D:inseliing->in
D:insely->in
D:insement->in
D:insen->in
D:insenately->in
D:insenature->in
D:insenc->in
D:insence->in
D:insenced->in
D:insencere->in
D:insencerity->in
D:insences->in
D:insencish->in
D:insencure->in
D:insenely->in
D:insenic->in
D:insenity->in
D:insens->in
D:insent->in
D:insentative->in
D:insented->in
D:insentence->in
D:insentencing->in
D:insential->in
D:insentice->in
D:insentif->in
D:insentis->in
D:insentiv->in
D:insentive->in
D:insentively->in
D:insentiver->in
D:insentives->in
D:insentivising->in
D:insentivity->in
D:insentivize->in
D:insentivs->in
D:insently->in
D:insents->in
D:insentualization->in
D:inser->in
D:inserable->in
D:inseral->in
D:inserance->in
D:inserances->in
D:inserant->in
D:inserantur->in
D:inserat->in
D:inserate->in
D:inseraten->in
D:inserating->in
D:inseration->in
D:inserational->in
D:inserator->in
D:inserats->in
D:inseratur->in
D:insere->in
D:insered->in
D:inseree->in
D:inserees->in
D:inserence->in
D:inserenity->in
D:inserens->in
D:inserent->in
D:inserentant->in
D:inserente->in
D:inserenten->in
D:inserentur->in
D:inserer->in
D:inserere->in
D:insererentur->in
D:inseres->in
D:inserial->in
D:inserice->in
D:insering->in
D:inserion->in
D:inserions->in
D:inseris->in
D:inseriste->in
D:inserivate->in
D:inserlieren->in
D:inserment->in
D:inseror->in
D:insers->in
D:inses->in
D:insety->in
D:inseur->in
D:inseurance->in
D:inseurances->in
D:inseure->in
D:inseurence->in
D:inship->in
D:inshipment->in
D:inships->in
D:insian->in
D:insiane->in
D:insianity->in
D:insians->in
D:insic->in
D:insical->in
D:insication->in
D:insications->in
D:insicator->in
D:insice->in
D:insiced->in
D:insicer->in
D:insicere->in
D:insicerety->in
D:insicion->in
D:insicional->in
D:insicions->in
D:insicive->in
D:insicor->in
D:insicore->in
D:insicored->in
D:insicors->in
D:insicur->in
D:insicure->in
D:insicured->in
D:insicurities->in
D:insicurity->in
D:insif->in
D:insife->in
D:insifer->in
D:insificant->in
D:insificent->in
D:insifics->in
D:insing->in
D:insingen->in
D:insinger->in
D:insingerat->in
D:insingerate->in
D:insingers->in
D:insingurat->in
D:insish->in
D:insism->in
D:insitiative->in
D:insitiency->in
D:insity->in
D:insize->in
D:insized->in
D:insizers->in
D:insizes->in
D:insizing->in
D:insizion->in
D:inslie->in
D:insmental->in
D:insor->in
D:insoral->in
D:insorance->in
D:insorances->in
D:insore->in
D:insored->in
D:insorence->in
D:insoreness->in
D:insoric->in
D:insors->in
D:insous->in
D:insualation->in
D:insualative->in
D:insuale->in
D:insur->in
D:insurabilities->in
D:insurability->in
D:insurabl->in
D:insurable->in
D:insurables->in
D:insurablitily->in
D:insurablity->in
D:insurably->in
D:insuragencies->in
D:insurally->in
D:insuran->in
D:insuranance->in
D:insuranc->in
D:insurancance->in
D:insurancances->in
D:insurancane->in
D:insurance->in
D:insuranceabilene->in
D:insuranceage->in
D:insuranceageants->in
D:insuranceagenc->in
D:insuranceagencies->in
D:insuranceagency->in
D:insuranceagencys->in
D:insuranceagent->in
D:insuranceagents->in
D:insuranceal->in
D:insurancealife->in
D:insurancealliance->in
D:insurancean->in
D:insuranceance->in
D:insuranceans->in
D:insuranceat->in
D:insuranced->in
D:insurancedating->in
D:insurancede->in
D:insurancedeals->in
D:insurancededicated->in
D:insurancedental->in
D:insurancederive->in
D:insurancederiver->in
D:insurancederiving->in
D:insurancedes->in
D:insurancedisability->in
D:insurancedisablity->in
D:insurancedive->in
D:insurancediver->in
D:insurancediving->in
D:insuranceds->in
D:insurancee->in
D:insuranceee->in
D:insuranceeran->in
D:insuranceering->in
D:insuranceerive->in
D:insuranceeriver->in
D:insuranceeriving->in
D:insuranceers->in
D:insurancees->in
D:insuranceif->in
D:insuranceing->in
D:insuranceion->in
D:insuranceis->in
D:insurancely->in
D:insurancemental->in
D:insurancen->in
D:insurancenat->in
D:insurancenation->in
D:insurancenational->in
D:insurancenationally->in
D:insurancenatural->in
D:insurancenc->in
D:insurancene->in
D:insuranceness->in
D:insurancenic->in
D:insurancenice->in
D:insurancenly->in
D:insurancens->in
D:insurancenter->in
D:insurancentre->in
D:insurancentres->in
D:insuranceor->in
D:insuranceore->in
D:insurancer->in
D:insurancerance->in
D:insurancerat->in
D:insurancerate->in
D:insurancerated->in
D:insuranceratedeals->in
D:insuranceraters->in
D:insurancerates->in
D:insurancerating->in
D:insuranceratings->in
D:insurancere->in
D:insurancereal->in
D:insurancerental->in
D:insurancerenters->in
D:insurancerican->in
D:insurancerive->in
D:insuranceriver->in
D:insuranceriving->in
D:insurancers->in
D:insurances->in
D:insuranceually->in
D:insurancies->in
D:insuranciis->in
D:insurancing->in
D:insurancis->in
D:insurancous->in
D:insurancs->in
D:insurancy->in
D:insurancys->in
D:insurane->in
D:insuraned->in
D:insuranee->in
D:insuranence->in
D:insuranes->in
D:insuraning->in
D:insurans->in
D:insurant->in
D:insurantate->in
D:insurante->in
D:insurantes->in
D:insurants->in
D:insurat->in
D:insuration->in
D:insurative->in
D:insuratization->in
D:insure->in
D:insureabilene->in
D:insureable->in
D:insureageants->in
D:insureal->in
D:insureance->in
D:insureanced->in
D:insureances->in
D:insureants->in
D:insured->in
D:insuredating->in
D:insurede->in
D:insuredeal->in
D:insuredeals->in
D:insuredental->in
D:insuredentity->in
D:insuredes->in
D:insuredisability->in
D:insuredisablity->in
D:insuredness->in
D:insureds->in
D:insuree->in
D:insureence->in
D:insureer->in
D:insureers->in
D:insurees->in
D:insureice->in
D:insureing->in
D:insuren->in
D:insurenatural->in
D:insurenc->in
D:insurence->in
D:insurenceabilene->in
D:insurenceagent->in
D:insurenceal->in
D:insurenced->in
D:insurencedating->in
D:insurencede->in
D:insurencedeal->in
D:insurencedental->in
D:insurencedes->in
D:insurencedisability->in
D:insurencedisablity->in
D:insurencee->in
D:insurencenc->in
D:insurencene->in
D:insurenceor->in
D:insurencer->in
D:insurencerate->in
D:insurencerated->in
D:insurencerates->in
D:insurencerating->in
D:insurenceratings->in
D:insurencerental->in
D:insurences->in
D:insurencs->in
D:insurency->in
D:insurene->in
D:insureness->in
D:insurens->in
D:insurent->in
D:insurente->in
D:insurenters->in
D:insurents->in
D:insureor->in
D:insurer->in
D:insurerance->in
D:insurerate->in
D:insurerated->in
D:insurerates->in
D:insurerating->in
D:insureratings->in
D:insurere->in
D:insurered->in
D:insurerental->in
D:insurerer->in
D:insurerers->in
D:insureres->in
D:insurerif->in
D:insurers->in
D:insures->in
D:insureship->in
D:insureshipment->in
D:insurety->in
D:insurial->in
D:insurice->in
D:insuring->in
D:insurish->in
D:insurity->in
D:insurment->in
D:insuror->in
D:insurors->in
D:insurs->in
D:insurur->in
D:insururance->in
D:insurured->in
D:insurures->in
D:insururing->in
D:inth->in
D:inual->in
D:inually->in
D:inul->in
D:inulal->in
D:inulan->in
D:inulat->in
D:inulate->in
D:inulated->in
D:inulating->in
D:inulation->in
D:inule->in
D:inulen->in
D:inulingan->in
D:inuls->in
D:inum->in
D:inur->in
D:inurable->in
D:inural->in
D:inuran->in
D:inuranc->in
D:inurance->in
D:inurances->in
D:inurat->in
D:inuration->in
D:inure->in
D:inureal->in
D:inured->in
D:inuredness->in
D:inureee->in
D:inurees->in
D:inurely->in
D:inurement->in
D:inurements->in
D:inurence->in
D:inurer->in
D:inurere->in
D:inurers->in
D:inures->in
D:inurial->in
D:inuring->in
D:inurion->in
D:inurists->in
D:inurment->in
D:inurs->in
D:inurual->in
D:inus->in
Q:humans->human
D:human->human
D:humana->human
D:humanability->human
D:humanable->human
D:humanage->human
D:humanagement->human
D:humanagency->human
D:humanagent->human
D:humanal->human
D:humanalities->human
D:humanality->human
D:humanalliance->human
D:humanan->human
D:humanane->human
D:humananism->human
D:humananists->human
D:humananity->human
D:humananization->human
D:humananizing->human
D:humanarian->human
D:humanary->human
D:humanat->human
D:humanate->human
D:humanated->human
D:humanatee->human
D:humanaterian->human
D:humanatic->human
D:humanation->human
D:humanatis->human
D:humanatities->human
D:humanator->human
D:humanatrian->human
D:humanatural->human
D:humanature->human
D:humanatures->human
D:humane->human
D:humanealliance->human
D:humaneanic->human
D:humaneater->human
D:humaneaters->human
D:humaneating->human
D:humaned->human
D:humaneered->human
D:humaneering->human
D:humaneity->human
D:humanely->human
D:humanemente->human
D:humanen->human
D:humanenation->human
D:humanenes->human
D:humaneness->human
D:humanenesses->human
D:humanenist->human
D:humanentic->human
D:humanentrance->human
D:humaner->human
D:humanere->human
D:humaneren->human
D:humaners->human
D:humanes->human
D:humanety->human
D:humanful->human
D:humanhood->human
D:humanhoodnessship->human
D:humanhoods->human
D:humani->human
D:humania->human
D:humanian->human
D:humanians->human
D:humanic->human
D:humanical->human
D:humanice->human
D:humanicen->human
D:humanicity->human
D:humanics->human
D:humanification->human
D:humanifications->human
D:humanified->human
D:humanify->human
D:humanifying->human
D:humaning->human
D:humanion->human
D:humanique->human
D:humanis->human
D:humanisation->human
D:humanisations->human
D:humanisator->human
D:humanise->human
D:humanised->human
D:humanisee->human
D:humaniser->human
D:humanisering->human
D:humanises->human
D:humanish->human
D:humanishly->human
D:humanishs->human
D:humanising->human
D:humanism->human
D:humanisme->human
D:humanismen->human
D:humanismes->human
D:humanismis->human
D:humanisms->human
D:humanist->human
D:humaniste->human
D:humanisten->human
D:humanister->human
D:humanistes->human
D:humanistic->human
D:humanistical->human
D:humanistically->human
D:humanisticism->human
D:humanistics->human
D:humanistis->human
D:humanistisen->human
D:humanistism->human
D:humanistist->human
D:humanististen->human
D:humanistly->human
D:humanists->human
D:humanitie->human
D:humanities->human
D:humanitiese->human
D:humanity->human
D:humanityalive->human
D:humanitye->human
D:humanityingeneral->human
D:humanityis->human
D:humanityish->human
D:humanitys->human
D:humanium->human
D:humanivan->human
D:humanive->human
D:humanivore->human
D:humaniz->human
D:humanizan->human
D:humanization->human
D:humanizations->human
D:humanize->human
D:humanized->human
D:humanizer->human
D:humanizers->human
D:humanizes->human
D:humanizing->human
D:humanizingly->human
D:humanizings->human
D:humanlies->human
D:humanliness->human
D:humanly->human
D:humann->human
D:humannat->human
D:humannation->human
D:humannatur->human
D:humannature->human
D:humannaturedealer->human
D:humanne->human
D:humannely->human
D:humannes->human
D:humanness->human
D:humannesses->human
D:humannities->human
D:humannity->human
D:humannization->human
D:humannizer->human
D:humannly->human
D:humannness->human
D:humanns->human
D:humanor->human
D:humanorient->human
D:humanoriented->human
D:humanous->human
D:humanously->human
D:humans->human
D:humansage->human
D:humansale->human
D:humansan->human
D:humanse->human
D:humanseat->human
D:humanser->human
D:humanses->human
D:humanship->human
D:humansing->human
D:humansize->human
D:humansized->human
D:humansor->human
D:humanth->human
D:humanum->human
D:humanur->human
D:humanure->human
D:humanuring->human
D:humanus->human
<query> symptoms of mad cow disease in humans</query><numhits>10</numhits><time>9246</time>
</ATIREsearch>
<ATIREsearch>
D:lump->lump
D:lumpa->lump
D:lumpability->lump
D:lumpable->lump
D:lumpacy->lump
D:lumpage->lump
D:lumpalicous->lump
D:lumpan->lump
D:lumpar->lump
D:lumparen->lump
D:lumparing->lump
D:lumpat->lump
D:lumpatan->lump
D:lumpe->lump
D:lumped->lump
D:lumpee->lump
D:lumpen->lump
D:lumpene->lump
D:lumpenisation->lump
D:lumpenised->lump
D:lumpenish->lump
D:lumpenism->lump
D:lumpenization->lump
D:lumpenized->lump
D:lumpenlied->lump
D:lumpenly->lump
D:lumpenness->lump
D:lumpens->lump
D:lumper->lump
D:lumpers->lump
D:lumpes->lump
D:lumpetier->lump
D:lumpety->lump
D:lumpful->lump
D:lumpfuls->lump
D:lumpi->lump
D:lumpia->lump
D:lumpian->lump
D:lumpif->lump
D:lumping->lump
D:lumpingan->lump
D:lumpingly->lump
D:lumpings->lump
D:lumpish->lump
D:lumpishly->lump
D:lumpishness->lump
D:lumpishnesses->lump
D:lumpity->lump
D:lumpor->lump
D:lumpore->lump
D:lumpous->lump
D:lumpp->lump
D:lumpped->lump
D:lumppur->lump
D:lumps->lump
D:lumpsore->lump
D:lumpur->lump
D:lumpure->lump
D:lumpurian->lump
D:lumpuris->lump
D:lumpurs->lump
D:lumpus->lump
D:in->in
D:ina->in
D:inabil->in
D:inabile->in
D:inabilene->in
D:inabilitie->in
D:inabilities->in
D:inability->in
D:inabilitys->in
D:inabl->in
D:inablative->in
D:inable->in
D:inabled->in
D:inabler->in
D:inablers->in
D:inables->in
D:inabliity->in
D:inabling->in
D:inablities->in
D:inablity->in
D:inably->in
D:inag->in
D:inagalur->in
D:inagan->in
D:inagate->in
D:inage->in
D:inageants->in
D:inaged->in
D:inagee->in
D:inagen->in
D:inagenary->in
D:inagencies->in
D:inagency->in
D:inagencys->in
D:inagent->in
D:inagents->in
D:inages->in
D:inagiceat->in
D:inagif->in
D:inaging->in
D:inagist->in
D:inagivity->in
D:inagualable->in
D:inagural->in
D:inaguraling->in
D:inagurally->in
D:inagurate->in
D:inagurated->in
D:inagurates->in
D:inagurating->in
D:inaguration->in
D:inagurational->in
D:inagurations->in
D:inagure->in
D:inaguree->in
D:inagurual->in
D:inagururation->in
D:inal->in
D:inalal->in
D:inalan->in
D:inalater->in
D:inalation->in
D:inalatore->in
D:inalatorie->in
D:inale->in
D:inaleable->in
D:inalee->in
D:inalen->in
D:inalenable->in
D:inaler->in
D:inalers->in
D:inalian->in
D:inalianable->in
D:inalice->in
D:inaling->in
D:inalion->in
D:inalis->in
D:inalisan->in
D:inalise->in
D:inalising->in
D:inalisme->in
D:inalist->in
D:inalists->in
D:inality->in
D:inalive->in
D:inalize->in
D:inalized->in
D:inalizing->in
D:inalliance->in
D:inallienable->in
D:inally->in
D:inals->in
D:inan->in
D:inanacies->in
D:inanage->in
D:inanal->in
D:inanan->in
D:inanance->in
D:inananities->in
D:inanate->in
D:inanator->in
D:inanc->in
D:inance->in
D:inanced->in
D:inancer->in
D:inances->in
D:inancial->in
D:inancially->in
D:inancials->in
D:inancient->in
D:inancier->in
D:inanciers->in
D:inancing->in
D:inancs->in
D:inancy->in
D:inane->in
D:inanely->in
D:inaneness->in
D:inanenly->in
D:inaner->in
D:inanes->in
D:inanicion->in
D:inanis->in
D:inanisme->in
D:inanisms->in
D:inanitiate->in
D:inanitiation->in
D:inanitie->in
D:inanities->in
D:inanity->in
D:inanly->in
D:inans->in
D:inant->in
D:inante->in
D:inantly->in
D:inantor->in
D:inants->in
D:inanual->in
D:inanuran->in
D:inar->in
D:inarable->in
D:inarage->in
D:inaral->in
D:inaran->in
D:inare->in
D:inareal->in
D:inareality->in
D:inared->in
D:inaree->in
D:inares->in
D:inarial->in
D:inarian->in
D:inarians->in
D:inariants->in
D:inarily->in
D:inaring->in
D:inarion->in
D:inaris->in
D:inarisan->in
D:inarishian->in
D:inariv->in
D:inarization->in
D:inarly->in
D:inars->in
D:inarual->in
D:inary->in
D:inaryal->in
D:inat->in
D:inatal->in
D:inatalation->in
D:inatan->in
D:inatance->in
D:inatances->in
D:inatant->in
D:inatantan->in
D:inatantly->in
D:inate->in
D:inateate->in
D:inated->in
D:inatee->in
D:inately->in
D:inateness->in
D:inatent->in
D:inatention->in
D:inatentive->in
D:inatentiveness->in
D:inater->in
D:inaterantionalizing->in
D:inateration->in
D:inaterative->in
D:inaterlieren->in
D:inates->in
D:inatial->in
D:inatialization->in
D:inatialize->in
D:inatials->in
D:inating->in
D:inatingiveis->in
D:ination->in
D:inational->in
D:inationality->in
D:inations->in
D:inatis->in
D:inative->in
D:inatives->in
D:inatment->in
D:inator->in
D:inatorer->in
D:inators->in
D:inatory->in
D:inatrance->in
D:inatree->in
D:inatrice->in
D:inats->in
D:inatur->in
D:inatural->in
D:inaturalist->in
D:inaturate->in
D:inature->in
D:inatures->in
D:ine->in
D:ineag->in
D:ineagan->in
D:ineage->in
D:ineages->in
D:ineal->in
D:inealal->in
D:inean->in
D:ineans->in
D:ineant->in
D:inearyal->in
D:ineat->in
D:ineater->in
D:ineatial->in
D:ineatialization->in
D:ineation->in
D:ined->in
D:inedable->in
D:inedal->in
D:inedale->in
D:inede->in
D:ineded->in
D:ineden->in
D:inedentors->in
D:inederal->in
D:inedes->in
D:inedian->in
D:inedians->in
D:inedic->in
D:inedicabilis->in
D:inedicated->in
D:inedicator->in
D:inedices->in
D:inedione->in
D:inedis->in
D:inedly->in
D:ineds->in
D:inee->in
D:ineeal->in
D:ineee->in
D:ineeee->in
D:ineeeee->in
D:ineeeeee->in
D:ineeeeeeeeeeeeeeeeee->in
D:ineeeeees->in
D:ineeeees->in
D:ineeees->in
D:ineeeral->in
D:ineees->in
D:ineer->in
D:ineeral->in
D:ineereal->in
D:ineerial->in
D:ineering->in
D:ineers->in
D:ineerual->in
D:inees->in
D:ineial->in
D:ineian->in
D:ineians->in
D:ineicator->in
D:ineice->in
D:ineing->in
D:ineis->in
D:ineist->in
D:inelie->in
D:inelior->in
D:inelious->in
D:inely->in
D:inelyal->in
D:inement->in
D:inements->in
D:inen->in
D:inenable->in
D:inenabled->in
D:inenc->in
D:inence->in
D:inences->in
D:inene->in
D:inener->in
D:inenes->in
D:ineness->in
D:inens->in
D:inent->in
D:inental->in
D:inentals->in
D:inente->in
D:inented->in
D:inenten->in
D:inenter->in
D:inentered->in
D:inentical->in
D:inentification->in
D:inenting->in
D:inentingen->in
D:inentings->in
D:inention->in
D:inentional->in
D:inentionalizing->in
D:inentionally->in
D:inentions->in
D:inentity->in
D:inentive->in
D:inentives->in
D:inently->in
D:inentor->in
D:inentory->in
D:inents->in
D:inentured->in
D:ineor->in
D:ineoral->in
D:ineory->in
D:ineous->in
D:iner->in
D:ineral->in
D:inerale->in
D:inerales->in
D:ineralize->in
D:ineralized->in
D:inerals->in
D:ineran->in
D:inerancy->in
D:inerane->in
D:inerant->in
D:ineraries->in
D:inerary->in
D:inerat->in
D:inerate->in
D:ineration->in
D:inerative->in
D:inere->in
D:inereal->in
D:inered->in
D:inereeal->in
D:inereial->in
D:inerely->in
D:inerency->in
D:inerenship->in
D:inerent->in
D:inerente->in
D:inerentemente->in
D:inerentes->in
D:inerers->in
D:ineres->in
D:inereual->in
D:inerial->in
D:ineric->in
D:inering->in
D:ineris->in
D:inerized->in
D:inerly->in
D:inerment->in
D:inerness->in
D:iners->in
D:inerual->in
D:inerural->in
D:ines->in
D:inetiative->in
D:inetie->in
D:inety->in
D:ineual->in
D:ineualities->in
D:ineuality->in
D:ineur->in
D:ineural->in
D:ineurance->in
D:ineurances->in
D:ineure->in
D:ineurence->in
D:inful->in
D:infulance->in
D:infulanced->in
D:infulances->in
D:infulat->in
D:infulation->in
D:infule->in
D:infulence->in
D:infulenced->in
D:infulencers->in
D:infulences->in
D:infulencing->in
D:infulential->in
D:infulenting->in
D:infulis->in
D:infully->in
D:inhood->in
D:ini->in
D:inia->in
D:inial->in
D:inialantic->in
D:inialation->in
D:inializater->in
D:inialization->in
D:inialize->in
D:inialized->in
D:inializer->in
D:inializes->in
D:inializing->in
D:inially->in
D:inian->in
D:inianeural->in
D:inians->in
D:inibility->in
D:inic->in
D:inical->in
D:inicals->in
D:inican->in
D:inicans->in
D:inicat->in
D:inicate->in
D:inicated->in
D:inicates->in
D:inicating->in
D:inication->in
D:inications->in
D:inicative->in
D:inicator->in
D:inicators->in
D:inice->in
D:inicence->in
D:inicent->in
D:inicentally->in
D:inicenter->in
D:inicentives->in
D:inicents->in
D:inicere->in
D:inices->in
D:iniceties->in
D:inicety->in
D:inicial->in
D:iniciale->in
D:iniciales->in
D:inicialice->in
D:inicialisation->in
D:inicializable->in
D:inicialize->in
D:inicialized->in
D:inicializes->in
D:inicializing->in
D:inicially->in
D:inicialment->in
D:inicialmente->in
D:inicials->in
D:inician->in
D:inicing->in
D:inicion->in
D:inicis->in
D:inicist->in
D:inicistes->in
D:inicity->in
D:inicore->in
D:inics->in
D:inif->in
D:inifant->in
D:inifat->in
D:inife->in
D:inifee->in
D:inifer->in
D:inifes->in
D:inifial->in
D:inification->in
D:inifie->in
D:inifien->in
D:inifieneure->in
D:inifif->in
D:inifity->in
D:inifor->in
D:iniforis->in
D:inifors->in
D:inify->in
D:inifye->in
D:ining->in
D:iningatan->in
D:ininge->in
D:iningen->in
D:ininger->in
D:inings->in
D:inion->in
D:inionat->in
D:inione->in
D:inions->in
D:iniqu->in
D:inique->in
D:iniquely->in
D:iniquement->in
D:iniqueness->in
D:iniques->in
D:iniquis->in
D:iniquitie->in
D:iniquities->in
D:iniquitious->in
D:iniquity->in
D:iniquitys->in
D:iniquous->in
D:inis->in
D:inisan->in
D:inisance->in
D:inisane->in
D:inisatif->in
D:inise->in
D:inisen->in
D:inisene->in
D:inisent->in
D:iniser->in
D:iniserable->in
D:inises->in
D:inish->in
D:inishal->in
D:inishals->in
D:inishative->in
D:inishe->in
D:inished->in
D:inishee->in
D:inisheer->in
D:inisher->in
D:inishere->in
D:inishers->in
D:inishes->in
D:inishial->in
D:inishials->in
D:inishing->in
D:inisial->in
D:inisialer->in
D:inisiales->in
D:inisials->in
D:inisian->in
D:inisians->in
D:inisife->in
D:inising->in
D:inism->in
D:inismag->in
D:inismean->in
D:inismor->in
D:inismore->in
D:inisms->in
D:inist->in
D:inistal->in
D:inistance->in
D:inistances->in
D:inistantaneously->in
D:inistate->in
D:inistated->in
D:inistatr->in
D:iniste->in
D:inisteal->in
D:inisted->in
D:inistee->in
D:inistent->in
D:inister->in
D:inisterial->in
D:inistering->in
D:inisters->in
D:inistials->in
D:inistian->in
D:inisting->in
D:inistismizene->in
D:inistore->in
D:inistories->in
D:inistr->in
D:inistrat->in
D:inistration->in
D:inistrations->in
D:inistrative->in
D:inistrator->in
D:inistrators->in
D:inistre->in
D:inistries->in
D:inistrife->in
D:inistring->in
D:inistrings->in
D:inistry->in
D:inists->in
D:inisurance->in
D:initiant->in
D:initianted->in
D:initianten->in
D:initiantion->in
D:initiantive->in
D:initiants->in
D:initiantur->in
D:initiary->in
D:initiat->in
D:initiatable->in
D:initiatally->in
D:initiatated->in
D:initiatates->in
D:initiatation->in
D:initiate->in
D:initiated->in
D:initiateded->in
D:initiatedor->in
D:initiateds->in
D:initiatee->in
D:initiatees->in
D:initiateion->in
D:initiately->in
D:initiater->in
D:initiaters->in
D:initiates->in
D:initiateship->in
D:initiateur->in
D:initiateurs->in
D:initiatial->in
D:initiatialisation->in
D:initiatialization->in
D:initiatialize->in
D:initiatially->in
D:initiatian->in
D:initiatic->in
D:initiatically->in
D:initiatices->in
D:initiatics->in
D:initiatif->in
D:initiating->in
D:initiation->in
D:initiational->in
D:initiationary->in
D:initiationen->in
D:initiationis->in
D:initiations->in
D:initiatism->in
D:initiativ->in
D:initiativate->in
D:initiative->in
D:initiativean->in
D:initiatived->in
D:initiativeee->in
D:initiativees->in
D:initiatively->in
D:initiativen->in
D:initiativeness->in
D:initiativer->in
D:initiativers->in
D:initiatives->in
D:initiativism->in
D:initiativists->in
D:initiativity->in
D:initiativs->in
D:initiatization->in
D:initiatizer->in
D:initiatizes->in
D:initiatly->in
D:initiator->in
D:initiatore->in
D:initiatoren->in
D:initiatorial->in
D:initiatoric->in
D:initiatories->in
D:initiatorily->in
D:initiators->in
D:initiatory->in
D:initiatred->in
D:initiatrice->in
D:initiatrices->in
D:initiats->in
D:initie->in
D:initiealization->in
D:initieated->in
D:initied->in
D:initiee->in
D:initiees->in
D:initien->in
D:initient->in
D:initier->in
D:initierat->in
D:initierats->in
D:initiere->in
D:initierede->in
D:initieren->in
D:initieres->in
D:initiering->in
D:initieringen->in
D:inities->in
D:initiial->in
D:initiialisation->in
D:initiialization->in
D:initiialize->in
D:initiially->in
D:initiials->in
D:initiing->in
D:initiingness->in
D:initiings->in
D:initiis->in
D:initiivan->in
D:initiivat->in
D:initiizes->in
D:initily->in
D:initiual->in
D:initiualization->in
D:initiualize->in
D:inity->in
D:inityal->in
D:inityalization->in
D:inityial->in
D:initys->in
D:inium->in
D:iniums->in
D:iniv->in
D:inival->in
D:inivan->in
D:inivation->in
D:inivational->in
D:inivations->in
D:inivative->in
D:inivatives->in
D:inivator->in
D:inivators->in
D:inive->in
D:inived->in
D:iniven->in
D:iniveous->in
D:iniver->in
D:iniverity->in
D:inives->in
D:inivis->in
D:inivitiatives->in
D:inivorous->in
D:inivory->in
D:inivs->in
D:iniz->in
D:inizan->in
D:inizations->in
D:inize->in
D:inized->in
D:inizen->in
D:inizer->in
D:iniziale->in
D:inizialization->in
D:inizialize->in
D:inizialized->in
D:inizializers->in
D:inizializing->in
D:inizialmente->in
D:inizing->in
D:inizion->in
D:inlie->in
D:inlied->in
D:inlien->in
D:inliens->in
D:inlier->in
D:inliers->in
D:inlies->in
D:inlilies->in
D:inly->in
D:inlyed->in
D:inlying->in
D:inlys->in
D:inmence->in
D:inment->in
D:inmental->in
D:inmentioned->in
D:inmentionence->in
D:inmentioning->in
D:inn->in
D:innabilene->in
D:innabilis->in
D:innability->in
D:innable->in
D:innables->in
D:innag->in
D:innage->in
D:innages->in
D:innagural->in
D:innagurate->in
D:innagurated->in
D:innagurates->in
D:innaguration->in
D:innagurators->in
D:innal->in
D:innale->in
D:innalif->in
D:innalife->in
D:innalive->in
D:innaliving->in
D:innally->in
D:innan->in
D:innane->in
D:innanee->in
D:innanely->in
D:innanen->in
D:innaneness->in
D:innanities->in
D:innanity->in
D:innant->in
D:innante->in
D:innantes->in
D:innary->in
D:innat->in
D:innatant->in
D:innate->in
D:innated->in
D:innately->in
D:innateness->in
D:innatention->in
D:innatentive->in
D:innatentiveness->in
D:innates->in
D:innatic->in
D:innational->in
D:innations->in
D:innatism->in
D:innatist->in
D:innatists->in
D:innative->in
D:innativism->in
D:innativity->in
D:innatore->in
D:innators->in
D:innatreeeeee->in
D:innatur->in
D:innatural->in
D:innaturale->in
D:innaturalis->in
D:innaturalism->in
D:innaturally->in
D:innaturalmente->in
D:innature->in
D:innatures->in
D:inne->in
D:inneal->in
D:innealan->in
D:innean->in
D:inneans->in
D:inneat->in
D:inneats->in
D:inned->in
D:innee->in
D:inneee->in
D:inneeee->in
D:inneeeee->in
D:inneeist->in
D:inneer->in
D:inneeral->in
D:innees->in
D:inneist->in
D:inneity->in
D:innen->in
D:innens->in
D:innent->in
D:innente->in
D:innentions->in
D:innentors->in
D:innents->in
D:innenturen->in
D:inner->in
D:innerage->in
D:inneral->in
D:inneralice->in
D:inneran->in
D:innerancy->in
D:inneranists->in
D:innerant->in
D:innerantist->in
D:innerantly->in
D:innerary->in
D:innere->in
D:innereal->in
D:innered->in
D:innereds->in
D:innereiserer->in
D:inneren->in
D:innerent->in
D:innerente->in
D:innerer->in
D:innererer->in
D:innereriz->in
D:inneres->in
D:innerial->in
D:innering->in
D:inneringen->in
D:innerings->in
D:innerise->in
D:innerish->in
D:innerism->in
D:innerly->in
D:innerlying->in
D:innerlyly->in
D:innermentalist->in
D:innerness->in
D:innerorat->in
D:inners->in
D:innerual->in
D:innes->in
D:inness->in
D:innesse->in
D:innessence->in
D:innesses->in
D:innety->in
D:inneural->in
D:inniales->in
D:innially->in
D:innians->in
D:innic->in
D:innice->in
D:innicence->in
D:innicent->in
D:innicents->in
D:innicial->in
D:innicially->in
D:innicials->in
D:innicor->in
D:innif->in
D:innifer->in
D:innificantly->in
D:inning->in
D:inningen->in
D:inninger->in
D:inningers->in
D:innings->in
D:innion->in
D:innionis->in
D:innions->in
D:innis->in
D:innise->in
D:innisen->in
D:innisent->in
D:innisful->in
D:innish->in
D:innisheer->in
D:innisher->in
D:innisian->in
D:innismere->in
D:innismish->in
D:innismore->in
D:innister->in
D:innistor->in
D:innistr->in
D:innistree->in
D:innisture->in
D:innitiate->in
D:innitiated->in
D:innitiates->in
D:innitiating->in
D:innitiation->in
D:innitiativ->in
D:innitiative->in
D:innitiatives->in
D:innitiator->in
D:innitiators->in
D:innities->in
D:innity->in
D:inniv->in
D:innivated->in
D:innivating->in
D:innivation->in
D:innivations->in
D:innivative->in
D:innivity->in
D:inniz->in
D:innized->in
D:innment->in
D:innness->in
D:innor->in
D:innoral->in
D:innorat->in
D:innoration->in
D:innorative->in
D:innore->in
D:innoreal->in
D:innored->in
D:innorisic->in
D:inns->in
D:innual->in
D:innually->in
D:innur->in
D:innural->in
D:innurance->in
D:innure->in
D:innured->in
D:innuring->in
D:innurs->in
D:inor->in
D:inoraganic->in
D:inoral->in
D:inorality->in
D:inoran->in
D:inorance->in
D:inorantes->in
D:inorat->in
D:inorated->in
D:inore->in
D:inoreal->in
D:inoreality->in
D:inored->in
D:inoreder->in
D:inoree->in
D:inoreful->in
D:inoren->in
D:inorerat->in
D:inores->in
D:inorial->in
D:inorian->in
D:inorians->in
D:inorien->in
D:inorient->in
D:inorientation->in
D:inoring->in
D:inorities->in
D:inority->in
D:inors->in
D:inorual->in
D:inoryal->in
D:inous->in
D:inouse->in
D:inousent->in
D:inouses->in
D:ins->in
D:insabilene->in
D:insability->in
D:insable->in
D:insaciate->in
D:insag->in
D:insage->in
D:insagency->in
D:insagent->in
D:insal->in
D:insalan->in
D:insalante->in
D:insalary->in
D:insalate->in
D:insalated->in
D:insalating->in
D:insalation->in
D:insalations->in
D:insale->in
D:insaled->in
D:insalely->in
D:insalenly->in
D:insales->in
D:insality->in
D:insalivate->in
D:insalivated->in
D:insalivates->in
D:insalivation->in
D:insalivations->in
D:insally->in
D:insalment->in
D:insalments->in
D:insan->in
D:insanabile->in
D:insanabilis->in
D:insanability->in
D:insanabilmente->in
D:insanable->in
D:insanableness->in
D:insanably->in
D:insanal->in
D:insanally->in
D:insanananity->in
D:insanant->in
D:insanate->in
D:insanatic->in
D:insanation->in
D:insanatised->in
D:insanatized->in
D:insanc->in
D:insance->in
D:insancenes->in
D:insances->in
D:insancy->in
D:insane->in
D:insanealicat->in
D:insanealice->in
D:insanean->in
D:insaneanteater->in
D:insaneantics->in
D:insaned->in
D:insanedan->in
D:insanedisabled->in
D:insanediver->in
D:insanee->in
D:insaneee->in
D:insaneeee->in
D:insaneeeee->in
D:insaneeeeee->in
D:insaneeeeeee->in
D:insaneeeeeeee->in
D:insaneeeeeeeee->in
D:insaneeeeeeeeee->in
D:insaneeeeeeeeeee->in
D:insaneeeeeeeeeeeee->in
D:insaneeeeeeeeeeeeeeeeee->in
D:insaneeeeeeeeeeeeeeeeeeeeeeeeeeeeeeee->in
D:insaneeeeeeely->in
D:insaneeeeely->in
D:insaneely->in
D:insaneer->in
D:insaneeric->in
D:insanefully->in
D:insaneif->in
D:insaneish->in
D:insaneisme->in
D:insaneity->in
D:insanelily->in
D:insanely->in
D:insanelyurs->in
D:insanementality->in
D:insanen->in
D:insanenator->in
D:insanene->in
D:insaneness->in
D:insanenly->in
D:insaneous->in
D:insaner->in
D:insanerantings->in
D:insanerationality->in
D:insanerator->in
D:insanereagan->in
D:insanerealities->in
D:insanereality->in
D:insanerealization->in
D:insanerer->in
D:insanerism->in
D:insanes->in
D:insaneties->in
D:insanety->in
D:insanialeisure->in
D:insanian->in
D:insanic->in
D:insanical->in
D:insanif->in
D:insanificant->in
D:insaningly->in
D:insanis->in
D:insanish->in
D:insanism->in
D:insanist->in
D:insanistan->in
D:insanitie->in
D:insanities->in
D:insanity->in
D:insanityat->in
D:insanitye->in
D:insanityis->in
D:insanityismentality->in
D:insanityness->in
D:insanitys->in
D:insanliens->in
D:insanly->in
D:insans->in
D:insant->in
D:insantance->in
D:insantaneous->in
D:insantaneously->in
D:insante->in
D:insantely->in
D:insantence->in
D:insantity->in
D:insantive->in
D:insantly->in
D:insantrans->in
D:insants->in
D:insat->in
D:insatability->in
D:insatable->in
D:insatalation->in
D:insatance->in
D:insatances->in
D:insatanic->in
D:insatanity->in
D:insatant->in
D:insatantly->in
D:insate->in
D:insater->in
D:insaterlieren->in
D:insation->in
D:insationable->in
D:insatis->in
D:insatisable->in
D:insatity->in
D:insatitys->in
D:insats->in
D:insatur->in
D:insaturable->in
D:insaturated->in
D:insaturation->in
D:insature->in
D:insatured->in
D:insaturees->in
D:insatures->in
D:inse->in
D:inseal->in
D:insealant->in
D:insealate->in
D:insealation->in
D:insealators->in
D:insealing->in
D:insean->in
D:inseant->in
D:inseat->in
D:inseated->in
D:inseats->in
D:insed->in
D:insedate->in
D:insede->in
D:insedence->in
D:insedent->in
D:insedentary->in
D:insedently->in
D:inseder->in
D:insederat->in
D:insedere->in
D:insee->in
D:inseeing->in
D:inseer->in
D:inseis->in
D:inseliing->in
D:insely->in
D:insement->in
D:insen->in
D:insenately->in
D:insenature->in
D:insenc->in
D:insence->in
D:insenced->in
D:insencere->in
D:insencerity->in
D:insences->in
D:insencish->in
D:insencure->in
D:insenely->in
D:insenic->in
D:insenity->in
D:insens->in
D:insent->in
D:insentative->in
D:insented->in
D:insentence->in
D:insentencing->in
D:insential->in
D:insentice->in
D:insentif->in
D:insentis->in
D:insentiv->in
D:insentive->in
D:insentively->in
D:insentiver->in
D:insentives->in
D:insentivising->in
D:insentivity->in
D:insentivize->in
D:insentivs->in
D:insently->in
D:insents->in
D:insentualization->in
D:inser->in
D:inserable->in
D:inseral->in
D:inserance->in
D:inserances->in
D:inserant->in
D:inserantur->in
D:inserat->in
D:inserate->in
D:inseraten->in
D:inserating->in
D:inseration->in
D:inserational->in
D:inserator->in
D:inserats->in
D:inseratur->in
D:insere->in
D:insered->in
D:inseree->in
D:inserees->in
D:inserence->in
D:inserenity->in
D:inserens->in
D:inserent->in
D:inserentant->in
D:inserente->in
D:inserenten->in
D:inserentur->in
D:inserer->in
D:inserere->in
D:insererentur->in
D:inseres->in
D:inserial->in
D:inserice->in
D:insering->in
D:inserion->in
D:inserions->in
D:inseris->in
D:inseriste->in
D:inserivate->in
D:inserlieren->in
D:inserment->in
D:inseror->in
D:insers->in
D:inses->in
D:insety->in
D:inseur->in
D:inseurance->in
D:inseurances->in
D:inseure->in
D:inseurence->in
D:inship->in
D:inshipment->in
D:inships->in
D:insian->in
D:insiane->in
D:insianity->in
D:insians->in
D:insic->in
D:insical->in
D:insication->in
D:insications->in
D:insicator->in
D:insice->in
D:insiced->in
D:insicer->in
D:insicere->in
D:insicerety->in
D:insicion->in
D:insicional->in
D:insicions->in
D:insicive->in
D:insicor->in
D:insicore->in
D:insicored->in
D:insicors->in
D:insicur->in
D:insicure->in
D:insicured->in
D:insicurities->in
D:insicurity->in
D:insif->in
D:insife->in
D:insifer->in
D:insificant->in
D:insificent->in
D:insifics->in
D:insing->in
D:insingen->in
D:insinger->in
D:insingerat->in
D:insingerate->in
D:insingers->in
D:insingurat->in
D:insish->in
D:insism->in
D:insitiative->in
D:insitiency->in
D:insity->in
D:insize->in
D:insized->in
D:insizers->in
D:insizes->in
D:insizing->in
D:insizion->in
D:inslie->in
D:insmental->in
D:insor->in
D:insoral->in
D:insorance->in
D:insorances->in
D:insore->in
D:insored->in
D:insorence->in
D:insoreness->in
D:insoric->in
D:insors->in
D:insous->in
D:insualation->in
D:insualative->in
D:insuale->in
D:insur->in
D:insurabilities->in
D:insurability->in
D:insurabl->in
D:insurable->in
D:insurables->in
D:insurablitily->in
D:insurablity->in
D:insurably->in
D:insuragencies->in
D:insurally->in
D:insuran->in
D:insuranance->in
D:insuranc->in
D:insurancance->in
D:insurancances->in
D:insurancane->in
D:insurance->in
D:insuranceabilene->in
D:insuranceage->in
D:insuranceageants->in
D:insuranceagenc->in
D:insuranceagencies->in
D:insuranceagency->in
D:insuranceagencys->in
D:insuranceagent->in
D:insuranceagents->in
D:insuranceal->in
D:insurancealife->in
D:insurancealliance->in
D:insurancean->in
D:insuranceance->in
D:insuranceans->in
D:insuranceat->in
D:insuranced->in
D:insurancedating->in
D:insurancede->in
D:insurancedeals->in
D:insurancededicated->in
D:insurancedental->in
D:insurancederive->in
D:insurancederiver->in
D:insurancederiving->in
D:insurancedes->in
D:insurancedisability->in
D:insurancedisablity->in
D:insurancedive->in
D:insurancediver->in
D:insurancediving->in
D:insuranceds->in
D:insurancee->in
D:insuranceee->in
D:insuranceeran->in
D:insuranceering->in
D:insuranceerive->in
D:insuranceeriver->in
D:insuranceeriving->in
D:insuranceers->in
D:insurancees->in
D:insuranceif->in
D:insuranceing->in
D:insuranceion->in
D:insuranceis->in
D:insurancely->in
D:insurancemental->in
D:insurancen->in
D:insurancenat->in
D:insurancenation->in
D:insurancenational->in
D:insurancenationally->in
D:insurancenatural->in
D:insurancenc->in
D:insurancene->in
D:insuranceness->in
D:insurancenic->in
D:insurancenice->in
D:insurancenly->in
D:insurancens->in
D:insurancenter->in
D:insurancentre->in
D:insurancentres->in
D:insuranceor->in
D:insuranceore->in
D:insurancer->in
D:insurancerance->in
D:insurancerat->in
D:insurancerate->in
D:insurancerated->in
D:insuranceratedeals->in
D:insuranceraters->in
D:insurancerates->in
D:insurancerating->in
D:insuranceratings->in
D:insurancere->in
D:insurancereal->in
D:insurancerental->in
D:insurancerenters->in
D:insurancerican->in
D:insurancerive->in
D:insuranceriver->in
D:insuranceriving->in
D:insurancers->in
D:insurances->in
D:insuranceually->in
D:insurancies->in
D:insuranciis->in
D:insurancing->in
D:insurancis->in
D:insurancous->in
D:insurancs->in
D:insurancy->in
D:insurancys->in
D:insurane->in
D:insuraned->in
D:insuranee->in
D:insuranence->in
D:insuranes->in
D:insuraning->in
D:insurans->in
D:insurant->in
D:insurantate->in
D:insurante->in
D:insurantes->in
D:insurants->in
D:insurat->in
D:insuration->in
D:insurative->in
D:insuratization->in
D:insure->in
D:insureabilene->in
D:insureable->in
D:insureageants->in
D:insureal->in
D:insureance->in
D:insureanced->in
D:insureances->in
D:insureants->in
D:insured->in
D:insuredating->in
D:insurede->in
D:insuredeal->in
D:insuredeals->in
D:insuredental->in
D:insuredentity->in
D:insuredes->in
D:insuredisability->in
D:insuredisablity->in
D:insuredness->in
D:insureds->in
D:insuree->in
D:insureence->in
D:insureer->in
D:insureers->in
D:insurees->in
D:insureice->in
D:insureing->in
D:insuren->in
D:insurenatural->in
D:insurenc->in
D:insurence->in
D:insurenceabilene->in
D:insurenceagent->in
D:insurenceal->in
D:insurenced->in
D:insurencedating->in
D:insurencede->in
D:insurencedeal->in
D:insurencedental->in
D:insurencedes->in
D:insurencedisability->in
D:insurencedisablity->in
D:insurencee->in
D:insurencenc->in
D:insurencene->in
D:insurenceor->in
D:insurencer->in
D:insurencerate->in
D:insurencerated->in
D:insurencerates->in
D:insurencerating->in
D:insurenceratings->in
D:insurencerental->in
D:insurences->in
D:insurencs->in
D:insurency->in
D:insurene->in
D:insureness->in
D:insurens->in
D:insurent->in
D:insurente->in
D:insurenters->in
D:insurents->in
D:insureor->in
D:insurer->in
D:insurerance->in
D:insurerate->in
D:insurerated->in
D:insurerates->in
D:insurerating->in
D:insureratings->in
D:insurere->in
D:insurered->in
D:insurerental->in
D:insurerer->in
D:insurerers->in
D:insureres->in
D:insurerif->in
D:insurers->in
D:insures->in
D:insureship->in
D:insureshipment->in
D:insurety->in
D:insurial->in
D:insurice->in
D:insuring->in
D:insurish->in
D:insurity->in
D:insurment->in
D:insuror->in
D:insurors->in
D:insurs->in
D:insurur->in
D:insururance->in
D:insurured->in
D:insurures->in
D:insururing->in
D:inth->in
D:inual->in
D:inually->in
D:inul->in
D:inulal->in
D:inulan->in
D:inulat->in
D:inulate->in
D:inulated->in
D:inulating->in
D:inulation->in
D:inule->in
D:inulen->in
D:inulingan->in
D:inuls->in
D:inum->in
D:inur->in
D:inurable->in
D:inural->in
D:inuran->in
D:inuranc->in
D:inurance->in
D:inurances->in
D:inurat->in
D:inuration->in
D:inure->in
D:inureal->in
D:inured->in
D:inuredness->in
D:inureee->in
D:inurees->in
D:inurely->in
D:inurement->in
D:inurements->in
D:inurence->in
D:inurer->in
D:inurere->in
D:inurers->in
D:inures->in
D:inurial->in
D:inuring->in
D:inurion->in
D:inurists->in
D:inurment->in
D:inurs->in
D:inurual->in
D:inus->in
Q:throat->thro
D:thro->thro
D:throa->thro
D:throag->thro
D:throal->thro
D:throalian->thro
D:throalic->thro
D:throan->thro
D:throans->thro
D:throar->thro
D:throary->thro
D:throat->thro
D:throatable->thro
D:throatal->thro
D:throate->thro
D:throated->thro
D:throatedly->thro
D:throatedness->thro
D:throateds->thro
D:throatee->thro
D:throater->thro
D:throaters->thro
D:throates->thro
D:throatful->thro
D:throatfuls->thro
D:throatian->thro
D:throaticated->thro
D:throating->thro
D:throatingness->thro
D:throatish->thro
D:throatness->thro
D:throator->thro
D:throatr->thro
D:throatred->thro
D:throatriver->thro
D:throats->thro
D:throe->thro
D:throeat->thro
D:throed->thro
D:throeing->thro
D:throener->thro
D:throens->thro
D:throer->thro
D:throes->thro
D:throi->thro
D:throia->thro
D:throing->thro
D:throion->thro
D:throis->thro
D:throist->thro
D:throium->thro
D:throly->thro
D:throness->thro
D:thronesse->thro
D:throor->thro
D:thros->thro
D:throsat->thro
D:throse->thro
D:throsen->thro
D:throsic->thro
D:throsing->thro
D:throth->thro
D:throurally->thro
<query> lump in throat</query><numhits>10</numhits><time>4134</time>
</ATIREsearch>
<ATIREsearch>
Q:george->georg
D:georg->georg
D:georga->georg
D:georgag->georg
D:georgal->georg
D:georgalee->georg
D:georgalis->georg
D:georgan->georg
D:georgane->georg
D:georganes->georg
D:georganic->georg
D:georganics->georg
D:georganiseer->georg
D:georganism->georg
D:georgans->georg
D:georgant->georg
D:georgantes->georg
D:georgantis->georg
D:georgaris->georg
D:george->georg
D:georgeagan->georg
D:georgeagent->georg
D:georgeal->georg
D:georgean->georg
D:georgeance->georg
D:georgeane->georg
D:georgeans->georg
D:georgeat->georg
D:georged->georg
D:georgedale->georg
D:georgedan->georg
D:georgedance->georg
D:georgede->georg
D:georgedean->georg
D:georgedee->georg
D:georgeden->georg
D:georgedentes->georg
D:georgedes->georg
D:georgedoran->georg
D:georgeds->georg
D:georgeduran->georg
D:georgee->georg
D:georgeee->georg
D:georgeeee->georg
D:georgeeeee->georg
D:georgeeeeee->georg
D:georgeeeeeee->georg
D:georgeeeeeeee->georg
D:georgeeeeeeeeeeeeeeeeeeeeeeeeeeee->georg
D:georgeer->georg
D:georgees->georg
D:georgehood->georg
D:georgeian->georg
D:georgeians->georg
D:georgeif->georg
D:georgeis->georg
D:georgeish->georg
D:georgeishere->georg
D:georgeism->georg
D:georgeist->georg
D:georgeists->georg
D:georgeiz->georg
D:georgelien->georg
D:georgely->georg
D:georgen->georg
D:georgenal->georg
D:georgenan->georg
D:georgenancy->georg
D:georgene->georg
D:georgeneal->georg
D:georgenee->georg
D:georgener->georg
D:georgenes->georg
D:georgeness->georg
D:georgenory->georg
D:georgens->georg
D:georgentor->georg
D:georgeorie->georg
D:georgeous->georg
D:georgeouse->georg
D:georgeously->georg
D:georgeousness->georg
D:georger->georg
D:georgerag->georg
D:georgered->georg
D:georgerede->georg
D:georgereif->georg
D:georgereisman->georg
D:georgerian->georg
D:georgeric->georg
D:georgerly->georg
D:georgerous->georg
D:georgers->georg
D:georges->georg
D:georgetier->georg
D:georgg->georg
D:georgge->georg
D:georgges->georg
D:georggian->georg
D:georggous->georg
D:georggs->georg
D:georgi->georg
D:georgia->georg
D:georgial->georg
D:georgialeal->georg
D:georgialee->georg
D:georgialees->georg
D:georgialene->georg
D:georgialife->georg
D:georgialion->georg
D:georgialist->georg
D:georgialisted->georg
D:georgialister->georg
D:georgialistings->georg
D:georgialists->georg
D:georgialive->georg
D:georgializ->georg
D:georgials->georg
D:georgian->georg
D:georgianage->georg
D:georgianal->georg
D:georgianalee->georg
D:georgianatural->georg
D:georgiane->georg
D:georgianis->georg
D:georgianised->georg
D:georgianising->georg
D:georgianism->georg
D:georgianiv->georg
D:georgianization->georg
D:georgianizations->georg
D:georgianized->georg
D:georgianness->georg
D:georgians->georg
D:georgic->georg
D:georgical->georg
D:georgice->georg
D:georgics->georg
D:georgify->georg
D:georging->georg
D:georgion->georg
D:georgione->georg
D:georgiques->georg
D:georgis->georg
D:georgisan->georg
D:georgish->georg
D:georgism->georg
D:georgist->georg
D:georgistan->georg
D:georgister->georg
D:georgistically->georg
D:georgists->georg
D:georgium->georg
D:georgive->georg
D:georgivs->georg
D:georgiz->georg
D:georgizan->georg
D:georgizian->georg
D:georgly->georg
D:georgory->georg
D:georgous->georg
D:georgouse->georg
D:georgouses->georg
D:georgously->georg
D:georgs->georg
D:georgse->georg
D:georgsen->georg
D:georgses->georg
D:georgslied->georg
D:georgules->georg
D:georgulis->georg
D:georgural->georg
D:georgus->georg
D:bush->bush
D:busha->bush
D:bushability->bush
D:bushable->bush
D:bushage->bush
D:bushager->bush
D:bushal->bush
D:bushalat->bush
D:bushalen->bush
D:bushals->bush
D:bushan->bush
D:bushanan->bush
D:bushane->bush
D:bushaneers->bush
D:bushant->bush
D:bushantics->bush
D:bushar->bush
D:busharat->bush
D:bushare->bush
D:bushared->bush
D:busharis->bush
D:bushat->bush
D:bushate->bush
D:bushater->bush
D:bushating->bush
D:bushe->bush
D:busheat->bush
D:bushed->bush
D:bushedee->bush
D:bushedly->bush
D:busheds->bush
D:bushee->bush
D:busheee->bush
D:busheees->bush
D:bushees->bush
D:bushely->bush
D:bushen->bush
D:busher->bush
D:bushere->bush
D:bushers->bush
D:bushes->bush
D:busheur->bush
D:bushful->bush
D:bushi->bush
D:bushian->bush
D:bushianity->bush
D:bushians->bush
D:bushic->bush
D:bushicans->bush
D:bushification->bush
D:bushified->bush
D:bushing->bush
D:bushinger->bush
D:bushinges->bush
D:bushinging->bush
D:bushingly->bush
D:bushings->bush
D:bushis->bush
D:bushise->bush
D:bushish->bush
D:bushism->bush
D:bushisms->bush
D:bushist->bush
D:bushistan->bush
D:bushiste->bush
D:bushisten->bush
D:bushistis->bush
D:bushistory->bush
D:bushists->bush
D:bushlied->bush
D:bushlies->bush
D:bushliness->bush
D:bushly->bush
D:bushment->bush
D:bushmentalism->bush
D:bushments->bush
D:bushness->bush
D:bushor->bush
D:bushore->bush
D:bushouse->bush
D:bushs->bush
D:bushsales->bush
D:bushsat->bush
D:bushul->bush
D:bushum->bush
D:bushur->bush
D:bushus->bush
D:sr->sr
D:bio->bio
<query> george bush sr bio</query><numhits>10</numhits><time>1703</time>
</ATIREsearch>
<ATIREsearch>
D:frank->frank
D:franka->frank
D:frankability->frank
D:frankabilly->frank
D:frankable->frank
D:frankacy->frank
D:frankag->frank
D:frankagabler->frank
D:frankagency->frank
D:frankal->frank
D:frankalan->frank
D:frankale->frank
D:frankallie->frank
D:frankan->frank
D:frankanator->frank
D:frankant->frank
D:frankar->frank
D:frankars->frank
D:frankat->frank
D:franke->frank
D:franked->frank
D:frankeden->frank
D:frankee->frank
D:frankeee->frank
D:frankeeee->frank
D:frankeeeeee->frank
D:frankeer->frank
D:frankees->frank
D:frankeful->frank
D:frankely->frank
D:franken->frank
D:frankenal->frank
D:frankenator->frank
D:frankenc->frank
D:frankencable->frank
D:frankencables->frank
D:frankencat->frank
D:frankencats->frank
D:frankencities->frank
D:frankene->frank
D:frankened->frank
D:frankenen->frank
D:frankener->frank
D:frankeners->frank
D:frankenhood->frank
D:frankening->frank
D:frankenized->frank
D:frankenlied->frank
D:frankenlies->frank
D:frankenly->frank
D:frankens->frank
D:frankent->frank
D:frankentable->frank
D:frankental->frank
D:frankentales->frank
D:frankentan->frank
D:frankentaters->frank
D:frankented->frank
D:frankentee->frank
D:frankentor->frank
D:frankentreats->frank
D:frankentree->frank
D:frankentrees->frank
D:frankentrish->frank
D:franker->frank
D:frankere->frank
D:frankeren->frank
D:frankerer->frank
D:frankeric->frank
D:frankering->frank
D:frankers->frank
D:frankes->frank
D:frankeur->frank
D:frankful->frank
D:frankfully->frank
D:franki->frank
D:frankia->frank
D:frankial->frank
D:frankialice->frank
D:frankian->frank
D:frankic->frank
D:frankice->frank
D:frankices->frank
D:frankification->frank
D:frankified->frank
D:frankifyed->frank
D:franking->frank
D:frankinger->frank
D:frankingly->frank
D:frankings->frank
D:frankis->frank
D:frankish->frank
D:frankishere->frank
D:frankism->frank
D:frankisms->frank
D:frankist->frank
D:frankistan->frank
D:frankisten->frank
D:frankists->frank
D:frankity->frank
D:frankium->frank
D:frankiv->frank
D:frankivs->frank
D:frankiz->frank
D:frankizaner->frank
D:frankize->frank
D:frankized->frank
D:frankizing->frank
D:franklie->frank
D:franklieing->frank
D:franklien->frank
D:frankly->frank
D:franklyan->frank
D:franklye->frank
D:franklys->frank
D:frankness->frank
D:frankor->frank
D:frankorif->frank
D:franks->frank
D:franksage->frank
D:franksager->frank
D:franksale->frank
D:franksan->frank
D:franksanc->frank
D:frankse->frank
D:franksee->frank
D:franksen->frank
D:frankship->frank
D:franksinger->frank
D:franksly->frank
D:frankth->frank
D:frankum->frank
D:frankur->frank
D:frankus->frank
D:lloyd->lloyd
D:lloyda->lloyd
D:lloydd->lloyd
D:lloyddale->lloyd
D:lloyddanial->lloyd
D:lloyddeal->lloyd
D:lloydds->lloyd
D:lloyde->lloyd
D:lloydean->lloyd
D:lloyded->lloyd
D:lloydement->lloyd
D:lloyden->lloyd
D:lloydene->lloyd
D:lloydenes->lloyd
D:lloyder->lloyd
D:lloydering->lloyd
D:lloyders->lloyd
D:lloydes->lloyd
D:lloydi->lloyd
D:lloydia->lloyd
D:lloydian->lloyd
D:lloyding->lloyd
D:lloydiseric->lloyd
D:lloydish->lloyd
D:lloydistics->lloyd
D:lloyds->lloyd
D:lloydsat->lloyd
D:lloydse->lloyd
D:lloydsent->lloyd
D:lloydserif->lloyd
D:lloydsian->lloyd
D:lloydth->lloyd
D:lloydus->lloyd
D:wright->wright
D:wrighta->wright
D:wrightable->wright
D:wrightales->wright
D:wrightar->wright
D:wrighte->wright
D:wrightean->wright
D:wrighted->wright
D:wrightee->wright
D:wrighteer->wright
D:wrighten->wright
D:wrighteous->wright
D:wrighteousness->wright
D:wrighter->wright
D:wrighterly->wright
D:wrighters->wright
D:wrightful->wright
D:wrighti->wright
D:wrightia->wright
D:wrightian->wright
D:wrightians->wright
D:wrighting->wright
D:wrightinge->wright
D:wrightings->wright
D:wrightis->wright
D:wrightish->wright
D:wrightism->wright
D:wrightisms->wright
D:wrightist->wright
D:wrightly->wright
D:wrightness->wright
D:wrightous->wright
D:wrightr->wright
D:wrightreal->wright
D:wrightrs->wright
D:wrights->wright
D:wrightsan->wright
D:wrightsure->wright
D:wrightt->wright
D:wrighttalent->wright
D:wrightte->wright
D:wrightting->wright
D:wrightus->wright
Q:biography->biograph
D:biograph->biograph
D:biographal->biograph
D:biographe->biograph
D:biographed->biograph
D:biographee->biograph
D:biographees->biograph
D:biographen->biograph
D:biographer->biograph
D:biographers->biograph
D:biographes->biograph
D:biographi->biograph
D:biographia->biograph
D:biographial->biograph
D:biographic->biograph
D:biographical->biograph
D:biographicalities->biograph
D:biographically->biograph
D:biographicals->biograph
D:biographication->biograph
D:biographices->biograph
D:biographicity->biograph
D:biographicly->biograph
D:biographics->biograph
D:biographie->biograph
D:biographied->biograph
D:biographiee->biograph
D:biographien->biograph
D:biographies->biograph
D:biographing->biograph
D:biographique->biograph
D:biographiques->biograph
D:biographis->biograph
D:biographising->biograph
D:biographist->biograph
D:biographistics->biograph
D:biographists->biograph
D:biographium->biograph
D:biographize->biograph
D:biographs->biograph
D:biography->biograph
D:biographyan->biograph
D:biographyes->biograph
D:biographying->biograph
D:biographyity->biograph
D:biographys->biograph
<query> frank lloyd wright biography</query><numhits>10</numhits><time>1261</time>
</ATIREsearch>
<ATIREsearch>
Q:presidential->presid
D:presid->presid
D:presida->presid
D:presidal->presid
D:presidan->presid
D:presidance->presid
D:presidancy->presid
D:presidans->presid
D:presidant->presid
D:presidante->presid
D:presidantial->presid
D:presidants->presid
D:presidary->presid
D:presidator->presid
D:presiddent->presid
D:presiddential->presid
D:presidding->presid
D:preside->presid
D:presideant->presid
D:presideantaleif->presid
D:presideantan->presid
D:presideantat->presid
D:presideantial->presid
D:presided->presid
D:presideded->presid
D:presidedent->presid
D:presidedents->presid
D:presidee->presid
D:presideeeent->presid
D:presideency->presid
D:presideent->presid
D:presideente->presid
D:presideential->presid
D:presidees->presid
D:presideing->presid
D:presidely->presid
D:presiden->presid
D:presidenacy->presid
D:presidenc->presid
D:presidence->presid
D:presidences->presid
D:presidencial->presid
D:presidenciale->presid
D:presidenciales->presid
D:presidencials->presid
D:presidencians->presid
D:presidencies->presid
D:presidency->presid
D:presidencys->presid
D:presidene->presid
D:presidenent->presid
D:presidenial->presid
D:presidenials->presid
D:presidens->presid
D:presidenship->presid
D:president->presid
D:presidental->presid
D:presidentalism->presid
D:presidentally->presid
D:presidentals->presid
D:presidentan->presid
D:presidentancy->presid
D:presidentat->presid
D:presidentation->presid
D:presidentator->presid
D:presidente->presid
D:presidenteal->presid
D:presidented->presid
D:presidenteden->presid
D:presidentee->presid
D:presidenteeal->presid
D:presidenteeeee->presid
D:presidenten->presid
D:presidentens->presid
D:presidenter->presid
D:presidentes->presid
D:presidenthood->presid
D:presidential->presid
D:presidentialagent->presid
D:presidentiale->presid
D:presidentialed->presid
D:presidentialife->presid
D:presidentialis->presid
D:presidentialisation->presid
D:presidentialism->presid
D:presidentialisme->presid
D:presidentialist->presid
D:presidentialists->presid
D:presidentiality->presid
D:presidentialization->presid
D:presidentialized->presid
D:presidentializing->presid
D:presidentially->presid
D:presidentialness->presid
D:presidentials->presid
D:presidentian->presid
D:presidentical->presid
D:presidenting->presid
D:presidention->presid
D:presidentional->presid
D:presidentis->presid
D:presidentish->presid
D:presidentism->presid
D:presidentist->presid
D:presidently->presid
D:presidentness->presid
D:presidentr->presid
D:presidentral->presid
D:presidentreagan->presid
D:presidentrene->presid
D:presidentrial->presid
D:presidents->presid
D:presidentship->presid
D:presidentships->presid
D:presidentual->presid
D:presidentures->presid
D:presider->presid
D:presiders->presid
D:presides->presid
D:presidi->presid
D:presidia->presid
D:presidial->presid
D:presidiales->presid
D:presidials->presid
D:presidian->presid
D:presiding->presid
D:presidings->presid
D:presidion->presid
D:presidiste->presid
D:presidisteis->presid
D:presidium->presid
D:presidiums->presid
D:presidor->presid
D:presidsent->presid
D:presidum->presid
D:presidus->presid
D:presije->presid
D:presijent->presid
D:presision->presid
D:presisions->presid
Q:middle->middl
D:middl->middl
D:middla->middl
D:middlaning->middl
D:middlarians->middl
D:middle->middl
D:middleag->middl
D:middleage->middl
D:middleaged->middl
D:middleager->middl
D:middleageration->middl
D:middleagers->middl
D:middleages->middl
D:middleaging->middl
D:middleat->middl
D:middled->middl
D:middledaged->middl
D:middledale->middl
D:middleden->middl
D:middledent->middl
D:middledental->middl
D:middledeur->middl
D:middledis->middl
D:middledistance->middl
D:middlee->middl
D:middleee->middl
D:middleeee->middl
D:middleeeeeee->middl
D:middleis->middl
D:middleish->middl
D:middlement->middl
D:middlementary->middl
D:middlen->middl
D:middleness->middl
D:middleor->middl
D:middler->middl
D:middlereal->middl
D:middlerenee->middl
D:middlerivee->middl
D:middleriver->middl
D:middlers->middl
D:middles->middl
D:middletier->middl
D:middletiers->middl
D:middli->middl
D:middlife->middl
D:middling->middl
D:middlingish->middl
D:middlingly->middl
D:middlingness->middl
D:middlings->middl
D:middlis->middl
D:middlish->middl
D:middlism->middl
D:middlist->middl
D:middlization->middl
D:middlized->middl
D:middll->middl
D:middlle->middl
D:middlles->middl
D:middlling->middl
D:middls->middl
D:middlse->middl
D:middlum->middl
Q:names->name
D:name->name
D:namea->name
D:nameability->name
D:nameable->name
D:nameables->name
D:nameably->name
D:nameage->name
D:nameages->name
D:namealan->name
D:namealice->name
D:namean->name
D:nameant->name
D:nameat->name
D:namee->name
D:nameeater->name
D:nameee->name
D:nameeee->name
D:nameeeee->name
D:nameeeeee->name
D:nameeeeeee->name
D:nameeeeeeee->name
D:nameeeeeeeeee->name
D:nameeeeeeeeeeeeee->name
D:nameeeeeeeeeeeeeeeeeeee->name
D:nameeeeeeeeeeeeeeeeeeeee->name
D:nameeeeeeeeeeeeeeeeeeeeeeeeees->name
D:nameenc->name
D:nameente->name
D:nameentity->name
D:nameer->name
D:nameeric->name
D:namees->name
D:nameful->name
D:namefully->name
D:namehood->name
D:namei->name
D:nameia->name
D:nameif->name
D:nameifier->name
D:nameify->name
D:nameing->name
D:nameings->name
D:nameis->name
D:nameisagent->name
D:nameisale->name
D:nameisallie->name
D:nameish->name
D:nameism->name
D:nameisms->name
D:nameist->name
D:nameistag->name
D:nameiz->name
D:nameize->name
D:nameliante->name
D:namelie->name
D:namely->name
D:namelye->name
D:namemental->name
D:namemention->name
D:nameness->name
D:nameor->name
D:nameorials->name
D:nameous->name
D:names->name
D:namesagency->name
D:namesale->name
D:namesan->name
D:namesaneres->name
D:namesant->name
D:namesat->name
D:namese->name
D:namesee->name
D:namesees->name
D:nameselie->name
D:namesen->name
D:nameser->name
D:nameses->name
D:nameship->name
D:namesic->name
D:namesif->name
D:namesize->name
D:namesmentioned->name
D:namesor->name
D:namesur->name
D:nameth->name
D:nameul->name
D:nameur->name
D:nameus->name
<query> presidential middle names</query><numhits>10</numhits><time>2311</time>
</ATIREsearch>
<ATIREsearch>
D:what->what
D:whata->what
D:whatabilities->what
D:whatability->what
D:whatablag->what
D:whatag->what
D:whatagal->what
D:whatagates->what
D:whatage->what
D:whatagency->what
D:whatal->what
D:whatalif->what
D:whatalife->what
D:whatalifeee->what
D:whatalifeeeee->what
D:whatalisees->what
D:whatan->what
D:whatanice->what
D:whatar->what
D:whatarate->what
D:whatare->what
D:whatareions->what
D:whatarerates->what
D:whatarerice->what
D:whatareuris->what
D:whatariver->what
D:whatat->what
D:whatatane->what
D:whatating->what
D:whatativer->what
D:whatatreat->what
D:whate->what
D:whateat->what
D:whated->what
D:whatee->what
D:whateer->what
D:whateing->what
D:whately->what
D:whatelyan->what
D:whaten->what
D:whatenabled->what
D:whatenc->what
D:whatenter->what
D:whatentered->what
D:whater->what
D:whatere->what
D:whatered->what
D:whaterer->what
D:whateriver->what
D:whaterlily->what
D:whaters->what
D:whatership->what
D:whates->what
D:whateship->what
D:whati->what
D:whatia->what
D:whatican->what
D:whaticant->what
D:whatif->what
D:whatifers->what
D:whatificant->what
D:whatifing->what
D:whatifis->what
D:whatifivanished->what
D:whatifs->what
D:whatify->what
D:whating->what
D:whatings->what
D:whatis->what
D:whatisal->what
D:whatisalife->what
D:whatisallie->what
D:whatisaloring->what
D:whatisan->what
D:whatisanancy->what
D:whatisat->what
D:whatise->what
D:whatisee->what
D:whatish->what
D:whatishere->what
D:whatishistory->what
D:whatishouse->what
D:whatishs->what
D:whatisifs->what
D:whatisiz->what
D:whatisliifee->what
D:whatism->what
D:whatismagic->what
D:whatisme->what
D:whatismean->what
D:whatismore->what
D:whatisms->what
D:whatist->what
D:whatister->what
D:whatistriz->what
D:whative->what
D:whatived->what
D:whativer->what
D:whatiz->what
D:whatizen->what
D:whatizs->what
D:whatlies->what
D:whatly->what
D:whatness->what
D:whatnesses->what
D:whator->what
D:whatr->what
D:whatre->what
D:whatreal->what
D:whatreality->what
D:whatreally->what
D:whatreallylies->what
D:whatrorenis->what
D:whatrs->what
D:whats->what
D:whatsabl->what
D:whatsag->what
D:whatsal->what
D:whatsalary->what
D:whatsalife->what
D:whatsan->what
D:whatsanity->what
D:whatsaryan->what
D:whatsat->what
D:whatsatree->what
D:whatse->what
D:whatseals->what
D:whatsee->what
D:whatsentences->what
D:whatser->what
D:whatsere->what
D:whatsers->what
D:whatses->what
D:whatshood->what
D:whatsif->what
D:whatsiz->what
D:whatsize->what
D:whatsizes->what
D:whatsment->what
D:whatt->what
D:whattable->what
D:whattag->what
D:whattage->what
D:whattagee->what
D:whattale->what
D:whattalent->what
D:whattalife->what
D:whattalion->what
D:whattan->what
D:whattats->what
D:whatte->what
D:whatted->what
D:whattely->what
D:whatten->what
D:whattenant->what
D:whatter->what
D:whatters->what
D:whatth->what
D:whattif->what
D:whatting->what
D:whattorent->what
D:whattr->what
D:whattree->what
D:whatts->what
D:whatule->what
D:whatulive->what
D:whatum->what
D:whatur->what
D:whature->what
D:whatus->what
D:is->is
D:isa->is
D:isabilities->is
D:isability->is
D:isabl->is
D:isablan->is
D:isable->is
D:isabled->is
D:isablement->is
D:isables->is
D:isabling->is
D:isabls->is
D:isacie->is
D:isacy->is
D:isag->is
D:isagalate->is
D:isagan->is
D:isagat->is
D:isagator->is
D:isage->is
D:isageane->is
D:isaged->is
D:isagee->is
D:isagen->is
D:isagency->is
D:isagenic->is
D:isagenice->is
D:isagenics->is
D:isagent->is
D:isager->is
D:isagerage->is
D:isages->is
D:isagifs->is
D:isagor->is
D:isags->is
D:isal->is
D:isalan->is
D:isalanat->is
D:isalanis->is
D:isalat->is
D:isalated->is
D:isalation->is
D:isale->is
D:isaleal->is
D:isalean->is
D:isaleane->is
D:isaleans->is
D:isaled->is
D:isalee->is
D:isalen->is
D:isalene->is
D:isales->is
D:isalian->is
D:isalice->is
D:isalicous->is
D:isalife->is
D:isalion->is
D:isalisalan->is
D:isalist->is
D:isaliv->is
D:isalive->is
D:isaliz->is
D:isalliance->is
D:isally->is
D:isalore->is
D:isals->is
D:isan->is
D:isanan->is
D:isanat->is
D:isanc->is
D:isance->is
D:isances->is
D:isane->is
D:isanee->is
D:isanely->is
D:isanic->is
D:isanion->is
D:isanity->is
D:isanor->is
D:isans->is
D:isanship->is
D:isant->is
D:isante->is
D:isantee->is
D:isantis->is
D:isants->is
D:isanur->is
D:isar->is
D:isarag->is
D:isaral->is
D:isarat->is
D:isarates->is
D:isarats->is
D:isare->is
D:isareal->is
D:isareality->is
D:isareally->is
D:isared->is
D:isaree->is
D:isareif->is
D:isareis->is
D:isaren->is
D:isarene->is
D:isares->is
D:isarian->is
D:isaric->is
D:isarie->is
D:isarion->is
D:isaris->is
D:isariv->is
D:isars->is
D:isary->is
D:isat->is
D:isatan->is
D:isate->is
D:isated->is
D:isater->is
D:isatere->is
D:isates->is
D:isatic->is
D:isation->is
D:isational->is
D:isations->is
D:isatis->is
D:isatoris->is
D:isatr->is
D:isatrag->is
D:isatrate->is
D:isatreee->is
D:isats->is
D:isatur->is
D:ise->is
D:iseag->is
D:iseage->is
D:iseager->is
D:iseal->is
D:isealalliance->is
D:iseale->is
D:isealife->is
D:isealism->is
D:iseals->is
D:isean->is
D:iseans->is
D:iseat->is
D:iseated->is
D:iseating->is
D:iseatran->is
D:iseats->is
D:ised->is
D:isedal->is
D:isedale->is
D:isedan->is
D:isedane->is
D:isede->is
D:iseden->is
D:iseder->is
D:isedor->is
D:isedore->is
D:iseds->is
D:iseduran->is
D:isee->is
D:iseealice->is
D:iseeatree->is
D:iseee->is
D:iseeee->is
D:iseeeee->is
D:iseees->is
D:iseeing->is
D:iseeisee->is
D:iseer->is
D:iseereally->is
D:iseered->is
D:iseerediseered->is
D:isees->is
D:iseeur->is
D:iseful->is
D:iseian->is
D:iseic->is
D:iseif->is
D:iseife->is
D:iseing->is
D:iseis->is
D:iseize->is
D:iselie->is
D:iselien->is
D:iselier->is
D:iseliere->is
D:isely->is
D:isement->is
D:isements->is
D:isen->is
D:isenable->is
D:isenabled->is
D:isenabledat->is
D:isenabling->is
D:isenat->is
D:isenator->is
D:isence->is
D:isencor->is
D:isene->is
D:isened->is
D:isenes->is
D:iseninger->is
D:isenist->is
D:iseniz->is
D:isenor->is
D:isens->is
D:isent->is
D:isental->is
D:isentan->is
D:isente->is
D:isentence->is
D:isentered->is
D:isenterenabled->is
D:isentering->is
D:isentical->is
D:isentification->is
D:isentity->is
D:isentrager->is
D:isentric->is
D:isentris->is
D:isents->is
D:iseor->is
D:iseory->is
D:iser->is
D:iserabl->is
D:iserable->is
D:iserables->is
D:iserably->is
D:iseral->is
D:iserals->is
D:iseran->is
D:iserans->is
D:iseration->is
D:isere->is
D:isereal->is
D:iserean->is
D:isereatur->is
D:isered->is
D:iseree->is
D:isereis->is
D:iserenity->is
D:iserentant->is
D:isereor->is
D:iserere->is
D:iseres->is
D:iserial->is
D:iserializable->is
D:iserializeable->is
D:iserialized->is
D:iserializer->is
D:iserian->is
D:iseric->is
D:iseris->is
D:iserliness->is
D:isers->is
D:ises->is
D:isetie->is
D:iseual->is
D:isful->is
D:isfully->is
D:isi->is
D:isia->is
D:isial->is
D:isially->is
D:isialor->is
D:isian->is
D:isians->is
D:isibil->is
D:isibility->is
D:isibl->is
D:isible->is
D:isibles->is
D:isic->is
D:isical->is
D:isicatalan->is
D:isice->is
D:isicing->is
D:isicores->is
D:isics->is
D:isif->is
D:isifan->is
D:isifat->is
D:isife->is
D:isified->is
D:isifs->is
D:ising->is
D:isingage->is
D:isinger->is
D:isingers->is
D:isinghood->is
D:isingly->is
D:isingor->is
D:isings->is
D:isiqu->is
D:isique->is
D:isis->is
D:isisag->is
D:isisagate->is
D:isisales->is
D:isisan->is
D:isisate->is
D:isisatis->is
D:isise->is
D:isised->is
D:isiseden->is
D:isisen->is
D:isiser->is
D:isises->is
D:isish->is
D:isisian->is
D:isisicor->is
D:isism->is
D:isismagic->is
D:isismarie->is
D:isismariee->is
D:isisme->is
D:isismedical->is
D:isity->is
D:isium->is
D:isiz->is
D:isize->is
D:isized->is
D:isizes->is
D:isizing->is
D:isizione->is
D:islie->is
D:islied->is
D:islien->is
D:islier->is
D:islies->is
D:isliife->is
D:isly->is
D:islyan->is
D:islye->is
D:islyian->is
D:islying->is
D:isment->is
D:ismental->is
D:ismentalist->is
D:ismentally->is
D:ismentioned->is
D:isness->is
D:isor->is
D:isoral->is
D:isoran->is
D:isorant->is
D:isorate->is
D:isorating->is
D:isore->is
D:isored->is
D:isoren->is
D:isores->is
D:isoric->is
D:isorien->is
D:isorientable->is
D:isorientated->is
D:isorientation->is
D:isorientationenabled->is
D:isories->is
D:isoring->is
D:isoris->is
D:isorly->is
D:isors->is
D:isory->is
D:isorys->is
D:isous->is
D:isship->is
D:isth->is
D:isual->is
D:isualat->is
D:isualisation->is
D:isualise->is
D:isualists->is
D:isualiz->is
D:isualization->is
D:isualizations->is
D:isualize->is
D:isualized->is
D:isualizes->is
D:isualizing->is
D:isually->is
D:isuals->is
D:isul->is
D:isulan->is
D:isulancy->is
D:isulat->is
D:isulate->is
D:isulated->is
D:isulating->is
D:isulation->is
D:isulativity->is
D:isulator->is
D:isulators->is
D:isulive->is
D:isuls->is
D:isum->is
D:isur->is
D:isurable->is
D:isuran->is
D:isuranc->is
D:isurance->is
D:isurances->is
D:isurat->is
D:isure->is
D:isured->is
D:isuree->is
D:isurence->is
D:isurer->is
D:isurers->is
D:isures->is
D:isureties->is
D:isurian->is
D:isurians->is
D:isuric->is
D:isuristring->is
D:isuriv->is
D:isurs->is
D:isus->is
D:a->a
D:wiki->wiki
D:wikiar->wiki
D:wikii->wiki
D:wikius->wiki
<query> what is a wiki</query><numhits>10</numhits><time>7310</time>
</ATIREsearch>
<ATIREsearch>
Q:cannellini->cannellin
D:cannelline->cannellin
D:cannellini->cannellin
D:cannellinis->cannellin
Q:beans->bean
D:bean->bean
D:beana->bean
D:beanable->bean
D:beanage->bean
D:beanagency->bean
D:beanags->bean
D:beanal->bean
D:beanalicous->bean
D:beanaling->bean
D:beanallie->bean
D:beanan->bean
D:beanares->bean
D:beanarie->bean
D:beanary->bean
D:beanatural->bean
D:beanaturals->bean
D:beane->bean
D:beaneater->bean
D:beaneaters->bean
D:beaneator->bean
D:beaned->bean
D:beanee->bean
D:beaneeeee->bean
D:beanees->bean
D:beaneis->bean
D:beanen->bean
D:beanenator->bean
D:beanene->bean
D:beaner->bean
D:beanerantee->bean
D:beanereater->bean
D:beanerish->bean
D:beanerisms->bean
D:beaners->bean
D:beanes->bean
D:beanful->bean
D:beani->bean
D:beania->bean
D:beanian->bean
D:beanians->bean
D:beanice->bean
D:beanicer->bean
D:beanifer->bean
D:beanification->bean
D:beanified->bean
D:beaning->bean
D:beanings->bean
D:beanions->bean
D:beanique->bean
D:beanis->bean
D:beanish->bean
D:beanishes->bean
D:beanism->bean
D:beanist->bean
D:beaniste->bean
D:beanities->bean
D:beanium->bean
D:beaniz->bean
D:beanizer->bean
D:beanly->bean
D:beann->bean
D:beannags->bean
D:beannan->bean
D:beanne->bean
D:beanned->bean
D:beanner->bean
D:beanning->bean
D:beannions->bean
D:beannis->bean
D:beanns->bean
D:beanor->bean
D:beanorator->bean
D:beans->bean
D:beansaled->bean
D:beansan->bean
D:beanse->bean
D:beanseal->bean
D:beansen->bean
D:beanser->bean
D:beanserializer->bean
D:beanses->bean
D:beansisme->bean
D:beansize->bean
D:beansly->bean
D:beansness->bean
D:beansor->bean
D:beanth->bean
D:beanum->bean
D:beanus->bean
<query> cannellini beans</query><numhits>10</numhits><time>879</time>
</ATIREsearch>
<ATIREsearch>
Q:afghanistan->afgh
D:afgh->afgh
D:afgha->afgh
D:afghan->afgh
D:afghanan->afgh
D:afghananistan->afgh
D:afghanant->afgh
D:afghanc->afgh
D:afghancentral->afgh
D:afghane->afgh
D:afghaned->afgh
D:afghanee->afgh
D:afghanen->afgh
D:afghaner->afgh
D:afghanere->afgh
D:afghanes->afgh
D:afghanian->afgh
D:afghanians->afgh
D:afghanic->afgh
D:afghanis->afgh
D:afghanisan->afgh
D:afghanisant->afgh
D:afghanisatan->afgh
D:afghanisation->afgh
D:afghanised->afgh
D:afghanish->afgh
D:afghanishan->afgh
D:afghanising->afgh
D:afghanist->afgh
D:afghanistal->afgh
D:afghanistan->afgh
D:afghanistanalive->afgh
D:afghanistanat->afgh
D:afghanistancentral->afgh
D:afghanistanees->afgh
D:afghanistanes->afgh
D:afghanistanian->afgh
D:afghanistanians->afgh
D:afghanistanis->afgh
D:afghanistanisation->afgh
D:afghanistanism->afgh
D:afghanistanization->afgh
D:afghanistanor->afgh
D:afghanistans->afgh
D:afghanistant->afgh
D:afghanistantan->afgh
D:afghanistence->afgh
D:afghanistian->afgh
D:afghanistians->afgh
D:afghanistran->afgh
D:afghanists->afgh
D:afghanivan->afgh
D:afghanization->afgh
D:afghanize->afgh
D:afghanized->afgh
D:afghanizing->afgh
D:afghans->afgh
D:afghantian->afgh
D:afghantistan->afgh
D:afghen->afgh
D:afghistan->afgh
D:afghistans->afgh
D:afghs->afgh
D:afghul->afgh
D:afghulistan->afgh
D:flag->flag
D:flaga->flag
D:flagable->flag
D:flagal->flag
D:flagalate->flag
D:flagan->flag
D:flaganis->flag
D:flagans->flag
D:flagant->flag
D:flagar->flag
D:flagarant->flag
D:flagarantly->flag
D:flagaration->flag
D:flagarences->flag
D:flagat->flag
D:flagatag->flag
D:flagator->flag
D:flagators->flag
D:flage->flag
D:flageag->flag
D:flageants->flag
D:flageat->flag
D:flaged->flag
D:flagee->flag
D:flagely->flag
D:flagen->flag
D:flagenabled->flag
D:flagencies->flag
D:flagency->flag
D:flagencys->flag
D:flagene->flag
D:flagent->flag
D:flagents->flag
D:flager->flag
D:flagerant->flag
D:flagerent->flag
D:flagerently->flag
D:flagerly->flag
D:flagers->flag
D:flages->flag
D:flageship->flag
D:flagg->flag
D:flaggability->flag
D:flaggable->flag
D:flaggal->flag
D:flaggan->flag
D:flaggans->flag
D:flaggat->flag
D:flaggate->flag
D:flagge->flag
D:flagged->flag
D:flaggedness->flag
D:flaggeds->flag
D:flaggen->flag
D:flaggentage->flag
D:flagger->flag
D:flaggered->flag
D:flaggers->flag
D:flagges->flag
D:flaggifs->flag
D:flagging->flag
D:flaggingly->flag
D:flaggings->flag
D:flaggish->flag
D:flaggishness->flag
D:flaggity->flag
D:flaggor->flag
D:flaggs->flag
D:flaggship->flag
D:flagi->flag
D:flagif->flag
D:flaging->flag
D:flagis->flag
D:flagish->flag
D:flagism->flag
D:flagist->flag
D:flagitiis->flag
D:flagitious->flag
D:flagitiously->flag
D:flagitiousness->flag
D:flagitiousnesses->flag
D:flagized->flag
D:flagly->flag
D:flaglye->flag
D:flagment->flag
D:flagments->flag
D:flagness->flag
D:flagor->flag
D:flagorant->flag
D:flags->flag
D:flagsale->flag
D:flagsales->flag
D:flagsan->flag
D:flagse->flag
D:flagsee->flag
D:flagser->flag
D:flagses->flag
D:flagship->flag
D:flagshipe->flag
D:flagshipes->flag
D:flagships->flag
D:flagsif->flag
D:flagsing->flag
D:flagsize->flag
D:flagsship->flag
D:flagth->flag
D:flagul->flag
D:flagulate->flag
D:flagulation->flag
D:flagulence->flag
D:flagulent->flag
D:flagur->flag
D:flagus->flag
<query> afghanistan flag</query><numhits>10</numhits><time>728</time>
</ATIREsearch>
<ATIREsearch>
D:old->old
D:olda->old
D:oldable->old
D:oldag->old
D:oldage->old
D:oldageat->old
D:oldaged->old
D:oldagent->old
D:oldager->old
D:oldagers->old
D:oldages->old
D:oldal->old
D:oldalan->old
D:oldalat->old
D:oldale->old
D:oldales->old
D:oldalist->old
D:oldalliances->old
D:oldals->old
D:oldan->old
D:oldance->old
D:oldane->old
D:oldanis->old
D:oldant->old
D:oldar->old
D:oldare->old
D:oldaree->old
D:oldaric->old
D:oldaris->old
D:oldat->old
D:oldate->old
D:oldation->old
D:oldatr->old
D:oldd->old
D:olddage->old
D:olddan->old
D:olddanish->old
D:olddante->old
D:olddate->old
D:olddates->old
D:oldde->old
D:olddeal->old
D:olddean->old
D:olddee->old
D:oldden->old
D:olddenly->old
D:olddentist->old
D:oldder->old
D:olddif->old
D:olddisabled->old
D:olddish->old
D:olddist->old
D:olddistance->old
D:olddistances->old
D:olddiv->old
D:olddiver->old
D:olddivers->old
D:olddore->old
D:oldds->old
D:oldduration->old
D:olde->old
D:oldeans->old
D:oldeary->old
D:oldeat->old
D:olded->old
D:oldee->old
D:oldeee->old
D:oldeeee->old
D:oldeer->old
D:oldees->old
D:oldeis->old
D:olden->old
D:oldenabled->old
D:oldenage->old
D:oldene->old
D:oldened->old
D:oldenee->old
D:oldenen->old
D:oldeness->old
D:oldening->old
D:oldens->old
D:oldent->old
D:oldentales->old
D:oldentities->old
D:oldentity->old
D:oldents->old
D:older->old
D:olderage->old
D:olderagers->old
D:olderal->old
D:olderan->old
D:olderatized->old
D:oldere->old
D:oldered->old
D:olderen->old
D:olderer->old
D:olderian->old
D:olderic->old
D:olderif->old
D:oldering->old
D:olderish->old
D:olderiv->old
D:olderly->old
D:olderment->old
D:olderments->old
D:olderness->old
D:olderor->old
D:olderore->old
D:olderous->old
D:olders->old
D:oldes->old
D:oldful->old
D:oldhood->old
D:oldi->old
D:oldia->old
D:oldians->old
D:oldic->old
D:oldice->old
D:oldicis->old
D:oldif->old
D:oldified->old
D:oldifier->old
D:oldifs->old
D:oldify->old
D:oldifying->old
D:olding->old
D:oldinge->old
D:oldinger->old
D:oldings->old
D:oldion->old
D:oldis->old
D:oldisen->old
D:oldish->old
D:oldishness->old
D:oldism->old
D:oldist->old
D:oldistan->old
D:oldity->old
D:oldiv->old
D:oldiver->old
D:oldiving->old
D:oldivor->old
D:oldivory->old
D:oldiz->old
D:oldize->old
D:oldizer->old
D:oldizs->old
D:oldly->old
D:oldment->old
D:oldness->old
D:oldnesses->old
D:oldor->old
D:oldoran->old
D:oldoren->old
D:oldorer->old
D:oldorion->old
D:olds->old
D:oldsage->old
D:oldsageant->old
D:oldsagers->old
D:oldsal->old
D:oldsally->old
D:oldsan->old
D:oldsat->old
D:oldseal->old
D:oldsee->old
D:oldsen->old
D:oldsenator->old
D:oldserials->old
D:oldses->old
D:oldship->old
D:oldships->old
D:oldsinge->old
D:oldsinger->old
D:oldsize->old
D:oldsizers->old
D:oldslys->old
D:oldth->old
D:olduler->old
D:oldum->old
D:oldur->old
D:olduran->old
D:olduration->old
D:olduren->old
D:oldurur->old
D:oldus->old
D:town->town
D:towna->town
D:townage->town
D:townan->town
D:townantr->town
D:townat->town
D:towne->town
D:towneater->town
D:towned->town
D:townee->town
D:towneee->town
D:townees->town
D:townely->town
D:townen->town
D:townened->town
D:towner->town
D:townerism->town
D:towners->town
D:townership->town
D:townes->town
D:towneship->town
D:towneships->town
D:townful->town
D:townhood->town
D:towni->town
D:townian->town
D:townians->town
D:townif->town
D:townified->town
D:towning->town
D:towninge->town
D:townis->town
D:townish->town
D:townishly->town
D:townist->town
D:townlie->town
D:townly->town
D:townn->town
D:townnaturally->town
D:townne->town
D:townness->town
D:townnessness->town
D:townnship->town
D:townouses->town
D:towns->town
D:townsalary->town
D:townsalive->town
D:townsan->town
D:townse->town
D:townseal->town
D:townsed->town
D:townsee->town
D:townsely->town
D:townsen->town
D:townsene->town
D:townsened->town
D:townsens->town
D:townsent->town
D:townser->town
D:townsers->town
D:township->town
D:townshipe->town
D:townshipous->town
D:townships->town
D:townsif->town
D:townsing->town
D:townsings->town
D:townsly->town
D:townsship->town
D:townus->town
Q:scottsdale->scottsd
D:scottsd->scottsd
D:scottsda->scottsd
D:scottsdal->scottsd
D:scottsdale->scottsd
D:scottsdaleagent->scottsd
D:scottsdalean->scottsd
D:scottsdaled->scottsd
D:scottsdaledish->scottsd
D:scottsdaleds->scottsd
D:scottsdalee->scottsd
D:scottsdaleeats->scottsd
D:scottsdaleeric->scottsd
D:scottsdaleis->scottsd
D:scottsdalen->scottsd
D:scottsdales->scottsd
D:scottsdalian->scottsd
D:scottsdalians->scottsd
D:scottsdals->scottsd
D:scottsdane->scottsd
D:scottsdate->scottsd
D:scottsddale->scottsd
D:scottsdeale->scottsd
D:scottsdeals->scottsd
D:scottsdene->scottsd
D:scottsdsale->scottsd
D:scottsdule->scottsd
<query> old town scottsdale</query><numhits>10</numhits><time>1631</time>
</ATIREsearch>
<ATIREsearch>
D:roosevelt->roosevelt
D:roosevelta->roosevelt
D:roosevelte->roosevelt
D:rooseveltean->roosevelt
D:roosevelti->roosevelt
D:rooseveltia->roosevelt
D:rooseveltian->roosevelt
D:rooseveltianly->roosevelt
D:rooseveltians->roosevelt
D:rooseveltis->roosevelt
D:rooseveltred->roosevelt
D:rooseveltriv->roosevelt
D:roosevelts->roosevelt
D:island->island
D:islanda->island
D:islandable->island
D:islandagal->island
D:islandageants->island
D:islandagencies->island
D:islandagency->island
D:islandagencys->island
D:islandagent->island
D:islandagore->island
D:islandal->island
D:islandale->island
D:islandalliance->island
D:islandan->island
D:islandancer->island
D:islandar->island
D:islandare->island
D:islandat->island
D:islandd->island
D:islanddancer->island
D:islanddancers->island
D:islanddate->island
D:islanddating->island
D:islandde->island
D:islanddeal->island
D:islanddeals->island
D:islanddee->island
D:islanddisability->island
D:islanddiving->island
D:islandds->island
D:islandduals->island
D:islande->island
D:islandeat->island
D:islanded->island
D:islandeds->island
D:islandeer->island
D:islanden->island
D:islandental->island
D:islander->island
D:islanderes->island
D:islanderis->island
D:islanderness->island
D:islanders->island
D:islandes->island
D:islandhood->island
D:islandi->island
D:islandia->island
D:islandian->island
D:islandians->island
D:islandic->island
D:islandice->island
D:islandicing->island
D:islandics->island
D:islandif->island
D:islandification->island
D:islandified->island
D:islanding->island
D:islandingur->island
D:islandis->island
D:islandisation->island
D:islandish->island
D:islandism->island
D:islandium->island
D:islandive->island
D:islandiver->island
D:islandization->island
D:islandized->island
D:islandlily->island
D:islandness->island
D:islands->island
D:islandsalary->island
D:islandsale->island
D:islandsales->island
D:islandsat->island
D:islandseeing->island
D:islandsen->island
D:islandserenity->island
D:islandsers->island
D:islandship->island
D:islandsian->island
D:islandsity->island
D:islandsized->island
D:islandsor->island
D:islandur->island
D:islandus->island
D:islanj->island
D:islanjs->island
<query> roosevelt island</query><numhits>10</numhits><time>893</time>
</ATIREsearch>
<ATIREsearch>
D:civil->civil
D:civila->civil
D:civilally->civil
D:civilan->civil
D:civilanised->civil
D:civilans->civil
D:civilar->civil
D:civilarisation->civil
D:civilation->civil
D:civilations->civil
D:civilatrice->civil
D:civile->civil
D:civilean->civil
D:civileater->civil
D:civileats->civil
D:civiled->civil
D:civilement->civil
D:civilen->civil
D:civiler->civil
D:civiles->civil
D:civili->civil
D:civilia->civil
D:civiliality->civil
D:civilially->civil
D:civilian->civil
D:civilianality->civil
D:civilianians->civil
D:civilianisation->civil
D:civilianise->civil
D:civilianised->civil
D:civilianising->civil
D:civilianism->civil
D:civilianist->civil
D:civilianity->civil
D:civilianization->civil
D:civilianize->civil
D:civilianized->civil
D:civilianizes->civil
D:civilianizing->civil
D:civilians->civil
D:civilication->civil
D:civilice->civil
D:civiliced->civil
D:civiling->civil
D:civilion->civil
D:civilions->civil
D:civilis->civil
D:civilisable->civil
D:civilisalion->civil
D:civilisantes->civil
D:civilisat->civil
D:civilisated->civil
D:civilisateur->civil
D:civilisateurs->civil
D:civilisation->civil
D:civilisational->civil
D:civilisationally->civil
D:civilisationen->civil
D:civilisationens->civil
D:civilisationer->civil
D:civilisationes->civil
D:civilisationism->civil
D:civilisations->civil
D:civilisator->civil
D:civilisatoric->civil
D:civilisatory->civil
D:civilisatrice->civil
D:civilise->civil
D:civilised->civil
D:civilisedly->civil
D:civilisee->civil
D:civilisees->civil
D:civiliser->civil
D:civiliserat->civil
D:civiliserede->civil
D:civilisers->civil
D:civilises->civil
D:civilish->civil
D:civilising->civil
D:civilism->civil
D:civilisme->civil
D:civilist->civil
D:civilistation->civil
D:civiliste->civil
D:civilister->civil
D:civilistes->civil
D:civilistic->civil
D:civilistion->civil
D:civilists->civil
D:civilitie->civil
D:civilities->civil
D:civility->civil
D:civilitye->civil
D:civilitys->civil
D:civilium->civil
D:civilivation->civil
D:civilivations->civil
D:civilivian->civil
D:civiliz->civil
D:civilizable->civil
D:civilizacie->civil
D:civilizat->civil
D:civilizate->civil
D:civilizated->civil
D:civilizatian->civil
D:civilization->civil
D:civilizational->civil
D:civilizationalism->civil
D:civilizationalist->civil
D:civilizationally->civil
D:civilizationish->civil
D:civilizationism->civil
D:civilizationist->civil
D:civilizationists->civil
D:civilizationiv->civil
D:civilizations->civil
D:civilizator->civil
D:civilizatory->civil
D:civilizatrice->civil
D:civilize->civil
D:civilized->civil
D:civilizedly->civil
D:civilizedness->civil
D:civilizee->civil
D:civilizer->civil
D:civilizers->civil
D:civilizes->civil
D:civilizians->civil
D:civiliziced->civil
D:civilizing->civil
D:civilizly->civil
D:civill->civil
D:civillan->civil
D:civillans->civil
D:civille->civil
D:civiller->civil
D:civilles->civil
D:civillian->civil
D:civillianise->civil
D:civillians->civil
D:civillion->civil
D:civillions->civil
D:civillis->civil
D:civillisation->civil
D:civillisations->civil
D:civillised->civil
D:civillising->civil
D:civillist->civil
D:civillity->civil
D:civilliz->civil
D:civillization->civil
D:civillizational->civil
D:civillizations->civil
D:civillized->civil
D:civilly->civil
D:civillyer->civil
D:civilmente->civil
D:civilness->civil
D:civilor->civil
D:civils->civil
D:civilsan->civil
D:civilsation->civil
D:civilsations->civil
D:civilse->civil
D:civilsed->civil
D:civilship->civil
D:civilsing->civil
D:civilties->civil
D:civilty->civil
D:civilus->civil
D:war->war
Q:battles->battl
D:battl->battl
D:battla->battl
D:battlalion->battl
D:battlantis->battl
D:battlar->battl
D:battlation->battl
D:battle->battl
D:battleable->battl
D:battleals->battl
D:battlean->battl
D:battleantes->battl
D:battleat->battl
D:battled->battl
D:battledale->battl
D:battledance->battl
D:battledancer->battl
D:battledean->battl
D:battledice->battl
D:battledish->battl
D:battledor->battl
D:battledore->battl
D:battledores->battl
D:battlee->battl
D:battleeee->battl
D:battleeeee->battl
D:battleeeeee->battl
D:battleeeeeeeeeeeeeeeee->battl
D:battleeeer->battl
D:battleentrance->battl
D:battleers->battl
D:battleful->battl
D:battlehood->battl
D:battleing->battl
D:battleis->battl
D:battleized->battl
D:battlement->battl
D:battlementation->battl
D:battlemented->battl
D:battlementing->battl
D:battlements->battl
D:battlen->battl
D:battlenators->battl
D:battleness->battl
D:battler->battl
D:battlerage->battl
D:battleraged->battl
D:battlerager->battl
D:battleragers->battl
D:battleraging->battl
D:battlerags->battl
D:battlerat->battl
D:battlere->battl
D:battlereal->battl
D:battlered->battl
D:battlerific->battl
D:battlering->battl
D:battleriser->battl
D:battleriver->battl
D:battlerize->battl
D:battlerizer->battl
D:battlerore->battl
D:battlers->battl
D:battles->battl
D:battleship->battl
D:battleshipe->battl
D:battleships->battl
D:battletier->battl
D:battleur->battl
D:battli->battl
D:battlife->battl
D:battling->battl
D:battlinged->battl
D:battlinger->battl
D:battlinging->battl
D:battlings->battl
D:battlion->battl
D:battlions->battl
D:battlish->battl
D:battlism->battl
D:battlize->battl
D:battlized->battl
D:battlizer->battl
D:battlizers->battl
D:battlle->battl
D:battlled->battl
D:battlleing->battl
D:battlles->battl
D:battlleship->battl
D:battlling->battl
D:battlor->battl
D:battlore->battl
D:battls->battl
D:battlship->battl
D:battlships->battl
D:in->in
D:ina->in
D:inabil->in
D:inabile->in
D:inabilene->in
D:inabilitie->in
D:inabilities->in
D:inability->in
D:inabilitys->in
D:inabl->in
D:inablative->in
D:inable->in
D:inabled->in
D:inabler->in
D:inablers->in
D:inables->in
D:inabliity->in
D:inabling->in
D:inablities->in
D:inablity->in
D:inably->in
D:inag->in
D:inagalur->in
D:inagan->in
D:inagate->in
D:inage->in
D:inageants->in
D:inaged->in
D:inagee->in
D:inagen->in
D:inagenary->in
D:inagencies->in
D:inagency->in
D:inagencys->in
D:inagent->in
D:inagents->in
D:inages->in
D:inagiceat->in
D:inagif->in
D:inaging->in
D:inagist->in
D:inagivity->in
D:inagualable->in
D:inagural->in
D:inaguraling->in
D:inagurally->in
D:inagurate->in
D:inagurated->in
D:inagurates->in
D:inagurating->in
D:inaguration->in
D:inagurational->in
D:inagurations->in
D:inagure->in
D:inaguree->in
D:inagurual->in
D:inagururation->in
D:inal->in
D:inalal->in
D:inalan->in
D:inalater->in
D:inalation->in
D:inalatore->in
D:inalatorie->in
D:inale->in
D:inaleable->in
D:inalee->in
D:inalen->in
D:inalenable->in
D:inaler->in
D:inalers->in
D:inalian->in
D:inalianable->in
D:inalice->in
D:inaling->in
D:inalion->in
D:inalis->in
D:inalisan->in
D:inalise->in
D:inalising->in
D:inalisme->in
D:inalist->in
D:inalists->in
D:inality->in
D:inalive->in
D:inalize->in
D:inalized->in
D:inalizing->in
D:inalliance->in
D:inallienable->in
D:inally->in
D:inals->in
D:inan->in
D:inanacies->in
D:inanage->in
D:inanal->in
D:inanan->in
D:inanance->in
D:inananities->in
D:inanate->in
D:inanator->in
D:inanc->in
D:inance->in
D:inanced->in
D:inancer->in
D:inances->in
D:inancial->in
D:inancially->in
D:inancials->in
D:inancient->in
D:inancier->in
D:inanciers->in
D:inancing->in
D:inancs->in
D:inancy->in
D:inane->in
D:inanely->in
D:inaneness->in
D:inanenly->in
D:inaner->in
D:inanes->in
D:inanicion->in
D:inanis->in
D:inanisme->in
D:inanisms->in
D:inanitiate->in
D:inanitiation->in
D:inanitie->in
D:inanities->in
D:inanity->in
D:inanly->in
D:inans->in
D:inant->in
D:inante->in
D:inantly->in
D:inantor->in
D:inants->in
D:inanual->in
D:inanuran->in
D:inar->in
D:inarable->in
D:inarage->in
D:inaral->in
D:inaran->in
D:inare->in
D:inareal->in
D:inareality->in
D:inared->in
D:inaree->in
D:inares->in
D:inarial->in
D:inarian->in
D:inarians->in
D:inariants->in
D:inarily->in
D:inaring->in
D:inarion->in
D:inaris->in
D:inarisan->in
D:inarishian->in
D:inariv->in
D:inarization->in
D:inarly->in
D:inars->in
D:inarual->in
D:inary->in
D:inaryal->in
D:inat->in
D:inatal->in
D:inatalation->in
D:inatan->in
D:inatance->in
D:inatances->in
D:inatant->in
D:inatantan->in
D:inatantly->in
D:inate->in
D:inateate->in
D:inated->in
D:inatee->in
D:inately->in
D:inateness->in
D:inatent->in
D:inatention->in
D:inatentive->in
D:inatentiveness->in
D:inater->in
D:inaterantionalizing->in
D:inateration->in
D:inaterative->in
D:inaterlieren->in
D:inates->in
D:inatial->in
D:inatialization->in
D:inatialize->in
D:inatials->in
D:inating->in
D:inatingiveis->in
D:ination->in
D:inational->in
D:inationality->in
D:inations->in
D:inatis->in
D:inative->in
D:inatives->in
D:inatment->in
D:inator->in
D:inatorer->in
D:inators->in
D:inatory->in
D:inatrance->in
D:inatree->in
D:inatrice->in
D:inats->in
D:inatur->in
D:inatural->in
D:inaturalist->in
D:inaturate->in
D:inature->in
D:inatures->in
D:ine->in
D:ineag->in
D:ineagan->in
D:ineage->in
D:ineages->in
D:ineal->in
D:inealal->in
D:inean->in
D:ineans->in
D:ineant->in
D:inearyal->in
D:ineat->in
D:ineater->in
D:ineatial->in
D:ineatialization->in
D:ineation->in
D:ined->in
D:inedable->in
D:inedal->in
D:inedale->in
D:inede->in
D:ineded->in
D:ineden->in
D:inedentors->in
D:inederal->in
D:inedes->in
D:inedian->in
D:inedians->in
D:inedic->in
D:inedicabilis->in
D:inedicated->in
D:inedicator->in
D:inedices->in
D:inedione->in
D:inedis->in
D:inedly->in
D:ineds->in
D:inee->in
D:ineeal->in
D:ineee->in
D:ineeee->in
D:ineeeee->in
D:ineeeeee->in
D:ineeeeeeeeeeeeeeeeee->in
D:ineeeeees->in
D:ineeeees->in
D:ineeees->in
D:ineeeral->in
D:ineees->in
D:ineer->in
D:ineeral->in
D:ineereal->in
D:ineerial->in
D:ineering->in
D:ineers->in
D:ineerual->in
D:inees->in
D:ineial->in
D:ineian->in
D:ineians->in
D:ineicator->in
D:ineice->in
D:ineing->in
D:ineis->in
D:ineist->in
D:inelie->in
D:inelior->in
D:inelious->in
D:inely->in
D:inelyal->in
D:inement->in
D:inements->in
D:inen->in
D:inenable->in
D:inenabled->in
D:inenc->in
D:inence->in
D:inences->in
D:inene->in
D:inener->in
D:inenes->in
D:ineness->in
D:inens->in
D:inent->in
D:inental->in
D:inentals->in
D:inente->in
D:inented->in
D:inenten->in
D:inenter->in
D:inentered->in
D:inentical->in
D:inentification->in
D:inenting->in
D:inentingen->in
D:inentings->in
D:inention->in
D:inentional->in
D:inentionalizing->in
D:inentionally->in
D:inentions->in
D:inentity->in
D:inentive->in
D:inentives->in
D:inently->in
D:inentor->in
D:inentory->in
D:inents->in
D:inentured->in
D:ineor->in
D:ineoral->in
D:ineory->in
D:ineous->in
D:iner->in
D:ineral->in
D:inerale->in
D:inerales->in
D:ineralize->in
D:ineralized->in
D:inerals->in
D:ineran->in
D:inerancy->in
D:inerane->in
D:inerant->in
D:ineraries->in
D:inerary->in
D:inerat->in
D:inerate->in
D:ineration->in
D:inerative->in
D:inere->in
D:inereal->in
D:inered->in
D:inereeal->in
D:inereial->in
D:inerely->in
D:inerency->in
D:inerenship->in
D:inerent->in
D:inerente->in
D:inerentemente->in
D:inerentes->in
D:inerers->in
D:ineres->in
D:inereual->in
D:inerial->in
D:ineric->in
D:inering->in
D:ineris->in
D:inerized->in
D:inerly->in
D:inerment->in
D:inerness->in
D:iners->in
D:inerual->in
D:inerural->in
D:ines->in
D:inetiative->in
D:inetie->in
D:inety->in
D:ineual->in
D:ineualities->in
D:ineuality->in
D:ineur->in
D:ineural->in
D:ineurance->in
D:ineurances->in
D:ineure->in
D:ineurence->in
D:inful->in
D:infulance->in
D:infulanced->in
D:infulances->in
D:infulat->in
D:infulation->in
D:infule->in
D:infulence->in
D:infulenced->in
D:infulencers->in
D:infulences->in
D:infulencing->in
D:infulential->in
D:infulenting->in
D:infulis->in
D:infully->in
D:inhood->in
D:ini->in
D:inia->in
D:inial->in
D:inialantic->in
D:inialation->in
D:inializater->in
D:inialization->in
D:inialize->in
D:inialized->in
D:inializer->in
D:inializes->in
D:inializing->in
D:inially->in
D:inian->in
D:inianeural->in
D:inians->in
D:inibility->in
D:inic->in
D:inical->in
D:inicals->in
D:inican->in
D:inicans->in
D:inicat->in
D:inicate->in
D:inicated->in
D:inicates->in
D:inicating->in
D:inication->in
D:inications->in
D:inicative->in
D:inicator->in
D:inicators->in
D:inice->in
D:inicence->in
D:inicent->in
D:inicentally->in
D:inicenter->in
D:inicentives->in
D:inicents->in
D:inicere->in
D:inices->in
D:iniceties->in
D:inicety->in
D:inicial->in
D:iniciale->in
D:iniciales->in
D:inicialice->in
D:inicialisation->in
D:inicializable->in
D:inicialize->in
D:inicialized->in
D:inicializes->in
D:inicializing->in
D:inicially->in
D:inicialment->in
D:inicialmente->in
D:inicials->in
D:inician->in
D:inicing->in
D:inicion->in
D:inicis->in
D:inicist->in
D:inicistes->in
D:inicity->in
D:inicore->in
D:inics->in
D:inif->in
D:inifant->in
D:inifat->in
D:inife->in
D:inifee->in
D:inifer->in
D:inifes->in
D:inifial->in
D:inification->in
D:inifie->in
D:inifien->in
D:inifieneure->in
D:inifif->in
D:inifity->in
D:inifor->in
D:iniforis->in
D:inifors->in
D:inify->in
D:inifye->in
D:ining->in
D:iningatan->in
D:ininge->in
D:iningen->in
D:ininger->in
D:inings->in
D:inion->in
D:inionat->in
D:inione->in
D:inions->in
D:iniqu->in
D:inique->in
D:iniquely->in
D:iniquement->in
D:iniqueness->in
D:iniques->in
D:iniquis->in
D:iniquitie->in
D:iniquities->in
D:iniquitious->in
D:iniquity->in
D:iniquitys->in
D:iniquous->in
D:inis->in
D:inisan->in
D:inisance->in
D:inisane->in
D:inisatif->in
D:inise->in
D:inisen->in
D:inisene->in
D:inisent->in
D:iniser->in
D:iniserable->in
D:inises->in
D:inish->in
D:inishal->in
D:inishals->in
D:inishative->in
D:inishe->in
D:inished->in
D:inishee->in
D:inisheer->in
D:inisher->in
D:inishere->in
D:inishers->in
D:inishes->in
D:inishial->in
D:inishials->in
D:inishing->in
D:inisial->in
D:inisialer->in
D:inisiales->in
D:inisials->in
D:inisian->in
D:inisians->in
D:inisife->in
D:inising->in
D:inism->in
D:inismag->in
D:inismean->in
D:inismor->in
D:inismore->in
D:inisms->in
D:inist->in
D:inistal->in
D:inistance->in
D:inistances->in
D:inistantaneously->in
D:inistate->in
D:inistated->in
D:inistatr->in
D:iniste->in
D:inisteal->in
D:inisted->in
D:inistee->in
D:inistent->in
D:inister->in
D:inisterial->in
D:inistering->in
D:inisters->in
D:inistials->in
D:inistian->in
D:inisting->in
D:inistismizene->in
D:inistore->in
D:inistories->in
D:inistr->in
D:inistrat->in
D:inistration->in
D:inistrations->in
D:inistrative->in
D:inistrator->in
D:inistrators->in
D:inistre->in
D:inistries->in
D:inistrife->in
D:inistring->in
D:inistrings->in
D:inistry->in
D:inists->in
D:inisurance->in
D:initiant->in
D:initianted->in
D:initianten->in
D:initiantion->in
D:initiantive->in
D:initiants->in
D:initiantur->in
D:initiary->in
D:initiat->in
D:initiatable->in
D:initiatally->in
D:initiatated->in
D:initiatates->in
D:initiatation->in
D:initiate->in
D:initiated->in
D:initiateded->in
D:initiatedor->in
D:initiateds->in
D:initiatee->in
D:initiatees->in
D:initiateion->in
D:initiately->in
D:initiater->in
D:initiaters->in
D:initiates->in
D:initiateship->in
D:initiateur->in
D:initiateurs->in
D:initiatial->in
D:initiatialisation->in
D:initiatialization->in
D:initiatialize->in
D:initiatially->in
D:initiatian->in
D:initiatic->in
D:initiatically->in
D:initiatices->in
D:initiatics->in
D:initiatif->in
D:initiating->in
D:initiation->in
D:initiational->in
D:initiationary->in
D:initiationen->in
D:initiationis->in
D:initiations->in
D:initiatism->in
D:initiativ->in
D:initiativate->in
D:initiative->in
D:initiativean->in
D:initiatived->in
D:initiativeee->in
D:initiativees->in
D:initiatively->in
D:initiativen->in
D:initiativeness->in
D:initiativer->in
D:initiativers->in
D:initiatives->in
D:initiativism->in
D:initiativists->in
D:initiativity->in
D:initiativs->in
D:initiatization->in
D:initiatizer->in
D:initiatizes->in
D:initiatly->in
D:initiator->in
D:initiatore->in
D:initiatoren->in
D:initiatorial->in
D:initiatoric->in
D:initiatories->in
D:initiatorily->in
D:initiators->in
D:initiatory->in
D:initiatred->in
D:initiatrice->in
D:initiatrices->in
D:initiats->in
D:initie->in
D:initiealization->in
D:initieated->in
D:initied->in
D:initiee->in
D:initiees->in
D:initien->in
D:initient->in
D:initier->in
D:initierat->in
D:initierats->in
D:initiere->in
D:initierede->in
D:initieren->in
D:initieres->in
D:initiering->in
D:initieringen->in
D:inities->in
D:initiial->in
D:initiialisation->in
D:initiialization->in
D:initiialize->in
D:initiially->in
D:initiials->in
D:initiing->in
D:initiingness->in
D:initiings->in
D:initiis->in
D:initiivan->in
D:initiivat->in
D:initiizes->in
D:initily->in
D:initiual->in
D:initiualization->in
D:initiualize->in
D:inity->in
D:inityal->in
D:inityalization->in
D:inityial->in
D:initys->in
D:inium->in
D:iniums->in
D:iniv->in
D:inival->in
D:inivan->in
D:inivation->in
D:inivational->in
D:inivations->in
D:inivative->in
D:inivatives->in
D:inivator->in
D:inivators->in
D:inive->in
D:inived->in
D:iniven->in
D:iniveous->in
D:iniver->in
D:iniverity->in
D:inives->in
D:inivis->in
D:inivitiatives->in
D:inivorous->in
D:inivory->in
D:inivs->in
D:iniz->in
D:inizan->in
D:inizations->in
D:inize->in
D:inized->in
D:inizen->in
D:inizer->in
D:iniziale->in
D:inizialization->in
D:inizialize->in
D:inizialized->in
D:inizializers->in
D:inizializing->in
D:inizialmente->in
D:inizing->in
D:inizion->in
D:inlie->in
D:inlied->in
D:inlien->in
D:inliens->in
D:inlier->in
D:inliers->in
D:inlies->in
D:inlilies->in
D:inly->in
D:inlyed->in
D:inlying->in
D:inlys->in
D:inmence->in
D:inment->in
D:inmental->in
D:inmentioned->in
D:inmentionence->in
D:inmentioning->in
D:inn->in
D:innabilene->in
D:innabilis->in
D:innability->in
D:innable->in
D:innables->in
D:innag->in
D:innage->in
D:innages->in
D:innagural->in
D:innagurate->in
D:innagurated->in
D:innagurates->in
D:innaguration->in
D:innagurators->in
D:innal->in
D:innale->in
D:innalif->in
D:innalife->in
D:innalive->in
D:innaliving->in
D:innally->in
D:innan->in
D:innane->in
D:innanee->in
D:innanely->in
D:innanen->in
D:innaneness->in
D:innanities->in
D:innanity->in
D:innant->in
D:innante->in
D:innantes->in
D:innary->in
D:innat->in
D:innatant->in
D:innate->in
D:innated->in
D:innately->in
D:innateness->in
D:innatention->in
D:innatentive->in
D:innatentiveness->in
D:innates->in
D:innatic->in
D:innational->in
D:innations->in
D:innatism->in
D:innatist->in
D:innatists->in
D:innative->in
D:innativism->in
D:innativity->in
D:innatore->in
D:innators->in
D:innatreeeeee->in
D:innatur->in
D:innatural->in
D:innaturale->in
D:innaturalis->in
D:innaturalism->in
D:innaturally->in
D:innaturalmente->in
D:innature->in
D:innatures->in
D:inne->in
D:inneal->in
D:innealan->in
D:innean->in
D:inneans->in
D:inneat->in
D:inneats->in
D:inned->in
D:innee->in
D:inneee->in
D:inneeee->in
D:inneeeee->in
D:inneeist->in
D:inneer->in
D:inneeral->in
D:innees->in
D:inneist->in
D:inneity->in
D:innen->in
D:innens->in
D:innent->in
D:innente->in
D:innentions->in
D:innentors->in
D:innents->in
D:innenturen->in
D:inner->in
D:innerage->in
D:inneral->in
D:inneralice->in
D:inneran->in
D:innerancy->in
D:inneranists->in
D:innerant->in
D:innerantist->in
D:innerantly->in
D:innerary->in
D:innere->in
D:innereal->in
D:innered->in
D:innereds->in
D:innereiserer->in
D:inneren->in
D:innerent->in
D:innerente->in
D:innerer->in
D:innererer->in
D:innereriz->in
D:inneres->in
D:innerial->in
D:innering->in
D:inneringen->in
D:innerings->in
D:innerise->in
D:innerish->in
D:innerism->in
D:innerly->in
D:innerlying->in
D:innerlyly->in
D:innermentalist->in
D:innerness->in
D:innerorat->in
D:inners->in
D:innerual->in
D:innes->in
D:inness->in
D:innesse->in
D:innessence->in
D:innesses->in
D:innety->in
D:inneural->in
D:inniales->in
D:innially->in
D:innians->in
D:innic->in
D:innice->in
D:innicence->in
D:innicent->in
D:innicents->in
D:innicial->in
D:innicially->in
D:innicials->in
D:innicor->in
D:innif->in
D:innifer->in
D:innificantly->in
D:inning->in
D:inningen->in
D:inninger->in
D:inningers->in
D:innings->in
D:innion->in
D:innionis->in
D:innions->in
D:innis->in
D:innise->in
D:innisen->in
D:innisent->in
D:innisful->in
D:innish->in
D:innisheer->in
D:innisher->in
D:innisian->in
D:innismere->in
D:innismish->in
D:innismore->in
D:innister->in
D:innistor->in
D:innistr->in
D:innistree->in
D:innisture->in
D:innitiate->in
D:innitiated->in
D:innitiates->in
D:innitiating->in
D:innitiation->in
D:innitiativ->in
D:innitiative->in
D:innitiatives->in
D:innitiator->in
D:innitiators->in
D:innities->in
D:innity->in
D:inniv->in
D:innivated->in
D:innivating->in
D:innivation->in
D:innivations->in
D:innivative->in
D:innivity->in
D:inniz->in
D:innized->in
D:innment->in
D:innness->in
D:innor->in
D:innoral->in
D:innorat->in
D:innoration->in
D:innorative->in
D:innore->in
D:innoreal->in
D:innored->in
D:innorisic->in
D:inns->in
D:innual->in
D:innually->in
D:innur->in
D:innural->in
D:innurance->in
D:innure->in
D:innured->in
D:innuring->in
D:innurs->in
D:inor->in
D:inoraganic->in
D:inoral->in
D:inorality->in
D:inoran->in
D:inorance->in
D:inorantes->in
D:inorat->in
D:inorated->in
D:inore->in
D:inoreal->in
D:inoreality->in
D:inored->in
D:inoreder->in
D:inoree->in
D:inoreful->in
D:inoren->in
D:inorerat->in
D:inores->in
D:inorial->in
D:inorian->in
D:inorians->in
D:inorien->in
D:inorient->in
D:inorientation->in
D:inoring->in
D:inorities->in
D:inority->in
D:inors->in
D:inorual->in
D:inoryal->in
D:inous->in
D:inouse->in
D:inousent->in
D:inouses->in
D:ins->in
D:insabilene->in
D:insability->in
D:insable->in
D:insaciate->in
D:insag->in
D:insage->in
D:insagency->in
D:insagent->in
D:insal->in
D:insalan->in
D:insalante->in
D:insalary->in
D:insalate->in
D:insalated->in
D:insalating->in
D:insalation->in
D:insalations->in
D:insale->in
D:insaled->in
D:insalely->in
D:insalenly->in
D:insales->in
D:insality->in
D:insalivate->in
D:insalivated->in
D:insalivates->in
D:insalivation->in
D:insalivations->in
D:insally->in
D:insalment->in
D:insalments->in
D:insan->in
D:insanabile->in
D:insanabilis->in
D:insanability->in
D:insanabilmente->in
D:insanable->in
D:insanableness->in
D:insanably->in
D:insanal->in
D:insanally->in
D:insanananity->in
D:insanant->in
D:insanate->in
D:insanatic->in
D:insanation->in
D:insanatised->in
D:insanatized->in
D:insanc->in
D:insance->in
D:insancenes->in
D:insances->in
D:insancy->in
D:insane->in
D:insanealicat->in
D:insanealice->in
D:insanean->in
D:insaneanteater->in
D:insaneantics->in
D:insaned->in
D:insanedan->in
D:insanedisabled->in
D:insanediver->in
D:insanee->in
D:insaneee->in
D:insaneeee->in
D:insaneeeee->in
D:insaneeeeee->in
D:insaneeeeeee->in
D:insaneeeeeeee->in
D:insaneeeeeeeee->in
D:insaneeeeeeeeee->in
D:insaneeeeeeeeeee->in
D:insaneeeeeeeeeeeee->in
D:insaneeeeeeeeeeeeeeeeee->in
D:insaneeeeeeeeeeeeeeeeeeeeeeeeeeeeeeee->in
D:insaneeeeeeely->in
D:insaneeeeely->in
D:insaneely->in
D:insaneer->in
D:insaneeric->in
D:insanefully->in
D:insaneif->in
D:insaneish->in
D:insaneisme->in
D:insaneity->in
D:insanelily->in
D:insanely->in
D:insanelyurs->in
D:insanementality->in
D:insanen->in
D:insanenator->in
D:insanene->in
D:insaneness->in
D:insanenly->in
D:insaneous->in
D:insaner->in
D:insanerantings->in
D:insanerationality->in
D:insanerator->in
D:insanereagan->in
D:insanerealities->in
D:insanereality->in
D:insanerealization->in
D:insanerer->in
D:insanerism->in
D:insanes->in
D:insaneties->in
D:insanety->in
D:insanialeisure->in
D:insanian->in
D:insanic->in
D:insanical->in
D:insanif->in
D:insanificant->in
D:insaningly->in
D:insanis->in
D:insanish->in
D:insanism->in
D:insanist->in
D:insanistan->in
D:insanitie->in
D:insanities->in
D:insanity->in
D:insanityat->in
D:insanitye->in
D:insanityis->in
D:insanityismentality->in
D:insanityness->in
D:insanitys->in
D:insanliens->in
D:insanly->in
D:insans->in
D:insant->in
D:insantance->in
D:insantaneous->in
D:insantaneously->in
D:insante->in
D:insantely->in
D:insantence->in
D:insantity->in
D:insantive->in
D:insantly->in
D:insantrans->in
D:insants->in
D:insat->in
D:insatability->in
D:insatable->in
D:insatalation->in
D:insatance->in
D:insatances->in
D:insatanic->in
D:insatanity->in
D:insatant->in
D:insatantly->in
D:insate->in
D:insater->in
D:insaterlieren->in
D:insation->in
D:insationable->in
D:insatis->in
D:insatisable->in
D:insatity->in
D:insatitys->in
D:insats->in
D:insatur->in
D:insaturable->in
D:insaturated->in
D:insaturation->in
D:insature->in
D:insatured->in
D:insaturees->in
D:insatures->in
D:inse->in
D:inseal->in
D:insealant->in
D:insealate->in
D:insealation->in
D:insealators->in
D:insealing->in
D:insean->in
D:inseant->in
D:inseat->in
D:inseated->in
D:inseats->in
D:insed->in
D:insedate->in
D:insede->in
D:insedence->in
D:insedent->in
D:insedentary->in
D:insedently->in
D:inseder->in
D:insederat->in
D:insedere->in
D:insee->in
D:inseeing->in
D:inseer->in
D:inseis->in
D:inseliing->in
D:insely->in
D:insement->in
D:insen->in
D:insenately->in
D:insenature->in
D:insenc->in
D:insence->in
D:insenced->in
D:insencere->in
D:insencerity->in
D:insences->in
D:insencish->in
D:insencure->in
D:insenely->in
D:insenic->in
D:insenity->in
D:insens->in
D:insent->in
D:insentative->in
D:insented->in
D:insentence->in
D:insentencing->in
D:insential->in
D:insentice->in
D:insentif->in
D:insentis->in
D:insentiv->in
D:insentive->in
D:insentively->in
D:insentiver->in
D:insentives->in
D:insentivising->in
D:insentivity->in
D:insentivize->in
D:insentivs->in
D:insently->in
D:insents->in
D:insentualization->in
D:inser->in
D:inserable->in
D:inseral->in
D:inserance->in
D:inserances->in
D:inserant->in
D:inserantur->in
D:inserat->in
D:inserate->in
D:inseraten->in
D:inserating->in
D:inseration->in
D:inserational->in
D:inserator->in
D:inserats->in
D:inseratur->in
D:insere->in
D:insered->in
D:inseree->in
D:inserees->in
D:inserence->in
D:inserenity->in
D:inserens->in
D:inserent->in
D:inserentant->in
D:inserente->in
D:inserenten->in
D:inserentur->in
D:inserer->in
D:inserere->in
D:insererentur->in
D:inseres->in
D:inserial->in
D:inserice->in
D:insering->in
D:inserion->in
D:inserions->in
D:inseris->in
D:inseriste->in
D:inserivate->in
D:inserlieren->in
D:inserment->in
D:inseror->in
D:insers->in
D:inses->in
D:insety->in
D:inseur->in
D:inseurance->in
D:inseurances->in
D:inseure->in
D:inseurence->in
D:inship->in
D:inshipment->in
D:inships->in
D:insian->in
D:insiane->in
D:insianity->in
D:insians->in
D:insic->in
D:insical->in
D:insication->in
D:insications->in
D:insicator->in
D:insice->in
D:insiced->in
D:insicer->in
D:insicere->in
D:insicerety->in
D:insicion->in
D:insicional->in
D:insicions->in
D:insicive->in
D:insicor->in
D:insicore->in
D:insicored->in
D:insicors->in
D:insicur->in
D:insicure->in
D:insicured->in
D:insicurities->in
D:insicurity->in
D:insif->in
D:insife->in
D:insifer->in
D:insificant->in
D:insificent->in
D:insifics->in
D:insing->in
D:insingen->in
D:insinger->in
D:insingerat->in
D:insingerate->in
D:insingers->in
D:insingurat->in
D:insish->in
D:insism->in
D:insitiative->in
D:insitiency->in
D:insity->in
D:insize->in
D:insized->in
D:insizers->in
D:insizes->in
D:insizing->in
D:insizion->in
D:inslie->in
D:insmental->in
D:insor->in
D:insoral->in
D:insorance->in
D:insorances->in
D:insore->in
D:insored->in
D:insorence->in
D:insoreness->in
D:insoric->in
D:insors->in
D:insous->in
D:insualation->in
D:insualative->in
D:insuale->in
D:insur->in
D:insurabilities->in
D:insurability->in
D:insurabl->in
D:insurable->in
D:insurables->in
D:insurablitily->in
D:insurablity->in
D:insurably->in
D:insuragencies->in
D:insurally->in
D:insuran->in
D:insuranance->in
D:insuranc->in
D:insurancance->in
D:insurancances->in
D:insurancane->in
D:insurance->in
D:insuranceabilene->in
D:insuranceage->in
D:insuranceageants->in
D:insuranceagenc->in
D:insuranceagencies->in
D:insuranceagency->in
D:insuranceagencys->in
D:insuranceagent->in
D:insuranceagents->in
D:insuranceal->in
D:insurancealife->in
D:insurancealliance->in
D:insurancean->in
D:insuranceance->in
D:insuranceans->in
D:insuranceat->in
D:insuranced->in
D:insurancedating->in
D:insurancede->in
D:insurancedeals->in
D:insurancededicated->in
D:insurancedental->in
D:insurancederive->in
D:insurancederiver->in
D:insurancederiving->in
D:insurancedes->in
D:insurancedisability->in
D:insurancedisablity->in
D:insurancedive->in
D:insurancediver->in
D:insurancediving->in
D:insuranceds->in
D:insurancee->in
D:insuranceee->in
D:insuranceeran->in
D:insuranceering->in
D:insuranceerive->in
D:insuranceeriver->in
D:insuranceeriving->in
D:insuranceers->in
D:insurancees->in
D:insuranceif->in
D:insuranceing->in
D:insuranceion->in
D:insuranceis->in
D:insurancely->in
D:insurancemental->in
D:insurancen->in
D:insurancenat->in
D:insurancenation->in
D:insurancenational->in
D:insurancenationally->in
D:insurancenatural->in
D:insurancenc->in
D:insurancene->in
D:insuranceness->in
D:insurancenic->in
D:insurancenice->in
D:insurancenly->in
D:insurancens->in
D:insurancenter->in
D:insurancentre->in
D:insurancentres->in
D:insuranceor->in
D:insuranceore->in
D:insurancer->in
D:insurancerance->in
D:insurancerat->in
D:insurancerate->in
D:insurancerated->in
D:insuranceratedeals->in
D:insuranceraters->in
D:insurancerates->in
D:insurancerating->in
D:insuranceratings->in
D:insurancere->in
D:insurancereal->in
D:insurancerental->in
D:insurancerenters->in
D:insurancerican->in
D:insurancerive->in
D:insuranceriver->in
D:insuranceriving->in
D:insurancers->in
D:insurances->in
D:insuranceually->in
D:insurancies->in
D:insuranciis->in
D:insurancing->in
D:insurancis->in
D:insurancous->in
D:insurancs->in
D:insurancy->in
D:insurancys->in
D:insurane->in
D:insuraned->in
D:insuranee->in
D:insuranence->in
D:insuranes->in
D:insuraning->in
D:insurans->in
D:insurant->in
D:insurantate->in
D:insurante->in
D:insurantes->in
D:insurants->in
D:insurat->in
D:insuration->in
D:insurative->in
D:insuratization->in
D:insure->in
D:insureabilene->in
D:insureable->in
D:insureageants->in
D:insureal->in
D:insureance->in
D:insureanced->in
D:insureances->in
D:insureants->in
D:insured->in
D:insuredating->in
D:insurede->in
D:insuredeal->in
D:insuredeals->in
D:insuredental->in
D:insuredentity->in
D:insuredes->in
D:insuredisability->in
D:insuredisablity->in
D:insuredness->in
D:insureds->in
D:insuree->in
D:insureence->in
D:insureer->in
D:insureers->in
D:insurees->in
D:insureice->in
D:insureing->in
D:insuren->in
D:insurenatural->in
D:insurenc->in
D:insurence->in
D:insurenceabilene->in
D:insurenceagent->in
D:insurenceal->in
D:insurenced->in
D:insurencedating->in
D:insurencede->in
D:insurencedeal->in
D:insurencedental->in
D:insurencedes->in
D:insurencedisability->in
D:insurencedisablity->in
D:insurencee->in
D:insurencenc->in
D:insurencene->in
D:insurenceor->in
D:insurencer->in
D:insurencerate->in
D:insurencerated->in
D:insurencerates->in
D:insurencerating->in
D:insurenceratings->in
D:insurencerental->in
D:insurences->in
D:insurencs->in
D:insurency->in
D:insurene->in
D:insureness->in
D:insurens->in
D:insurent->in
D:insurente->in
D:insurenters->in
D:insurents->in
D:insureor->in
D:insurer->in
D:insurerance->in
D:insurerate->in
D:insurerated->in
D:insurerates->in
D:insurerating->in
D:insureratings->in
D:insurere->in
D:insurered->in
D:insurerental->in
D:insurerer->in
D:insurerers->in
D:insureres->in
D:insurerif->in
D:insurers->in
D:insures->in
D:insureship->in
D:insureshipment->in
D:insurety->in
D:insurial->in
D:insurice->in
D:insuring->in
D:insurish->in
D:insurity->in
D:insurment->in
D:insuror->in
D:insurors->in
D:insurs->in
D:insurur->in
D:insururance->in
D:insurured->in
D:insurures->in
D:insururing->in
D:inth->in
D:inual->in
D:inually->in
D:inul->in
D:inulal->in
D:inulan->in
D:inulat->in
D:inulate->in
D:inulated->in
D:inulating->in
D:inulation->in
D:inule->in
D:inulen->in
D:inulingan->in
D:inuls->in
D:inum->in
D:inur->in
D:inurable->in
D:inural->in
D:inuran->in
D:inuranc->in
D:inurance->in
D:inurances->in
D:inurat->in
D:inuration->in
D:inure->in
D:inureal->in
D:inured->in
D:inuredness->in
D:inureee->in
D:inurees->in
D:inurely->in
D:inurement->in
D:inurements->in
D:inurence->in
D:inurer->in
D:inurere->in
D:inurers->in
D:inures->in
D:inurial->in
D:inuring->in
D:inurion->in
D:inurists->in
D:inurment->in
D:inurs->in
D:inurual->in
D:inus->in
D:south->south
D:southa->south
D:southage->south
D:southagent->south
D:southal->south
D:southalan->south
D:southan->south
D:southants->south
D:southat->south
D:southe->south
D:southeat->south
D:southeats->south
D:southed->south
D:southeden->south
D:southedistoriver->south
D:southee->south
D:southeee->south
D:southely->south
D:southen->south
D:southene->south
D:southener->south
D:southeners->south
D:southens->south
D:southent->south
D:souther->south
D:southerally->south
D:southeran->south
D:southeranc->south
D:southered->south
D:southeree->south
D:southerely->south
D:southeren->south
D:southerenag->south
D:southereners->south
D:southerer->south
D:southerican->south
D:southering->south
D:southerings->south
D:southerion->south
D:southerism->south
D:southerist->south
D:southeriz->south
D:southerlier->south
D:southerlies->south
D:southerliness->south
D:southerly->south
D:southerlys->south
D:southerness->south
D:southernessen->south
D:southernesses->south
D:southers->south
D:southes->south
D:southeur->south
D:southhood->south
D:southi->south
D:southian->south
D:southice->south
D:southified->south
D:southing->south
D:southings->south
D:southion->south
D:southis->south
D:southish->south
D:southisms->south
D:southist->south
D:southists->south
D:southlily->south
D:southly->south
D:southness->south
D:southor->south
D:southoriented->south
D:southouse->south
D:souths->south
D:southsales->south
D:southsan->south
D:southsate->south
D:southse->south
D:southsee->south
D:southsent->south
D:southship->south
D:southships->south
D:southsing->south
D:southsure->south
D:southth->south
D:southum->south
Q:carolina->carolin
D:carolin->carolin
D:carolina->carolin
D:carolinacy->carolin
D:carolinag->carolin
D:carolinagal->carolin
D:carolinagalan->carolin
D:carolinagals->carolin
D:carolinageneral->carolin
D:carolinageneric->carolin
D:carolinagent->carolin
D:carolinages->carolin
D:carolinagurlie->carolin
D:carolinal->carolin
D:carolinaleeal->carolin
D:carolinalife->carolin
D:carolinalion->carolin
D:carolinalist->carolin
D:carolinalisted->carolin
D:carolinalists->carolin
D:carolinalive->carolin
D:carolinaliving->carolin
D:carolinals->carolin
D:carolinalures->carolin
D:carolinan->carolin
D:carolinanature->carolin
D:carolinanian->carolin
D:carolinans->carolin
D:carolinantial->carolin
D:carolinar->carolin
D:carolinarate->carolin
D:carolinarated->carolin
D:carolinarating->carolin
D:carolinaratings->carolin
D:carolinare->carolin
D:carolinareal->carolin
D:carolinareally->carolin
D:carolinared->carolin
D:carolinarental->carolin
D:carolinarentals->carolin
D:carolinarice->carolin
D:carolinars->carolin
D:carolinat->carolin
D:carolinatate->carolin
D:carolinate->carolin
D:carolinatracy->carolin
D:carolinatreatment->carolin
D:carolinatrees->carolin
D:carolinatrish->carolin
D:carolinature->carolin
D:caroline->carolin
D:carolineag->carolin
D:carolinealice->carolin
D:carolinean->carolin
D:carolineans->carolin
D:carolined->carolin
D:carolinedances->carolin
D:carolinedener->carolin
D:carolinedenise->carolin
D:carolinedist->carolin
D:carolineduris->carolin
D:carolinee->carolin
D:carolineee->carolin
D:carolineeee->carolin
D:carolineeeee->carolin
D:carolineeeeeee->carolin
D:carolineeeeeeee->carolin
D:carolineeeeeeeeeeeeeeee->carolin
D:carolineeees->carolin
D:carolineerenee->carolin
D:carolineisheree->carolin
D:carolineisme->carolin
D:carolinement->carolin
D:carolinen->carolin
D:carolineneres->carolin
D:carolinenis->carolin
D:carolinens->carolin
D:caroliner->carolin
D:carolinerenee->carolin
D:carolinerice->carolin
D:carolinering->carolin
D:caroliners->carolin
D:carolines->carolin
D:carolinety->carolin
D:carolini->carolin
D:carolinia->carolin
D:carolinian->carolin
D:carolinians->carolin
D:carolinices->carolin
D:carolinism->carolin
D:carolinium->carolin
D:caroliniz->carolin
D:carolinlye->carolin
D:carolinn->carolin
D:carolinne->carolin
D:carolinnee->carolin
D:carolinneual->carolin
D:carolinous->carolin
D:carolins->carolin
D:carolinse->carolin
D:carolinum->carolin
D:carolinus->carolin
<query> civil war battles in south carolina</query><numhits>10</numhits><time>6251</time>
</ATIREsearch>
<ATIREsearch>
D:rain->rain
D:raina->rain
D:rainability->rain
D:rainage->rain
D:rainagency->rain
D:rainal->rain
D:rainalee->rain
D:rainals->rain
D:rainan->rain
D:rainanate->rain
D:rainans->rain
D:rainar->rain
D:rainare->rain
D:rainarie->rain
D:rainaris->rain
D:rainat->rain
D:raination->rain
D:raine->rain
D:raineater->rain
D:rained->rain
D:rainedance->rain
D:rainedenian->rain
D:raineds->rain
D:rainee->rain
D:raineee->rain
D:raineer->rain
D:rainees->rain
D:raineian->rain
D:raineing->rain
D:raineism->rain
D:rainen->rain
D:rainene->rain
D:rainens->rain
D:rainer->rain
D:raineral->rain
D:rainere->rain
D:rainerian->rain
D:rainerized->rain
D:rainers->rain
D:raines->rain
D:rainety->rain
D:raineur->rain
D:raineurs->rain
D:rainful->rain
D:rainfully->rain
D:rainhood->rain
D:rainhoods->rain
D:raini->rain
D:rainia->rain
D:rainian->rain
D:rainians->rain
D:rainic->rain
D:rainice->rain
D:rainicity->rain
D:rainicor->rain
D:rainify->rain
D:raining->rain
D:raininge->rain
D:raininger->rain
D:raininghood->rain
D:rainingice->rain
D:rainingness->rain
D:rainings->rain
D:rainis->rain
D:rainisag->rain
D:rainish->rain
D:rainism->rain
D:rainity->rain
D:rainium->rain
D:rainiv->rain
D:rainization->rain
D:rainlie->rain
D:rainlilies->rain
D:rainlily->rain
D:rainly->rain
D:rainlye->rain
D:rainment->rain
D:rainmentality->rain
D:rainments->rain
D:rainn->rain
D:rainnance->rain
D:rainne->rain
D:rainned->rain
D:rainner->rain
D:rainnes->rain
D:rainnice->rain
D:rainning->rain
D:rainnous->rain
D:rainns->rain
D:rainor->rain
D:rainors->rain
D:rainous->rain
D:rains->rain
D:rainsage->rain
D:rainsan->rain
D:rainse->rain
D:rainsed->rain
D:rainser->rain
D:rainsers->rain
D:rainses->rain
D:rainsif->rain
D:rainsing->rain
D:rainsinger->rain
D:rainsize->rain
D:rainslie->rain
D:rainth->rain
D:rainul->rain
D:rainulator->rain
D:rainum->rain
D:rainurage->rain
D:rainure->rain
D:rainuree->rain
D:rainurer->rain
D:rainures->rain
D:rainus->rain
D:man->man
<query> rain man</query><numhits>10</numhits><time>1329</time>
</ATIREsearch>
<ATIREsearch>
Q:eggs->eg
D:eg->eg
D:ega->eg
D:egabl->eg
D:egable->eg
D:egabler->eg
D:egables->eg
D:egacies->eg
D:egacy->eg
D:egag->eg
D:egagan->eg
D:egage->eg
D:egaged->eg
D:egagement->eg
D:egagen->eg
D:egagenerics->eg
D:egages->eg
D:egaging->eg
D:egagment->eg
D:egags->eg
D:egal->eg
D:egalable->eg
D:egalan->eg
D:egalant->eg
D:egalate->eg
D:egalaterianism->eg
D:egale->eg
D:egaled->eg
D:egalee->eg
D:egalees->eg
D:egalement->eg
D:egalen->eg
D:egalentity->eg
D:egaler->eg
D:egales->eg
D:egalic->eg
D:egalis->eg
D:egalisant->eg
D:egalisante->eg
D:egalisation->eg
D:egalise->eg
D:egaliser->eg
D:egalisers->eg
D:egalises->eg
D:egaliseur->eg
D:egalising->eg
D:egalism->eg
D:egalistan->eg
D:egalistes->eg
D:egalistic->eg
D:egalitie->eg
D:egality->eg
D:egalization->eg
D:egalizator->eg
D:egalize->eg
D:egalized->eg
D:egalizing->eg
D:egally->eg
D:egalment->eg
D:egalor->eg
D:egals->eg
D:egan->eg
D:eganator->eg
D:egance->eg
D:egancs->eg
D:egancy->eg
D:egane->eg
D:eganes->eg
D:eganif->eg
D:eganis->eg
D:eganism->eg
D:eganist->eg
D:eganorion->eg
D:egans->eg
D:egant->eg
D:egante->eg
D:egantee->eg
D:eganter->eg
D:egantic->eg
D:egantly->eg
D:egantr->eg
D:egar->eg
D:egarag->eg
D:egarage->eg
D:egaragedeals->eg
D:egarages->eg
D:egaran->eg
D:egarant->eg
D:egare->eg
D:egaree->eg
D:egarees->eg
D:egarely->eg
D:egarement->eg
D:egarements->eg
D:egarent->eg
D:egarer->eg
D:egares->eg
D:egarian->eg
D:egariic->eg
D:egarious->eg
D:egarly->eg
D:egarness->eg
D:egars->eg
D:egary->eg
D:egat->eg
D:egatan->eg
D:egate->eg
D:egated->eg
D:egatees->eg
D:egately->eg
D:egaten->eg
D:egater->eg
D:egateris->eg
D:egates->eg
D:egating->eg
D:egation->eg
D:egationis->eg
D:egations->eg
D:egatist->eg
D:egativ->eg
D:egative->eg
D:egatives->eg
D:egativism->eg
D:egativity->eg
D:egator->eg
D:egatoris->eg
D:egatr->eg
D:egats->eg
D:egatur->eg
D:ege->eg
D:egeal->eg
D:egeals->eg
D:egean->eg
D:egeans->eg
D:egeant->eg
D:egeants->eg
D:egeary->eg
D:egeat->eg
D:eged->eg
D:egedal->eg
D:egedalen->eg
D:egede->eg
D:egeden->eg
D:egedeniz->eg
D:egedes->eg
D:egedis->eg
D:egedisen->eg
D:egedly->eg
D:egeds->eg
D:egee->eg
D:egeee->eg
D:egeer->eg
D:egeerly->eg
D:egees->eg
D:egeful->eg
D:egeian->eg
D:egeic->eg
D:egeis->eg
D:egeist->eg
D:egelie->eg
D:egelien->eg
D:egely->eg
D:egement->eg
D:egen->eg
D:egenagement->eg
D:egenal->eg
D:egence->eg
D:egencee->eg
D:egencies->eg
D:egency->eg
D:egencys->eg
D:egene->eg
D:egener->eg
D:egeneral->eg
D:egenerally->eg
D:egenerat->eg
D:egenerate->eg
D:egenerated->eg
D:egenerates->eg
D:egenerating->eg
D:egeneration->eg
D:egenerations->eg
D:egenerative->eg
D:egenerator->eg
D:egeneres->eg
D:egeneric->eg
D:egenerous->eg
D:egenes->eg
D:egeness->eg
D:egenial->eg
D:egenics->eg
D:egening->eg
D:egenis->eg
D:egens->eg
D:egent->eg
D:egente->eg
D:egenter->eg
D:egentes->eg
D:egentic->eg
D:egenting->eg
D:egents->eg
D:eger->eg
D:egerag->eg
D:egeran->eg
D:egerant->eg
D:egerat->eg
D:egerate->eg
D:egeratis->eg
D:egere->eg
D:egerement->eg
D:egeren->eg
D:egerer->eg
D:egeres->eg
D:egeretiifis->eg
D:egerian->eg
D:egeric->eg
D:egeris->eg
D:egerly->eg
D:egerness->eg
D:egers->eg
D:eges->eg
D:egeships->eg
D:egety->eg
D:egful->eg
D:egg->eg
D:eggability->eg
D:eggable->eg
D:eggables->eg
D:eggacy->eg
D:eggag->eg
D:eggage->eg
D:eggagerated->eg
D:eggageration->eg
D:eggal->eg
D:eggalene->eg
D:eggality->eg
D:eggan->eg
D:eggane->eg
D:egganic->eg
D:eggans->eg
D:eggant->eg
D:eggary->eg
D:eggat->eg
D:eggate->eg
D:eggatric->eg
D:eggatrice->eg
D:eggatrices->eg
D:eggats->eg
D:eggaturating->eg
D:egge->eg
D:eggeat->eg
D:eggeater->eg
D:eggeaters->eg
D:egged->eg
D:eggedal->eg
D:eggedness->eg
D:eggeds->eg
D:eggee->eg
D:eggees->eg
D:eggement->eg
D:eggen->eg
D:eggene->eg
D:eggener->eg
D:eggens->eg
D:eggental->eg
D:eggentaler->eg
D:egger->eg
D:eggere->eg
D:eggerer->eg
D:eggering->eg
D:eggerly->eg
D:eggerness->eg
D:eggers->eg
D:egges->eg
D:egghood->eg
D:eggian->eg
D:eggice->eg
D:eggification->eg
D:egging->eg
D:eggingen->eg
D:egginger->eg
D:eggings->eg
D:eggis->eg
D:eggish->eg
D:eggistential->eg
D:eggistentialism->eg
D:eggiv->eg
D:eggizousan->eg
D:eggly->eg
D:egglys->eg
D:eggment->eg
D:eggments->eg
D:eggness->eg
D:eggor->eg
D:eggors->eg
D:eggory->eg
D:eggs->eg
D:eggship->eg
D:eggur->eg
D:eghood->eg
D:egi->eg
D:egia->eg
D:egial->eg
D:egialis->eg
D:egian->eg
D:egibility->eg
D:egibl->eg
D:egible->eg
D:egic->eg
D:egics->eg
D:egif->eg
D:egifan->eg
D:egifer->eg
D:egifs->eg
D:eging->eg
D:eginger->eg
D:egion->eg
D:egional->eg
D:egionale->eg
D:egionalism->eg
D:egionally->eg
D:egionary->eg
D:egione->eg
D:egiones->eg
D:egionis->eg
D:egions->eg
D:egis->eg
D:egise->eg
D:egisen->eg
D:egish->eg
D:egishe->eg
D:egism->eg
D:egist->eg
D:egistations->eg
D:egiste->eg
D:egister->eg
D:egistere->eg
D:egistered->eg
D:egistering->eg
D:egisters->eg
D:egistic->eg
D:egistics->eg
D:egisting->eg
D:egistis->eg
D:egistration->eg
D:egistrations->eg
D:egistre->eg
D:egistred->eg
D:egistrering->eg
D:egistries->eg
D:egistry->eg
D:egists->eg
D:egisure->eg
D:egiv->eg
D:egive->eg
D:egiven->eg
D:egivens->eg
D:egiver->eg
D:egivers->eg
D:egives->eg
D:egiving->eg
D:egiz->eg
D:egizaryan->eg
D:egiziane->eg
D:eglie->eg
D:egliee->eg
D:eglien->eg
D:eglies->eg
D:egliese->eg
D:egliise->eg
D:egly->eg
D:eglys->eg
D:egment->eg
D:egmentation->eg
D:egmented->eg
D:egments->eg
D:egness->eg
D:egor->eg
D:egorage->eg
D:egoral->eg
D:egorator->eg
D:egore->eg
D:egoredes->eg
D:egoree->eg
D:egoreise->eg
D:egores->eg
D:egorial->eg
D:egorian->eg
D:egorical->eg
D:egorically->eg
D:egorie->eg
D:egories->eg
D:egoris->eg
D:egorisation->eg
D:egorise->eg
D:egorised->eg
D:egoristic->eg
D:egorization->eg
D:egorizations->eg
D:egorize->eg
D:egorized->eg
D:egors->eg
D:egory->eg
D:egs->eg
D:egsagent->eg
D:egsagurate->eg
D:egsale->eg
D:egsan->eg
D:egsat->eg
D:egse->eg
D:egsee->eg
D:egseing->eg
D:egser->eg
D:egsic->eg
D:egsly->eg
D:egsor->eg
D:egth->eg
D:egual->eg
D:egualan->eg
D:eguale->eg
D:egualement->eg
D:eguales->eg
D:egualian->eg
D:egualians->eg
D:egualing->eg
D:egualisation->eg
D:eguality->eg
D:egualization->eg
D:egualizer->eg
D:egually->eg
D:egualment->eg
D:egualmente->eg
D:eguals->eg
D:egul->eg
D:egulat->eg
D:egulate->eg
D:egulated->eg
D:egulates->eg
D:egulating->eg
D:egulation->eg
D:egulations->eg
D:egulator->eg
D:egulators->eg
D:egulatory->eg
D:egule->eg
D:egulian->eg
D:egully->eg
D:eguls->eg
D:egum->eg
D:egur->eg
D:egurarie->eg
D:egure->eg
D:eguren->eg
D:egurly->eg
D:egus->eg
D:shelf->shelf
D:shelfa->shelf
D:shelfability->shelf
D:shelfal->shelf
D:shelfan->shelf
D:shelfanator->shelf
D:shelfar->shelf
D:shelfarian->shelf
D:shelfat->shelf
D:shelfe->shelf
D:shelfed->shelf
D:shelfen->shelf
D:shelfer->shelf
D:shelfers->shelf
D:shelfes->shelf
D:shelfful->shelf
D:shelfi->shelf
D:shelfia->shelf
D:shelfian->shelf
D:shelfians->shelf
D:shelfice->shelf
D:shelfing->shelf
D:shelfis->shelf
D:shelfish->shelf
D:shelfishly->shelf
D:shelfishness->shelf
D:shelfness->shelf
D:shelfor->shelf
D:shelfs->shelf
D:shelfsize->shelf
D:life->life
D:lifea->life
D:lifeability->life
D:lifeable->life
D:lifeables->life
D:lifeag->life
D:lifeage->life
D:lifeagency->life
D:lifeagent->life
D:lifeal->life
D:lifealive->life
D:lifealliance->life
D:lifeally->life
D:lifean->life
D:lifeans->life
D:lifeantics->life
D:lifeary->life
D:lifeat->life
D:lifeater->life
D:lifeatures->life
D:lifee->life
D:lifeeality->life
D:lifeeans->life
D:lifeeater->life
D:lifeeating->life
D:lifeee->life
D:lifeeee->life
D:lifeeeee->life
D:lifeeeeee->life
D:lifeeeeeee->life
D:lifeeeeeeee->life
D:lifeeeeeeeee->life
D:lifeeeeeeeeee->life
D:lifeeeeeeeeeee->life
D:lifeeeeeeeeeeee->life
D:lifeeeeeeeeeeeee->life
D:lifeeeeeeeeeeeeee->life
D:lifeeeeeeeeeeeeeee->life
D:lifeeeeeeeeeeeeeeee->life
D:lifeeeeeeeeeeeeeeeee->life
D:lifeeeeeeeeeeeeeeeeee->life
D:lifeeeeeeeeeeeeeeeeeee->life
D:lifeeeeeeeeeeeeeeeeeeee->life
D:lifeeeeeeeeeeeeeeeeeeeeee->life
D:lifeeeeeeeeeeeeeeeeeeeeeeee->life
D:lifeeeeeeeeeeeeeeeeeeeeeeeeeee->life
D:lifeeeeeeeeeeeeeeeeeeeeeeeeeeee->life
D:lifeeeeeeeeeeeeeeeeeeeeeeeeeeeeeee->life
D:lifeeeeeeeeeeeeeeeeeeeeeeeeeeeeeeeeeee->life
D:lifeeeeeeeeeeeeeeeeeeeeeeeeeeeeeeeeeeee->life
D:lifeeeeeeeeeeeeeeeeeeeeeeeeeeeeeeeeeeeeeeeeeeeeeeeeeee->life
D:lifeeeeeeeeeees->life
D:lifeeeeer->life
D:lifeees->life
D:lifeent->life
D:lifeenter->life
D:lifeentities->life
D:lifeentrances->life
D:lifeer->life
D:lifees->life
D:lifeful->life
D:lifefully->life
D:lifehood->life
D:lifehoods->life
D:lifei->life
D:lifeian->life
D:lifeically->life
D:lifeice->life
D:lifeicing->life
D:lifeif->life
D:lifeify->life
D:lifeing->life
D:lifeingeer->life
D:lifeingeneral->life
D:lifeingifs->life
D:lifeings->life
D:lifeingurance->life
D:lifeingure->life
D:lifeingurence->life
D:lifeionizer->life
D:lifeionizers->life
D:lifeis->life
D:lifeisabler->life
D:lifeisal->life
D:lifeisalife->life
D:lifeisan->life
D:lifeise->life
D:lifeisent->life
D:lifeish->life
D:lifeishate->life
D:lifeislying->life
D:lifeism->life
D:lifeismagic->life
D:lifeismanaged->life
D:lifeisme->life
D:lifeismeaning->life
D:lifeismeaningful->life
D:lifeismeant->life
D:lifeismore->life
D:lifeisms->life
D:lifeist->life
D:lifeistragic->life
D:lifeists->life
D:lifeisurance->life
D:lifeisure->life
D:lifeisurence->life
D:lifeiz->life
D:lifeizised->life
D:lifelie->life
D:lifelihood->life
D:lifelihoods->life
D:lifeliness->life
D:lifely->life
D:lifelyhood->life
D:lifelyly->life
D:lifelyness->life
D:lifementor->life
D:lifementoring->life
D:lifementors->life
D:lifeness->life
D:lifeor->life
D:lifeorientation->life
D:lifeory->life
D:lifeous->life
D:lifes->life
D:lifesablur->life
D:lifesagif->life
D:lifesale->life
D:lifesales->life
D:lifesalive->life
D:lifesan->life
D:lifesane->life
D:lifesat->life
D:lifesatis->life
D:lifese->life
D:lifeseal->life
D:lifesealed->life
D:lifesee->life
D:lifesence->life
D:lifesens->life
D:lifesent->life
D:lifesentence->life
D:lifesentenced->life
D:lifesentences->life
D:lifeserenity->life
D:lifeserial->life
D:lifeship->life
D:lifeships->life
D:lifesinger->life
D:lifesiz->life
D:lifesize->life
D:lifesized->life
D:lifesizes->life
D:lifesurance->life
D:lifesurances->life
D:lifesure->life
D:lifeth->life
D:lifeulive->life
<query> eggs shelf life</query><numhits>10</numhits><time>2230</time>
</ATIREsearch>
<ATIREsearch>
Q:occupational->occup
D:occup->occup
D:occupa->occup
D:occupability->occup
D:occupable->occup
D:occupacy->occup
D:occupage->occup
D:occupagional->occup
D:occupal->occup
D:occupalional->occup
D:occupals->occup
D:occupan->occup
D:occupanc->occup
D:occupancant->occup
D:occupance->occup
D:occupancies->occup
D:occupancy->occup
D:occupancyfully->occup
D:occupancyis->occup
D:occupancyor->occup
D:occupanional->occup
D:occupans->occup
D:occupant->occup
D:occupante->occup
D:occupantes->occup
D:occupantic->occup
D:occupantion->occup
D:occupantional->occup
D:occupantionan->occup
D:occupantis->occup
D:occupants->occup
D:occupantur->occup
D:occupar->occup
D:occuparant->occup
D:occuparat->occup
D:occupare->occup
D:occuparional->occup
D:occuparis->occup
D:occupat->occup
D:occupatational->occup
D:occupate->occup
D:occupated->occup
D:occupates->occup
D:occupatial->occup
D:occupatian->occup
D:occupatianal->occup
D:occupating->occup
D:occupation->occup
D:occupationag->occup
D:occupational->occup
D:occupationalism->occup
D:occupationalist->occup
D:occupationalists->occup
D:occupationally->occup
D:occupationalor->occup
D:occupationals->occup
D:occupationan->occup
D:occupationat->occup
D:occupatione->occup
D:occupationer->occup
D:occupationes->occup
D:occupationial->occup
D:occupationis->occup
D:occupationist->occup
D:occupationists->occup
D:occupations->occup
D:occupatis->occup
D:occupative->occup
D:occupator->occup
D:occupators->occup
D:occupatur->occup
D:occupe->occup
D:occuped->occup
D:occupee->occup
D:occupeer->occup
D:occupees->occup
D:occupeing->occup
D:occupencies->occup
D:occupency->occup
D:occupenial->occup
D:occupent->occup
D:occupents->occup
D:occuper->occup
D:occuperent->occup
D:occupers->occup
D:occupes->occup
D:occupi->occup
D:occuping->occup
D:occupion->occup
D:occupised->occup
D:occupism->occup
D:occupist->occup
D:occupistan->occup
D:occupists->occup
D:occuppacy->occup
D:occuppance->occup
D:occuppancy->occup
D:occuppant->occup
D:occuppat->occup
D:occuppation->occup
D:occuppational->occup
D:occuppe->occup
D:occupper->occup
D:occups->occup
D:occupth->occup
D:occupus->occup
Q:therapist->therap
D:therap->therap
D:therapa->therap
D:therapals->therap
D:therapatic->therap
D:therapatizing->therap
D:therape->therap
D:therapeatic->therap
D:theraped->therap
D:therapedic->therap
D:therapeds->therap
D:therapee->therap
D:therapees->therap
D:therapeian->therap
D:therapeis->therap
D:therapen->therap
D:therapentic->therap
D:theraper->therap
D:therapes->therap
D:therapeur->therap
D:therapeuric->therap
D:therapi->therap
D:therapia->therap
D:therapic->therap
D:therapice->therap
D:therapics->therap
D:theraping->therap
D:therapion->therap
D:therapis->therap
D:therapise->therap
D:therapised->therap
D:therapises->therap
D:therapish->therap
D:therapism->therap
D:therapist->therap
D:therapistat->therap
D:therapiste->therap
D:therapistes->therap
D:therapistic->therap
D:therapistis->therap
D:therapistor->therap
D:therapistratings->therap
D:therapists->therap
D:therapium->therap
D:therapize->therap
D:therapized->therap
D:therapizers->therap
D:therapizes->therap
D:therapizing->therap
D:therapore->therap
D:therapores->therap
D:therapp->therap
D:therappe->therap
D:therapper->therap
D:therappers->therap
D:therappist->therap
D:theraps->therap
D:therapur->therap
D:therapure->therap
<query> occupational therapist</query><numhits>10</numhits><time>839</time>
</ATIREsearch>
<ATIREsearch>
D:ford->ford
D:forda->ford
D:fordabilene->ford
D:fordability->ford
D:fordable->ford
D:fordacious->ford
D:fordag->ford
D:fordal->ford
D:fordale->ford
D:fordaled->ford
D:fordan->ford
D:fordance->ford
D:fordancenter->ford
D:fordancing->ford
D:fordane->ford
D:fordanis->ford
D:fordant->ford
D:fordar->ford
D:fordare->ford
D:fordat->ford
D:fordate->ford
D:fordating->ford
D:fordd->ford
D:forddan->ford
D:fordde->ford
D:forddeal->ford
D:forddealer->ford
D:forddealers->ford
D:forddealership->ford
D:forddealerships->ford
D:forddeals->ford
D:forddean->ford
D:forddee->ford
D:forddent->ford
D:fordderived->ford
D:forddes->ford
D:forde->ford
D:fordeal->ford
D:fordealer->ford
D:fordealing->ford
D:fordean->ford
D:fordeater->ford
D:forded->ford
D:fordede->ford
D:fordee->ford
D:fordeer->ford
D:fordees->ford
D:forden->ford
D:fordenise->ford
D:fordens->ford
D:fordental->ford
D:forder->ford
D:forderagentur->ford
D:forderale->ford
D:forderantrag->ford
D:forderation->ford
D:fordere->ford
D:forderer->ford
D:fordering->ford
D:forderized->ford
D:forders->ford
D:fordes->ford
D:fordhood->ford
D:fordi->ford
D:fordia->ford
D:fordial->ford
D:fordian->ford
D:fordiane->ford
D:fordians->ford
D:fordication->ford
D:fordice->ford
D:fordices->ford
D:fordification->ford
D:fordifications->ford
D:fordified->ford
D:fordify->ford
D:fording->ford
D:fordinge->ford
D:fordinger->ford
D:fordings->ford
D:fordion->ford
D:fordis->ford
D:fordisability->ford
D:fordisabled->ford
D:fordisal->ford
D:fordisation->ford
D:fordise->ford
D:fordish->ford
D:fordism->ford
D:fordisme->ford
D:fordismens->ford
D:fordisms->ford
D:fordist->ford
D:fordistance->ford
D:fordiste->ford
D:fordistic->ford
D:fordists->ford
D:fordiv->ford
D:fordiven->ford
D:fordiveness->ford
D:fordiving->ford
D:fordized->ford
D:fordlied->ford
D:fordliness->ford
D:fordly->ford
D:fordor->ford
D:fordorion->ford
D:fordors->ford
D:fordous->ford
D:fords->ford
D:fordsale->ford
D:fordsan->ford
D:fordse->ford
D:fordsedan->ford
D:fordsedans->ford
D:fordship->ford
D:fordsian->ford
D:fordth->ford
D:fordually->ford
D:fordul->ford
D:fordulat->ford
D:fordum->ford
D:fordurability->ford
D:fordurable->ford
D:forduration->ford
D:forduring->ford
D:fordus->ford
Q:edge->edg
D:edg->edg
D:edga->edg
D:edgabilities->edg
D:edgable->edg
D:edgag->edg
D:edgal->edg
D:edgale->edg
D:edgalee->edg
D:edgally->edg
D:edgan->edg
D:edganc->edg
D:edgar->edg
D:edgarage->edg
D:edgaralan->edg
D:edgarator->edg
D:edgare->edg
D:edgared->edg
D:edgarian->edg
D:edgarie->edg
D:edgaris->edg
D:edgarism->edg
D:edgarisme->edg
D:edgarization->edg
D:edgarize->edg
D:edgarized->edg
D:edgarizes->edg
D:edgarizing->edg
D:edgarly->edg
D:edgars->edg
D:edgary->edg
D:edgat->edg
D:edgate->edg
D:edge->edg
D:edgeabilene->edg
D:edgeabilities->edg
D:edgeability->edg
D:edgeable->edg
D:edgeagency->edg
D:edgeal->edg
D:edgeale->edg
D:edgealis->edg
D:edgealliance->edg
D:edgealor->edg
D:edgean->edg
D:edgeat->edg
D:edgeater->edg
D:edged->edg
D:edgedale->edg
D:edgedanal->edg
D:edgedance->edg
D:edgedancer->edg
D:edgedative->edg
D:edgede->edg
D:edgedeal->edg
D:edgedeals->edg
D:edgeden->edg
D:edgedent->edg
D:edgedes->edg
D:edgeding->edg
D:edgedistance->edg
D:edgedivisor->edg
D:edgedly->edg
D:edgedness->edg
D:edgeds->edg
D:edgee->edg
D:edgeeater->edg
D:edgeent->edg
D:edgees->edg
D:edgeful->edg
D:edgefulness->edg
D:edgeice->edg
D:edgeif->edg
D:edgeing->edg
D:edgeings->edg
D:edgeis->edg
D:edgely->edg
D:edgement->edg
D:edgemental->edg
D:edgements->edg
D:edgen->edg
D:edgenat->edg
D:edgenation->edg
D:edgene->edg
D:edgeneer->edg
D:edgeneering->edg
D:edgeneric->edg
D:edgenes->edg
D:edgeness->edg
D:edgenics->edg
D:edgens->edg
D:edgent->edg
D:edgentore->edg
D:edgeorientation->edg
D:edger->edg
D:edgerat->edg
D:edgerating->edg
D:edgeratings->edg
D:edgerealization->edg
D:edgerealizers->edg
D:edgered->edg
D:edgeree->edg
D:edgeren->edg
D:edgerental->edg
D:edgerian->edg
D:edgering->edg
D:edgeringe->edg
D:edgeriver->edg
D:edgerly->edg
D:edgerlys->edg
D:edgers->edg
D:edges->edg
D:edgg->edg
D:edgge->edg
D:edgged->edg
D:edgges->edg
D:edggs->edg
D:edgi->edg
D:edgia->edg
D:edgian->edg
D:edgible->edg
D:edgic->edg
D:edgics->edg
D:edgify->edg
D:edging->edg
D:edginging->edg
D:edgingly->edg
D:edgings->edg
D:edgis->edg
D:edgity->edg
D:edgiz->edg
D:edgly->edg
D:edgment->edg
D:edgor->edg
D:edgore->edg
D:edgs->edg
D:edgsales->edg
D:edgse->edg
D:edgser->edg
D:edgses->edg
D:edgum->edg
D:edgur->edg
Q:problems->problem
D:problem->problem
D:problema->problem
D:problemacy->problem
D:problemage->problem
D:probleman->problem
D:problemans->problem
D:problemantic->problem
D:problemare->problem
D:problemaric->problem
D:problemarises->problem
D:problemat->problem
D:problemate->problem
D:problemater->problem
D:problematerful->problem
D:problematic->problem
D:problematical->problem
D:problematically->problem
D:problematican->problem
D:problematice->problem
D:problematices->problem
D:problematicised->problem
D:problematicising->problem
D:problematicism->problem
D:problematicist->problem
D:problematicity->problem
D:problematicization->problem
D:problematicizes->problem
D:problematicizing->problem
D:problematicly->problem
D:problematicness->problem
D:problematics->problem
D:problemating->problem
D:problemation->problem
D:problematis->problem
D:problematisating->problem
D:problematisation->problem
D:problematisations->problem
D:problematise->problem
D:problematised->problem
D:problematisere->problem
D:problematiserer->problem
D:problematisering->problem
D:problematiseringer->problem
D:problematises->problem
D:problematising->problem
D:problematist->problem
D:problemativ->problem
D:problemative->problem
D:problematiz->problem
D:problematizating->problem
D:problematization->problem
D:problematizations->problem
D:problematize->problem
D:problematized->problem
D:problematizer->problem
D:problematizes->problem
D:problematizing->problem
D:problemator->problem
D:problematric->problem
D:problematrical->problem
D:probleme->problem
D:problemeatic->problem
D:problemed->problem
D:problemede->problem
D:problemeis->problem
D:problemen->problem
D:problemene->problem
D:problemenice->problem
D:problemens->problem
D:problemer->problem
D:problemes->problem
D:problemeur->problem
D:problemful->problem
D:problemhood->problem
D:problemi->problem
D:problemia->problem
D:problemic->problem
D:problemical->problem
D:problemif->problem
D:probleming->problem
D:problemis->problem
D:problemise->problem
D:problemish->problem
D:problemising->problem
D:problemist->problem
D:problemistan->problem
D:problemiste->problem
D:problemistic->problem
D:problemistics->problem
D:problemists->problem
D:problemization->problem
D:problemize->problem
D:problemizing->problem
D:problemly->problem
D:problemm->problem
D:problemmagician->problem
D:problemmale->problem
D:problemmalic->problem
D:problemman->problem
D:problemmanagement->problem
D:problemmanager->problem
D:problemmate->problem
D:problemmatic->problem
D:problemmatical->problem
D:problemmatice->problem
D:problemmatize->problem
D:problemme->problem
D:problemmed->problem
D:problemmedical->problem
D:problemmes->problem
D:problemming->problem
D:problemmore->problem
D:problemms->problem
D:problemness->problem
D:problemor->problem
D:problemoriented->problem
D:problemous->problem
D:problems->problem
D:problemsability->problem
D:problemsalary->problem
D:problemsan->problem
D:problemsat->problem
D:problemse->problem
D:problemsif->problem
D:problemsize->problem
D:problemsor->problem
D:problemum->problem
D:problemur->problem
D:problemus->problem
<query> ford edge problems</query><numhits>10</numhits><time>1706</time>
</ATIREsearch>
<ATIREsearch>
Q:identifying->ident
D:identa->ident
D:identarian->ident
D:identarianism->ident
D:identarians->ident
D:identi->ident
D:identia->ident
D:identifiabile->ident
D:identifiability->ident
D:identifiabl->ident
D:identifiable->ident
D:identifiableentity->ident
D:identifiableness->ident
D:identifiables->ident
D:identifiablily->ident
D:identifiablity->ident
D:identifiably->ident
D:identifiant->ident
D:identifiantes->ident
D:identifiants->ident
D:identifiation->ident
D:identifie->ident
D:identifieable->ident
D:identified->ident
D:identifiedan->ident
D:identifiedat->ident
D:identifieded->ident
D:identifiedentity->ident
D:identifieding->ident
D:identifieds->ident
D:identifiee->ident
D:identifiees->ident
D:identifieing->ident
D:identifient->ident
D:identifier->ident
D:identifierat->ident
D:identifiere->ident
D:identifierens->ident
D:identifieres->ident
D:identifiering->ident
D:identifieringen->ident
D:identifierions->ident
D:identifieris->ident
D:identifiers->ident
D:identifies->ident
D:identifiication->ident
D:identifiications->ident
D:identifiing->ident
D:identify->ident
D:identifyability->ident
D:identifyable->ident
D:identifyably->ident
D:identifyan->ident
D:identifye->ident
D:identifyed->ident
D:identifyeing->ident
D:identifyentities->ident
D:identifyer->ident
D:identifyers->ident
D:identifyif->ident
D:identifying->ident
D:identifyingagency->ident
D:identifyingan->ident
D:identifyingly->ident
D:identifyis->ident
D:identifyor->ident
D:identifys->ident
D:identique->ident
D:identiquement->ident
D:identiques->ident
D:identistry->ident
D:identium->ident
D:identseal->ident
D:identsize->ident
D:identt->ident
D:identtable->ident
D:identtical->ident
D:identtification->ident
D:identtity->ident
D:identts->ident
D:identum->ident
D:identus->ident
Q:spider->spid
D:spid->spid
D:spida->spid
D:spidal->spid
D:spidale->spid
D:spidalee->spid
D:spidan->spid
D:spidance->spid
D:spidar->spid
D:spidare->spid
D:spidarious->spid
D:spidat->spid
D:spidating->spid
D:spidd->spid
D:spiddal->spid
D:spidde->spid
D:spiddee->spid
D:spidden->spid
D:spidder->spid
D:spidders->spid
D:spidding->spid
D:spiddly->spid
D:spidds->spid
D:spide->spid
D:spideag->spid
D:spideal->spid
D:spidean->spid
D:spided->spid
D:spidee->spid
D:spideee->spid
D:spideeeeeeee->spid
D:spideeeeer->spid
D:spideeeeers->spid
D:spideeeer->spid
D:spideeer->spid
D:spideer->spid
D:spideers->spid
D:spidees->spid
D:spiden->spid
D:spidens->spid
D:spident->spid
D:spidentification->spid
D:spidentity->spid
D:spider->spid
D:spiderabilities->spid
D:spiderability->spid
D:spiderable->spid
D:spiderablity->spid
D:spideragency->spid
D:spideragent->spid
D:spideran->spid
D:spideranian->spid
D:spiderant->spid
D:spiderants->spid
D:spiderat->spid
D:spiderator->spid
D:spidere->spid
D:spidereality->spid
D:spidereater->spid
D:spidereaters->spid
D:spidereating->spid
D:spidered->spid
D:spiderene->spid
D:spiderer->spid
D:spiderers->spid
D:spideres->spid
D:spiderful->spid
D:spiderhood->spid
D:spiderians->spid
D:spideric->spid
D:spiderical->spid
D:spiderific->spid
D:spidering->spid
D:spiderings->spid
D:spideris->spid
D:spiderisat->spid
D:spiderish->spid
D:spiderishly->spid
D:spiderism->spid
D:spiderisms->spid
D:spideriv->spid
D:spiderizable->spid
D:spiderize->spid
D:spiderized->spid
D:spiderizing->spid
D:spiderliing->spid
D:spiderlilies->spid
D:spiderlily->spid
D:spiderlilys->spid
D:spiderly->spid
D:spiderness->spid
D:spiderous->spid
D:spiders->spid
D:spidership->spid
D:spiderships->spid
D:spides->spid
D:spideur->spid
D:spidi->spid
D:spidia->spid
D:spidic->spid
D:spidif->spid
D:spidifen->spid
D:spiding->spid
D:spidis->spid
D:spidly->spid
D:spidor->spid
D:spidored->spid
D:spids->spid
D:spidse->spid
D:spidsede->spid
D:spidsen->spid
D:spidsens->spid
D:spidser->spid
D:spidsers->spid
D:spidur->spid
D:spidurs->spid
D:spij->spid
D:spije->spid
D:spijer->spid
D:spijeren->spid
D:spijes->spid
D:spijs->spid
Q:bites->bite
D:bite->bite
D:bitea->bite
D:biteabl->bite
D:biteable->bite
D:biteaningiz->bite
D:biteater->bite
D:bitee->bite
D:biteee->bite
D:biteeee->bite
D:biteeeeee->bite
D:biteees->bite
D:biteer->bite
D:bitees->bite
D:biteful->bite
D:bitefulness->bite
D:bitefuls->bite
D:bitei->bite
D:biteing->bite
D:biteion->bite
D:bitely->bite
D:biteor->bite
D:bites->bite
D:bitesat->bite
D:bitesiz->bite
D:bitesize->bite
D:bitesized->bite
D:bitesizedeals->bite
D:bitesizeification->bite
D:bitesizes->bite
D:biteth->bite
D:biteul->bite
D:biteum->bite
D:biteur->bite
D:biteurs->bite
D:biteus->bite
<query> identifying spider bites</query><numhits>10</numhits><time>1165</time>
</ATIREsearch>
<ATIREsearch>
Q:history->hist
D:hist->hist
D:hista->hist
D:histability->hist
D:histable->hist
D:histag->hist
D:histage->hist
D:histal->hist
D:histalean->hist
D:histaloran->hist
D:histan->hist
D:histance->hist
D:histanis->hist
D:histanore->hist
D:histant->hist
D:histar->hist
D:histare->hist
D:histarer->hist
D:histarical->hist
D:histarically->hist
D:histaricly->hist
D:histarics->hist
D:histarious->hist
D:histary->hist
D:histat->hist
D:histatan->hist
D:histate->hist
D:histated->hist
D:histates->hist
D:histatic->hist
D:histation->hist
D:histats->hist
D:histe->hist
D:histeary->hist
D:histed->hist
D:histeds->hist
D:histeer->hist
D:histeical->hist
D:histen->hist
D:histene->hist
D:histent->hist
D:hister->hist
D:histeree->hist
D:histerialane->hist
D:histerian->hist
D:histeric->hist
D:histerical->hist
D:histerically->hist
D:histericals->hist
D:histericly->hist
D:histerics->hist
D:histeris->hist
D:histers->hist
D:histes->hist
D:histi->hist
D:histia->hist
D:histic->hist
D:histical->hist
D:histicated->hist
D:histication->hist
D:histing->hist
D:histings->hist
D:histion->hist
D:histionic->hist
D:histionics->hist
D:hististeis->hist
D:histor->hist
D:historal->hist
D:historally->hist
D:historan->hist
D:historans->hist
D:historates->hist
D:histore->hist
D:historeally->hist
D:historee->hist
D:historeic->hist
D:historeis->hist
D:histores->hist
D:historial->hist
D:historiale->hist
D:historialeer->hist
D:historiales->hist
D:historialis->hist
D:historialism->hist
D:historialistic->hist
D:historiality->hist
D:historially->hist
D:historials->hist
D:historian->hist
D:historianatural->hist
D:historianism->hist
D:historianisms->hist
D:historians->hist
D:historianship->hist
D:historiated->hist
D:historiation->hist
D:historiator->hist
D:historic->hist
D:historical->hist
D:historicalal->hist
D:historicale->hist
D:historicales->hist
D:historicalish->hist
D:historicalism->hist
D:historicalist->hist
D:historicalists->hist
D:historicality->hist
D:historicalizing->hist
D:historically->hist
D:historicallyoriented->hist
D:historicalness->hist
D:historicals->hist
D:historican->hist
D:historicans->hist
D:historicat->hist
D:historice->hist
D:historices->hist
D:historicial->hist
D:historicially->hist
D:historician->hist
D:historicians->hist
D:historicical->hist
D:historicing->hist
D:historicis->hist
D:historicisation->hist
D:historicise->hist
D:historicised->hist
D:historiciser->hist
D:historicises->hist
D:historicising->hist
D:historicism->hist
D:historicisme->hist
D:historicisms->hist
D:historicist->hist
D:historiciste->hist
D:historicistes->hist
D:historicistic->hist
D:historicists->hist
D:historicities->hist
D:historicity->hist
D:historicization->hist
D:historicizations->hist
D:historicize->hist
D:historicized->hist
D:historicizers->hist
D:historicizes->hist
D:historicizing->hist
D:historicly->hist
D:historicness->hist
D:historics->hist
D:historicships->hist
D:historie->hist
D:historieal->hist
D:historieans->hist
D:historied->hist
D:historiee->hist
D:historiees->hist
D:historieis->hist
D:historien->hist
D:historiene->hist
D:historiens->hist
D:historier->hist
D:histories->hist
D:historiese->hist
D:historification->hist
D:historiian->hist
D:historiic->hist
D:historiical->hist
D:historiis->hist
D:historing->hist
D:historion->hist
D:historionic->hist
D:historionics->hist
D:historions->hist
D:historiorant->hist
D:historious->hist
D:historis->hist
D:historisal->hist
D:historisation->hist
D:historise->hist
D:historiser->hist
D:historiseren->hist
D:historish->hist
D:historishe->hist
D:historisher->hist
D:historishes->hist
D:historising->hist
D:historisity->hist
D:historisization->hist
D:historisize->hist
D:historisized->hist
D:historisizing->hist
D:historism->hist
D:historisme->hist
D:historisms->hist
D:historist->hist
D:historistic->hist
D:histority->hist
D:historival->hist
D:historivale->hist
D:historization->hist
D:historize->hist
D:historized->hist
D:historizers->hist
D:historizes->hist
D:historizing->hist
D:historizised->hist
D:historizising->hist
D:historment->hist
D:histormentors->hist
D:histororical->hist
D:historory->hist
D:histors->hist
D:history->hist
D:historyabilene->hist
D:historyability->hist
D:historyage->hist
D:historyagent->hist
D:historyal->hist
D:historyale->hist
D:historyalive->hist
D:historyan->hist
D:historyancient->hist
D:historyanual->hist
D:historyat->hist
D:historye->hist
D:historyed->hist
D:historyeee->hist
D:historyenabled->hist
D:historyes->hist
D:historyic->hist
D:historyical->hist
D:historyically->hist
D:historyif->hist
D:historying->hist
D:historyis->hist
D:historyish->hist
D:historyishere->hist
D:historyiv->hist
D:historyliens->hist
D:historyor->hist
D:historys->hist
D:historyship->hist
D:historyurs->hist
D:histr->hist
D:histragic->hist
D:histre->hist
D:histree->hist
D:histrene->hist
D:histres->hist
D:histrial->hist
D:histrian->hist
D:histrians->hist
D:histric->hist
D:histrical->hist
D:histrically->hist
D:histricis->hist
D:histring->hist
D:histrion->hist
D:histrionalis->hist
D:histrionen->hist
D:histriones->hist
D:histrionic->hist
D:histrionical->hist
D:histrionically->hist
D:histrionicism->hist
D:histrionicity->hist
D:histrionics->hist
D:histrionis->hist
D:histrionism->hist
D:histrionize->hist
D:histrions->hist
D:histris->hist
D:histrive->hist
D:histrorian->hist
D:histrorians->hist
D:histroric->hist
D:histrorical->hist
D:histrorically->hist
D:histrories->hist
D:histrory->hist
D:histrousers->hist
D:hists->hist
D:histship->hist
D:histsize->hist
D:histsizes->hist
D:histsoric->hist
D:histsorical->hist
D:histsorically->hist
D:histsory->hist
D:histt->hist
D:histtable->hist
D:histting->hist
D:histtis->hist
D:histtorical->hist
D:histtory->hist
D:histtr->hist
D:histtre->hist
D:histum->hist
D:histus->hist
D:of->of
D:ofa->of
D:ofabilene->of
D:ofabilities->of
D:ofabl->of
D:ofabledating->of
D:ofacy->of
D:ofag->of
D:ofage->of
D:ofageing->of
D:ofagen->of
D:ofagent->of
D:ofager->of
D:ofages->of
D:ofaging->of
D:ofaginger->of
D:ofags->of
D:ofal->of
D:ofalan->of
D:ofale->of
D:ofalee->of
D:ofalice->of
D:ofalife->of
D:ofalion->of
D:ofallianceor->of
D:ofallied->of
D:ofally->of
D:ofals->of
D:ofan->of
D:ofanage->of
D:ofanal->of
D:ofanatic->of
D:ofanation->of
D:ofancient->of
D:ofanity->of
D:ofanizations->of
D:ofanous->of
D:ofans->of
D:ofante->of
D:ofar->of
D:ofarag->of
D:ofare->of
D:ofaren->of
D:ofarenal->of
D:ofaror->of
D:ofars->of
D:ofat->of
D:ofatal->of
D:ofate->of
D:ofaten->of
D:ofates->of
D:ofatis->of
D:ofatree->of
D:ofe->of
D:ofeale->of
D:ofean->of
D:ofeary->of
D:ofeat->of
D:ofeating->of
D:ofeature->of
D:ofeatured->of
D:ofeatures->of
D:ofed->of
D:ofeden->of
D:ofederal->of
D:ofederation->of
D:ofedor->of
D:ofee->of
D:ofeee->of
D:ofeeeee->of
D:ofeence->of
D:ofeer->of
D:ofeered->of
D:ofeerentals->of
D:ofeering->of
D:ofeers->of
D:ofees->of
D:ofeice->of
D:ofeicer->of
D:ofeif->of
D:ofeing->of
D:ofeish->of
D:ofelie->of
D:ofely->of
D:ofen->of
D:ofenag->of
D:ofenc->of
D:ofence->of
D:ofences->of
D:ofencive->of
D:ofene->of
D:ofener->of
D:ofeners->of
D:ofening->of
D:ofenis->of
D:ofens->of
D:ofent->of
D:ofente->of
D:ofenter->of
D:ofentered->of
D:ofentering->of
D:ofentities->of
D:ofently->of
D:ofeor->of
D:ofer->of
D:oferal->of
D:oferan->of
D:oferanat->of
D:oferante->of
D:oferate->of
D:oferated->of
D:oferation->of
D:ofere->of
D:ofered->of
D:oferencie->of
D:oferent->of
D:oferentes->of
D:oferic->of
D:oferice->of
D:ofering->of
D:oferings->of
D:oferion->of
D:oferis->of
D:oferise->of
D:oferised->of
D:oferized->of
D:oferlior->of
D:ofers->of
D:ofes->of
D:offul->of
D:offully->of
D:ofi->of
D:ofia->of
D:ofial->of
D:ofialmente->of
D:ofian->of
D:ofiblion->of
D:ofic->of
D:ofical->of
D:oficales->of
D:ofically->of
D:oficalmente->of
D:oficals->of
D:ofice->of
D:oficeer->of
D:oficer->of
D:oficerat->of
D:oficeres->of
D:oficers->of
D:ofices->of
D:oficial->of
D:oficialal->of
D:oficialan->of
D:oficiale->of
D:oficialen->of
D:oficiales->of
D:oficialice->of
D:oficialis->of
D:oficiality->of
D:oficially->of
D:oficialment->of
D:oficialmente->of
D:oficials->of
D:ofician->of
D:oficicial->of
D:oficingly->of
D:oficis->of
D:oficist->of
D:oficor->of
D:ofics->of
D:ofif->of
D:ofife->of
D:ofifice->of
D:ofifices->of
D:ofificial->of
D:ofifs->of
D:ofify->of
D:ofing->of
D:ofingal->of
D:ofingen->of
D:ofinger->of
D:ofion->of
D:ofions->of
D:ofis->of
D:ofise->of
D:ofiser->of
D:ofisers->of
D:ofish->of
D:ofishal->of
D:ofishally->of
D:ofishial->of
D:ofishingur->of
D:ofishly->of
D:ofisial->of
D:ofisialmente->of
D:ofism->of
D:ofismate->of
D:ofist->of
D:ofiste->of
D:ofisten->of
D:ofistore->of
D:ofistur->of
D:ofisur->of
D:ofities->of
D:ofiv->of
D:ofivan->of
D:ofive->of
D:ofiz->of
D:ofizial->of
D:ofizialean->of
D:oflie->of
D:ofliee->of
D:oflien->of
D:oflies->of
D:ofly->of
D:oflyan->of
D:oflyor->of
D:ofment->of
D:ofmental->of
D:ofmentality->of
D:ofmentally->of
D:ofmention->of
D:ofness->of
D:ofnesses->of
D:ofor->of
D:oforal->of
D:oforan->of
D:ofored->of
D:oforie->of
D:oforiental->of
D:oforion->of
D:oforor->of
D:ofors->of
D:ofous->of
D:ofously->of
D:ofs->of
D:ofsage->of
D:ofsale->of
D:ofsales->of
D:ofsan->of
D:ofsanity->of
D:ofsat->of
D:ofsatan->of
D:ofse->of
D:ofseals->of
D:ofseat->of
D:ofseats->of
D:ofsed->of
D:ofsedentary->of
D:ofsee->of
D:ofseeing->of
D:ofseized->of
D:ofsen->of
D:ofsent->of
D:ofsentences->of
D:ofsentencing->of
D:ofser->of
D:ofserene->of
D:ofserenity->of
D:ofserial->of
D:ofsers->of
D:ofses->of
D:ofship->of
D:ofships->of
D:ofsic->of
D:ofsing->of
D:ofsinger->of
D:ofsingers->of
D:ofsinging->of
D:ofsiz->of
D:ofsize->of
D:ofsizes->of
D:ofsly->of
D:ofsor->of
D:ofsors->of
D:ofth->of
D:ofual->of
D:ofum->of
D:ofur->of
D:ofuran->of
D:ofure->of
D:ofuren->of
D:ofuric->of
D:ofus->of
Q:orcas->orca
D:orcaa->orca
D:orcaag->orca
D:orcaan->orca
D:orcae->orca
D:orcaer->orca
D:orcai->orca
D:orcaice->orca
D:orcaish->orca
D:orcaizeral->orca
D:orcament->orca
D:orcamental->orca
D:orcanesse->orca
D:orcas->orca
D:orcase->orca
D:orcasual->orca
D:orcasur->orca
D:island->island
D:islanda->island
D:islandable->island
D:islandagal->island
D:islandageants->island
D:islandagencies->island
D:islandagency->island
D:islandagencys->island
D:islandagent->island
D:islandagore->island
D:islandal->island
D:islandale->island
D:islandalliance->island
D:islandan->island
D:islandancer->island
D:islandar->island
D:islandare->island
D:islandat->island
D:islandd->island
D:islanddancer->island
D:islanddancers->island
D:islanddate->island
D:islanddating->island
D:islandde->island
D:islanddeal->island
D:islanddeals->island
D:islanddee->island
D:islanddisability->island
D:islanddiving->island
D:islandds->island
D:islandduals->island
D:islande->island
D:islandeat->island
D:islanded->island
D:islandeds->island
D:islandeer->island
D:islanden->island
D:islandental->island
D:islander->island
D:islanderes->island
D:islanderis->island
D:islanderness->island
D:islanders->island
D:islandes->island
D:islandhood->island
D:islandi->island
D:islandia->island
D:islandian->island
D:islandians->island
D:islandic->island
D:islandice->island
D:islandicing->island
D:islandics->island
D:islandif->island
D:islandification->island
D:islandified->island
D:islanding->island
D:islandingur->island
D:islandis->island
D:islandisation->island
D:islandish->island
D:islandism->island
D:islandium->island
D:islandive->island
D:islandiver->island
D:islandization->island
D:islandized->island
D:islandlily->island
D:islandness->island
D:islands->island
D:islandsalary->island
D:islandsale->island
D:islandsales->island
D:islandsat->island
D:islandseeing->island
D:islandsen->island
D:islandserenity->island
D:islandsers->island
D:islandship->island
D:islandsian->island
D:islandsity->island
D:islandsized->island
D:islandsor->island
D:islandur->island
D:islandus->island
D:islanj->island
D:islanjs->island
<query> history of orcas island</query><numhits>10</numhits><time>4874</time>
</ATIREsearch>
<ATIREsearch>
D:tooth->tooth
D:tootha->tooth
D:toothagent->tooth
D:toothal->tooth
D:toothat->tooth
D:toothe->tooth
D:toothed->tooth
D:toothedness->tooth
D:tootheds->tooth
D:toothen->tooth
D:toother->tooth
D:toothere->tooth
D:toothered->tooth
D:toothers->tooth
D:toothes->tooth
D:toothful->tooth
D:toothfully->tooth
D:toothing->tooth
D:toothis->tooth
D:toothly->tooth
D:toothness->tooth
D:tooths->tooth
D:toothus->tooth
D:abscess->abscess
D:abscessal->abscess
D:abscessation->abscess
D:abscessations->abscess
D:abscesse->abscess
D:abscessed->abscess
D:abscessere->abscess
D:abscesses->abscess
D:abscessi->abscess
D:abscessified->abscess
D:abscessing->abscess
D:abscession->abscess
D:abscessium->abscess
D:abscessive->abscess
D:abscessth->abscess
D:abscessual->abscess
D:abscessum->abscess
D:abscessus->abscess
<query> tooth abscess</query><numhits>10</numhits><time>726</time>
</ATIREsearch>
<ATIREsearch>
Q:barrett->barret
D:barret->barret
D:barreta->barret
D:barretables->barret
D:barretage->barret
D:barretal->barret
D:barrete->barret
D:barretee->barret
D:barreter->barret
D:barretes->barret
D:barretor->barret
D:barretors->barret
D:barrets->barret
D:barretsers->barret
D:barrett->barret
D:barrettalan->barret
D:barrettanic->barret
D:barrette->barret
D:barretted->barret
D:barretter->barret
D:barretters->barret
D:barrettes->barret
D:barrettized->barret
D:barrettr->barret
D:barretts->barret
D:barretus->barret
D:s->s
Q:esophagus->esophag
D:esophagi->esophag
D:esophagus->esophag
<query> barrett s esophagus</query><numhits>10</numhits><time>2934</time>
</ATIREsearch>
<ATIREsearch>
D:teddie->teddy
D:teddiee->teddy
D:teddieness->teddy
D:teddieous->teddy
D:teddier->teddy
D:teddierific->teddy
D:teddies->teddy
D:teddiesage->teddy
D:teddiis->teddy
D:teddiiz->teddy
D:teddiness->teddy
D:teddious->teddy
D:teddiur->teddy
D:teddy->teddy
D:teddya->teddy
D:teddye->teddy
D:teddyedan->teddy
D:teddyeeeeee->teddy
D:teddyeeeeeeeeeeee->teddy
D:teddyi->teddy
D:teddyishere->teddy
D:teddyism->teddy
D:teddyness->teddy
D:teddys->teddy
D:teddyurs->teddy
Q:bears->bear
D:bear->bear
D:beara->bear
D:bearabilities->bear
D:bearability->bear
D:bearabl->bear
D:bearable->bear
D:bearabledeals->bear
D:bearableish->bear
D:bearableness->bear
D:bearably->bear
D:bearale->bear
D:bearalist->bear
D:bearalive->bear
D:bearan->bear
D:bearance->bear
D:bearans->bear
D:bearantee->bear
D:bearanting->bear
D:bearar->bear
D:bearare->bear
D:bearat->bear
D:bearate->bear
D:bearator->bear
D:bearats->bear
D:beare->bear
D:beareable->bear
D:beareal->bear
D:bearealis->bear
D:bearean->bear
D:beareater->bear
D:beareaters->bear
D:beared->bear
D:beareded->bear
D:bearee->bear
D:beareee->bear
D:beareeeee->bear
D:bearees->bear
D:beareful->bear
D:beareing->bear
D:beareis->bear
D:bearely->bear
D:bearen->bear
D:bearenale->bear
D:bearence->bear
D:bearens->bear
D:bearente->bear
D:bearenthood->bear
D:bearer->bear
D:bearers->bear
D:bearership->bear
D:beares->bear
D:bearhood->bear
D:beari->bear
D:bearia->bear
D:bearian->bear
D:bearians->bear
D:bearible->bear
D:bearic->bear
D:bearicane->bear
D:bearicature->bear
D:bearicatures->bear
D:bearice->bear
D:bearics->bear
D:bearific->bear
D:bearification->bear
D:bearificent->bear
D:bearing->bear
D:bearingage->bear
D:bearinge->bear
D:bearinged->bear
D:bearingedate->bear
D:bearinger->bear
D:bearingers->bear
D:bearinging->bear
D:bearingized->bear
D:bearingly->bear
D:bearingor->bear
D:bearings->bear
D:bearion->bear
D:bearis->bear
D:bearish->bear
D:bearishly->bear
D:bearishness->bear
D:bearishnesses->bear
D:bearism->bear
D:bearisms->bear
D:bearist->bear
D:bearister->bear
D:bearium->bear
D:beariz->bear
D:bearize->bear
D:bearlie->bear
D:bearlier->bear
D:bearlily->bear
D:bearlilylily->bear
D:bearly->bear
D:bearlys->bear
D:bearness->bear
D:bearnesse->bear
D:bearor->bear
D:bearous->bear
D:bearr->bear
D:bearrable->bear
D:bearrage->bear
D:bearragis->bear
D:bearralis->bear
D:bearran->bear
D:bearrat->bear
D:bearrats->bear
D:bearre->bear
D:bearrealness->bear
D:bearred->bear
D:bearren->bear
D:bearrer->bear
D:bearrics->bear
D:bearrific->bear
D:bearring->bear
D:bearringer->bear
D:bearrings->bear
D:bearrism->bear
D:bearrister->bear
D:bearristers->bear
D:bearriv->bear
D:bearriver->bear
D:bearrivere->bear
D:bearrly->bear
D:bearror->bear
D:bearrorism->bear
D:bearrorist->bear
D:bearroused->bear
D:bearrs->bear
D:bears->bear
D:bearsary->bear
D:bearsatan->bear
D:bearse->bear
D:bearseal->bear
D:bearsedative->bear
D:bearses->bear
D:bearship->bear
D:bearsic->bear
D:bearsif->bear
D:bearsized->bear
D:bearsly->bear
D:bearth->bear
D:bearum->bear
D:bearuracy->bear
D:bearus->bear
<query> teddy bears</query><numhits>10</numhits><time>984</time>
</ATIREsearch>
<ATIREsearch>
D:patron->patron
D:patrona->patron
D:patronag->patron
D:patronage->patron
D:patronaged->patron
D:patronages->patron
D:patronaging->patron
D:patronal->patron
D:patronale->patron
D:patronales->patron
D:patronally->patron
D:patronals->patron
D:patronar->patron
D:patronat->patron
D:patronate->patron
D:patronaten->patron
D:patronating->patron
D:patronats->patron
D:patrone->patron
D:patroned->patron
D:patronee->patron
D:patronees->patron
D:patronen->patron
D:patroner->patron
D:patrones->patron
D:patroni->patron
D:patronia->patron
D:patronial->patron
D:patronian->patron
D:patronic->patron
D:patronice->patron
D:patronicing->patron
D:patronics->patron
D:patroning->patron
D:patronis->patron
D:patronisation->patron
D:patronise->patron
D:patronised->patron
D:patroniser->patron
D:patronisers->patron
D:patronises->patron
D:patronising->patron
D:patronisingly->patron
D:patronism->patron
D:patronist->patron
D:patronistic->patron
D:patroniz->patron
D:patronization->patron
D:patronizations->patron
D:patronize->patron
D:patronized->patron
D:patronizedive->patron
D:patronizer->patron
D:patronizers->patron
D:patronizes->patron
D:patronizing->patron
D:patronizingly->patron
D:patronizinglys->patron
D:patronizingness->patron
D:patronly->patron
D:patronn->patron
D:patronnage->patron
D:patronnat->patron
D:patronne->patron
D:patronnee->patron
D:patronnes->patron
D:patronness->patron
D:patronnesses->patron
D:patronniste->patron
D:patronnized->patron
D:patronns->patron
D:patronous->patron
D:patronouses->patron
D:patrons->patron
D:patronship->patron
D:patronsing->patron
D:patronth->patron
D:patronul->patron
D:patronum->patron
D:patronus->patron
D:sainc->saint
D:saincan->saint
D:saince->saint
D:saint->saint
D:sainta->saint
D:saintal->saint
D:saintalan->saint
D:saintalice->saint
D:saintalive->saint
D:saintallie->saint
D:saintals->saint
D:saintan->saint
D:saintanic->saint
D:saintanor->saint
D:saintans->saint
D:saintar->saint
D:saintare->saint
D:saintaris->saint
D:saintary->saint
D:saintaten->saint
D:saintation->saint
D:saintations->saint
D:sainte->saint
D:sainteations->saint
D:sainted->saint
D:sainteden->saint
D:saintedivisee->saint
D:saintedness->saint
D:sainteds->saint
D:saintee->saint
D:saintement->saint
D:sainten->saint
D:sainter->saint
D:sainteric->saint
D:sainterly->saint
D:sainters->saint
D:saintes->saint
D:saintful->saint
D:saintfully->saint
D:sainthood->saint
D:sainthoodism->saint
D:sainthoods->saint
D:sainti->saint
D:saintia->saint
D:saintian->saint
D:saintic->saint
D:saintified->saint
D:saintify->saint
D:saintifying->saint
D:sainting->saint
D:saintis->saint
D:saintish->saint
D:saintishly->saint
D:saintism->saint
D:saintist->saint
D:saintity->saint
D:saintium->saint
D:saintival->saint
D:saintive->saint
D:saintives->saint
D:saintizer->saint
D:saintlier->saint
D:saintlies->saint
D:saintlihood->saint
D:saintliness->saint
D:saintlinesses->saint
D:saintly->saint
D:saintlyhood->saint
D:saintlyness->saint
D:saintness->saint
D:saintore->saint
D:saintorurens->saint
D:saintr->saint
D:saintrat->saint
D:saintre->saint
D:saintris->saint
D:saintrising->saint
D:saintriste->saint
D:saintriver->saint
D:saintrs->saint
D:saints->saint
D:saintsage->saint
D:saintsagions->saint
D:saintsal->saint
D:saintsalive->saint
D:saintsally->saint
D:saintsans->saint
D:saintsat->saint
D:saintsation->saint
D:saintsational->saint
D:saintsatione->saint
D:saintsationes->saint
D:saintsations->saint
D:saintsatrions->saint
D:saintse->saint
D:saintseations->saint
D:saintsen->saint
D:saintsens->saint
D:saintsentered->saint
D:saintship->saint
D:saintships->saint
D:saintsing->saint
D:saintslily->saint
D:saintsly->saint
D:saintt->saint
D:saintter->saint
D:saintts->saint
D:sainturat->saint
D:sainturion->saint
D:saintus->saint
D:of->of
D:ofa->of
D:ofabilene->of
D:ofabilities->of
D:ofabl->of
D:ofabledating->of
D:ofacy->of
D:ofag->of
D:ofage->of
D:ofageing->of
D:ofagen->of
D:ofagent->of
D:ofager->of
D:ofages->of
D:ofaging->of
D:ofaginger->of
D:ofags->of
D:ofal->of
D:ofalan->of
D:ofale->of
D:ofalee->of
D:ofalice->of
D:ofalife->of
D:ofalion->of
D:ofallianceor->of
D:ofallied->of
D:ofally->of
D:ofals->of
D:ofan->of
D:ofanage->of
D:ofanal->of
D:ofanatic->of
D:ofanation->of
D:ofancient->of
D:ofanity->of
D:ofanizations->of
D:ofanous->of
D:ofans->of
D:ofante->of
D:ofar->of
D:ofarag->of
D:ofare->of
D:ofaren->of
D:ofarenal->of
D:ofaror->of
D:ofars->of
D:ofat->of
D:ofatal->of
D:ofate->of
D:ofaten->of
D:ofates->of
D:ofatis->of
D:ofatree->of
D:ofe->of
D:ofeale->of
D:ofean->of
D:ofeary->of
D:ofeat->of
D:ofeating->of
D:ofeature->of
D:ofeatured->of
D:ofeatures->of
D:ofed->of
D:ofeden->of
D:ofederal->of
D:ofederation->of
D:ofedor->of
D:ofee->of
D:ofeee->of
D:ofeeeee->of
D:ofeence->of
D:ofeer->of
D:ofeered->of
D:ofeerentals->of
D:ofeering->of
D:ofeers->of
D:ofees->of
D:ofeice->of
D:ofeicer->of
D:ofeif->of
D:ofeing->of
D:ofeish->of
D:ofelie->of
D:ofely->of
D:ofen->of
D:ofenag->of
D:ofenc->of
D:ofence->of
D:ofences->of
D:ofencive->of
D:ofene->of
D:ofener->of
D:ofeners->of
D:ofening->of
D:ofenis->of
D:ofens->of
D:ofent->of
D:ofente->of
D:ofenter->of
D:ofentered->of
D:ofentering->of
D:ofentities->of
D:ofently->of
D:ofeor->of
D:ofer->of
D:oferal->of
D:oferan->of
D:oferanat->of
D:oferante->of
D:oferate->of
D:oferated->of
D:oferation->of
D:ofere->of
D:ofered->of
D:oferencie->of
D:oferent->of
D:oferentes->of
D:oferic->of
D:oferice->of
D:ofering->of
D:oferings->of
D:oferion->of
D:oferis->of
D:oferise->of
D:oferised->of
D:oferized->of
D:oferlior->of
D:ofers->of
D:ofes->of
D:offul->of
D:offully->of
D:ofi->of
D:ofia->of
D:ofial->of
D:ofialmente->of
D:ofian->of
D:ofiblion->of
D:ofic->of
D:ofical->of
D:oficales->of
D:ofically->of
D:oficalmente->of
D:oficals->of
D:ofice->of
D:oficeer->of
D:oficer->of
D:oficerat->of
D:oficeres->of
D:oficers->of
D:ofices->of
D:oficial->of
D:oficialal->of
D:oficialan->of
D:oficiale->of
D:oficialen->of
D:oficiales->of
D:oficialice->of
D:oficialis->of
D:oficiality->of
D:oficially->of
D:oficialment->of
D:oficialmente->of
D:oficials->of
D:ofician->of
D:oficicial->of
D:oficingly->of
D:oficis->of
D:oficist->of
D:oficor->of
D:ofics->of
D:ofif->of
D:ofife->of
D:ofifice->of
D:ofifices->of
D:ofificial->of
D:ofifs->of
D:ofify->of
D:ofing->of
D:ofingal->of
D:ofingen->of
D:ofinger->of
D:ofion->of
D:ofions->of
D:ofis->of
D:ofise->of
D:ofiser->of
D:ofisers->of
D:ofish->of
D:ofishal->of
D:ofishally->of
D:ofishial->of
D:ofishingur->of
D:ofishly->of
D:ofisial->of
D:ofisialmente->of
D:ofism->of
D:ofismate->of
D:ofist->of
D:ofiste->of
D:ofisten->of
D:ofistore->of
D:ofistur->of
D:ofisur->of
D:ofities->of
D:ofiv->of
D:ofivan->of
D:ofive->of
D:ofiz->of
D:ofizial->of
D:ofizialean->of
D:oflie->of
D:ofliee->of
D:oflien->of
D:oflies->of
D:ofly->of
D:oflyan->of
D:oflyor->of
D:ofment->of
D:ofmental->of
D:ofmentality->of
D:ofmentally->of
D:ofmention->of
D:ofness->of
D:ofnesses->of
D:ofor->of
D:oforal->of
D:oforan->of
D:ofored->of
D:oforie->of
D:oforiental->of
D:oforion->of
D:oforor->of
D:ofors->of
D:ofous->of
D:ofously->of
D:ofs->of
D:ofsage->of
D:ofsale->of
D:ofsales->of
D:ofsan->of
D:ofsanity->of
D:ofsat->of
D:ofsatan->of
D:ofse->of
D:ofseals->of
D:ofseat->of
D:ofseats->of
D:ofsed->of
D:ofsedentary->of
D:ofsee->of
D:ofseeing->of
D:ofseized->of
D:ofsen->of
D:ofsent->of
D:ofsentences->of
D:ofsentencing->of
D:ofser->of
D:ofserene->of
D:ofserenity->of
D:ofserial->of
D:ofsers->of
D:ofses->of
D:ofship->of
D:ofships->of
D:ofsic->of
D:ofsing->of
D:ofsinger->of
D:ofsingers->of
D:ofsinging->of
D:ofsiz->of
D:ofsize->of
D:ofsizes->of
D:ofsly->of
D:ofsor->of
D:ofsors->of
D:ofth->of
D:ofual->of
D:ofum->of
D:ofur->of
D:ofuran->of
D:ofure->of
D:ofuren->of
D:ofuric->of
D:ofus->of
Q:mental->ment
D:menc->ment
D:mencal->ment
D:mencan->ment
D:mencantan->ment
D:mencanting->ment
D:mencat->ment
D:mencatat->ment
D:mencatur->ment
D:mence->ment
D:menced->ment
D:mencee->ment
D:mencely->ment
D:mencement->ment
D:mencen->ment
D:mencenage->ment
D:mencenter->ment
D:mencer->ment
D:mences->ment
D:menceur->ment
D:mencialis->ment
D:mencialive->ment
D:mencian->ment
D:mencianism->ment
D:menciante->ment
D:mencie->ment
D:mencience->ment
D:menciere->ment
D:menciis->ment
D:mencing->ment
D:mencinger->ment
D:mencingly->ment
D:mencion->ment
D:mencionan->ment
D:mencionat->ment
D:mencionate->ment
D:mencionated->ment
D:mencionates->ment
D:mencione->ment
D:mencioned->ment
D:mencionen->ment
D:menciones->ment
D:mencioning->ment
D:mencions->ment
D:mencious->ment
D:mencis->ment
D:menciz->ment
D:mencor->ment
D:mencorat->ment
D:mencore->ment
D:mencs->ment
D:mencual->ment
D:mencur->ment
D:mencure->ment
D:mency->ment
D:ment->ment
D:menta->ment
D:mentability->ment
D:mentable->ment
D:mentablemente->ment
D:mentag->ment
D:mentagan->ment
D:mentage->ment
D:mentagor->ment
D:mental->ment
D:mentalage->ment
D:mentalality->ment
D:mentalan->ment
D:mentalatelier->ment
D:mentale->ment
D:mentalee->ment
D:mentalement->ment
D:mentalemente->ment
D:mentalen->ment
D:mentalentity->ment
D:mentaler->ment
D:mentales->ment
D:mentalety->ment
D:mentalian->ment
D:mentalic->ment
D:mentalice->ment
D:mentalices->ment
D:mentalics->ment
D:mentalis->ment
D:mentalisan->ment
D:mentalisation->ment
D:mentalise->ment
D:mentalised->ment
D:mentalisering->ment
D:mentalises->ment
D:mentalish->ment
D:mentalising->ment
D:mentalism->ment
D:mentalisme->ment
D:mentalisms->ment
D:mentalist->ment
D:mentaliste->ment
D:mentalisten->ment
D:mentalistes->ment
D:mentalistic->ment
D:mentalistically->ment
D:mentalists->ment
D:mentalities->ment
D:mentality->ment
D:mentalitys->ment
D:mentaliz->ment
D:mentalization->ment
D:mentalizations->ment
D:mentalize->ment
D:mentalized->ment
D:mentalizer->ment
D:mentalizes->ment
D:mentalizing->ment
D:mentally->ment
D:mentallyor->ment
D:mentalment->ment
D:mentalmental->ment
D:mentalmentality->ment
D:mentalmente->ment
D:mentalness->ment
D:mentaloriental->ment
D:mentals->ment
D:mentan->ment
D:mentanance->ment
D:mentanans->ment
D:mentance->ment
D:mentane->ment
D:mentanence->ment
D:mentanor->ment
D:mentans->ment
D:mentant->ment
D:mentants->ment
D:mentar->ment
D:mentare->ment
D:mentaren->ment
D:mentarian->ment
D:mentarians->ment
D:mentarie->ment
D:mentaries->ment
D:mentariis->ment
D:mentarily->ment
D:mentarism->ment
D:mentarity->ment
D:mentars->ment
D:mentary->ment
D:mentat->ment
D:mentatality->ment
D:mentate->ment
D:mentated->ment
D:mentatics->ment
D:mentatiferous->ment
D:mentating->ment
D:mentation->ment
D:mentational->ment
D:mentations->ment
D:mentative->ment
D:mentator->ment
D:mentators->ment
D:mentats->ment
D:mente->ment
D:menteal->ment
D:mented->ment
D:mentedementement->ment
D:mentedivagante->ment
D:mentedmente->ment
D:menteds->ment
D:mentee->ment
D:menteee->ment
D:menteeeee->ment
D:menteeeeeeeee->ment
D:menteer->ment
D:menteers->ment
D:mentees->ment
D:menteeship->ment
D:menteioned->ment
D:mentely->ment
D:mentemente->ment
D:menten->ment
D:mentenanc->ment
D:mentenance->ment
D:mentenans->ment
D:mentened->ment
D:mentenen->ment
D:mentener->ment
D:mentenere->ment
D:mentening->ment
D:mentens->ment
D:mentent->ment
D:mentente->ment
D:mententes->ment
D:menteor->ment
D:menter->ment
D:mentereale->ment
D:mentered->ment
D:mentering->ment
D:menteris->ment
D:menteror->ment
D:menters->ment
D:mentership->ment
D:mentes->ment
D:menteur->ment
D:menteurmenteur->ment
D:menteurs->ment
D:menti->ment
D:mentia->ment
D:mential->ment
D:mentiality->ment
D:mentially->ment
D:mentian->ment
D:mentianed->ment
D:mentic->ment
D:mentical->ment
D:mentically->ment
D:mentice->ment
D:menticizer->ment
D:mentics->ment
D:mentiferous->ment
D:mentifical->ment
D:mentifices->ment
D:menting->ment
D:mentinger->ment
D:mentingly->ment
D:mentings->ment
D:mention->ment
D:mentionability->ment
D:mentionable->ment
D:mentionables->ment
D:mentionably->ment
D:mentional->ment
D:mentionally->ment
D:mentionals->ment
D:mentionan->ment
D:mentionane->ment
D:mentionat->ment
D:mentionate->ment
D:mentionated->ment
D:mentione->ment
D:mentioned->ment
D:mentioneding->ment
D:mentionedis->ment
D:mentionedising->ment
D:mentionedismioned->ment
D:mentionedismive->ment
D:mentionedities->ment
D:mentionedity->ment
D:mentionedmentioned->ment
D:mentionedor->ment
D:mentioneds->ment
D:mentionee->ment
D:mentioneers->ment
D:mentionees->ment
D:mentioneing->ment
D:mentionen->ment
D:mentionened->ment
D:mentioner->ment
D:mentioners->ment
D:mentiones->ment
D:mentioning->ment
D:mentionings->ment
D:mentionion->ment
D:mentionioned->ment
D:mentionioning->ment
D:mentionis->ment
D:mentionment->ment
D:mentions->ment
D:mentis->ment
D:mentisan->ment
D:mentish->ment
D:mentism->ment
D:mentisman->ment
D:mentisor->ment
D:mentiste->ment
D:mentistry->ment
D:mentists->ment
D:mentities->ment
D:mentity->ment
D:mentium->ment
D:mentive->ment
D:mentizer->ment
D:mentizes->ment
D:mently->ment
D:mentor->ment
D:mentorable->ment
D:mentorales->ment
D:mentorat->ment
D:mentore->ment
D:mentored->ment
D:mentoreding->ment
D:mentoree->ment
D:mentoreeing->ment
D:mentorees->ment
D:mentoren->ment
D:mentorer->ment
D:mentores->ment
D:mentorful->ment
D:mentorhood->ment
D:mentorial->ment
D:mentorians->ment
D:mentorice->ment
D:mentorif->ment
D:mentoriing->ment
D:mentoring->ment
D:mentorings->ment
D:mentoris->ment
D:mentorish->ment
D:mentoriship->ment
D:mentorism->ment
D:mentorist->ment
D:mentorly->ment
D:mentormentee->ment
D:mentormentor->ment
D:mentors->ment
D:mentorship->ment
D:mentorshipe->ment
D:mentorships->ment
D:mentory->ment
D:mentoryor->ment
D:mentorys->ment
D:mentous->ment
D:mentr->ment
D:mentral->ment
D:mentrality->ment
D:mentrally->ment
D:mentrals->ment
D:mentrance->ment
D:mentrate->ment
D:mentration->ment
D:mentre->ment
D:mentreal->ment
D:mentreals->ment
D:mentree->ment
D:mentres->ment
D:mentrial->ment
D:mentrials->ment
D:mentrice->ment
D:mentrics->ment
D:mentringer->ment
D:mentrion->ment
D:mentris->ment
D:mentristicly->ment
D:mentrists->ment
D:mentriz->ment
D:mentroree->ment
D:mentroring->ment
D:mentrousers->ment
D:mentrs->ment
D:mentrual->ment
D:mentruales->ment
D:ments->ment
D:mentsage->ment
D:mentsalist->ment
D:mentse->ment
D:mentsen->ment
D:mentser->ment
D:mentsize->ment
D:mentsor->ment
D:mentsous->ment
D:mentsur->ment
D:mentt->ment
D:menttal->ment
D:menttality->ment
D:menttan->ment
D:mentte->ment
D:menttes->ment
D:menttion->ment
D:menttioned->ment
D:menttor->ment
D:mentts->ment
D:mentual->ment
D:mentuales->ment
D:mentually->ment
D:mentul->ment
D:mentum->ment
D:mentur->ment
D:mentural->ment
D:menture->ment
D:mentus->ment
Q:illness->il
D:il->il
D:ila->il
D:ilability->il
D:ilabl->il
D:ilable->il
D:ilabler->il
D:ilag->il
D:ilagal->il
D:ilagales->il
D:ilagally->il
D:ilagan->il
D:ilagane->il
D:ilagans->il
D:ilagates->il
D:ilagation->il
D:ilage->il
D:ilageants->il
D:ilagen->il
D:ilagencies->il
D:ilagency->il
D:ilagencys->il
D:ilagent->il
D:ilagents->il
D:ilagere->il
D:ilages->il
D:ilal->il
D:ilalan->il
D:ilalatag->il
D:ilale->il
D:ilaled->il
D:ilales->il
D:ilalian->il
D:ilalice->il
D:ilalics->il
D:ilally->il
D:ilalors->il
D:ilals->il
D:ilan->il
D:ilanag->il
D:ilanal->il
D:ilanan->il
D:ilancat->il
D:ilance->il
D:ilancer->il
D:ilane->il
D:ilaned->il
D:ilanee->il
D:ilaneer->il
D:ilaneere->il
D:ilaneisme->il
D:ilanenorian->il
D:ilanenorians->il
D:ilanes->il
D:ilanic->il
D:ilanice->il
D:ilanics->il
D:ilanis->il
D:ilanor->il
D:ilans->il
D:ilant->il
D:ilantal->il
D:ilantes->il
D:ilanual->il
D:ilar->il
D:ilaran->il
D:ilarated->il
D:ilare->il
D:ilared->il
D:ilaredan->il
D:ilarene->il
D:ilarial->il
D:ilarian->il
D:ilariant->il
D:ilarie->il
D:ilarion->il
D:ilarione->il
D:ilarious->il
D:ilaris->il
D:ilarities->il
D:ilarity->il
D:ilarly->il
D:ilars->il
D:ilary->il
D:ilarys->il
D:ilat->il
D:ilatag->il
D:ilatal->il
D:ilatan->il
D:ilatation->il
D:ilate->il
D:ilated->il
D:ilater->il
D:ilateral->il
D:ilateralism->il
D:ilateration->il
D:ilates->il
D:ilatian->il
D:ilatic->il
D:ilatif->il
D:ilating->il
D:ilation->il
D:ilatis->il
D:ilator->il
D:ilators->il
D:ile->il
D:ileacy->il
D:ileag->il
D:ileagal->il
D:ileagally->il
D:ileagals->il
D:ileagan->il
D:ileage->il
D:ileal->il
D:ilealis->il
D:ilean->il
D:ileanag->il
D:ileanageee->il
D:ileanat->il
D:ileanatrian->il
D:ileanc->il
D:ileane->il
D:ileaner->il
D:ileanes->il
D:ileans->il
D:ileat->il
D:iled->il
D:iledag->il
D:iledan->il
D:ilede->il
D:ileden->il
D:iledere->il
D:iledor->il
D:ileds->il
D:ilee->il
D:ileee->il
D:ileeeeeeeeeee->il
D:ileeishere->il
D:ilees->il
D:ileis->il
D:ileisure->il
D:ilely->il
D:ilement->il
D:ilements->il
D:ilen->il
D:ilenable->il
D:ilenalee->il
D:ilenan->il
D:ilenc->il
D:ilence->il
D:ilenced->il
D:ilencer->il
D:ilences->il
D:ilene->il
D:ilened->il
D:ilenee->il
D:ilener->il
D:ilenes->il
D:ilening->il
D:ilenis->il
D:ileniz->il
D:ilens->il
D:ilent->il
D:ilentag->il
D:ilential->il
D:ilently->il
D:ilents->il
D:ileor->il
D:iler->il
D:ilerable->il
D:ileran->il
D:ilerat->il
D:ilerate->il
D:ilere->il
D:ilereere->il
D:ilereor->il
D:ileres->il
D:ilerian->il
D:ilers->il
D:iles->il
D:iletys->il
D:ilful->il
D:ili->il
D:ilia->il
D:ilial->il
D:ilian->il
D:ilianag->il
D:ilianat->il
D:ilianation->il
D:ilianats->il
D:iliane->il
D:ilianen->il
D:ilianer->il
D:ilianis->il
D:ilianore->il
D:ilians->il
D:ilic->il
D:ilicag->il
D:ilical->il
D:ilicales->il
D:ilican->il
D:ilicat->il
D:ilicate->il
D:ilicated->il
D:ilicates->il
D:ilice->il
D:iliceous->il
D:ilicic->il
D:ilicis->il
D:ilicity->il
D:ilicous->il
D:ilics->il
D:ilif->il
D:ilife->il
D:ilifedee->il
D:ilifeing->il
D:ilifer->il
D:ilifie->il
D:iling->il
D:ilingan->il
D:ilinge->il
D:ilinger->il
D:ilingings->il
D:ilings->il
D:ilingships->il
D:ilingual->il
D:ilingualism->il
D:ilion->il
D:ilionablanc->il
D:ilional->il
D:ilione->il
D:ilionee->il
D:ilionis->il
D:ilionize->il
D:ilionors->il
D:ilions->il
D:iliqu->il
D:iliquate->il
D:ilique->il
D:iliquis->il
D:iliquor->il
D:ilis->il
D:ilisan->il
D:ilisat->il
D:ilisation->il
D:ilisatis->il
D:ilise->il
D:ilisee->il
D:iliser->il
D:ilisers->il
D:ilish->il
D:ilishan->il
D:ilising->il
D:ilism->il
D:ilist->il
D:ilistable->il
D:ilistation->il
D:iliste->il
D:ilisted->il
D:ilisten->il
D:ilistened->il
D:ilistener->il
D:ilisteners->il
D:ilistens->il
D:ilistent->il
D:ilister->il
D:ilistic->il
D:ilisting->il
D:ilistory->il
D:ilistrat->il
D:ilistrate->il
D:ilistrated->il
D:ilistrater->il
D:ilistrates->il
D:ilistration->il
D:ilistrations->il
D:ilistrator->il
D:ilistre->il
D:ilists->il
D:ilitie->il
D:ilities->il
D:ility->il
D:ilitye->il
D:ilium->il
D:iliums->il
D:iliv->il
D:ilive->il
D:iliveat->il
D:ilived->il
D:ilivedat->il
D:ilivee->il
D:ilivelies->il
D:iliver->il
D:ilives->il
D:iliving->il
D:ilivity->il
D:ilivs->il
D:iliz->il
D:ilizalive->il
D:ilizane->il
D:ilizat->il
D:ilization->il
D:ilizations->il
D:ilize->il
D:ilized->il
D:ilizer->il
D:ilizers->il
D:ilizes->il
D:ilizing->il
D:ill->il
D:illabile->il
D:illabilities->il
D:illability->il
D:illable->il
D:illacious->il
D:illag->il
D:illagal->il
D:illagat->il
D:illage->il
D:illagee->il
D:illager->il
D:illagers->il
D:illages->il
D:illaging->il
D:illagor->il
D:illal->il
D:illales->il
D:illalics->il
D:illalizor->il
D:illalur->il
D:illan->il
D:illanag->il
D:illance->il
D:illancs->il
D:illane->il
D:illaneer->il
D:illanes->il
D:illanis->il
D:illanor->il
D:illans->il
D:illant->il
D:illante->il
D:illantic->il
D:illanur->il
D:illarie->il
D:illaries->il
D:illarious->il
D:illary->il
D:illarys->il
D:illat->il
D:illatat->il
D:illate->il
D:illateat->il
D:illated->il
D:illaterate->il
D:illating->il
D:illation->il
D:illations->il
D:illatis->il
D:illative->il
D:illatively->il
D:illatracy->il
D:illatration->il
D:illatris->il
D:illats->il
D:illatur->il
D:illaturate->il
D:ille->il
D:illeag->il
D:illeagal->il
D:illeagalism->il
D:illeagality->il
D:illeagally->il
D:illeagalness->il
D:illeagals->il
D:illeage->il
D:illeagly->il
D:illeal->il
D:illean->il
D:illeane->il
D:illeaniz->il
D:illeary->il
D:illeat->il
D:illeatal->il
D:illeater->il
D:illed->il
D:illedal->il
D:illedary->il
D:illedere->il
D:illedly->il
D:illee->il
D:illeeagal->il
D:illeee->il
D:illeis->il
D:illeish->il
D:illeism->il
D:illeist->il
D:illeistic->il
D:illeity->il
D:illement->il
D:illementree->il
D:illements->il
D:illen->il
D:illenary->il
D:illencs->il
D:illene->il
D:illened->il
D:illeneice->il
D:illenes->il
D:illeness->il
D:illenesses->il
D:illenials->il
D:illenion->il
D:illens->il
D:illent->il
D:iller->il
D:illerant->il
D:illerate->il
D:illerates->il
D:illere->il
D:illereans->il
D:illerion->il
D:illeris->il
D:illerist->il
D:illers->il
D:illes->il
D:illeur->il
D:illeurs->il
D:illful->il
D:illfully->il
D:illfulness->il
D:illial->il
D:illian->il
D:illiance->il
D:illianced->il
D:illiane->il
D:illianer->il
D:illianers->il
D:illians->il
D:illiant->il
D:illiante->il
D:illiantly->il
D:illiary->il
D:illiat->il
D:illiate->il
D:illiatic->il
D:illiative->il
D:illic->il
D:illican->il
D:illicat->il
D:illice->il
D:illicent->il
D:illicere->il
D:illiciales->il
D:illicic->il
D:illicis->il
D:illicities->il
D:illicity->il
D:illie->il
D:illieagal->il
D:illied->il
D:illiee->il
D:illielily->il
D:illien->il
D:illiene->il
D:illieous->il
D:illier->il
D:illierate->il
D:illiers->il
D:illies->il
D:illif->il
D:illife->il
D:illifer->il
D:illification->il
D:illifly->il
D:illiion->il
D:illiivat->il
D:illily->il
D:illimental->il
D:illiments->il
D:illiness->il
D:illinesses->il
D:illing->il
D:illinge->il
D:illingen->il
D:illinger->il
D:illingly->il
D:illingness->il
D:illings->il
D:illion->il
D:illionary->il
D:illione->il
D:illionee->il
D:illiones->il
D:illionic->il
D:illionis->il
D:illionore->il
D:illions->il
D:illior->il
D:illiors->il
D:illious->il
D:illis->il
D:illise->il
D:illish->il
D:illism->il
D:illist->il
D:illistated->il
D:illistation->il
D:illistator->il
D:illisted->il
D:illisten->il
D:illister->il
D:illistish->il
D:illistorator->il
D:illistr->il
D:illistrate->il
D:illistrated->il
D:illistrater->il
D:illistraters->il
D:illistrates->il
D:illistrating->il
D:illistration->il
D:illistrations->il
D:illistrative->il
D:illistrator->il
D:illistrators->il
D:illists->il
D:illisturated->il
D:illisturations->il
D:illities->il
D:illity->il
D:illiv->il
D:illivan->il
D:illivate->il
D:illiveice->il
D:illivs->il
D:illiz->il
D:illly->il
D:illment->il
D:illmental->il
D:illmentality->il
D:illments->il
D:illness->il
D:illnessan->il
D:illnesse->il
D:illnessed->il
D:illnesser->il
D:illnesses->il
D:illnessif->il
D:illnessing->il
D:illnessness->il
D:illnessor->il
D:illor->il
D:illoral->il
D:illoration->il
D:illore->il
D:illorens->il
D:illorente->il
D:illorian->il
D:illorians->il
D:illoricate->il
D:illoried->il
D:illorish->il
D:illors->il
D:illory->il
D:illous->il
D:ills->il
D:illur->il
D:illuration->il
D:illure->il
D:illurian->il
D:illuric->il
D:illuring->il
D:illy->il
D:illyagal->il
D:illyan->il
D:illyane->il
D:illyanor->il
D:illyarie->il
D:illyed->il
D:illyer->il
D:illyes->il
D:illyian->il
D:illyism->il
D:illyistic->il
D:illyness->il
D:illys->il
D:ilment->il
D:ilmente->il
D:ilmentore->il
D:ilments->il
D:ilness->il
D:ilnesses->il
D:ilor->il
D:iloran->il
D:ilore->il
D:ilored->il
D:iloren->il
D:iloric->il
D:ilorie->il
D:ilorien->il
D:iloring->il
D:ilorious->il
D:iloris->il
D:ilorise->il
D:ilors->il
D:ilory->il
D:ilorye->il
D:ilous->il
D:ilously->il
D:ils->il
D:ilsalary->il
D:ilsales->il
D:ilsally->il
D:ilsan->il
D:ilsat->il
D:ilsatan->il
D:ilsatans->il
D:ilse->il
D:ilseal->il
D:ilsed->il
D:ilsede->il
D:ilseder->il
D:ilsedice->il
D:ilsedore->il
D:ilsee->il
D:ilseeee->il
D:ilseeeeee->il
D:ilsely->il
D:ilsen->il
D:ilsenate->il
D:ilsence->il
D:ilseniz->il
D:ilsens->il
D:ilseratriste->il
D:ilseringeisen->il
D:ilsers->il
D:ilses->il
D:ilsif->il
D:ilsing->il
D:ilsinger->il
D:ilsly->il
D:ilsore->il
D:ilsual->il
D:ilsur->il
D:ilsurance->il
D:ilth->il
D:ilties->il
D:iltior->il
D:ilty->il
D:ilual->il
D:ilul->il
D:ilulal->il
D:ilule->il
D:ilulen->il
D:ilulisat->il
D:ilulive->il
D:ilum->il
D:ilur->il
D:ilurans->il
D:ilurat->il
D:ilure->il
D:iluren->il
D:ilures->il
D:ilurians->il
D:iluris->il
D:ilurly->il
D:ilus->il
<query> patron saint of mental illness</query><numhits>10</numhits><time>5850</time>
</ATIREsearch>
<ATIREsearch>
Q:holes->hole
D:hole->hole
D:holea->hole
D:holeability->hole
D:holeable->hole
D:holeal->hole
D:holeane->hole
D:holeary->hole
D:holee->hole
D:holeee->hole
D:holeeee->hole
D:holeeeee->hole
D:holeeeeee->hole
D:holeeeeeee->hole
D:holeeeeeeee->hole
D:holeeeeeeeeee->hole
D:holeeeeeeeeeeee->hole
D:holeeeer->hole
D:holeees->hole
D:holeeful->hole
D:holeer->hole
D:holeers->hole
D:holees->hole
D:holeful->hole
D:holefully->hole
D:holei->hole
D:holeia->hole
D:holeing->hole
D:holeione->hole
D:holeis->hole
D:holeish->hole
D:holeishness->hole
D:holeism->hole
D:holeist->hole
D:holeists->hole
D:holely->hole
D:holeness->hole
D:holes->hole
D:holesale->hole
D:holesaleer->hole
D:holesaler->hole
D:holesalers->hole
D:holesales->hole
D:holesat->hole
D:holese->hole
D:holesing->hole
D:holesinger->hole
D:holesingers->hole
D:holesize->hole
D:holesor->hole
D:holeth->hole
D:holeum->hole
D:holeure->hole
D:holeus->hole
D:by->by
D:louis->louis
D:louisa->louis
D:louisabl->louis
D:louisagalante->louis
D:louisal->louis
D:louisalee->louis
D:louisalings->louis
D:louisan->louis
D:louisanan->louis
D:louisanans->louis
D:louisane->louis
D:louisanic->louis
D:louisanity->louis
D:louisans->louis
D:louisantione->louis
D:louisarie->louis
D:louisat->louis
D:louisatentrental->louis
D:louise->louis
D:louiseal->louis
D:louised->louis
D:louisede->louis
D:louisedee->louis
D:louisee->louis
D:louiseee->louis
D:louiseeee->louis
D:louiseeeeeeee->louis
D:louiseeeeeeeeeeeeeeeeeeeeeeeeeeeeeeeeeeeee->louis
D:louisees->louis
D:louiseif->louis
D:louiseifer->louis
D:louiseisme->louis
D:louiseize->louis
D:louisely->louis
D:louisen->louis
D:louiseness->louis
D:louisens->louis
D:louiser->louis
D:louiseric->louis
D:louises->louis
D:louisi->louis
D:louisia->louis
D:louisian->louis
D:louisianag->louis
D:louisianagal->louis
D:louisianagenerators->louis
D:louisianagis->louis
D:louisianal->louis
D:louisianalife->louis
D:louisianalist->louis
D:louisianalisted->louis
D:louisianalists->louis
D:louisianalive->louis
D:louisianaliving->louis
D:louisianan->louis
D:louisiananian->louis
D:louisianannessee->louis
D:louisianans->louis
D:louisianat->louis
D:louisianatable->louis
D:louisianatables->louis
D:louisiane->louis
D:louisianen->louis
D:louisianers->louis
D:louisianian->louis
D:louisianians->louis
D:louisianisation->louis
D:louisians->louis
D:louisicans->louis
D:louising->louis
D:louisis->louis
D:louisisan->louis
D:louisness->louis
D:louisor->louis
D:louisorable->louis
D:louisth->louis
D:louisure->louis
D:louisus->louis
Q:sachar->sach
D:sach->sach
D:sacha->sach
D:sachable->sach
D:sachag->sach
D:sachal->sach
D:sachalee->sach
D:sachalees->sach
D:sachalene->sach
D:sachan->sach
D:sachane->sach
D:sachanore->sach
D:sachans->sach
D:sachant->sach
D:sachante->sach
D:sachants->sach
D:sachar->sach
D:sachare->sach
D:sacharen->sach
D:sachariat->sach
D:sacharie->sach
D:sacharis->sach
D:sacharlie->sach
D:sacharness->sach
D:sachars->sach
D:sachary->sach
D:sachat->sach
D:sachate->sach
D:sachats->sach
D:sache->sach
D:sacheal->sach
D:sacheals->sach
D:sachean->sach
D:sached->sach
D:sachee->sach
D:sacheeeeeeee->sach
D:sachees->sach
D:sachelys->sach
D:sachen->sach
D:sachene->sach
D:sachens->sach
D:sachent->sach
D:sacher->sach
D:sacheral->sach
D:sacherals->sach
D:sacherated->sach
D:sachere->sach
D:sacherer->sach
D:sacheres->sach
D:sachers->sach
D:saches->sach
D:sachi->sach
D:sachia->sach
D:sachian->sach
D:sachic->sach
D:sachicals->sach
D:sachicat->sach
D:saching->sach
D:sachingag->sach
D:sachion->sach
D:sachions->sach
D:sachis->sach
D:sachisan->sach
D:sachise->sach
D:sachish->sach
D:sachiv->sach
D:sachive->sach
D:sachly->sach
D:sachor->sach
D:sachoral->sach
D:sachousingalliance->sach
D:sachs->sach
D:sachsan->sach
D:sachse->sach
D:sachsen->sach
D:sachseneder->sach
D:sachsener->sach
D:sachsenlied->sach
D:sachsens->sach
D:sachsent->sach
D:sachsentor->sach
D:sachser->sach
D:sachses->sach
D:sachsinger->sach
D:sachsor->sach
D:sachsual->sach
D:sachul->sach
D:sachur->sach
D:sachurated->sach
<query> holes by louis sachar</query><numhits>10</numhits><time>3709</time>
</ATIREsearch>
<ATIREsearch>
D:hip->hip
D:roof->roof
D:roofa->roof
D:roofable->roof
D:roofage->roof
D:roofan->roof
D:roofe->roof
D:roofed->roof
D:roofee->roof
D:roofen->roof
D:roofence->roof
D:roofener->roof
D:roofer->roof
D:roofering->roof
D:roofers->roof
D:roofes->roof
D:roofi->roof
D:roofia->roof
D:roofian->roof
D:roofic->roof
D:roofice->roof
D:roofing->roof
D:roofings->roof
D:roofis->roof
D:roofish->roof
D:roofliness->roof
D:roofly->roof
D:roofor->roof
D:roofs->roof
D:roofseal->roof
D:roofsealant->roof
D:roofseals->roof
D:roofseat->roof
D:roofsen->roof
D:roofses->roof
D:roofship->roof
D:roofsure->roof
D:roofth->roof
D:roofum->roof
D:roofur->roof
D:roofus->roof
<query> hip roof</query><numhits>10</numhits><time>685</time>
</ATIREsearch>
<ATIREsearch>
Q:carpenter->carp
D:carp->carp
D:carpa->carp
D:carpag->carp
D:carpage->carp
D:carpages->carp
D:carpal->carp
D:carpale->carp
D:carpales->carp
D:carpalis->carp
D:carpals->carp
D:carpan->carp
D:carpane->carp
D:carpanen->carp
D:carpanic->carp
D:carpant->carp
D:carpanter->carp
D:carpants->carp
D:carpar->carp
D:carparal->carp
D:carparment->carp
D:carpars->carp
D:carpat->carp
D:carpate->carp
D:carpated->carp
D:carpaten->carp
D:carpater->carp
D:carpates->carp
D:carpatian->carp
D:carpatians->carp
D:carpatic->carp
D:carpatice->carp
D:carpator->carp
D:carpatrs->carp
D:carpats->carp
D:carpe->carp
D:carped->carp
D:carpede->carp
D:carpeded->carp
D:carpee->carp
D:carpeee->carp
D:carpeenter->carp
D:carpeenters->carp
D:carpeer->carp
D:carpeing->carp
D:carpen->carp
D:carpenal->carp
D:carpenate->carp
D:carpency->carp
D:carpene->carp
D:carpenean->carp
D:carpenen->carp
D:carpener->carp
D:carpening->carp
D:carpenlier->carp
D:carpens->carp
D:carpent->carp
D:carpentarie->carp
D:carpentarily->carp
D:carpentary->carp
D:carpente->carp
D:carpented->carp
D:carpenteer->carp
D:carpenten->carp
D:carpenter->carp
D:carpenterale->carp
D:carpenterant->carp
D:carpenterants->carp
D:carpenterary->carp
D:carpentere->carp
D:carpentered->carp
D:carpenteres->carp
D:carpenterian->carp
D:carpentering->carp
D:carpenterion->carp
D:carpenterised->carp
D:carpenterism->carp
D:carpenterly->carp
D:carpenters->carp
D:carpentes->carp
D:carpenteur->carp
D:carpenting->carp
D:carpentis->carp
D:carpentor->carp
D:carpentors->carp
D:carpentr->carp
D:carpentree->carp
D:carpentrer->carp
D:carpentring->carp
D:carpentrly->carp
D:carpents->carp
D:carper->carp
D:carperator->carp
D:carpere->carp
D:carpering->carp
D:carpers->carp
D:carpes->carp
D:carpetiers->carp
D:carpetiing->carp
D:carpety->carp
D:carpetyes->carp
D:carpi->carp
D:carpia->carp
D:carpian->carp
D:carpians->carp
D:carpic->carp
D:carpicat->carp
D:carpice->carp
D:carpices->carp
D:carpics->carp
D:carping->carp
D:carpingly->carp
D:carpings->carp
D:carpion->carp
D:carpione->carp
D:carpioneer->carp
D:carpis->carp
D:carpisan->carp
D:carpish->carp
D:carpist->carp
D:carpiste->carp
D:carpistes->carp
D:carpists->carp
D:carpium->carp
D:carpor->carp
D:carporan->carp
D:carporate->carp
D:carporation->carp
D:carporations->carp
D:carporator->carp
D:carpore->carp
D:carpous->carp
D:carpp->carp
D:carppal->carp
D:carppe->carp
D:carpped->carp
D:carpper->carp
D:carps->carp
D:carpse->carp
D:carpserat->carp
D:carpul->carp
D:carpule->carp
D:carpules->carp
D:carpum->carp
D:carpur->carp
D:carpus->carp
D:bee->bee
<query> carpenter bee</query><numhits>10</numhits><time>857</time>
</ATIREsearch>
<ATIREsearch>
D:the->the
Q:american->am
D:am->am
D:ama->am
D:amabil->am
D:amabile->am
D:amabiles->am
D:amabilis->am
D:amability->am
D:amabilly->am
D:amabilmente->am
D:amable->am
D:amablee->am
D:amablemente->am
D:amables->am
D:amablie->am
D:amablis->am
D:amaciante->am
D:amaciated->am
D:amacie->am
D:amacy->am
D:amag->am
D:amagal->am
D:amagalan->am
D:amagan->am
D:amaganary->am
D:amaganation->am
D:amagane->am
D:amagat->am
D:amagative->am
D:amagats->am
D:amage->am
D:amageable->am
D:amaged->am
D:amagee->am
D:amagement->am
D:amagen->am
D:amagency->am
D:amagent->am
D:amagents->am
D:amager->am
D:amagerian->am
D:amagers->am
D:amages->am
D:amageurs->am
D:amagic->am
D:amagical->am
D:amaging->am
D:amagingly->am
D:amagisan->am
D:amagistrate->am
D:amagor->am
D:amagoring->am
D:amags->am
D:amagure->am
D:amal->am
D:amalag->am
D:amalagate->am
D:amalagated->am
D:amalagation->am
D:amalagliate->am
D:amalals->am
D:amalan->am
D:amalance->am
D:amalanistic->am
D:amalat->am
D:amalatal->am
D:amale->am
D:amalean->am
D:amaled->am
D:amalee->am
D:amaleic->am
D:amalement->am
D:amalen->am
D:amalence->am
D:amaler->am
D:amales->am
D:amaleur->am
D:amalian->am
D:amalic->am
D:amalice->am
D:amalif->am
D:amaling->am
D:amalings->am
D:amalion->am
D:amalions->am
D:amalis->am
D:amalise->am
D:amalism->am
D:amalist->am
D:amalities->am
D:amalive->am
D:amaliz->am
D:amallie->am
D:amally->am
D:amalor->am
D:amals->am
D:amalur->am
D:amalure->am
D:amalurian->am
D:amalurs->am
D:aman->am
D:amanage->am
D:amanaged->am
D:amanagement->am
D:amanagements->am
D:amanager->am
D:amanagers->am
D:amanaging->am
D:amanagment->am
D:amanal->am
D:amanalator->am
D:amanalee->am
D:amanalive->am
D:amanals->am
D:amanan->am
D:amananat->am
D:amanant->am
D:amanante->am
D:amanarie->am
D:amanary->am
D:amanat->am
D:amanate->am
D:amanated->am
D:amanatee->am
D:amanaten->am
D:amanation->am
D:amanations->am
D:amanats->am
D:amanc->am
D:amancane->am
D:amance->am
D:amancer->am
D:amances->am
D:amancier->am
D:amancing->am
D:amancity->am
D:amancy->am
D:amane->am
D:amaneden->am
D:amanedes->am
D:amanee->am
D:amaneee->am
D:amaneely->am
D:amaneer->am
D:amanees->am
D:amanement->am
D:amanen->am
D:amanent->am
D:amaner->am
D:amanes->am
D:amaneties->am
D:amanful->am
D:amanial->am
D:amanials->am
D:amanian->am
D:amanians->am
D:amanic->am
D:amanican->am
D:amanif->am
D:amaning->am
D:amanion->am
D:amanis->am
D:amanise->am
D:amanisen->am
D:amanises->am
D:amanish->am
D:amanishal->am
D:amanism->am
D:amanisme->am
D:amanist->am
D:amanistic->am
D:amanities->am
D:amaniz->am
D:amanly->am
D:amanor->am
D:amanore->am
D:amanory->am
D:amanous->am
D:amans->am
D:amant->am
D:amantan->am
D:amante->am
D:amanteags->am
D:amanted->am
D:amantee->am
D:amanteee->am
D:amantenatural->am
D:amantener->am
D:amanter->am
D:amantes->am
D:amanteur->am
D:amantial->am
D:amanticary->am
D:amanticoral->am
D:amantion->am
D:amantis->am
D:amantisan->am
D:amantist->am
D:amantral->am
D:amantran->am
D:amantree->am
D:amants->am
D:amantur->am
D:amanual->am
D:amanually->am
D:amanur->am
D:amanure->am
D:amar->am
D:amarable->am
D:amarag->am
D:amarage->am
D:amaral->am
D:amarales->am
D:amaralian->am
D:amaralice->am
D:amaralis->am
D:amarals->am
D:amaran->am
D:amaranan->am
D:amarancie->am
D:amarancy->am
D:amaranee->am
D:amarans->am
D:amarant->am
D:amarantabils->am
D:amarante->am
D:amarantee->am
D:amaranten->am
D:amarantes->am
D:amarantis->am
D:amarants->am
D:amarat->am
D:amarate->am
D:amaratelier->am
D:amaratic->am
D:amare->am
D:amareal->am
D:amareality->am
D:amareally->am
D:amared->am
D:amareden->am
D:amaree->am
D:amareican->am
D:amaren->am
D:amarene->am
D:amarenis->am
D:amarens->am
D:amarent->am
D:amarente->am
D:amarentis->am
D:amarer->am
D:amarere->am
D:amares->am
D:amareur->am
D:amareurs->am
D:amarial->am
D:amarian->am
D:amarians->am
D:amariat->am
D:amaric->am
D:amarican->am
D:amaricans->am
D:amarice->am
D:amaricen->am
D:amarician->am
D:amarie->am
D:amaried->am
D:amariediv->am
D:amariee->am
D:amarieee->am
D:amarieeeee->am
D:amarieeeeee->am
D:amariely->am
D:amarielys->am
D:amarien->am
D:amarier->am
D:amaries->am
D:amarifed->am
D:amarifs->am
D:amarilies->am
D:amarily->am
D:amarilys->am
D:amaring->am
D:amarion->am
D:amarior->am
D:amariore->am
D:amariores->am
D:amaris->am
D:amarisan->am
D:amarise->am
D:amarish->am
D:amarism->am
D:amaristee->am
D:amarity->am
D:amariv->am
D:amariver->am
D:amariz->am
D:amarize->am
D:amarizs->am
D:amarly->am
D:amarlyis->am
D:amarous->am
D:amars->am
D:amaruran->am
D:amarure->am
D:amarurs->am
D:amary->am
D:amaryan->am
D:amarys->am
D:amat->am
D:amatag->am
D:amatage->am
D:amatal->am
D:amatan->am
D:amatat->am
D:amate->am
D:amatean->am
D:amated->am
D:amatedurs->am
D:amateeur->am
D:amateeurs->am
D:amateis->am
D:amaten->am
D:amatents->am
D:amateor->am
D:amateors->am
D:amater->am
D:amateran->am
D:amatere->am
D:amatereurish->am
D:amaterial->am
D:amaterialistic->am
D:amaterials->am
D:amaterish->am
D:amaterism->am
D:amaters->am
D:amaterur->am
D:amaterurish->am
D:amaterurs->am
D:amates->am
D:amateur->am
D:amateurallie->am
D:amateurally->am
D:amateuranal->am
D:amateuration->am
D:amateure->am
D:amateured->am
D:amateurely->am
D:amateuren->am
D:amateures->am
D:amateurial->am
D:amateuring->am
D:amateuris->am
D:amateurisation->am
D:amateurised->am
D:amateurish->am
D:amateurisher->am
D:amateurishly->am
D:amateurishness->am
D:amateurism->am
D:amateurisme->am
D:amateurismes->am
D:amateurisms->am
D:amateurist->am
D:amateuristic->am
D:amateuristically->am
D:amateurity->am
D:amateurization->am
D:amateurize->am
D:amateurized->am
D:amateurly->am
D:amateurness->am
D:amateuroral->am
D:amateurs->am
D:amateurship->am
D:amatic->am
D:amatically->am
D:amatics->am
D:amating->am
D:amation->am
D:amations->am
D:amatis->am
D:amatise->am
D:amatist->am
D:amatiste->am
D:amativ->am
D:amative->am
D:amatively->am
D:amativen->am
D:amativeness->am
D:amativenesses->am
D:amativs->am
D:amatiz->am
D:amator->am
D:amatore->am
D:amatoren->am
D:amatorer->am
D:amatores->am
D:amatorial->am
D:amatoriale->am
D:amatorially->am
D:amatorialmente->am
D:amatorian->am
D:amatorie->am
D:amatories->am
D:amatorious->am
D:amatoris->am
D:amatorization->am
D:amatorize->am
D:amatorized->am
D:amatororis->am
D:amators->am
D:amatory->am
D:amatr->am
D:amatrans->am
D:amatre->am
D:amatree->am
D:amatrene->am
D:amatrer->am
D:amatreurs->am
D:amatrian->am
D:amatric->am
D:amatrice->am
D:amatrices->am
D:amatrician->am
D:amatricis->am
D:amatris->am
D:amatrur->am
D:amatrurs->am
D:amats->am
D:amatur->am
D:amaturan->am
D:amaturation->am
D:amature->am
D:amaturee->am
D:amatureish->am
D:amatureist->am
D:amatureistic->am
D:amaturely->am
D:amaturen->am
D:amatureness->am
D:amaturers->am
D:amatures->am
D:amaturian->am
D:amaturish->am
D:amaturishly->am
D:amaturist->am
D:amaturistic->am
D:amaturity->am
D:amaturization->am
D:amaturs->am
D:ame->am
D:ameable->am
D:ameager->am
D:ameagor->am
D:ameal->am
D:amealing->am
D:ameals->am
D:amean->am
D:ameanability->am
D:ameanable->am
D:ameane->am
D:ameaning->am
D:ameaningful->am
D:ameanities->am
D:ameans->am
D:ameant->am
D:ameat->am
D:ameate->am
D:ameater->am
D:ameateur->am
D:ameatre->am
D:ameats->am
D:ameatur->am
D:ameature->am
D:ameatures->am
D:ameaturish->am
D:ameaturs->am
D:amed->am
D:amedag->am
D:amedalist->am
D:amedan->am
D:amede->am
D:ameded->am
D:amedee->am
D:amedees->am
D:amedement->am
D:ameden->am
D:amedes->am
D:amedial->am
D:amedialist->am
D:amedially->am
D:amedian->am
D:amedic->am
D:amedical->am
D:amedically->am
D:amedican->am
D:amedicans->am
D:amedication->am
D:amedications->am
D:ameding->am
D:amedion->am
D:amedis->am
D:amedities->am
D:amedment->am
D:amedments->am
D:amedor->am
D:amedore->am
D:ameds->am
D:amedure->am
D:amee->am
D:ameeal->am
D:ameee->am
D:ameeee->am
D:ameeeee->am
D:ameeeeee->am
D:ameeeeeee->am
D:ameeeeeeee->am
D:ameeeeeeeee->am
D:ameeeeeeeeee->am
D:ameeeeeeeeeee->am
D:ameeeeeeeeeeee->am
D:ameeeeeeeeeeeee->am
D:ameeeeeeeeeeeeeeeeee->am
D:ameeeeeeeeeeeeeeeeeee->am
D:ameeeeeeeeeeeeeeeeeeeeeee->am
D:ameeeeeeeeeeeeeeeeeeeeeeee->am
D:ameeeeeeeeeeeeeeeeeeeeeeeeeeeeeeeeeee->am
D:ameeeeeeeeeeeeeeeeeeeeeeeeeeeeeeeeeeeeeeeeeeeeeeeeeeeeee->am
D:ameeeeeeeeer->am
D:ameeeeeerican->am
D:ameeeelie->am
D:ameeeliee->am
D:ameeer->am
D:ameeere->am
D:ameeerican->am
D:ameees->am
D:ameeican->am
D:ameeicans->am
D:ameelie->am
D:ameely->am
D:ameelye->am
D:ameent->am
D:ameer->am
D:ameeral->am
D:ameerally->am
D:ameeran->am
D:ameerat->am
D:ameerate->am
D:ameere->am
D:ameeree->am
D:ameerent->am
D:ameerial->am
D:ameerican->am
D:ameericans->am
D:ameerishan->am
D:ameers->am
D:amees->am
D:ameful->am
D:ameican->am
D:ameicanized->am
D:ameicans->am
D:ameice->am
D:ameif->am
D:ameing->am
D:ameis->am
D:ameise->am
D:ameisen->am
D:ameisens->am
D:ameish->am
D:ameising->am
D:ameisinger->am
D:ameisme->am
D:ameister->am
D:ameistes->am
D:ameities->am
D:ameizing->am
D:ameliat->am
D:ameliatan->am
D:ameliate->am
D:ameliated->am
D:ameliatran->am
D:amelie->am
D:amelieagency->am
D:ameliealice->am
D:ameliedancer->am
D:ameliede->am
D:ameliedean->am
D:ameliedion->am
D:ameliee->am
D:amelieee->am
D:amelieeee->am
D:amelieeeee->am
D:amelieeeeeeeeeeeeeeeeeeeeeeeeeeeeeeeeeeeeeeeee->am
D:amelieism->am
D:amelien->am
D:amelier->am
D:amelieration->am
D:ameliere->am
D:amelies->am
D:ameliese->am
D:amelily->am
D:amelior->am
D:ameliorability->am
D:ameliorable->am
D:amelioran->am
D:ameliorant->am
D:amelioranting->am
D:ameliorants->am
D:ameliorat->am
D:ameliorate->am
D:ameliorated->am
D:amelioratee->am
D:ameliorater->am
D:ameliorates->am
D:ameliorateur->am
D:amelioratic->am
D:ameliorating->am
D:amelioratings->am
D:amelioration->am
D:ameliorationist->am
D:ameliorations->am
D:ameliorative->am
D:amelioratives->am
D:ameliorator->am
D:ameliorators->am
D:amelioratory->am
D:amelioratrice->am
D:amelioratrices->am
D:ameliore->am
D:ameliored->am
D:amelioree->am
D:ameliorees->am
D:ameliorent->am
D:ameliorer->am
D:ameliorere->am
D:ameliorers->am
D:ameliores->am
D:amelioriating->am
D:amelioriation->am
D:ameliorions->am
D:amelioris->am
D:ameliorisation->am
D:ameliorist->am
D:amelioristic->am
D:ameliorization->am
D:amelious->am
D:amely->am
D:amelyan->am
D:amelyane->am
D:amelye->am
D:amelyee->am
D:amelyen->am
D:amelyer->am
D:amelyes->am
D:amelyor->am
D:amelyore->am
D:amelys->am
D:amen->am
D:amenabilities->am
D:amenability->am
D:amenabl->am
D:amenable->am
D:amenableness->am
D:amenablity->am
D:amenablly->am
D:amenably->am
D:amenag->am
D:amenage->am
D:amenageable->am
D:amenageant->am
D:amenagee->am
D:amenagees->am
D:amenagement->am
D:amenagements->am
D:amenagent->am
D:amenager->am
D:amenages->am
D:amenageurs->am
D:amenagistes->am
D:amenagment->am
D:amenal->am
D:amenalistic->am
D:amenan->am
D:amenance->am
D:amenant->am
D:amenary->am
D:amenarys->am
D:amenat->am
D:amenaten->am
D:amenatities->am
D:amene->am
D:amened->am
D:ameneded->am
D:amenedment->am
D:amenedments->am
D:amenee->am
D:ameneers->am
D:amenees->am
D:ameneities->am
D:amenement->am
D:amenements->am
D:amenenable->am
D:amenenities->am
D:amenent->am
D:amener->am
D:amenerent->am
D:ameners->am
D:amenes->am
D:ameness->am
D:amenesse->am
D:amenetie->am
D:ameneties->am
D:amenety->am
D:amenian->am
D:amenians->am
D:amenic->am
D:amenican->am
D:amenicans->am
D:ameniclyes->am
D:amenics->am
D:amening->am
D:amenion->am
D:amenis->am
D:amenism->am
D:amenist->am
D:amenistration->am
D:amenists->am
D:amenitie->am
D:amenitied->am
D:amenitieis->am
D:amenitiers->am
D:amenities->am
D:amenitiesat->am
D:amenitiesif->am
D:amenity->am
D:amenityat->am
D:amenitys->am
D:ameniz->am
D:amenizan->am
D:amenliorative->am
D:amenly->am
D:amenment->am
D:amenments->am
D:amenor->am
D:amenore->am
D:amens->am
D:ameor->am
D:ameous->am
D:amer->am
D:amerag->am
D:amerage->am
D:ameral->am
D:ameralion->am
D:ameralis->am
D:amerality->am
D:amerally->am
D:ameran->am
D:ameranis->am
D:amerant->am
D:amerante->am
D:amerantes->am
D:amerat->am
D:ameratat->am
D:amerate->am
D:amerates->am
D:ameratis->am
D:ameratrans->am
D:ameratur->am
D:amerature->am
D:ameraturs->am
D:amere->am
D:amered->am
D:amerede->am
D:ameredes->am
D:amereee->am
D:amereican->am
D:amereicanistes->am
D:amereicans->am
D:amerely->am
D:amerement->am
D:ameren->am
D:amerence->am
D:amerene->am
D:amerenis->am
D:amerens->am
D:amerer->am
D:amererican->am
D:amerericans->am
D:ameres->am
D:amerial->am
D:amerian->am
D:amerianised->am
D:amerianize->am
D:amerians->am
D:americ->am
D:americabl->am
D:americable->am
D:americag->am
D:americagary->am
D:americageneral->am
D:americal->am
D:americalate->am
D:americalately->am
D:americalee->am
D:americalens->am
D:americalian->am
D:americalife->am
D:americaling->am
D:americalis->am
D:americalist->am
D:americalistening->am
D:americalists->am
D:americalive->am
D:americalives->am
D:americalized->am
D:americals->am
D:american->am
D:americanable->am
D:americanag->am
D:americanage->am
D:americanagencies->am
D:americanagency->am
D:americanagent->am
D:americanaging->am
D:americanalliance->am
D:americanallies->am
D:americanan->am
D:americananal->am
D:americanaries->am
D:americanat->am
D:americanatelier->am
D:americanatural->am
D:americanc->am
D:americancable->am
D:americancabler->am
D:americancalan->am
D:americancanals->am
D:americancancer->am
D:americancat->am
D:americancats->am
D:americance->am
D:americancenter->am
D:americancentric->am
D:americancentrist->am
D:americancer->am
D:americancities->am
D:americancity->am
D:americancs->am
D:americancure->am
D:americane->am
D:americaneagal->am
D:americaneater->am
D:americaned->am
D:americanee->am
D:americaneer->am
D:americaneers->am
D:americanen->am
D:americaner->am
D:americaners->am
D:americanes->am
D:americanhood->am
D:americanian->am
D:americanic->am
D:americanicity->am
D:americanics->am
D:americanification->am
D:americaning->am
D:americanis->am
D:americanisan->am
D:americanisation->am
D:americanisations->am
D:americanise->am
D:americanised->am
D:americaniser->am
D:americanises->am
D:americanish->am
D:americanishness->am
D:americanising->am
D:americanisized->am
D:americanism->am
D:americanisme->am
D:americanisms->am
D:americanist->am
D:americanistan->am
D:americaniste->am
D:americanistes->am
D:americanistian->am
D:americanistic->am
D:americanistics->am
D:americanists->am
D:americanity->am
D:americaniz->am
D:americanizate->am
D:americanization->am
D:americanizations->am
D:americanize->am
D:americanized->am
D:americanizer->am
D:americanizers->am
D:americanizes->am
D:americanizing->am
D:americanly->am
D:americanness->am
D:americanorate->am
D:americans->am
D:americanship->am
D:americant->am
D:americantag->am
D:americantale->am
D:americantat->am
D:americantees->am
D:americantenor->am
D:americantion->am
D:americantly->am
D:americantrance->am
D:americantreat->am
D:americantreats->am
D:americantrees->am
D:americants->am
D:americat->am
D:americatag->am
D:americate->am
D:americater->am
D:americaters->am
D:americation->am
D:americatrans->am
D:americats->am
D:americe->am
D:americean->am
D:americen->am
D:americens->am
D:americent->am
D:americenter->am
D:americenters->am
D:americentric->am
D:americentricism->am
D:americentricity->am
D:americentrism->am
D:americer->am
D:americeris->am
D:americes->am
D:americian->am
D:americiane->am
D:americians->am
D:americican->am
D:americis->am
D:americish->am
D:americity->am
D:americor->am
D:americore->am
D:americs->am
D:amerifag->am
D:amerifags->am
D:amerifan->am
D:amerifans->am
D:amerifat->am
D:amerifed->am
D:amerifee->am
D:amerifence->am
D:amerifer->am
D:amerific->am
D:amering->am
D:ameringan->am
D:ameringe->am
D:ameringen->am
D:ameringer->am
D:amerings->am
D:amerion->am
D:amerione->am
D:ameris->am
D:amerisal->am
D:amerisale->am
D:amerisan->am
D:amerisat->am
D:amerisatr->am
D:amerise->am
D:ameriseal->am
D:amerisean->am
D:amerish->am
D:amerishan->am
D:amerished->am
D:amerisian->am
D:amerising->am
D:amerism->am
D:amerist->am
D:ameristage->am
D:ameristan->am
D:ameristat->am
D:ameristate->am
D:ameristatr->am
D:amerister->am
D:ameristic->am
D:ameristor->am
D:ameristore->am
D:ameristr->am
D:ameristur->am
D:amerisur->am
D:amerisurance->am
D:amerisure->am
D:amerities->am
D:amerity->am
D:ameritye->am
D:ameriv->am
D:amerival->am
D:amerivan->am
D:amerivans->am
D:amerivantage->am
D:ameriven->am
D:amerivent->am
D:amerivents->am
D:amerivisor->am
D:ameriz->am
D:amerization->am
D:amerizing->am
D:amerlie->am
D:amerliorate->am
D:amerliorated->am
D:amerliorating->am
D:amerlioration->am
D:amerliore->am
D:amerliorer->am
D:amerly->am
D:ameror->am
D:amerous->am
D:amers->am
D:ames->am
D:ametier->am
D:ameties->am
D:amety->am
D:ametys->am
D:ameur->am
D:ameurant->am
D:amful->am
D:amfully->am
D:ami->am
D:amia->am
D:amial->am
D:amiale->am
D:amiales->am
D:amialive->am
D:amials->am
D:amian->am
D:amianals->am
D:amianan->am
D:amianant->am
D:amians->am
D:amibile->am
D:amibilis->am
D:amibl->am
D:amible->am
D:amibly->am
D:amic->am
D:amicabile->am
D:amicabiles->am
D:amicabilis->am
D:amicabilities->am
D:amicability->am
D:amicabilityingly->am
D:amicabl->am
D:amicable->am
D:amicablely->am
D:amicableness->am
D:amicablenesses->am
D:amicablenish->am
D:amicables->am
D:amicably->am
D:amical->am
D:amicale->am
D:amicalement->am
D:amicalements->am
D:amicales->am
D:amicalis->am
D:amicality->am
D:amically->am
D:amicalment->am
D:amicals->am
D:amican->am
D:amicans->am
D:amicat->am
D:amice->am
D:amiced->am
D:amicee->am
D:amicen->am
D:amiceneal->am
D:amicentral->am
D:amicentre->am
D:amicentric->am
D:amices->am
D:amician->am
D:amiciane->am
D:amicis->am
D:amicisingers->am
D:amicisten->am
D:amicistrings->am
D:amicitie->am
D:amicitiis->am
D:amiciv->am
D:amiclients->am
D:amicor->am
D:amicore->am
D:amics->am
D:amicur->am
D:amicure->am
D:amif->am
D:amifag->am
D:amifan->am
D:amife->am
D:amifen->am
D:amifer->am
D:amific->am
D:amification->am
D:amifications->am
D:amifish->am
D:amifly->am
D:amifore->am
D:amifs->am
D:amifur->am
D:aming->am
D:aminge->am
D:amingen->am
D:aminger->am
D:amingeree->am
D:aminging->am
D:amingione->am
D:amingness->am
D:amings->am
D:amion->am
D:amione->am
D:amionic->am
D:amions->am
D:amiqu->am
D:amique->am
D:amis->am
D:amisagentur->am
D:amisager->am
D:amisal->am
D:amisales->am
D:amisan->am
D:amisane->am
D:amisat->am
D:amise->am
D:amisen->am
D:amiser->am
D:amiserable->am
D:amiserant->am
D:amiserat->am
D:amisere->am
D:amiserial->am
D:amiseris->am
D:amises->am
D:amish->am
D:amishe->am
D:amished->am
D:amishers->am
D:amishes->am
D:amishish->am
D:amishism->am
D:amishly->am
D:amishness->am
D:amishs->am
D:amisial->am
D:amisian->am
D:amisic->am
D:amising->am
D:amisingly->am
D:amism->am
D:amisme->am
D:amisms->am
D:amisor->am
D:amisships->am
D:amist->am
D:amistal->am
D:amistat->am
D:amistation->am
D:amistats->am
D:amiste->am
D:amisted->am
D:amistee->am
D:amister->am
D:amistic->am
D:amistice->am
D:amistore->am
D:amistories->am
D:amistr->am
D:amistral->am
D:amistre->am
D:amistres->am
D:amistris->am
D:amistry->am
D:amists->am
D:amistur->am
D:amitie->am
D:amitiee->am
D:amitiees->am
D:amitien->am
D:amitient->am
D:amitier->am
D:amitiers->am
D:amities->am
D:amitious->am
D:amity->am
D:amityan->am
D:amitys->am
D:amium->am
D:amiums->am
D:amiv->am
D:amival->am
D:amivalent->am
D:amivan->am
D:amivane->am
D:amivat->am
D:amive->am
D:amivee->am
D:amiven->am
D:amiver->am
D:amivive->am
D:amivor->am
D:amivs->am
D:amiz->am
D:amizan->am
D:amizante->am
D:amizants->am
D:amize->am
D:amized->am
D:amizen->am
D:amizener->am
D:amizer->am
D:amizere->am
D:amizian->am
D:amizic->am
D:amizing->am
D:amizingly->am
D:amizingness->am
D:amizion->am
D:amizish->am
D:amizs->am
D:amizur->am
D:amliat->am
D:amlie->am
D:amlien->am
D:amliiz->am
D:amlily->am
D:amlior->am
D:amlioration->am
D:amliorations->am
D:amliore->am
D:amliorent->am
D:amliorer->am
D:amly->am
D:amlyag->am
D:amlyan->am
D:amlyly->am
D:amlys->am
D:amm->am
D:ammability->am
D:ammable->am
D:ammaciated->am
D:ammag->am
D:ammagan->am
D:ammagans->am
D:ammage->am
D:ammagen->am
D:ammager->am
D:ammal->am
D:ammalat->am
D:ammale->am
D:ammalee->am
D:ammaler->am
D:ammalian->am
D:ammalife->am
D:ammalives->am
D:ammals->am
D:amman->am
D:ammanagement->am
D:ammanarie->am
D:ammanat->am
D:ammancian->am
D:ammancity->am
D:ammane->am
D:ammanealing->am
D:ammanis->am
D:ammaniv->am
D:ammans->am
D:ammant->am
D:ammantan->am
D:ammante->am
D:ammanur->am
D:ammarie->am
D:ammary->am
D:ammat->am
D:ammate->am
D:ammaten->am
D:ammaterishly->am
D:ammates->am
D:ammateur->am
D:ammateurs->am
D:ammation->am
D:ammations->am
D:ammator->am
D:ammatories->am
D:ammatory->am
D:ammatous->am
D:ammats->am
D:ammature->am
D:ammaturely->am
D:ammatures->am
D:amme->am
D:ammed->am
D:ammede->am
D:ammeded->am
D:ammedic->am
D:ammedingen->am
D:ammedment->am
D:ammedments->am
D:ammee->am
D:ammeee->am
D:ammeelie->am
D:ammeer->am
D:ammees->am
D:ammeisme->am
D:ammeisten->am
D:ammeister->am
D:ammelie->am
D:ammeliorate->am
D:ammelioration->am
D:ammely->am
D:ammen->am
D:ammenable->am
D:ammenag->am
D:ammenage->am
D:ammenagement->am
D:ammenager->am
D:ammence->am
D:ammene->am
D:ammened->am
D:ammener->am
D:ammeneties->am
D:ammenitie->am
D:ammenitiees->am
D:ammenities->am
D:ammenity->am
D:ammenitys->am
D:ammenment->am
D:ammenments->am
D:ammens->am
D:amment->am
D:ammental->am
D:ammentice->am
D:ammentities->am
D:ammentity->am
D:ammentment->am
D:ammentoring->am
D:ammer->am
D:ammeral->am
D:ammeran->am
D:ammerans->am
D:ammered->am
D:ammerely->am
D:ammerer->am
D:ammerian->am
D:ammerical->am
D:ammerican->am
D:ammericans->am
D:ammering->am
D:ammeringen->am
D:ammeris->am
D:ammerization->am
D:ammers->am
D:ammes->am
D:ammial->am
D:ammian->am
D:ammianis->am
D:ammic->am
D:ammicable->am
D:ammicably->am
D:ammicale->am
D:ammicalement->am
D:ammicante->am
D:ammifish->am
D:amming->am
D:amminger->am
D:ammion->am
D:ammis->am
D:ammise->am
D:ammisen->am
D:ammish->am
D:ammisic->am
D:ammist->am
D:ammity->am
D:ammiz->am
D:ammizing->am
D:ammly->am
D:ammor->am
D:ammoral->am
D:ammorality->am
D:ammorally->am
D:ammorate->am
D:ammoration->am
D:ammoratization->am
D:ammoratized->am
D:ammore->am
D:ammorealism->am
D:ammoree->am
D:ammoreee->am
D:ammoreeee->am
D:ammorer->am
D:ammoriated->am
D:ammorization->am
D:ammory->am
D:ammous->am
D:ammouse->am
D:amms->am
D:ammual->am
D:ammur->am
D:ammurat->am
D:ammurate->am
D:ammuricans->am
D:ammurization->am
D:amness->am
D:amor->am
D:amorable->am
D:amorably->am
D:amoracious->am
D:amorag->am
D:amoral->am
D:amorale->am
D:amoraler->am
D:amorales->am
D:amoralis->am
D:amoralises->am
D:amoralising->am
D:amoralism->am
D:amoralisms->am
D:amoralist->am
D:amoraliste->am
D:amoralistic->am
D:amoralists->am
D:amoralities->am
D:amorality->am
D:amoralization->am
D:amoralized->am
D:amoralizing->am
D:amorally->am
D:amoralness->am
D:amorals->am
D:amoran->am
D:amorance->am
D:amoranis->am
D:amorans->am
D:amorante->am
D:amorat->am
D:amoration->am
D:amoratis->am
D:amoratization->am
D:amoratized->am
D:amore->am
D:amoreallie->am
D:amorean->am
D:amoreans->am
D:amoreat->am
D:amoreate->am
D:amored->am
D:amoredance->am
D:amoredifede->am
D:amoree->am
D:amoreee->am
D:amoreeee->am
D:amoreeeee->am
D:amoreeeeee->am
D:amoreeeeeee->am
D:amoreeeeeeeee->am
D:amoreeeeeeeeee->am
D:amoreeeeeeeeeeeee->am
D:amoreeeeeeeeeeeeeee->am
D:amoreeeeeeeeeeeeeeee->am
D:amoreeeeeeeeeeeeeeeeee->am
D:amoreeeeeeeeeeeeeeeeeee->am
D:amoreeeeeeeeeeeeeeeeeeeeeeeeeeeeeeeeeeeeeeeeeeeeeeeeeeeeeeeeeeeeeeeeeeee->am
D:amoreeeeeeeeeeees->am
D:amoreeeeeees->am
D:amoreeees->am
D:amoreees->am
D:amorees->am
D:amoreliate->am
D:amoren->am
D:amorenational->am
D:amorency->am
D:amorene->am
D:amorenee->am
D:amorenor->am
D:amoreous->am
D:amorer->am
D:amorering->am
D:amorers->am
D:amores->am
D:amorial->am
D:amorian->am
D:amorians->am
D:amoriation->am
D:amoric->am
D:amorical->am
D:amorican->am
D:amoricane->am
D:amoricans->am
D:amorice->am
D:amoricen->am
D:amoricer->am
D:amorie->am
D:amoriee->am
D:amorien->am
D:amorient->am
D:amorientals->am
D:amories->am
D:amorifer->am
D:amorific->am
D:amoriis->am
D:amorily->am
D:amoring->am
D:amoringis->am
D:amorion->am
D:amoris->am
D:amorise->am
D:amorism->am
D:amorist->am
D:amoriste->am
D:amoristed->am
D:amoristic->am
D:amorists->am
D:amoritiation->am
D:amorities->am
D:amority->am
D:amoriz->am
D:amorizatation->am
D:amorization->am
D:amorizations->am
D:amorize->am
D:amorized->am
D:amorizing->am
D:amorous->am
D:amorouse->am
D:amorously->am
D:amorouslys->am
D:amorousness->am
D:amorousnesse->am
D:amorousnessed->am
D:amorousnesses->am
D:amors->am
D:amorur->am
D:amory->am
D:amoryan->am
D:amoryization->am
D:amoryized->am
D:amoryizing->am
D:amorys->am
D:amous->am
D:amouse->am
D:amoused->am
D:amousement->am
D:amousing->am
D:amously->am
D:amousness->am
D:ams->am
D:amsag->am
D:amsage->am
D:amsal->am
D:amsalary->am
D:amsale->am
D:amsaleee->am
D:amsalers->am
D:amsales->am
D:amsalingan->am
D:amsalist->am
D:amsally->am
D:amsals->am
D:amsan->am
D:amsans->am
D:amsant->am
D:amsat->am
D:amsateurs->am
D:amsats->am
D:amse->am
D:amseal->am
D:amsed->am
D:amsee->am
D:amseeing->am
D:amseize->am
D:amsement->am
D:amsen->am
D:amser->am
D:amseran->am
D:amsere->am
D:amserene->am
D:amserial->am
D:amserican->am
D:amsers->am
D:amses->am
D:amsian->am
D:amsic->am
D:amsif->am
D:amsifag->am
D:amsing->am
D:amsinger->am
D:amsingly->am
D:amsiz->am
D:amslie->am
D:amsly->am
D:amsor->am
D:amsual->am
D:amsur->am
D:amsure->am
D:amth->am
D:amual->am
D:amually->am
D:amuals->am
D:amul->am
D:amulan->am
D:amulance->am
D:amulances->am
D:amulants->am
D:amulat->am
D:amulate->am
D:amulated->am
D:amulation->am
D:amulator->am
D:amulatory->am
D:amule->am
D:amuled->am
D:amulen->am
D:amulence->am
D:amulent->am
D:amuleris->am
D:amules->am
D:amulety->am
D:amulic->am
D:amulis->am
D:amuliv->am
D:amully->am
D:amulous->am
D:amuls->am
D:amum->am
D:amur->am
D:amuragan->am
D:amural->am
D:amuran->am
D:amurane->am
D:amurat->am
D:amuratore->am
D:amure->am
D:amured->am
D:amuren->am
D:amurenis->am
D:amurens->am
D:amures->am
D:amurian->am
D:amurians->am
D:amurican->am
D:amuricans->am
D:amurice->am
D:amuring->am
D:amuris->am
D:amurisan->am
D:amurly->am
D:amurous->am
D:amurs->am
D:amus->am
Q:revolutionary->revolv
D:revolut->revolv
D:revolutanalised->revolv
D:revolutanary->revolv
D:revolutanized->revolv
D:revolutary->revolv
D:revolutation->revolv
D:revolutationary->revolv
D:revolute->revolv
D:revoluted->revolv
D:revolutedly->revolv
D:revolutely->revolv
D:revolutenary->revolv
D:revolutes->revolv
D:revolutianary->revolv
D:revolutianise->revolv
D:revoluticion->revolv
D:revolution->revolv
D:revolutional->revolv
D:revolutionalis->revolv
D:revolutionalise->revolv
D:revolutionalised->revolv
D:revolutionalising->revolv
D:revolutionalist->revolv
D:revolutionalists->revolv
D:revolutionality->revolv
D:revolutionalive->revolv
D:revolutionalize->revolv
D:revolutionalized->revolv
D:revolutionalizes->revolv
D:revolutionalizing->revolv
D:revolutionally->revolv
D:revolutionanize->revolv
D:revolutionarie->revolv
D:revolutionaries->revolv
D:revolutionarily->revolv
D:revolutionariness->revolv
D:revolutionarinesses->revolv
D:revolutionary->revolv
D:revolutionaryen->revolv
D:revolutionaryism->revolv
D:revolutionaryor->revolv
D:revolutionarys->revolv
D:revolutionat->revolv
D:revolutionated->revolv
D:revolutionating->revolv
D:revolutionation->revolv
D:revolutionator->revolv
D:revolutione->revolv
D:revolutioneary->revolv
D:revolutioned->revolv
D:revolutioneden->revolv
D:revolutioneers->revolv
D:revolutionees->revolv
D:revolutionen->revolv
D:revolutionens->revolv
D:revolutionent->revolv
D:revolutioner->revolv
D:revolutionerat->revolv
D:revolutionerats->revolv
D:revolutionere->revolv
D:revolutioners->revolv
D:revolutiones->revolv
D:revolutionic->revolv
D:revolutionical->revolv
D:revolutioning->revolv
D:revolutionionary->revolv
D:revolutionis->revolv
D:revolutionisation->revolv
D:revolutionise->revolv
D:revolutionised->revolv
D:revolutioniser->revolv
D:revolutionises->revolv
D:revolutionish->revolv
D:revolutionising->revolv
D:revolutionism->revolv
D:revolutionisms->revolv
D:revolutionist->revolv
D:revolutionistic->revolv
D:revolutionistore->revolv
D:revolutionists->revolv
D:revolutioniz->revolv
D:revolutionization->revolv
D:revolutionizationing->revolv
D:revolutionize->revolv
D:revolutionized->revolv
D:revolutionizeing->revolv
D:revolutionizement->revolv
D:revolutionizer->revolv
D:revolutionizers->revolv
D:revolutionizes->revolv
D:revolutionizing->revolv
D:revolutionory->revolv
D:revolutions->revolv
D:revolutive->revolv
D:revolutor->revolv
D:revolv->revolv
D:revolva->revolv
D:revolvable->revolv
D:revolvably->revolv
D:revolvar->revolv
D:revolvation->revolv
D:revolvator->revolv
D:revolvatur->revolv
D:revolve->revolv
D:revolved->revolv
D:revolvedor->revolv
D:revolveds->revolv
D:revolvee->revolv
D:revolveer->revolv
D:revolveers->revolv
D:revolvees->revolv
D:revolveing->revolv
D:revolvement->revolv
D:revolvements->revolv
D:revolven->revolv
D:revolvency->revolv
D:revolvens->revolv
D:revolvente->revolv
D:revolver->revolv
D:revolverate->revolv
D:revolveration->revolv
D:revolvere->revolv
D:revolverer->revolv
D:revolveres->revolv
D:revolvers->revolv
D:revolves->revolv
D:revolvi->revolv
D:revolvia->revolv
D:revolving->revolv
D:revolvings->revolv
D:revolvis->revolv
D:revolvist->revolv
D:revolviste->revolv
D:revolvity->revolv
D:revolvor->revolv
D:revolvors->revolv
D:revolvur->revolv
<query> the american revolutionary</query><numhits>10</numhits><time>7374</time>
</ATIREsearch>
<ATIREsearch>
D:folk->folk
D:folka->folk
D:folkabilly->folk
D:folkage->folk
D:folkagency->folk
D:folkal->folk
D:folkale->folk
D:folkales->folk
D:folkalliance->folk
D:folkals->folk
D:folkan->folk
D:folkancing->folk
D:folkanization->folk
D:folkar->folk
D:folkare->folk
D:folkateers->folk
D:folke->folk
D:folked->folk
D:folkedal->folk
D:folkedans->folk
D:folkees->folk
D:folken->folk
D:folkenator->folk
D:folkene->folk
D:folkener->folk
D:folkenes->folk
D:folkening->folk
D:folkens->folk
D:folker->folk
D:folkers->folk
D:folkes->folk
D:folki->folk
D:folkia->folk
D:folkic->folk
D:folkife->folk
D:folkified->folk
D:folkifized->folk
D:folking->folk
D:folkis->folk
D:folkish->folk
D:folkishly->folk
D:folkishness->folk
D:folkishnesses->folk
D:folkism->folk
D:folkisms->folk
D:folkist->folk
D:folkists->folk
D:folkities->folk
D:folkization->folk
D:folklie->folk
D:folklieder->folk
D:folkly->folk
D:folkness->folk
D:folkor->folk
D:folkore->folk
D:folkores->folk
D:folkoric->folk
D:folkoriness->folk
D:folkorism->folk
D:folkorist->folk
D:folkoristic->folk
D:folkorists->folk
D:folks->folk
D:folksat->folk
D:folkse->folk
D:folkseating->folk
D:folkseer->folk
D:folksementic->folk
D:folksen->folk
D:folkses->folk
D:folksification->folk
D:folksing->folk
D:folksinger->folk
D:folksingers->folk
D:folksinging->folk
D:folksingings->folk
D:folksings->folk
D:folksism->folk
D:folksly->folk
D:folksor->folk
D:folkur->folk
D:folkus->folk
Q:remedies->remedy
D:remediabile->remedy
D:remediabilities->remedy
D:remediability->remedy
D:remediable->remedy
D:remediableness->remedy
D:remediables->remedy
D:remediably->remedy
D:remediance->remedy
D:remediant->remedy
D:remediat->remedy
D:remediate->remedy
D:remediated->remedy
D:remediates->remedy
D:remediating->remedy
D:remediation->remedy
D:remediational->remedy
D:remediatione->remedy
D:remediations->remedy
D:remediative->remedy
D:remediatization->remedy
D:remediator->remedy
D:remediators->remedy
D:remediatory->remedy
D:remediatre->remedy
D:remedie->remedy
D:remedieal->remedy
D:remedied->remedy
D:remedieds->remedy
D:remediee->remedy
D:remedien->remedy
D:remedience->remedy
D:remedient->remedy
D:remediential->remedy
D:remedier->remedy
D:remediere->remedy
D:remedieren->remedy
D:remediering->remedy
D:remedies->remedy
D:remediesalan->remedy
D:remediese->remedy
D:remediis->remedy
D:remedious->remedy
D:remedy->remedy
D:remedya->remedy
D:remedyagency->remedy
D:remedye->remedy
D:remedyed->remedy
D:remedyent->remedy
D:remedyes->remedy
D:remedying->remedy
D:remedyingment->remedy
D:remedyment->remedy
D:remedyor->remedy
D:remedys->remedy
D:remedysales->remedy
D:remedyus->remedy
D:sore->sore
D:sorea->sore
D:soreal->sore
D:sorealistic->sore
D:sorealistically->sore
D:soreality->sore
D:soreally->sore
D:sorean->sore
D:soreatane->sore
D:soree->sore
D:soreee->sore
D:soreeee->sore
D:soreeeee->sore
D:soreeeeee->sore
D:soreeeeeeeeeee->sore
D:soreeeeeeeeeeeeeeeee->sore
D:soreely->sore
D:sorefully->sore
D:sorei->sore
D:soreia->sore
D:soreing->sore
D:soreish->sore
D:soreities->sore
D:soreiz->sore
D:sorelie->sore
D:sorely->sore
D:sorelys->sore
D:soreness->sore
D:sorenesse->sore
D:sorenesses->sore
D:soreority->sore
D:sores->sore
D:sorese->sore
D:soresen->sore
D:soresore->sore
D:soreth->sore
Q:throat->thro
D:thro->thro
D:throa->thro
D:throag->thro
D:throal->thro
D:throalian->thro
D:throalic->thro
D:throan->thro
D:throans->thro
D:throar->thro
D:throary->thro
D:throat->thro
D:throatable->thro
D:throatal->thro
D:throate->thro
D:throated->thro
D:throatedly->thro
D:throatedness->thro
D:throateds->thro
D:throatee->thro
D:throater->thro
D:throaters->thro
D:throates->thro
D:throatful->thro
D:throatfuls->thro
D:throatian->thro
D:throaticated->thro
D:throating->thro
D:throatingness->thro
D:throatish->thro
D:throatness->thro
D:throator->thro
D:throatr->thro
D:throatred->thro
D:throatriver->thro
D:throats->thro
D:throe->thro
D:throeat->thro
D:throed->thro
D:throeing->thro
D:throener->thro
D:throens->thro
D:throer->thro
D:throes->thro
D:throi->thro
D:throia->thro
D:throing->thro
D:throion->thro
D:throis->thro
D:throist->thro
D:throium->thro
D:throly->thro
D:throness->thro
D:thronesse->thro
D:throor->thro
D:thros->thro
D:throsat->thro
D:throse->thro
D:throsen->thro
D:throsic->thro
D:throsing->thro
D:throth->thro
D:throurally->thro
<query> folk remedies sore throat</query><numhits>10</numhits><time>1773</time>
</ATIREsearch>
<ATIREsearch>
Q:balding->bald
D:bald->bald
D:balda->bald
D:baldacious->bald
D:baldaciously->bald
D:baldag->bald
D:baldage->bald
D:baldal->bald
D:baldaling->bald
D:baldan->bald
D:baldanian->bald
D:baldans->bald
D:baldante->bald
D:baldar->bald
D:baldare->bald
D:baldares->bald
D:baldarian->bald
D:baldaris->bald
D:baldars->bald
D:baldarys->bald
D:baldat->bald
D:baldatal->bald
D:baldatan->bald
D:baldate->bald
D:baldd->bald
D:baldder->bald
D:balddere->bald
D:baldders->bald
D:balddis->bald
D:balddness->bald
D:balddor->bald
D:balde->bald
D:baldealer->bald
D:baldean->bald
D:balded->bald
D:baldeds->bald
D:baldee->bald
D:baldeer->bald
D:balden->bald
D:baldeness->bald
D:baldens->bald
D:balder->bald
D:balderal->bald
D:balderee->bald
D:balderen->bald
D:balderer->bald
D:balderes->bald
D:balderian->bald
D:balderic->bald
D:balderis->bald
D:balderist->bald
D:balderized->bald
D:balderizing->bald
D:balders->bald
D:baldes->bald
D:baldi->bald
D:baldia->bald
D:baldian->bald
D:baldic->bald
D:baldify->bald
D:balding->bald
D:baldinge->bald
D:baldingen->bald
D:baldinger->bald
D:baldingers->bald
D:baldings->bald
D:baldion->bald
D:baldis->bald
D:baldish->bald
D:baldishes->bald
D:baldism->bald
D:baldistan->bald
D:baldistic->bald
D:baldists->bald
D:baldives->bald
D:baldivis->bald
D:baldiz->bald
D:baldizan->bald
D:baldly->bald
D:baldness->bald
D:baldnesse->bald
D:baldnesses->bald
D:baldor->bald
D:baldoran->bald
D:baldororeliance->bald
D:baldors->bald
D:baldory->bald
D:balds->bald
D:baldses->bald
D:baldsly->bald
D:baldur->bald
D:balduran->bald
D:baldure->bald
D:baldures->bald
D:balduris->bald
D:baldurized->bald
D:baldurizing->bald
D:baldurs->bald
D:baldus->bald
D:cure->cure
D:curea->cure
D:cureable->cure
D:cureables->cure
D:cureage->cure
D:cureageous->cure
D:cureal->cure
D:cureals->cure
D:curean->cure
D:cureated->cure
D:cureates->cure
D:cureation->cure
D:cureative->cure
D:curee->cure
D:cureee->cure
D:cureeee->cure
D:cureeeeee->cure
D:cureency->cure
D:cureent->cure
D:cureently->cure
D:cureeous->cure
D:cureer->cure
D:cureers->cure
D:curees->cure
D:curei->cure
D:cureial->cure
D:cureic->cure
D:cureing->cure
D:cureis->cure
D:cureiz->cure
D:curely->cure
D:curement->cure
D:cureness->cure
D:cureous->cure
D:cureouser->cure
D:cureousity->cure
D:cures->cure
D:curesan->cure
D:curese->cure
D:cureseal->cure
D:cureseating->cure
D:curesed->cure
D:cureseeing->cure
D:cureses->cure
D:curesif->cure
D:curesing->cure
D:curesor->cure
D:cureth->cure
D:cureus->cure
<query> balding cure</query><numhits>10</numhits><time>715</time>
</ATIREsearch>
<ATIREsearch>
Q:evidence->evid
D:evid->evid
D:evida->evid
D:evidal->evid
D:evidan->evid
D:evidance->evid
D:evidanced->evid
D:evidances->evid
D:evidanes->evid
D:evidant->evid
D:evidants->evid
D:evidareal->evid
D:eviddence->evid
D:eviddences->evid
D:eviddent->evid
D:eviddently->evid
D:evidding->evid
D:evide->evid
D:evidean->evid
D:evideance->evid
D:evided->evid
D:evideence->evid
D:evideent->evid
D:evideently->evid
D:evidely->evid
D:evidement->evid
D:eviden->evid
D:evidenc->evid
D:evidence->evid
D:evidenceat->evid
D:evidenced->evid
D:evidencedance->evid
D:evidenceduring->evid
D:evidencee->evid
D:evidenceee->evid
D:evidenceeee->evid
D:evidenceif->evid
D:evidenceis->evid
D:evidencen->evid
D:evidencenancy->evid
D:evidencenter->evid
D:evidencer->evid
D:evidences->evid
D:evidencial->evid
D:evidenciales->evid
D:evidencian->evid
D:evidenciary->evid
D:evidencie->evid
D:evidencies->evid
D:evidenciness->evid
D:evidencing->evid
D:evidencis->evid
D:evidencs->evid
D:evidency->evid
D:evidene->evid
D:evidened->evid
D:evidenees->evid
D:evidenence->evid
D:evidenes->evid
D:evidenice->evid
D:evidenly->evid
D:evidenment->evid
D:evidens->evid
D:evident->evid
D:evidental->evid
D:evidentalist->evid
D:evidentally->evid
D:evidentary->evid
D:evidente->evid
D:evidented->evid
D:evidentely->evid
D:evidentemente->evid
D:evidenten->evid
D:evidenter->evid
D:evidentes->evid
D:evidential->evid
D:evidentialiality->evid
D:evidentialism->evid
D:evidentialisme->evid
D:evidentialist->evid
D:evidentialistic->evid
D:evidentialists->evid
D:evidentiality->evid
D:evidentially->evid
D:evidentials->evid
D:evidention->evid
D:evidentionary->evid
D:evidentist->evid
D:evidentists->evid
D:evidently->evid
D:evidentment->evid
D:evidentness->evid
D:evidentnesses->evid
D:evidents->evid
D:evidentual->evid
D:evidentually->evid
D:evidentur->evid
D:evidenturary->evid
D:evider->evid
D:evidere->evid
D:evides->evid
D:evidian->evid
D:evidice->evid
D:evidivence->evid
D:evidizan->evid
D:evidor->evid
D:evids->evid
D:evij->evid
D:evijag->evid
D:evijan->evid
D:evijence->evid
D:evijences->evid
D:evijis->evid
D:evijs->evid
D:evision->evid
D:evisionary->evid
D:evisione->evid
D:evisioned->evid
D:evisioner->evid
D:evisioning->evid
D:evisionism->evid
D:evisionist->evid
D:evisions->evid
D:for->for
Q:evolution->evolv
D:evolut->evolv
D:evolutan->evolv
D:evolutary->evolv
D:evolutation->evolv
D:evolutationary->evolv
D:evolutations->evolv
D:evolute->evolv
D:evoluted->evolv
D:evoluten->evolv
D:evoluteners->evolv
D:evoluter->evolv
D:evoluters->evolv
D:evolutes->evolv
D:evoluteur->evolv
D:evolutian->evolv
D:evolutianary->evolv
D:evolutianity->evolv
D:evolutic->evolv
D:evolutif->evolv
D:evolutifs->evolv
D:evoluting->evolv
D:evolution->evolv
D:evolutionabilene->evolv
D:evolutional->evolv
D:evolutionalists->evolv
D:evolutionalize->evolv
D:evolutionalized->evolv
D:evolutionally->evolv
D:evolutionaries->evolv
D:evolutionarily->evolv
D:evolutionariness->evolv
D:evolutionary->evolv
D:evolutionaryagent->evolv
D:evolutionaryeating->evolv
D:evolutionarys->evolv
D:evolutionat->evolv
D:evolutionate->evolv
D:evolutionated->evolv
D:evolutionator->evolv
D:evolutione->evolv
D:evolutioned->evolv
D:evolutioneden->evolv
D:evolutioneer->evolv
D:evolutionen->evolv
D:evolutionens->evolv
D:evolutionent->evolv
D:evolutioner->evolv
D:evolutioning->evolv
D:evolutionionary->evolv
D:evolutionis->evolv
D:evolutionise->evolv
D:evolutionised->evolv
D:evolutionises->evolv
D:evolutionising->evolv
D:evolutionism->evolv
D:evolutionisme->evolv
D:evolutionismen->evolv
D:evolutionisms->evolv
D:evolutionist->evolv
D:evolutioniste->evolv
D:evolutionisten->evolv
D:evolutionistic->evolv
D:evolutionistically->evolv
D:evolutionists->evolv
D:evolutioniv->evolv
D:evolutioniz->evolv
D:evolutionization->evolv
D:evolutionize->evolv
D:evolutionized->evolv
D:evolutionizer->evolv
D:evolutionizes->evolv
D:evolutionizing->evolv
D:evolutions->evolv
D:evolutis->evolv
D:evolutism->evolv
D:evolutiv->evolv
D:evolutive->evolv
D:evolutiveer->evolv
D:evolutively->evolv
D:evolutives->evolv
D:evolutivity->evolv
D:evolutor->evolv
D:evolutors->evolv
D:evolutory->evolv
D:evolutrans->evolv
D:evoluture->evolv
D:evolutures->evolv
D:evolv->evolv
D:evolva->evolv
D:evolvability->evolv
D:evolvable->evolv
D:evolvables->evolv
D:evolvan->evolv
D:evolvation->evolv
D:evolvatur->evolv
D:evolve->evolv
D:evolveability->evolv
D:evolveable->evolv
D:evolveagene->evolv
D:evolveat->evolv
D:evolveation->evolv
D:evolved->evolv
D:evolvedan->evolv
D:evolvedance->evolv
D:evolvedant->evolv
D:evolveded->evolv
D:evolvedmentality->evolv
D:evolvedness->evolv
D:evolveds->evolv
D:evolvee->evolv
D:evolveee->evolv
D:evolveeeee->evolv
D:evolveent->evolv
D:evolvees->evolv
D:evolveing->evolv
D:evolveions->evolv
D:evolveist->evolv
D:evolvement->evolv
D:evolvementoring->evolv
D:evolvements->evolv
D:evolven->evolv
D:evolvence->evolv
D:evolvent->evolv
D:evolventity->evolv
D:evolvents->evolv
D:evolver->evolv
D:evolvere->evolv
D:evolveredes->evolv
D:evolveres->evolv
D:evolvers->evolv
D:evolves->evolv
D:evolvi->evolv
D:evolvia->evolv
D:evolvian->evolv
D:evolvic->evolv
D:evolvics->evolv
D:evolvification->evolv
D:evolvified->evolv
D:evolvify->evolv
D:evolving->evolv
D:evolvingagency->evolv
D:evolvingat->evolv
D:evolvinged->evolv
D:evolvingent->evolv
D:evolvingentity->evolv
D:evolvinging->evolv
D:evolvingly->evolv
D:evolvingmentality->evolv
D:evolvings->evolv
D:evolvion->evolv
D:evolvis->evolv
D:evolvist->evolv
D:evolviste->evolv
D:evolvisual->evolv
D:evolvity->evolv
D:evolvment->evolv
D:evolvments->evolv
D:evolvor->evolv
D:evolvors->evolv
D:evolvs->evolv
D:evolvum->evolv
D:evolvus->evolv
<query> evidence for evolution</query><numhits>10</numhits><time>3545</time>
</ATIREsearch>
<ATIREsearch>
Q:tribe->trib
D:trib->trib
D:triba->trib
D:tribable->trib
D:tribablism->trib
D:tribag->trib
D:tribags->trib
D:tribal->trib
D:tribalagan->trib
D:tribalalliance->trib
D:tribalan->trib
D:tribalance->trib
D:tribalanced->trib
D:tribalane->trib
D:tribalat->trib
D:tribalation->trib
D:tribale->trib
D:tribalean->trib
D:tribaled->trib
D:tribalementale->trib
D:tribalen->trib
D:tribalene->trib
D:tribalentities->trib
D:tribales->trib
D:tribalhood->trib
D:tribalic->trib
D:tribaling->trib
D:tribalis->trib
D:tribalisation->trib
D:tribalisations->trib
D:tribalise->trib
D:tribalised->trib
D:tribalish->trib
D:tribalising->trib
D:tribalism->trib
D:tribalisme->trib
D:tribalisms->trib
D:tribalist->trib
D:tribaliste->trib
D:tribalister->trib
D:tribalistic->trib
D:tribalists->trib
D:tribality->trib
D:tribalive->trib
D:tribalization->trib
D:tribalize->trib
D:tribalized->trib
D:tribalizer->trib
D:tribalizes->trib
D:tribalizing->trib
D:tribally->trib
D:tribalness->trib
D:tribals->trib
D:triban->trib
D:tribane->trib
D:tribanial->trib
D:tribant->trib
D:tribar->trib
D:tribars->trib
D:tribate->trib
D:tribator->trib
D:tribb->trib
D:tribbal->trib
D:tribbe->trib
D:tribbed->trib
D:tribbee->trib
D:tribber->trib
D:tribbers->trib
D:tribbes->trib
D:tribbianis->trib
D:tribbing->trib
D:tribbis->trib
D:tribbiz->trib
D:tribbs->trib
D:tribe->trib
D:tribeagency->trib
D:tribeal->trib
D:tribealization->trib
D:tribeanize->trib
D:tribeary->trib
D:tribeat->trib
D:tribeatan->trib
D:tribed->trib
D:tribedance->trib
D:tribee->trib
D:tribeer->trib
D:tribeful->trib
D:tribeism->trib
D:tribely->trib
D:triben->trib
D:tribenation->trib
D:tribene->trib
D:tribenee->trib
D:tribeness->trib
D:tribent->trib
D:tribents->trib
D:triber->trib
D:triberal->trib
D:triberat->trib
D:triberen->trib
D:triberian->trib
D:triberis->trib
D:triberising->trib
D:triberize->trib
D:tribers->trib
D:tribes->trib
D:tribeur->trib
D:tribi->trib
D:tribia->trib
D:tribial->trib
D:tribialism->trib
D:tribials->trib
D:tribian->trib
D:tribiane->trib
D:tribianis->trib
D:tribing->trib
D:tribion->trib
D:tribis->trib
D:tribish->trib
D:tribism->trib
D:tribists->trib
D:tribisur->trib
D:tribity->trib
D:tribium->trib
D:tribivan->trib
D:tribiz->trib
D:tribor->trib
D:triborate->trib
D:tribore->trib
D:triboren->trib
D:tribors->trib
D:tribs->trib
D:tribsal->trib
D:tribseer->trib
D:tribsees->trib
D:tribsen->trib
D:tribual->trib
D:tribualation->trib
D:tribually->trib
D:tribuals->trib
D:tribul->trib
D:tribulan->trib
D:tribulans->trib
D:tribulant->trib
D:tribulantes->trib
D:tribulat->trib
D:tribulate->trib
D:tribulated->trib
D:tribulates->trib
D:tribulateur->trib
D:tribulating->trib
D:tribulation->trib
D:tribulational->trib
D:tribulationalism->trib
D:tribulationalist->trib
D:tribulationalists->trib
D:tribulationally->trib
D:tribulatione->trib
D:tribulationes->trib
D:tribulationis->trib
D:tribulationish->trib
D:tribulationism->trib
D:tribulationist->trib
D:tribulationists->trib
D:tribulations->trib
D:tribulatis->trib
D:tribulator->trib
D:tribulatoris->trib
D:tribulators->trib
D:tribule->trib
D:tribules->trib
D:tribulis->trib
D:tribulizing->trib
D:tribulor->trib
D:tribulous->trib
D:tribuls->trib
D:tribum->trib
D:tribur->trib
D:triburant->trib
D:triburaries->trib
D:triburary->trib
D:tribure->trib
D:tribures->trib
D:tribus->trib
D:tript->trib
D:triptable->trib
D:triptagic->trib
D:triptal->trib
D:triptalents->trib
D:triptales->trib
D:triptan->trib
D:triptane->trib
D:triptaner->trib
D:triptanes->trib
D:triptans->trib
D:tripted->trib
D:triptee->trib
D:triptene->trib
D:triptent->trib
D:tripter->trib
D:tripteral->trib
D:tripteris->trib
D:tripterous->trib
D:triptic->trib
D:triptical->trib
D:triptice->trib
D:triptics->trib
D:triptifan->trib
D:triptifed->trib
D:triptis->trib
D:triptish->trib
D:triptivities->trib
D:triptor->trib
D:triptorial->trib
D:triptory->trib
D:triptr->trib
D:triptree->trib
D:tripts->trib
D:triptur->trib
Q:formerly->form
D:form->form
D:forma->form
D:formabilities->form
D:formability->form
D:formable->form
D:formables->form
D:formably->form
D:formacie->form
D:formag->form
D:formagan->form
D:formage->form
D:formagency->form
D:formagene->form
D:formagenis->form
D:formagent->form
D:formager->form
D:formages->form
D:formagic->form
D:formagicians->form
D:formagor->form
D:formal->form
D:formalan->form
D:formalarie->form
D:formalary->form
D:formalat->form
D:formalate->form
D:formalated->form
D:formalates->form
D:formalation->form
D:formalations->form
D:formalatory->form
D:formale->form
D:formaled->form
D:formalen->form
D:formalene->form
D:formalentity->form
D:formaler->form
D:formales->form
D:formalic->form
D:formalis->form
D:formalisability->form
D:formalisable->form
D:formalisant->form
D:formalisat->form
D:formalisation->form
D:formalisations->form
D:formalise->form
D:formalised->form
D:formalisee->form
D:formalisees->form
D:formalisent->form
D:formaliser->form
D:formaliserat->form
D:formaliserats->form
D:formaliseres->form
D:formalisering->form
D:formaliseringen->form
D:formalisers->form
D:formalises->form
D:formalish->form
D:formalisically->form
D:formalising->form
D:formalism->form
D:formalisme->form
D:formalismen->form
D:formalismes->form
D:formalisms->form
D:formalist->form
D:formaliste->form
D:formalisten->form
D:formalistic->form
D:formalistically->form
D:formalists->form
D:formalitie->form
D:formalities->form
D:formality->form
D:formalityes->form
D:formalitys->form
D:formalive->form
D:formaliz->form
D:formalizability->form
D:formalizable->form
D:formalizan->form
D:formalization->form
D:formalizations->form
D:formalize->form
D:formalizeable->form
D:formalized->form
D:formalizees->form
D:formalizer->form
D:formalizers->form
D:formalizes->form
D:formalizing->form
D:formally->form
D:formalment->form
D:formalmente->form
D:formalmentemente->form
D:formalness->form
D:formalor->form
D:formals->form
D:forman->form
D:formanage->form
D:formanaged->form
D:formanagement->form
D:formanager->form
D:formanagerial->form
D:formanagers->form
D:formanaging->form
D:formanc->form
D:formance->form
D:formancere->form
D:formances->form
D:formancion->form
D:formane->form
D:formaner->form
D:formanes->form
D:formaniferan->form
D:formaniferans->form
D:formans->form
D:formanship->form
D:formant->form
D:formante->form
D:formanten->form
D:formanter->form
D:formantes->form
D:formantic->form
D:formanticor->form
D:formantics->form
D:formantion->form
D:formantions->form
D:formants->form
D:formantur->form
D:formar->form
D:formaran->form
D:formare->form
D:formareatr->form
D:formared->form
D:formareds->form
D:formarentur->form
D:formarion->form
D:formaris->form
D:formariz->form
D:formarly->form
D:formars->form
D:formary->form
D:format->form
D:formatable->form
D:formatage->form
D:formatages->form
D:formatan->form
D:formatanes->form
D:formatat->form
D:formatated->form
D:formatating->form
D:formatation->form
D:formatats->form
D:formate->form
D:formatean->form
D:formated->form
D:formatedate->form
D:formatee->form
D:formatees->form
D:formaten->form
D:formater->form
D:formaterat->form
D:formaterats->form
D:formatere->form
D:formaterer->form
D:formateres->form
D:formaterials->form
D:formatering->form
D:formateringen->form
D:formateringer->form
D:formaters->form
D:formates->form
D:formateur->form
D:formateurs->form
D:formatic->form
D:formatically->form
D:formatics->form
D:formatif->form
D:formating->form
D:formatings->form
D:formation->form
D:formational->form
D:formationalliance->form
D:formationally->form
D:formatione->form
D:formationed->form
D:formationen->form
D:formationer->form
D:formationes->form
D:formationing->form
D:formationis->form
D:formationist->form
D:formations->form
D:formationship->form
D:formatis->form
D:formatist->form
D:formativ->form
D:formative->form
D:formatively->form
D:formativen->form
D:formativeness->form
D:formatives->form
D:formativism->form
D:formativity->form
D:formatization->form
D:formatize->form
D:formatizing->form
D:formatly->form
D:formator->form
D:formatore->form
D:formatorily->form
D:formatoring->form
D:formatorions->form
D:formators->form
D:formatorurer->form
D:formatoruring->form
D:formatory->form
D:formatr->form
D:formatrans->form
D:formatrate->form
D:formatreal->form
D:formatred->form
D:formatrice->form
D:formatrices->form
D:formatring->form
D:formatrion->form
D:formatris->form
D:formatriver->form
D:formatrs->form
D:formats->form
D:formatur->form
D:formature->form
D:forme->form
D:formeable->form
D:formeal->form
D:formean->form
D:formeans->form
D:formeat->form
D:formed->form
D:formede->form
D:formeden->form
D:formeder->form
D:formedes->form
D:formedic->form
D:formedical->form
D:formedis->form
D:formedness->form
D:formeds->form
D:formee->form
D:formeee->form
D:formeeeeeee->form
D:formeer->form
D:formees->form
D:formeister->form
D:formeliese->form
D:formely->form
D:formen->form
D:formenager->form
D:formenator->form
D:formene->form
D:formeness->form
D:formening->form
D:formenism->form
D:formens->form
D:former->form
D:formerally->form
D:formere->form
D:formereal->form
D:formered->form
D:formerely->form
D:formeren->form
D:formerent->form
D:formerer->form
D:formererer->form
D:formerif->form
D:formering->form
D:formeringen->form
D:formeris->form
D:formerlie->form
D:formerlies->form
D:formerly->form
D:formerlyan->form
D:formerlye->form
D:formerlys->form
D:formerness->form
D:formers->form
D:formership->form
D:formes->form
D:formful->form
D:formfulness->form
D:formi->form
D:formia->form
D:formian->form
D:formians->form
D:formible->form
D:formic->form
D:formicable->form
D:formical->form
D:formican->form
D:formicans->form
D:formicaries->form
D:formicary->form
D:formicatable->form
D:formicate->form
D:formicates->form
D:formicating->form
D:formication->form
D:formications->form
D:formicator->form
D:formicatory->form
D:formice->form
D:formicis->form
D:formicivores->form
D:formicivorous->form
D:formicory->form
D:formics->form
D:formif->form
D:formification->form
D:forming->form
D:formingal->form
D:forminge->form
D:forminger->form
D:forminging->form
D:formingity->form
D:formingly->form
D:formings->form
D:formion->form
D:formionis->form
D:formions->form
D:formique->form
D:formiquen->form
D:formis->form
D:formisan->form
D:formise->form
D:formish->form
D:formism->form
D:formisme->form
D:formist->form
D:formiste->form
D:formister->form
D:formistes->form
D:formistic->form
D:formistry->form
D:formists->form
D:formitie->form
D:formities->form
D:formity->form
D:formium->form
D:formiv->form
D:formivate->form
D:formivore->form
D:formly->form
D:formm->form
D:formmag->form
D:formmagic->form
D:formmal->form
D:formman->form
D:formmanagement->form
D:formmanager->form
D:formmat->form
D:formmate->form
D:formmated->form
D:formmater->form
D:formmaterials->form
D:formmates->form
D:formmatic->form
D:formmating->form
D:formmatings->form
D:formmation->form
D:formmats->form
D:formme->form
D:formmeaning->form
D:formmeans->form
D:formmed->form
D:formmedical->form
D:formmeister->form
D:formmen->form
D:formment->form
D:formmer->form
D:formming->form
D:formmore->form
D:formms->form
D:formness->form
D:formor->form
D:formoral->form
D:formorator->form
D:formore->form
D:formorean->form
D:formoree->form
D:formorer->form
D:formorial->form
D:formorian->form
D:formorians->form
D:formorly->form
D:formors->form
D:formous->form
D:forms->form
D:formsal->form
D:formsan->form
D:formsans->form
D:formsante->form
D:formse->form
D:formseal->form
D:formsed->form
D:formserialize->form
D:formserializer->form
D:formses->form
D:formsif->form
D:formsize->form
D:formsly->form
D:formsure->form
D:formth->form
D:formual->form
D:formualated->form
D:formualation->form
D:formualations->form
D:formuale->form
D:formualized->form
D:formuals->form
D:formul->form
D:formulable->form
D:formulagal->form
D:formulalist->form
D:formulalists->form
D:formulals->form
D:formulan->form
D:formulant->form
D:formulants->form
D:formularie->form
D:formularies->form
D:formularious->form
D:formulary->form
D:formulat->form
D:formulatable->form
D:formulatables->form
D:formulate->form
D:formulated->form
D:formulatedis->form
D:formulater->form
D:formulaters->form
D:formulates->form
D:formulatic->form
D:formulating->form
D:formulation->form
D:formulational->form
D:formulationif->form
D:formulations->form
D:formulatis->form
D:formulative->form
D:formulatized->form
D:formulator->form
D:formulators->form
D:formulatory->form
D:formulatrics->form
D:formulats->form
D:formule->form
D:formuled->form
D:formulede->form
D:formulee->form
D:formuleer->form
D:formulees->form
D:formuleic->form
D:formulen->form
D:formulent->form
D:formuler->form
D:formulerat->form
D:formulerats->form
D:formulere->form
D:formulerede->form
D:formuleren->form
D:formulerer->form
D:formuleres->form
D:formulering->form
D:formuleringen->form
D:formuleringer->form
D:formulerings->form
D:formulers->form
D:formules->form
D:formuling->form
D:formulis->form
D:formulisation->form
D:formulise->form
D:formulised->form
D:formulising->form
D:formulism->form
D:formulisms->form
D:formulist->form
D:formulistic->form
D:formulistically->form
D:formulists->form
D:formulization->form
D:formulizations->form
D:formulize->form
D:formulized->form
D:formulizers->form
D:formulizing->form
D:formulor->form
D:formuls->form
D:formum->form
D:formur->form
D:formuration->form
D:formure->form
D:formus->form
D:living->living
D:livinga->living
D:livingagency->living
D:livingagents->living
D:livingalliance->living
D:livingan->living
D:livingare->living
D:livingareality->living
D:livingat->living
D:livinge->living
D:livinged->living
D:livingedens->living
D:livingen->living
D:livingentities->living
D:livingentity->living
D:livinger->living
D:livingers->living
D:livingfully->living
D:livingg->living
D:livinggently->living
D:livinghood->living
D:livingi->living
D:livingice->living
D:livingif->living
D:livinging->living
D:livingis->living
D:livinglie->living
D:livinglies->living
D:livingliifeee->living
D:livinglily->living
D:livingly->living
D:livingness->living
D:livings->living
D:livingsanely->living
D:livingserenity->living
D:livingsize->living
D:livingsurance->living
D:livingsure->living
D:livingth->living
D:in->in
D:ina->in
D:inabil->in
D:inabile->in
D:inabilene->in
D:inabilitie->in
D:inabilities->in
D:inability->in
D:inabilitys->in
D:inabl->in
D:inablative->in
D:inable->in
D:inabled->in
D:inabler->in
D:inablers->in
D:inables->in
D:inabliity->in
D:inabling->in
D:inablities->in
D:inablity->in
D:inably->in
D:inag->in
D:inagalur->in
D:inagan->in
D:inagate->in
D:inage->in
D:inageants->in
D:inaged->in
D:inagee->in
D:inagen->in
D:inagenary->in
D:inagencies->in
D:inagency->in
D:inagencys->in
D:inagent->in
D:inagents->in
D:inages->in
D:inagiceat->in
D:inagif->in
D:inaging->in
D:inagist->in
D:inagivity->in
D:inagualable->in
D:inagural->in
D:inaguraling->in
D:inagurally->in
D:inagurate->in
D:inagurated->in
D:inagurates->in
D:inagurating->in
D:inaguration->in
D:inagurational->in
D:inagurations->in
D:inagure->in
D:inaguree->in
D:inagurual->in
D:inagururation->in
D:inal->in
D:inalal->in
D:inalan->in
D:inalater->in
D:inalation->in
D:inalatore->in
D:inalatorie->in
D:inale->in
D:inaleable->in
D:inalee->in
D:inalen->in
D:inalenable->in
D:inaler->in
D:inalers->in
D:inalian->in
D:inalianable->in
D:inalice->in
D:inaling->in
D:inalion->in
D:inalis->in
D:inalisan->in
D:inalise->in
D:inalising->in
D:inalisme->in
D:inalist->in
D:inalists->in
D:inality->in
D:inalive->in
D:inalize->in
D:inalized->in
D:inalizing->in
D:inalliance->in
D:inallienable->in
D:inally->in
D:inals->in
D:inan->in
D:inanacies->in
D:inanage->in
D:inanal->in
D:inanan->in
D:inanance->in
D:inananities->in
D:inanate->in
D:inanator->in
D:inanc->in
D:inance->in
D:inanced->in
D:inancer->in
D:inances->in
D:inancial->in
D:inancially->in
D:inancials->in
D:inancient->in
D:inancier->in
D:inanciers->in
D:inancing->in
D:inancs->in
D:inancy->in
D:inane->in
D:inanely->in
D:inaneness->in
D:inanenly->in
D:inaner->in
D:inanes->in
D:inanicion->in
D:inanis->in
D:inanisme->in
D:inanisms->in
D:inanitiate->in
D:inanitiation->in
D:inanitie->in
D:inanities->in
D:inanity->in
D:inanly->in
D:inans->in
D:inant->in
D:inante->in
D:inantly->in
D:inantor->in
D:inants->in
D:inanual->in
D:inanuran->in
D:inar->in
D:inarable->in
D:inarage->in
D:inaral->in
D:inaran->in
D:inare->in
D:inareal->in
D:inareality->in
D:inared->in
D:inaree->in
D:inares->in
D:inarial->in
D:inarian->in
D:inarians->in
D:inariants->in
D:inarily->in
D:inaring->in
D:inarion->in
D:inaris->in
D:inarisan->in
D:inarishian->in
D:inariv->in
D:inarization->in
D:inarly->in
D:inars->in
D:inarual->in
D:inary->in
D:inaryal->in
D:inat->in
D:inatal->in
D:inatalation->in
D:inatan->in
D:inatance->in
D:inatances->in
D:inatant->in
D:inatantan->in
D:inatantly->in
D:inate->in
D:inateate->in
D:inated->in
D:inatee->in
D:inately->in
D:inateness->in
D:inatent->in
D:inatention->in
D:inatentive->in
D:inatentiveness->in
D:inater->in
D:inaterantionalizing->in
D:inateration->in
D:inaterative->in
D:inaterlieren->in
D:inates->in
D:inatial->in
D:inatialization->in
D:inatialize->in
D:inatials->in
D:inating->in
D:inatingiveis->in
D:ination->in
D:inational->in
D:inationality->in
D:inations->in
D:inatis->in
D:inative->in
D:inatives->in
D:inatment->in
D:inator->in
D:inatorer->in
D:inators->in
D:inatory->in
D:inatrance->in
D:inatree->in
D:inatrice->in
D:inats->in
D:inatur->in
D:inatural->in
D:inaturalist->in
D:inaturate->in
D:inature->in
D:inatures->in
D:ine->in
D:ineag->in
D:ineagan->in
D:ineage->in
D:ineages->in
D:ineal->in
D:inealal->in
D:inean->in
D:ineans->in
D:ineant->in
D:inearyal->in
D:ineat->in
D:ineater->in
D:ineatial->in
D:ineatialization->in
D:ineation->in
D:ined->in
D:inedable->in
D:inedal->in
D:inedale->in
D:inede->in
D:ineded->in
D:ineden->in
D:inedentors->in
D:inederal->in
D:inedes->in
D:inedian->in
D:inedians->in
D:inedic->in
D:inedicabilis->in
D:inedicated->in
D:inedicator->in
D:inedices->in
D:inedione->in
D:inedis->in
D:inedly->in
D:ineds->in
D:inee->in
D:ineeal->in
D:ineee->in
D:ineeee->in
D:ineeeee->in
D:ineeeeee->in
D:ineeeeeeeeeeeeeeeeee->in
D:ineeeeees->in
D:ineeeees->in
D:ineeees->in
D:ineeeral->in
D:ineees->in
D:ineer->in
D:ineeral->in
D:ineereal->in
D:ineerial->in
D:ineering->in
D:ineers->in
D:ineerual->in
D:inees->in
D:ineial->in
D:ineian->in
D:ineians->in
D:ineicator->in
D:ineice->in
D:ineing->in
D:ineis->in
D:ineist->in
D:inelie->in
D:inelior->in
D:inelious->in
D:inely->in
D:inelyal->in
D:inement->in
D:inements->in
D:inen->in
D:inenable->in
D:inenabled->in
D:inenc->in
D:inence->in
D:inences->in
D:inene->in
D:inener->in
D:inenes->in
D:ineness->in
D:inens->in
D:inent->in
D:inental->in
D:inentals->in
D:inente->in
D:inented->in
D:inenten->in
D:inenter->in
D:inentered->in
D:inentical->in
D:inentification->in
D:inenting->in
D:inentingen->in
D:inentings->in
D:inention->in
D:inentional->in
D:inentionalizing->in
D:inentionally->in
D:inentions->in
D:inentity->in
D:inentive->in
D:inentives->in
D:inently->in
D:inentor->in
D:inentory->in
D:inents->in
D:inentured->in
D:ineor->in
D:ineoral->in
D:ineory->in
D:ineous->in
D:iner->in
D:ineral->in
D:inerale->in
D:inerales->in
D:ineralize->in
D:ineralized->in
D:inerals->in
D:ineran->in
D:inerancy->in
D:inerane->in
D:inerant->in
D:ineraries->in
D:inerary->in
D:inerat->in
D:inerate->in
D:ineration->in
D:inerative->in
D:inere->in
D:inereal->in
D:inered->in
D:inereeal->in
D:inereial->in
D:inerely->in
D:inerency->in
D:inerenship->in
D:inerent->in
D:inerente->in
D:inerentemente->in
D:inerentes->in
D:inerers->in
D:ineres->in
D:inereual->in
D:inerial->in
D:ineric->in
D:inering->in
D:ineris->in
D:inerized->in
D:inerly->in
D:inerment->in
D:inerness->in
D:iners->in
D:inerual->in
D:inerural->in
D:ines->in
D:inetiative->in
D:inetie->in
D:inety->in
D:ineual->in
D:ineualities->in
D:ineuality->in
D:ineur->in
D:ineural->in
D:ineurance->in
D:ineurances->in
D:ineure->in
D:ineurence->in
D:inful->in
D:infulance->in
D:infulanced->in
D:infulances->in
D:infulat->in
D:infulation->in
D:infule->in
D:infulence->in
D:infulenced->in
D:infulencers->in
D:infulences->in
D:infulencing->in
D:infulential->in
D:infulenting->in
D:infulis->in
D:infully->in
D:inhood->in
D:ini->in
D:inia->in
D:inial->in
D:inialantic->in
D:inialation->in
D:inializater->in
D:inialization->in
D:inialize->in
D:inialized->in
D:inializer->in
D:inializes->in
D:inializing->in
D:inially->in
D:inian->in
D:inianeural->in
D:inians->in
D:inibility->in
D:inic->in
D:inical->in
D:inicals->in
D:inican->in
D:inicans->in
D:inicat->in
D:inicate->in
D:inicated->in
D:inicates->in
D:inicating->in
D:inication->in
D:inications->in
D:inicative->in
D:inicator->in
D:inicators->in
D:inice->in
D:inicence->in
D:inicent->in
D:inicentally->in
D:inicenter->in
D:inicentives->in
D:inicents->in
D:inicere->in
D:inices->in
D:iniceties->in
D:inicety->in
D:inicial->in
D:iniciale->in
D:iniciales->in
D:inicialice->in
D:inicialisation->in
D:inicializable->in
D:inicialize->in
D:inicialized->in
D:inicializes->in
D:inicializing->in
D:inicially->in
D:inicialment->in
D:inicialmente->in
D:inicials->in
D:inician->in
D:inicing->in
D:inicion->in
D:inicis->in
D:inicist->in
D:inicistes->in
D:inicity->in
D:inicore->in
D:inics->in
D:inif->in
D:inifant->in
D:inifat->in
D:inife->in
D:inifee->in
D:inifer->in
D:inifes->in
D:inifial->in
D:inification->in
D:inifie->in
D:inifien->in
D:inifieneure->in
D:inifif->in
D:inifity->in
D:inifor->in
D:iniforis->in
D:inifors->in
D:inify->in
D:inifye->in
D:ining->in
D:iningatan->in
D:ininge->in
D:iningen->in
D:ininger->in
D:inings->in
D:inion->in
D:inionat->in
D:inione->in
D:inions->in
D:iniqu->in
D:inique->in
D:iniquely->in
D:iniquement->in
D:iniqueness->in
D:iniques->in
D:iniquis->in
D:iniquitie->in
D:iniquities->in
D:iniquitious->in
D:iniquity->in
D:iniquitys->in
D:iniquous->in
D:inis->in
D:inisan->in
D:inisance->in
D:inisane->in
D:inisatif->in
D:inise->in
D:inisen->in
D:inisene->in
D:inisent->in
D:iniser->in
D:iniserable->in
D:inises->in
D:inish->in
D:inishal->in
D:inishals->in
D:inishative->in
D:inishe->in
D:inished->in
D:inishee->in
D:inisheer->in
D:inisher->in
D:inishere->in
D:inishers->in
D:inishes->in
D:inishial->in
D:inishials->in
D:inishing->in
D:inisial->in
D:inisialer->in
D:inisiales->in
D:inisials->in
D:inisian->in
D:inisians->in
D:inisife->in
D:inising->in
D:inism->in
D:inismag->in
D:inismean->in
D:inismor->in
D:inismore->in
D:inisms->in
D:inist->in
D:inistal->in
D:inistance->in
D:inistances->in
D:inistantaneously->in
D:inistate->in
D:inistated->in
D:inistatr->in
D:iniste->in
D:inisteal->in
D:inisted->in
D:inistee->in
D:inistent->in
D:inister->in
D:inisterial->in
D:inistering->in
D:inisters->in
D:inistials->in
D:inistian->in
D:inisting->in
D:inistismizene->in
D:inistore->in
D:inistories->in
D:inistr->in
D:inistrat->in
D:inistration->in
D:inistrations->in
D:inistrative->in
D:inistrator->in
D:inistrators->in
D:inistre->in
D:inistries->in
D:inistrife->in
D:inistring->in
D:inistrings->in
D:inistry->in
D:inists->in
D:inisurance->in
D:initiant->in
D:initianted->in
D:initianten->in
D:initiantion->in
D:initiantive->in
D:initiants->in
D:initiantur->in
D:initiary->in
D:initiat->in
D:initiatable->in
D:initiatally->in
D:initiatated->in
D:initiatates->in
D:initiatation->in
D:initiate->in
D:initiated->in
D:initiateded->in
D:initiatedor->in
D:initiateds->in
D:initiatee->in
D:initiatees->in
D:initiateion->in
D:initiately->in
D:initiater->in
D:initiaters->in
D:initiates->in
D:initiateship->in
D:initiateur->in
D:initiateurs->in
D:initiatial->in
D:initiatialisation->in
D:initiatialization->in
D:initiatialize->in
D:initiatially->in
D:initiatian->in
D:initiatic->in
D:initiatically->in
D:initiatices->in
D:initiatics->in
D:initiatif->in
D:initiating->in
D:initiation->in
D:initiational->in
D:initiationary->in
D:initiationen->in
D:initiationis->in
D:initiations->in
D:initiatism->in
D:initiativ->in
D:initiativate->in
D:initiative->in
D:initiativean->in
D:initiatived->in
D:initiativeee->in
D:initiativees->in
D:initiatively->in
D:initiativen->in
D:initiativeness->in
D:initiativer->in
D:initiativers->in
D:initiatives->in
D:initiativism->in
D:initiativists->in
D:initiativity->in
D:initiativs->in
D:initiatization->in
D:initiatizer->in
D:initiatizes->in
D:initiatly->in
D:initiator->in
D:initiatore->in
D:initiatoren->in
D:initiatorial->in
D:initiatoric->in
D:initiatories->in
D:initiatorily->in
D:initiators->in
D:initiatory->in
D:initiatred->in
D:initiatrice->in
D:initiatrices->in
D:initiats->in
D:initie->in
D:initiealization->in
D:initieated->in
D:initied->in
D:initiee->in
D:initiees->in
D:initien->in
D:initient->in
D:initier->in
D:initierat->in
D:initierats->in
D:initiere->in
D:initierede->in
D:initieren->in
D:initieres->in
D:initiering->in
D:initieringen->in
D:inities->in
D:initiial->in
D:initiialisation->in
D:initiialization->in
D:initiialize->in
D:initiially->in
D:initiials->in
D:initiing->in
D:initiingness->in
D:initiings->in
D:initiis->in
D:initiivan->in
D:initiivat->in
D:initiizes->in
D:initily->in
D:initiual->in
D:initiualization->in
D:initiualize->in
D:inity->in
D:inityal->in
D:inityalization->in
D:inityial->in
D:initys->in
D:inium->in
D:iniums->in
D:iniv->in
D:inival->in
D:inivan->in
D:inivation->in
D:inivational->in
D:inivations->in
D:inivative->in
D:inivatives->in
D:inivator->in
D:inivators->in
D:inive->in
D:inived->in
D:iniven->in
D:iniveous->in
D:iniver->in
D:iniverity->in
D:inives->in
D:inivis->in
D:inivitiatives->in
D:inivorous->in
D:inivory->in
D:inivs->in
D:iniz->in
D:inizan->in
D:inizations->in
D:inize->in
D:inized->in
D:inizen->in
D:inizer->in
D:iniziale->in
D:inizialization->in
D:inizialize->in
D:inizialized->in
D:inizializers->in
D:inizializing->in
D:inizialmente->in
D:inizing->in
D:inizion->in
D:inlie->in
D:inlied->in
D:inlien->in
D:inliens->in
D:inlier->in
D:inliers->in
D:inlies->in
D:inlilies->in
D:inly->in
D:inlyed->in
D:inlying->in
D:inlys->in
D:inmence->in
D:inment->in
D:inmental->in
D:inmentioned->in
D:inmentionence->in
D:inmentioning->in
D:inn->in
D:innabilene->in
D:innabilis->in
D:innability->in
D:innable->in
D:innables->in
D:innag->in
D:innage->in
D:innages->in
D:innagural->in
D:innagurate->in
D:innagurated->in
D:innagurates->in
D:innaguration->in
D:innagurators->in
D:innal->in
D:innale->in
D:innalif->in
D:innalife->in
D:innalive->in
D:innaliving->in
D:innally->in
D:innan->in
D:innane->in
D:innanee->in
D:innanely->in
D:innanen->in
D:innaneness->in
D:innanities->in
D:innanity->in
D:innant->in
D:innante->in
D:innantes->in
D:innary->in
D:innat->in
D:innatant->in
D:innate->in
D:innated->in
D:innately->in
D:innateness->in
D:innatention->in
D:innatentive->in
D:innatentiveness->in
D:innates->in
D:innatic->in
D:innational->in
D:innations->in
D:innatism->in
D:innatist->in
D:innatists->in
D:innative->in
D:innativism->in
D:innativity->in
D:innatore->in
D:innators->in
D:innatreeeeee->in
D:innatur->in
D:innatural->in
D:innaturale->in
D:innaturalis->in
D:innaturalism->in
D:innaturally->in
D:innaturalmente->in
D:innature->in
D:innatures->in
D:inne->in
D:inneal->in
D:innealan->in
D:innean->in
D:inneans->in
D:inneat->in
D:inneats->in
D:inned->in
D:innee->in
D:inneee->in
D:inneeee->in
D:inneeeee->in
D:inneeist->in
D:inneer->in
D:inneeral->in
D:innees->in
D:inneist->in
D:inneity->in
D:innen->in
D:innens->in
D:innent->in
D:innente->in
D:innentions->in
D:innentors->in
D:innents->in
D:innenturen->in
D:inner->in
D:innerage->in
D:inneral->in
D:inneralice->in
D:inneran->in
D:innerancy->in
D:inneranists->in
D:innerant->in
D:innerantist->in
D:innerantly->in
D:innerary->in
D:innere->in
D:innereal->in
D:innered->in
D:innereds->in
D:innereiserer->in
D:inneren->in
D:innerent->in
D:innerente->in
D:innerer->in
D:innererer->in
D:innereriz->in
D:inneres->in
D:innerial->in
D:innering->in
D:inneringen->in
D:innerings->in
D:innerise->in
D:innerish->in
D:innerism->in
D:innerly->in
D:innerlying->in
D:innerlyly->in
D:innermentalist->in
D:innerness->in
D:innerorat->in
D:inners->in
D:innerual->in
D:innes->in
D:inness->in
D:innesse->in
D:innessence->in
D:innesses->in
D:innety->in
D:inneural->in
D:inniales->in
D:innially->in
D:innians->in
D:innic->in
D:innice->in
D:innicence->in
D:innicent->in
D:innicents->in
D:innicial->in
D:innicially->in
D:innicials->in
D:innicor->in
D:innif->in
D:innifer->in
D:innificantly->in
D:inning->in
D:inningen->in
D:inninger->in
D:inningers->in
D:innings->in
D:innion->in
D:innionis->in
D:innions->in
D:innis->in
D:innise->in
D:innisen->in
D:innisent->in
D:innisful->in
D:innish->in
D:innisheer->in
D:innisher->in
D:innisian->in
D:innismere->in
D:innismish->in
D:innismore->in
D:innister->in
D:innistor->in
D:innistr->in
D:innistree->in
D:innisture->in
D:innitiate->in
D:innitiated->in
D:innitiates->in
D:innitiating->in
D:innitiation->in
D:innitiativ->in
D:innitiative->in
D:innitiatives->in
D:innitiator->in
D:innitiators->in
D:innities->in
D:innity->in
D:inniv->in
D:innivated->in
D:innivating->in
D:innivation->in
D:innivations->in
D:innivative->in
D:innivity->in
D:inniz->in
D:innized->in
D:innment->in
D:innness->in
D:innor->in
D:innoral->in
D:innorat->in
D:innoration->in
D:innorative->in
D:innore->in
D:innoreal->in
D:innored->in
D:innorisic->in
D:inns->in
D:innual->in
D:innually->in
D:innur->in
D:innural->in
D:innurance->in
D:innure->in
D:innured->in
D:innuring->in
D:innurs->in
D:inor->in
D:inoraganic->in
D:inoral->in
D:inorality->in
D:inoran->in
D:inorance->in
D:inorantes->in
D:inorat->in
D:inorated->in
D:inore->in
D:inoreal->in
D:inoreality->in
D:inored->in
D:inoreder->in
D:inoree->in
D:inoreful->in
D:inoren->in
D:inorerat->in
D:inores->in
D:inorial->in
D:inorian->in
D:inorians->in
D:inorien->in
D:inorient->in
D:inorientation->in
D:inoring->in
D:inorities->in
D:inority->in
D:inors->in
D:inorual->in
D:inoryal->in
D:inous->in
D:inouse->in
D:inousent->in
D:inouses->in
D:ins->in
D:insabilene->in
D:insability->in
D:insable->in
D:insaciate->in
D:insag->in
D:insage->in
D:insagency->in
D:insagent->in
D:insal->in
D:insalan->in
D:insalante->in
D:insalary->in
D:insalate->in
D:insalated->in
D:insalating->in
D:insalation->in
D:insalations->in
D:insale->in
D:insaled->in
D:insalely->in
D:insalenly->in
D:insales->in
D:insality->in
D:insalivate->in
D:insalivated->in
D:insalivates->in
D:insalivation->in
D:insalivations->in
D:insally->in
D:insalment->in
D:insalments->in
D:insan->in
D:insanabile->in
D:insanabilis->in
D:insanability->in
D:insanabilmente->in
D:insanable->in
D:insanableness->in
D:insanably->in
D:insanal->in
D:insanally->in
D:insanananity->in
D:insanant->in
D:insanate->in
D:insanatic->in
D:insanation->in
D:insanatised->in
D:insanatized->in
D:insanc->in
D:insance->in
D:insancenes->in
D:insances->in
D:insancy->in
D:insane->in
D:insanealicat->in
D:insanealice->in
D:insanean->in
D:insaneanteater->in
D:insaneantics->in
D:insaned->in
D:insanedan->in
D:insanedisabled->in
D:insanediver->in
D:insanee->in
D:insaneee->in
D:insaneeee->in
D:insaneeeee->in
D:insaneeeeee->in
D:insaneeeeeee->in
D:insaneeeeeeee->in
D:insaneeeeeeeee->in
D:insaneeeeeeeeee->in
D:insaneeeeeeeeeee->in
D:insaneeeeeeeeeeeee->in
D:insaneeeeeeeeeeeeeeeeee->in
D:insaneeeeeeeeeeeeeeeeeeeeeeeeeeeeeeee->in
D:insaneeeeeeely->in
D:insaneeeeely->in
D:insaneely->in
D:insaneer->in
D:insaneeric->in
D:insanefully->in
D:insaneif->in
D:insaneish->in
D:insaneisme->in
D:insaneity->in
D:insanelily->in
D:insanely->in
D:insanelyurs->in
D:insanementality->in
D:insanen->in
D:insanenator->in
D:insanene->in
D:insaneness->in
D:insanenly->in
D:insaneous->in
D:insaner->in
D:insanerantings->in
D:insanerationality->in
D:insanerator->in
D:insanereagan->in
D:insanerealities->in
D:insanereality->in
D:insanerealization->in
D:insanerer->in
D:insanerism->in
D:insanes->in
D:insaneties->in
D:insanety->in
D:insanialeisure->in
D:insanian->in
D:insanic->in
D:insanical->in
D:insanif->in
D:insanificant->in
D:insaningly->in
D:insanis->in
D:insanish->in
D:insanism->in
D:insanist->in
D:insanistan->in
D:insanitie->in
D:insanities->in
D:insanity->in
D:insanityat->in
D:insanitye->in
D:insanityis->in
D:insanityismentality->in
D:insanityness->in
D:insanitys->in
D:insanliens->in
D:insanly->in
D:insans->in
D:insant->in
D:insantance->in
D:insantaneous->in
D:insantaneously->in
D:insante->in
D:insantely->in
D:insantence->in
D:insantity->in
D:insantive->in
D:insantly->in
D:insantrans->in
D:insants->in
D:insat->in
D:insatability->in
D:insatable->in
D:insatalation->in
D:insatance->in
D:insatances->in
D:insatanic->in
D:insatanity->in
D:insatant->in
D:insatantly->in
D:insate->in
D:insater->in
D:insaterlieren->in
D:insation->in
D:insationable->in
D:insatis->in
D:insatisable->in
D:insatity->in
D:insatitys->in
D:insats->in
D:insatur->in
D:insaturable->in
D:insaturated->in
D:insaturation->in
D:insature->in
D:insatured->in
D:insaturees->in
D:insatures->in
D:inse->in
D:inseal->in
D:insealant->in
D:insealate->in
D:insealation->in
D:insealators->in
D:insealing->in
D:insean->in
D:inseant->in
D:inseat->in
D:inseated->in
D:inseats->in
D:insed->in
D:insedate->in
D:insede->in
D:insedence->in
D:insedent->in
D:insedentary->in
D:insedently->in
D:inseder->in
D:insederat->in
D:insedere->in
D:insee->in
D:inseeing->in
D:inseer->in
D:inseis->in
D:inseliing->in
D:insely->in
D:insement->in
D:insen->in
D:insenately->in
D:insenature->in
D:insenc->in
D:insence->in
D:insenced->in
D:insencere->in
D:insencerity->in
D:insences->in
D:insencish->in
D:insencure->in
D:insenely->in
D:insenic->in
D:insenity->in
D:insens->in
D:insent->in
D:insentative->in
D:insented->in
D:insentence->in
D:insentencing->in
D:insential->in
D:insentice->in
D:insentif->in
D:insentis->in
D:insentiv->in
D:insentive->in
D:insentively->in
D:insentiver->in
D:insentives->in
D:insentivising->in
D:insentivity->in
D:insentivize->in
D:insentivs->in
D:insently->in
D:insents->in
D:insentualization->in
D:inser->in
D:inserable->in
D:inseral->in
D:inserance->in
D:inserances->in
D:inserant->in
D:inserantur->in
D:inserat->in
D:inserate->in
D:inseraten->in
D:inserating->in
D:inseration->in
D:inserational->in
D:inserator->in
D:inserats->in
D:inseratur->in
D:insere->in
D:insered->in
D:inseree->in
D:inserees->in
D:inserence->in
D:inserenity->in
D:inserens->in
D:inserent->in
D:inserentant->in
D:inserente->in
D:inserenten->in
D:inserentur->in
D:inserer->in
D:inserere->in
D:insererentur->in
D:inseres->in
D:inserial->in
D:inserice->in
D:insering->in
D:inserion->in
D:inserions->in
D:inseris->in
D:inseriste->in
D:inserivate->in
D:inserlieren->in
D:inserment->in
D:inseror->in
D:insers->in
D:inses->in
D:insety->in
D:inseur->in
D:inseurance->in
D:inseurances->in
D:inseure->in
D:inseurence->in
D:inship->in
D:inshipment->in
D:inships->in
D:insian->in
D:insiane->in
D:insianity->in
D:insians->in
D:insic->in
D:insical->in
D:insication->in
D:insications->in
D:insicator->in
D:insice->in
D:insiced->in
D:insicer->in
D:insicere->in
D:insicerety->in
D:insicion->in
D:insicional->in
D:insicions->in
D:insicive->in
D:insicor->in
D:insicore->in
D:insicored->in
D:insicors->in
D:insicur->in
D:insicure->in
D:insicured->in
D:insicurities->in
D:insicurity->in
D:insif->in
D:insife->in
D:insifer->in
D:insificant->in
D:insificent->in
D:insifics->in
D:insing->in
D:insingen->in
D:insinger->in
D:insingerat->in
D:insingerate->in
D:insingers->in
D:insingurat->in
D:insish->in
D:insism->in
D:insitiative->in
D:insitiency->in
D:insity->in
D:insize->in
D:insized->in
D:insizers->in
D:insizes->in
D:insizing->in
D:insizion->in
D:inslie->in
D:insmental->in
D:insor->in
D:insoral->in
D:insorance->in
D:insorances->in
D:insore->in
D:insored->in
D:insorence->in
D:insoreness->in
D:insoric->in
D:insors->in
D:insous->in
D:insualation->in
D:insualative->in
D:insuale->in
D:insur->in
D:insurabilities->in
D:insurability->in
D:insurabl->in
D:insurable->in
D:insurables->in
D:insurablitily->in
D:insurablity->in
D:insurably->in
D:insuragencies->in
D:insurally->in
D:insuran->in
D:insuranance->in
D:insuranc->in
D:insurancance->in
D:insurancances->in
D:insurancane->in
D:insurance->in
D:insuranceabilene->in
D:insuranceage->in
D:insuranceageants->in
D:insuranceagenc->in
D:insuranceagencies->in
D:insuranceagency->in
D:insuranceagencys->in
D:insuranceagent->in
D:insuranceagents->in
D:insuranceal->in
D:insurancealife->in
D:insurancealliance->in
D:insurancean->in
D:insuranceance->in
D:insuranceans->in
D:insuranceat->in
D:insuranced->in
D:insurancedating->in
D:insurancede->in
D:insurancedeals->in
D:insurancededicated->in
D:insurancedental->in
D:insurancederive->in
D:insurancederiver->in
D:insurancederiving->in
D:insurancedes->in
D:insurancedisability->in
D:insurancedisablity->in
D:insurancedive->in
D:insurancediver->in
D:insurancediving->in
D:insuranceds->in
D:insurancee->in
D:insuranceee->in
D:insuranceeran->in
D:insuranceering->in
D:insuranceerive->in
D:insuranceeriver->in
D:insuranceeriving->in
D:insuranceers->in
D:insurancees->in
D:insuranceif->in
D:insuranceing->in
D:insuranceion->in
D:insuranceis->in
D:insurancely->in
D:insurancemental->in
D:insurancen->in
D:insurancenat->in
D:insurancenation->in
D:insurancenational->in
D:insurancenationally->in
D:insurancenatural->in
D:insurancenc->in
D:insurancene->in
D:insuranceness->in
D:insurancenic->in
D:insurancenice->in
D:insurancenly->in
D:insurancens->in
D:insurancenter->in
D:insurancentre->in
D:insurancentres->in
D:insuranceor->in
D:insuranceore->in
D:insurancer->in
D:insurancerance->in
D:insurancerat->in
D:insurancerate->in
D:insurancerated->in
D:insuranceratedeals->in
D:insuranceraters->in
D:insurancerates->in
D:insurancerating->in
D:insuranceratings->in
D:insurancere->in
D:insurancereal->in
D:insurancerental->in
D:insurancerenters->in
D:insurancerican->in
D:insurancerive->in
D:insuranceriver->in
D:insuranceriving->in
D:insurancers->in
D:insurances->in
D:insuranceually->in
D:insurancies->in
D:insuranciis->in
D:insurancing->in
D:insurancis->in
D:insurancous->in
D:insurancs->in
D:insurancy->in
D:insurancys->in
D:insurane->in
D:insuraned->in
D:insuranee->in
D:insuranence->in
D:insuranes->in
D:insuraning->in
D:insurans->in
D:insurant->in
D:insurantate->in
D:insurante->in
D:insurantes->in
D:insurants->in
D:insurat->in
D:insuration->in
D:insurative->in
D:insuratization->in
D:insure->in
D:insureabilene->in
D:insureable->in
D:insureageants->in
D:insureal->in
D:insureance->in
D:insureanced->in
D:insureances->in
D:insureants->in
D:insured->in
D:insuredating->in
D:insurede->in
D:insuredeal->in
D:insuredeals->in
D:insuredental->in
D:insuredentity->in
D:insuredes->in
D:insuredisability->in
D:insuredisablity->in
D:insuredness->in
D:insureds->in
D:insuree->in
D:insureence->in
D:insureer->in
D:insureers->in
D:insurees->in
D:insureice->in
D:insureing->in
D:insuren->in
D:insurenatural->in
D:insurenc->in
D:insurence->in
D:insurenceabilene->in
D:insurenceagent->in
D:insurenceal->in
D:insurenced->in
D:insurencedating->in
D:insurencede->in
D:insurencedeal->in
D:insurencedental->in
D:insurencedes->in
D:insurencedisability->in
D:insurencedisablity->in
D:insurencee->in
D:insurencenc->in
D:insurencene->in
D:insurenceor->in
D:insurencer->in
D:insurencerate->in
D:insurencerated->in
D:insurencerates->in
D:insurencerating->in
D:insurenceratings->in
D:insurencerental->in
D:insurences->in
D:insurencs->in
D:insurency->in
D:insurene->in
D:insureness->in
D:insurens->in
D:insurent->in
D:insurente->in
D:insurenters->in
D:insurents->in
D:insureor->in
D:insurer->in
D:insurerance->in
D:insurerate->in
D:insurerated->in
D:insurerates->in
D:insurerating->in
D:insureratings->in
D:insurere->in
D:insurered->in
D:insurerental->in
D:insurerer->in
D:insurerers->in
D:insureres->in
D:insurerif->in
D:insurers->in
D:insures->in
D:insureship->in
D:insureshipment->in
D:insurety->in
D:insurial->in
D:insurice->in
D:insuring->in
D:insurish->in
D:insurity->in
D:insurment->in
D:insuror->in
D:insurors->in
D:insurs->in
D:insurur->in
D:insururance->in
D:insurured->in
D:insurures->in
D:insururing->in
D:inth->in
D:inual->in
D:inually->in
D:inul->in
D:inulal->in
D:inulan->in
D:inulat->in
D:inulate->in
D:inulated->in
D:inulating->in
D:inulation->in
D:inule->in
D:inulen->in
D:inulingan->in
D:inuls->in
D:inum->in
D:inur->in
D:inurable->in
D:inural->in
D:inuran->in
D:inuranc->in
D:inurance->in
D:inurances->in
D:inurat->in
D:inuration->in
D:inure->in
D:inureal->in
D:inured->in
D:inuredness->in
D:inureee->in
D:inurees->in
D:inurely->in
D:inurement->in
D:inurements->in
D:inurence->in
D:inurer->in
D:inurere->in
D:inurers->in
D:inures->in
D:inurial->in
D:inuring->in
D:inurion->in
D:inurists->in
D:inurment->in
D:inurs->in
D:inurual->in
D:inus->in
Q:alabama->alabam
D:alabam->alabam
D:alabama->alabam
D:alabamag->alabam
D:alabamagal->alabam
D:alabamagene->alabam
D:alabamageneric->alabam
D:alabamagis->alabam
D:alabamalife->alabam
D:alabamalist->alabam
D:alabamalisted->alabam
D:alabamalists->alabam
D:alabamalive->alabam
D:alabaman->alabam
D:alabamanation->alabam
D:alabamanians->alabam
D:alabamans->alabam
D:alabamarate->alabam
D:alabamarated->alabam
D:alabamarates->alabam
D:alabamarating->alabam
D:alabamaratings->alabam
D:alabamare->alabam
D:alabamareal->alabam
D:alabamareally->alabam
D:alabamared->alabam
D:alabamarental->alabam
D:alabamarivers->alabam
D:alabamat->alabam
D:alabamatennessee->alabam
D:alabamateur->alabam
D:alabame->alabam
D:alabamer->alabam
D:alabami->alabam
D:alabamian->alabam
D:alabamians->alabam
D:alabamistan->alabam
D:alabamium->alabam
D:alabammer->alabam
D:alabams->alabam
D:alabamus->alabam
<query> tribe formerly living in alabama</query><numhits>10</numhits><time>6258</time>
</ATIREsearch>
<ATIREsearch>
D:tornado->tornado
D:tornadoa->tornado
D:tornadoallie->tornado
D:tornadoe->tornado
D:tornadoed->tornado
D:tornadoen->tornado
D:tornadoer->tornado
D:tornadoes->tornado
D:tornadoing->tornado
D:tornadoish->tornado
D:tornadoliese->tornado
D:tornadoorion->tornado
D:tornados->tornado
<query> f5 tornado</query><numhits>10</numhits><time>312</time>
</ATIREsearch>
<ATIREsearch>
Q:symptoms->symptom
D:symptom->symptom
D:symptoma->symptom
D:symptomal->symptom
D:symptomale->symptom
D:symptomaric->symptom
D:symptomat->symptom
D:symptomate->symptom
D:symptomates->symptom
D:symptomatic->symptom
D:symptomatical->symptom
D:symptomatically->symptom
D:symptomatice->symptom
D:symptomaticity->symptom
D:symptomaticness->symptom
D:symptomatics->symptom
D:symptomatis->symptom
D:symptomatisation->symptom
D:symptomatise->symptom
D:symptomatised->symptom
D:symptomatises->symptom
D:symptomatising->symptom
D:symptomative->symptom
D:symptomatize->symptom
D:symptomatized->symptom
D:symptomatizes->symptom
D:symptomatizing->symptom
D:symptomatous->symptom
D:symptomatree->symptom
D:symptome->symptom
D:symptomed->symptom
D:symptomeering->symptom
D:symptomen->symptom
D:symptomer->symptom
D:symptomes->symptom
D:symptomic->symptom
D:symptomis->symptom
D:symptomise->symptom
D:symptomised->symptom
D:symptomises->symptom
D:symptomization->symptom
D:symptomize->symptom
D:symptomized->symptom
D:symptomizes->symptom
D:symptomizing->symptom
D:symptommanagement->symptom
D:symptommatic->symptom
D:symptomms->symptom
D:symptomoriented->symptom
D:symptoms->symptom
D:symptomsat->symptom
D:symptomsation->symptom
D:symptomse->symptom
D:symptomsor->symptom
D:symptomy->symptom
D:of->of
D:ofa->of
D:ofabilene->of
D:ofabilities->of
D:ofabl->of
D:ofabledating->of
D:ofacy->of
D:ofag->of
D:ofage->of
D:ofageing->of
D:ofagen->of
D:ofagent->of
D:ofager->of
D:ofages->of
D:ofaging->of
D:ofaginger->of
D:ofags->of
D:ofal->of
D:ofalan->of
D:ofale->of
D:ofalee->of
D:ofalice->of
D:ofalife->of
D:ofalion->of
D:ofallianceor->of
D:ofallied->of
D:ofally->of
D:ofals->of
D:ofan->of
D:ofanage->of
D:ofanal->of
D:ofanatic->of
D:ofanation->of
D:ofancient->of
D:ofanity->of
D:ofanizations->of
D:ofanous->of
D:ofans->of
D:ofante->of
D:ofar->of
D:ofarag->of
D:ofare->of
D:ofaren->of
D:ofarenal->of
D:ofaror->of
D:ofars->of
D:ofat->of
D:ofatal->of
D:ofate->of
D:ofaten->of
D:ofates->of
D:ofatis->of
D:ofatree->of
D:ofe->of
D:ofeale->of
D:ofean->of
D:ofeary->of
D:ofeat->of
D:ofeating->of
D:ofeature->of
D:ofeatured->of
D:ofeatures->of
D:ofed->of
D:ofeden->of
D:ofederal->of
D:ofederation->of
D:ofedor->of
D:ofee->of
D:ofeee->of
D:ofeeeee->of
D:ofeence->of
D:ofeer->of
D:ofeered->of
D:ofeerentals->of
D:ofeering->of
D:ofeers->of
D:ofees->of
D:ofeice->of
D:ofeicer->of
D:ofeif->of
D:ofeing->of
D:ofeish->of
D:ofelie->of
D:ofely->of
D:ofen->of
D:ofenag->of
D:ofenc->of
D:ofence->of
D:ofences->of
D:ofencive->of
D:ofene->of
D:ofener->of
D:ofeners->of
D:ofening->of
D:ofenis->of
D:ofens->of
D:ofent->of
D:ofente->of
D:ofenter->of
D:ofentered->of
D:ofentering->of
D:ofentities->of
D:ofently->of
D:ofeor->of
D:ofer->of
D:oferal->of
D:oferan->of
D:oferanat->of
D:oferante->of
D:oferate->of
D:oferated->of
D:oferation->of
D:ofere->of
D:ofered->of
D:oferencie->of
D:oferent->of
D:oferentes->of
D:oferic->of
D:oferice->of
D:ofering->of
D:oferings->of
D:oferion->of
D:oferis->of
D:oferise->of
D:oferised->of
D:oferized->of
D:oferlior->of
D:ofers->of
D:ofes->of
D:offul->of
D:offully->of
D:ofi->of
D:ofia->of
D:ofial->of
D:ofialmente->of
D:ofian->of
D:ofiblion->of
D:ofic->of
D:ofical->of
D:oficales->of
D:ofically->of
D:oficalmente->of
D:oficals->of
D:ofice->of
D:oficeer->of
D:oficer->of
D:oficerat->of
D:oficeres->of
D:oficers->of
D:ofices->of
D:oficial->of
D:oficialal->of
D:oficialan->of
D:oficiale->of
D:oficialen->of
D:oficiales->of
D:oficialice->of
D:oficialis->of
D:oficiality->of
D:oficially->of
D:oficialment->of
D:oficialmente->of
D:oficials->of
D:ofician->of
D:oficicial->of
D:oficingly->of
D:oficis->of
D:oficist->of
D:oficor->of
D:ofics->of
D:ofif->of
D:ofife->of
D:ofifice->of
D:ofifices->of
D:ofificial->of
D:ofifs->of
D:ofify->of
D:ofing->of
D:ofingal->of
D:ofingen->of
D:ofinger->of
D:ofion->of
D:ofions->of
D:ofis->of
D:ofise->of
D:ofiser->of
D:ofisers->of
D:ofish->of
D:ofishal->of
D:ofishally->of
D:ofishial->of
D:ofishingur->of
D:ofishly->of
D:ofisial->of
D:ofisialmente->of
D:ofism->of
D:ofismate->of
D:ofist->of
D:ofiste->of
D:ofisten->of
D:ofistore->of
D:ofistur->of
D:ofisur->of
D:ofities->of
D:ofiv->of
D:ofivan->of
D:ofive->of
D:ofiz->of
D:ofizial->of
D:ofizialean->of
D:oflie->of
D:ofliee->of
D:oflien->of
D:oflies->of
D:ofly->of
D:oflyan->of
D:oflyor->of
D:ofment->of
D:ofmental->of
D:ofmentality->of
D:ofmentally->of
D:ofmention->of
D:ofness->of
D:ofnesses->of
D:ofor->of
D:oforal->of
D:oforan->of
D:ofored->of
D:oforie->of
D:oforiental->of
D:oforion->of
D:oforor->of
D:ofors->of
D:ofous->of
D:ofously->of
D:ofs->of
D:ofsage->of
D:ofsale->of
D:ofsales->of
D:ofsan->of
D:ofsanity->of
D:ofsat->of
D:ofsatan->of
D:ofse->of
D:ofseals->of
D:ofseat->of
D:ofseats->of
D:ofsed->of
D:ofsedentary->of
D:ofsee->of
D:ofseeing->of
D:ofseized->of
D:ofsen->of
D:ofsent->of
D:ofsentences->of
D:ofsentencing->of
D:ofser->of
D:ofserene->of
D:ofserenity->of
D:ofserial->of
D:ofsers->of
D:ofses->of
D:ofship->of
D:ofships->of
D:ofsic->of
D:ofsing->of
D:ofsinger->of
D:ofsingers->of
D:ofsinging->of
D:ofsiz->of
D:ofsize->of
D:ofsizes->of
D:ofsly->of
D:ofsor->of
D:ofsors->of
D:ofth->of
D:ofual->of
D:ofum->of
D:ofur->of
D:ofuran->of
D:ofure->of
D:ofuren->of
D:ofuric->of
D:ofus->of
D:heart->heart
D:hearta->heart
D:heartablations->heart
D:heartable->heart
D:heartacious->heart
D:heartagan->heart
D:heartagane->heart
D:heartagant->heart
D:heartage->heart
D:heartagen->heart
D:heartagency->heart
D:heartagent->heart
D:heartages->heart
D:heartal->heart
D:heartales->heart
D:heartalice->heart
D:heartalive->heart
D:heartalliance->heart
D:heartallie->heart
D:heartally->heart
D:heartan->heart
D:heartanat->heart
D:heartant->heart
D:heartat->heart
D:heartate->heart
D:hearte->heart
D:hearteat->heart
D:hearteater->heart
D:hearted->heart
D:hearteded->heart
D:heartedely->heart
D:heartedfully->heart
D:heartedly->heart
D:heartedness->heart
D:heartednesses->heart
D:hearteds->heart
D:heartee->heart
D:hearteeeeeeee->heart
D:heartely->heart
D:hearten->heart
D:heartene->heart
D:heartened->heart
D:heartenedly->heart
D:heartener->heart
D:hearteners->heart
D:heartenes->heart
D:heartening->heart
D:hearteningly->heart
D:heartenings->heart
D:heartenment->heart
D:heartens->heart
D:hearteous->heart
D:hearter->heart
D:heartere->heart
D:hearterised->heart
D:hearters->heart
D:heartes->heart
D:heartful->heart
D:heartfully->heart
D:heartfulness->heart
D:heartfuls->heart
D:hearti->heart
D:heartian->heart
D:heartic->heart
D:heartical->heart
D:heartically->heart
D:heartif->heart
D:heartification->heart
D:heartifice->heart
D:heartificial->heart
D:heartify->heart
D:heartifying->heart
D:hearting->heart
D:heartinger->heart
D:heartingly->heart
D:heartings->heart
D:heartion->heart
D:heartique->heart
D:heartis->heart
D:heartisan->heart
D:heartisans->heart
D:heartish->heart
D:heartishere->heart
D:heartisice->heart
D:heartism->heart
D:heartisme->heart
D:heartist->heart
D:heartiste->heart
D:heartistic->heart
D:heartistically->heart
D:heartistry->heart
D:heartists->heart
D:heartival->heart
D:heartive->heart
D:heartivory->heart
D:heartizen->heart
D:heartizens->heart
D:heartlies->heart
D:heartlily->heart
D:heartliness->heart
D:heartly->heart
D:heartlys->heart
D:heartness->heart
D:heartor->heart
D:heartous->heart
D:heartr->heart
D:heartrage->heart
D:heartran->heart
D:heartrate->heart
D:heartrates->heart
D:heartrational->heart
D:heartreal->heart
D:heartrealization->heart
D:heartreate->heart
D:heartred->heart
D:heartredly->heart
D:heartree->heart
D:heartrees->heart
D:heartrenee->heart
D:heartring->heart
D:heartrings->heart
D:heartris->heart
D:heartrise->heart
D:heartrising->heart
D:heartriver->heart
D:hearts->heart
D:heartsability->heart
D:heartsalive->heart
D:heartsan->heart
D:heartse->heart
D:heartseal->heart
D:heartsee->heart
D:heartseer->heart
D:heartseers->heart
D:heartsen->heart
D:heartsent->heart
D:heartses->heart
D:heartship->heart
D:heartships->heart
D:heartsic->heart
D:heartsif->heart
D:heartsing->heart
D:heartsinger->heart
D:heartsingers->heart
D:heartsinging->heart
D:heartsings->heart
D:heartsized->heart
D:heartslie->heart
D:heartsness->heart
D:heartsor->heart
D:heartsore->heart
D:heartsure->heart
D:heartt->heart
D:hearttag->heart
D:hearttags->heart
D:hearttales->heart
D:heartte->heart
D:heartted->heart
D:heartter->heart
D:heartth->heart
D:hearttist->heart
D:hearttr->heart
D:hearttrans->heart
D:hearttreatment->heart
D:hearttree->heart
D:hearttrial->heart
D:heartts->heart
D:heartulene->heart
D:attack->attack
D:attacka->attack
D:attackability->attack
D:attackable->attack
D:attackableentity->attack
D:attackage->attack
D:attackal->attack
D:attackan->attack
D:attackar->attack
D:attackares->attack
D:attackat->attack
D:attackative->attack
D:attacke->attack
D:attacked->attack
D:attackedat->attack
D:attackeded->attack
D:attackeding->attack
D:attackeds->attack
D:attackee->attack
D:attackees->attack
D:attacken->attack
D:attackenabled->attack
D:attacker->attack
D:attackerat->attack
D:attackerats->attack
D:attackerers->attack
D:attackering->attack
D:attackers->attack
D:attackes->attack
D:attackful->attack
D:attacki->attack
D:attackif->attack
D:attacking->attack
D:attackinging->attack
D:attackingly->attack
D:attackingness->attack
D:attackings->attack
D:attackis->attack
D:attackish->attack
D:attackive->attack
D:attackly->attack
D:attackment->attack
D:attackments->attack
D:attackness->attack
D:attackor->attack
D:attackouse->attack
D:attacks->attack
D:attacksan->attack
D:attackses->attack
D:attackship->attack
D:attackships->attack
D:attacksor->attack
D:attacksoral->attack
D:attackulator->attack
D:attackus->attack
<query> symptoms of heart attack</query><numhits>10</numhits><time>4736</time>
</ATIREsearch>
<ATIREsearch>
D:feliz->feliz
D:feliza->feliz
D:felizanivers->feliz
D:felizar->feliz
D:felize->feliz
D:felizen->feliz
D:felizes->feliz
D:felizia->feliz
D:felizian->feliz
D:felizians->feliz
D:felizing->feliz
D:felizmente->feliz
D:felizor->feliz
D:felizs->feliz
D:navidad->navidad
D:navidada->navidad
D:navidadan->navidad
D:navidadat->navidad
D:navidadd->navidad
D:navidade->navidad
D:navidadeees->navidad
D:navidades->navidad
D:navidadian->navidad
D:navidadmente->navidad
D:navidads->navidad
Q:lyrics->lyric
D:lyric->lyric
D:lyrica->lyric
D:lyricagent->lyric
D:lyrical->lyric
D:lyricalality->lyric
D:lyricale->lyric
D:lyricalement->lyric
D:lyricalife->lyric
D:lyricalist->lyric
D:lyricalists->lyric
D:lyricality->lyric
D:lyricaliving->lyric
D:lyricalizer->lyric
D:lyricallies->lyric
D:lyrically->lyric
D:lyricallye->lyric
D:lyricalness->lyric
D:lyricalnesses->lyric
D:lyricals->lyric
D:lyrican->lyric
D:lyricans->lyric
D:lyricar->lyric
D:lyricat->lyric
D:lyrication->lyric
D:lyricator->lyric
D:lyricature->lyric
D:lyrice->lyric
D:lyriceater->lyric
D:lyriced->lyric
D:lyricen->lyric
D:lyricens->lyric
D:lyricenter->lyric
D:lyricer->lyric
D:lyricers->lyric
D:lyrices->lyric
D:lyricful->lyric
D:lyrici->lyric
D:lyricia->lyric
D:lyricial->lyric
D:lyricing->lyric
D:lyricings->lyric
D:lyricis->lyric
D:lyricise->lyric
D:lyricised->lyric
D:lyricises->lyric
D:lyricishness->lyric
D:lyricising->lyric
D:lyricism->lyric
D:lyricisme->lyric
D:lyricisms->lyric
D:lyricist->lyric
D:lyriciste->lyric
D:lyricisted->lyric
D:lyricistities->lyric
D:lyricistizes->lyric
D:lyricists->lyric
D:lyricity->lyric
D:lyricization->lyric
D:lyricize->lyric
D:lyricized->lyric
D:lyricizes->lyric
D:lyricizing->lyric
D:lyricl->lyric
D:lyricle->lyric
D:lyriclee->lyric
D:lyriclly->lyric
D:lyricly->lyric
D:lyricness->lyric
D:lyrics->lyric
D:lyricsal->lyric
D:lyricsale->lyric
D:lyricsat->lyric
D:lyricse->lyric
D:lyricsenable->lyric
D:lyricsian->lyric
D:lyricsinger->lyric
D:lyricsish->lyric
D:lyricsism->lyric
D:lyricsness->lyric
D:lyricule->lyric
D:lyricum->lyric
D:lyricus->lyric
<query> feliz navidad lyrics</query><numhits>10</numhits><time>723</time>
</ATIREsearch>
<ATIREsearch>
Q:benefits->benefit
D:benefit->benefit
D:benefita->benefit
D:benefitable->benefit
D:benefitage->benefit
D:benefital->benefit
D:benefitancient->benefit
D:benefitaries->benefit
D:benefitary->benefit
D:benefitat->benefit
D:benefite->benefit
D:benefited->benefit
D:benefiteds->benefit
D:benefitee->benefit
D:benefiten->benefit
D:benefitent->benefit
D:benefiter->benefit
D:benefiters->benefit
D:benefites->benefit
D:benefitful->benefit
D:benefiti->benefit
D:benefitial->benefit
D:benefitic->benefit
D:benefitical->benefit
D:benefiticary->benefit
D:benefiticial->benefit
D:benefitif->benefit
D:benefiting->benefit
D:benefitinging->benefit
D:benefitional->benefit
D:benefitis->benefit
D:benefitism->benefit
D:benefitium->benefit
D:benefitive->benefit
D:benefitized->benefit
D:benefitness->benefit
D:benefitor->benefit
D:benefitors->benefit
D:benefitory->benefit
D:benefitr->benefit
D:benefitrater->benefit
D:benefitrates->benefit
D:benefitratings->benefit
D:benefitrealisation->benefit
D:benefitree->benefit
D:benefitreisen->benefit
D:benefitring->benefit
D:benefitriver->benefit
D:benefitrs->benefit
D:benefits->benefit
D:benefitsage->benefit
D:benefitsagency->benefit
D:benefitsagent->benefit
D:benefitsal->benefit
D:benefitsale->benefit
D:benefitsales->benefit
D:benefitsalliance->benefit
D:benefitsan->benefit
D:benefitsat->benefit
D:benefitse->benefit
D:benefitsen->benefit
D:benefitses->benefit
D:benefitsfully->benefit
D:benefitshood->benefit
D:benefitsif->benefit
D:benefitsor->benefit
D:benefitsorientation->benefit
D:benefitt->benefit
D:benefittance->benefit
D:benefitte->benefit
D:benefitted->benefit
D:benefitter->benefit
D:benefitters->benefit
D:benefittial->benefit
D:benefitting->benefit
D:benefitts->benefit
D:benefitual->benefit
D:of->of
D:ofa->of
D:ofabilene->of
D:ofabilities->of
D:ofabl->of
D:ofabledating->of
D:ofacy->of
D:ofag->of
D:ofage->of
D:ofageing->of
D:ofagen->of
D:ofagent->of
D:ofager->of
D:ofages->of
D:ofaging->of
D:ofaginger->of
D:ofags->of
D:ofal->of
D:ofalan->of
D:ofale->of
D:ofalee->of
D:ofalice->of
D:ofalife->of
D:ofalion->of
D:ofallianceor->of
D:ofallied->of
D:ofally->of
D:ofals->of
D:ofan->of
D:ofanage->of
D:ofanal->of
D:ofanatic->of
D:ofanation->of
D:ofancient->of
D:ofanity->of
D:ofanizations->of
D:ofanous->of
D:ofans->of
D:ofante->of
D:ofar->of
D:ofarag->of
D:ofare->of
D:ofaren->of
D:ofarenal->of
D:ofaror->of
D:ofars->of
D:ofat->of
D:ofatal->of
D:ofate->of
D:ofaten->of
D:ofates->of
D:ofatis->of
D:ofatree->of
D:ofe->of
D:ofeale->of
D:ofean->of
D:ofeary->of
D:ofeat->of
D:ofeating->of
D:ofeature->of
D:ofeatured->of
D:ofeatures->of
D:ofed->of
D:ofeden->of
D:ofederal->of
D:ofederation->of
D:ofedor->of
D:ofee->of
D:ofeee->of
D:ofeeeee->of
D:ofeence->of
D:ofeer->of
D:ofeered->of
D:ofeerentals->of
D:ofeering->of
D:ofeers->of
D:ofees->of
D:ofeice->of
D:ofeicer->of
D:ofeif->of
D:ofeing->of
D:ofeish->of
D:ofelie->of
D:ofely->of
D:ofen->of
D:ofenag->of
D:ofenc->of
D:ofence->of
D:ofences->of
D:ofencive->of
D:ofene->of
D:ofener->of
D:ofeners->of
D:ofening->of
D:ofenis->of
D:ofens->of
D:ofent->of
D:ofente->of
D:ofenter->of
D:ofentered->of
D:ofentering->of
D:ofentities->of
D:ofently->of
D:ofeor->of
D:ofer->of
D:oferal->of
D:oferan->of
D:oferanat->of
D:oferante->of
D:oferate->of
D:oferated->of
D:oferation->of
D:ofere->of
D:ofered->of
D:oferencie->of
D:oferent->of
D:oferentes->of
D:oferic->of
D:oferice->of
D:ofering->of
D:oferings->of
D:oferion->of
D:oferis->of
D:oferise->of
D:oferised->of
D:oferized->of
D:oferlior->of
D:ofers->of
D:ofes->of
D:offul->of
D:offully->of
D:ofi->of
D:ofia->of
D:ofial->of
D:ofialmente->of
D:ofian->of
D:ofiblion->of
D:ofic->of
D:ofical->of
D:oficales->of
D:ofically->of
D:oficalmente->of
D:oficals->of
D:ofice->of
D:oficeer->of
D:oficer->of
D:oficerat->of
D:oficeres->of
D:oficers->of
D:ofices->of
D:oficial->of
D:oficialal->of
D:oficialan->of
D:oficiale->of
D:oficialen->of
D:oficiales->of
D:oficialice->of
D:oficialis->of
D:oficiality->of
D:oficially->of
D:oficialment->of
D:oficialmente->of
D:oficials->of
D:ofician->of
D:oficicial->of
D:oficingly->of
D:oficis->of
D:oficist->of
D:oficor->of
D:ofics->of
D:ofif->of
D:ofife->of
D:ofifice->of
D:ofifices->of
D:ofificial->of
D:ofifs->of
D:ofify->of
D:ofing->of
D:ofingal->of
D:ofingen->of
D:ofinger->of
D:ofion->of
D:ofions->of
D:ofis->of
D:ofise->of
D:ofiser->of
D:ofisers->of
D:ofish->of
D:ofishal->of
D:ofishally->of
D:ofishial->of
D:ofishingur->of
D:ofishly->of
D:ofisial->of
D:ofisialmente->of
D:ofism->of
D:ofismate->of
D:ofist->of
D:ofiste->of
D:ofisten->of
D:ofistore->of
D:ofistur->of
D:ofisur->of
D:ofities->of
D:ofiv->of
D:ofivan->of
D:ofive->of
D:ofiz->of
D:ofizial->of
D:ofizialean->of
D:oflie->of
D:ofliee->of
D:oflien->of
D:oflies->of
D:ofly->of
D:oflyan->of
D:oflyor->of
D:ofment->of
D:ofmental->of
D:ofmentality->of
D:ofmentally->of
D:ofmention->of
D:ofness->of
D:ofnesses->of
D:ofor->of
D:oforal->of
D:oforan->of
D:ofored->of
D:oforie->of
D:oforiental->of
D:oforion->of
D:oforor->of
D:ofors->of
D:ofous->of
D:ofously->of
D:ofs->of
D:ofsage->of
D:ofsale->of
D:ofsales->of
D:ofsan->of
D:ofsanity->of
D:ofsat->of
D:ofsatan->of
D:ofse->of
D:ofseals->of
D:ofseat->of
D:ofseats->of
D:ofsed->of
D:ofsedentary->of
D:ofsee->of
D:ofseeing->of
D:ofseized->of
D:ofsen->of
D:ofsent->of
D:ofsentences->of
D:ofsentencing->of
D:ofser->of
D:ofserene->of
D:ofserenity->of
D:ofserial->of
D:ofsers->of
D:ofses->of
D:ofship->of
D:ofships->of
D:ofsic->of
D:ofsing->of
D:ofsinger->of
D:ofsingers->of
D:ofsinging->of
D:ofsiz->of
D:ofsize->of
D:ofsizes->of
D:ofsly->of
D:ofsor->of
D:ofsors->of
D:ofth->of
D:ofual->of
D:ofum->of
D:ofur->of
D:ofuran->of
D:ofure->of
D:ofuren->of
D:ofuric->of
D:ofus->of
Q:running->runn
D:runn->runn
D:runna->runn
D:runnability->runn
D:runnable->runn
D:runnables->runn
D:runnagate->runn
D:runnagates->runn
D:runnage->runn
D:runnal->runn
D:runnals->runn
D:runnan->runn
D:runnant->runn
D:runnar->runn
D:runnative->runn
D:runnatural->runn
D:runnaturally->runn
D:runnature->runn
D:runne->runn
D:runneals->runn
D:runned->runn
D:runneded->runn
D:runnee->runn
D:runneering->runn
D:runneers->runn
D:runneing->runn
D:runnely->runn
D:runnen->runn
D:runner->runn
D:runnerabilene->runn
D:runneral->runn
D:runneralan->runn
D:runnere->runn
D:runnered->runn
D:runnerer->runn
D:runneres->runn
D:runnering->runn
D:runneris->runn
D:runnerish->runn
D:runnerly->runn
D:runners->runn
D:runnership->runn
D:runnes->runn
D:runni->runn
D:runnia->runn
D:runnian->runn
D:runnic->runn
D:runnified->runn
D:running->runn
D:runningan->runn
D:runningat->runn
D:runninge->runn
D:runninged->runn
D:runningen->runn
D:runninger->runn
D:runninghood->runn
D:runningif->runn
D:runninging->runn
D:runningis->runn
D:runningish->runn
D:runningly->runn
D:runningness->runn
D:runnings->runn
D:runnion->runn
D:runnions->runn
D:runnis->runn
D:runniz->runn
D:runnn->runn
D:runnner->runn
D:runnners->runn
D:runnning->runn
D:runnnings->runn
D:runnor->runn
D:runnors->runn
D:runns->runn
D:runnth->runn
D:runnuls->runn
D:runnum->runn
D:runnur->runn
<query> benefits of running</query><numhits>10</numhits><time>4348</time>
</ATIREsearch>
<ATIREsearch>
Q:marshall->marshal
D:marshala->marshal
D:marshali->marshal
D:marshall->marshal
D:marshallability->marshal
D:marshallable->marshal
D:marshallag->marshal
D:marshallan->marshal
D:marshallane->marshal
D:marshallans->marshal
D:marshallate->marshal
D:marshalle->marshal
D:marshalled->marshal
D:marshalledent->marshal
D:marshalledentity->marshal
D:marshallee->marshal
D:marshallees->marshal
D:marshalleisure->marshal
D:marshallene->marshal
D:marshaller->marshal
D:marshallers->marshal
D:marshalles->marshal
D:marshallian->marshal
D:marshallians->marshal
D:marshallice->marshal
D:marshallif->marshal
D:marshalling->marshal
D:marshallings->marshal
D:marshallis->marshal
D:marshallised->marshal
D:marshallism->marshal
D:marshallistener->marshal
D:marshallized->marshal
D:marshallmentist->marshal
D:marshallor->marshal
D:marshalls->marshal
D:marshalus->marshal
D:countie->county
D:countied->county
D:countien->county
D:countier->county
D:countiers->county
D:counties->county
D:countiing->county
D:countily->county
D:countiness->county
D:countiously->county
D:county->county
D:countya->county
D:countyaging->county
D:countyal->county
D:countyan->county
D:countyans->county
D:countyare->county
D:countyat->county
D:countye->county
D:countyedure->county
D:countyen->county
D:countyer->county
D:countyers->county
D:countyes->county
D:countyhood->county
D:countyi->county
D:countyian->county
D:countyians->county
D:countyif->county
D:countying->county
D:countyis->county
D:countyish->county
D:countyor->county
D:countys->county
D:countysalary->county
D:countysales->county
D:countysan->county
D:countyseat->county
D:countyseats->county
D:countyship->county
D:countysize->county
D:countyur->county
Q:schools->school
D:school->school
D:schoola->school
D:schoolable->school
D:schoolacy->school
D:schoolage->school
D:schoolaged->school
D:schoolagency->school
D:schoolager->school
D:schoolagers->school
D:schoolagic->school
D:schoolal->school
D:schoolalliance->school
D:schoolan->school
D:schoolar->school
D:schoolare->school
D:schoolarly->school
D:schoolars->school
D:schoolarship->school
D:schoolarships->school
D:schoolary->school
D:schoolat->school
D:schoole->school
D:schooled->school
D:schooledat->school
D:schooleers->school
D:schoolees->school
D:schoolen->school
D:schoolenabled->school
D:schoolenator->school
D:schoolenter->school
D:schoolentities->school
D:schooler->school
D:schoolere->school
D:schoolerism->school
D:schoolerisms->school
D:schoolers->school
D:schoolership->school
D:schooles->school
D:schoolful->school
D:schoolhood->school
D:schooli->school
D:schoolia->school
D:schoolice->school
D:schoolif->school
D:schoolife->school
D:schoolification->school
D:schoolified->school
D:schoolify->school
D:schoolifying->school
D:schooling->school
D:schoolingan->school
D:schoolinge->school
D:schoolings->school
D:schoolis->school
D:schoolised->school
D:schoolish->school
D:schoolishness->school
D:schoolism->school
D:schoolist->school
D:schoolisted->school
D:schoolisting->school
D:schoolity->school
D:schooliz->school
D:schoolization->school
D:schoolized->school
D:schooll->school
D:schoollan->school
D:schoollance->school
D:schoolled->school
D:schoollers->school
D:schoollies->school
D:schoollife->school
D:schoolling->school
D:schoollist->school
D:schoollisting->school
D:schoollists->school
D:schoollive->school
D:schoollization->school
D:schoollizes->school
D:schoolls->school
D:schoolly->school
D:schoolness->school
D:schoolor->school
D:schooloriental->school
D:schoolorships->school
D:schools->school
D:schoolsable->school
D:schoolsalary->school
D:schoolsales->school
D:schoolsalive->school
D:schoolsan->school
D:schoolsat->school
D:schoolse->school
D:schoolsed->school
D:schoolsen->school
D:schoolser->school
D:schoolses->school
D:schoolship->school
D:schoolships->school
D:schoolsical->school
D:schoolsing->school
D:schoolsinger->school
D:schoolsor->school
D:schoolties->school
<query> marshall county schools</query><numhits>10</numhits><time>2333</time>
</ATIREsearch>
<ATIREsearch>
D:sun->sun
D:tzu->tzu
<query> sun tzu</query><numhits>10</numhits><time>745</time>
</ATIREsearch>
<ATIREsearch>
D:halloween->halloween
D:halloweena->halloween
D:halloweenage->halloween
D:halloweenalliance->halloween
D:halloweenane->halloween
D:halloweenaniv->halloween
D:halloweene->halloween
D:halloweened->halloween
D:halloweenee->halloween
D:halloweener->halloween
D:halloweeners->halloween
D:halloweenes->halloween
D:halloweeni->halloween
D:halloweenia->halloween
D:halloweenians->halloween
D:halloweenifed->halloween
D:halloweenific->halloween
D:halloweenification->halloween
D:halloweenified->halloween
D:halloweenify->halloween
D:halloweening->halloween
D:halloweenis->halloween
D:halloweenish->halloween
D:halloweenishere->halloween
D:halloweenishishly->halloween
D:halloweenishly->halloween
D:halloweenishness->halloween
D:halloweenism->halloween
D:halloweenity->halloween
D:halloweenize->halloween
D:halloweenn->halloween
D:halloweennation->halloween
D:halloweenner->halloween
D:halloweenness->halloween
D:halloweenous->halloween
D:halloweens->halloween
D:halloweensale->halloween
D:halloweensales->halloween
D:halloweense->halloween
D:halloweenth->halloween
D:halloweenul->halloween
D:halloweenum->halloween
D:halloweenus->halloween
Q:activities->act
D:act->act
D:acta->act
D:actabilities->act
D:actability->act
D:actable->act
D:actables->act
D:actag->act
D:actagagag->act
D:actage->act
D:actagen->act
D:actagency->act
D:actagent->act
D:actags->act
D:actal->act
D:actalis->act
D:actalising->act
D:actalive->act
D:actalization->act
D:actalliance->act
D:actally->act
D:actals->act
D:actan->act
D:actance->act
D:actances->act
D:actancy->act
D:actane->act
D:actans->act
D:actant->act
D:actantial->act
D:actants->act
D:actar->act
D:actare->act
D:actares->act
D:actarial->act
D:actarian->act
D:actarien->act
D:actaring->act
D:actaris->act
D:actarivs->act
D:actarly->act
D:actars->act
D:actary->act
D:actat->act
D:actate->act
D:actates->act
D:actation->act
D:actatis->act
D:acte->act
D:acteal->act
D:actean->act
D:acteate->act
D:acted->act
D:actedance->act
D:actede->act
D:acteded->act
D:actedently->act
D:acteding->act
D:actedivities->act
D:acteds->act
D:actee->act
D:acteer->act
D:actees->act
D:acteiz->act
D:actely->act
D:actelys->act
D:acten->act
D:actencion->act
D:actene->act
D:actenics->act
D:actens->act
D:actent->act
D:actention->act
D:acteor->act
D:acter->act
D:acteren->act
D:acteres->act
D:acterial->act
D:acterian->act
D:actering->act
D:acterion->act
D:acteris->act
D:acterised->act
D:acteristic->act
D:acteristics->act
D:acterization->act
D:acterize->act
D:acterized->act
D:acterizes->act
D:acterizing->act
D:acterly->act
D:acters->act
D:actes->act
D:acteur->act
D:acteure->act
D:acteures->act
D:acteurs->act
D:actful->act
D:actfully->act
D:acti->act
D:actia->act
D:actial->act
D:actializan->act
D:actially->act
D:actian->act
D:actians->act
D:actibly->act
D:actic->act
D:actical->act
D:acticality->act
D:actically->act
D:actican->act
D:acticat->act
D:acticate->act
D:acticated->act
D:acticates->act
D:actication->act
D:acticator->act
D:actice->act
D:acticed->act
D:acticentre->act
D:actices->act
D:acticing->act
D:acticism->act
D:acticist->act
D:acticitie->act
D:acticities->act
D:acticity->act
D:acticivists->act
D:acticivities->act
D:acticly->act
D:acticore->act
D:actics->act
D:acticure->act
D:actif->act
D:actifage->act
D:actifan->act
D:actifed->act
D:actifedale->act
D:actifen->act
D:actification->act
D:actified->act
D:actifier->act
D:actifist->act
D:actifists->act
D:actifities->act
D:actifity->act
D:actifivities->act
D:actifivity->act
D:actiforan->act
D:actifs->act
D:actify->act
D:actifying->act
D:acting->act
D:actingability->act
D:actingagent->act
D:actingantics->act
D:actinge->act
D:actinged->act
D:actingerature->act
D:actingeratures->act
D:actinging->act
D:actingis->act
D:actingive->act
D:actingly->act
D:actingorary->act
D:actings->act
D:action->act
D:actionability->act
D:actionable->act
D:actionables->act
D:actionably->act
D:actionag->act
D:actionage->act
D:actionagent->act
D:actionagents->act
D:actional->act
D:actionalan->act
D:actionale->act
D:actionalist->act
D:actionality->act
D:actionalize->act
D:actionalizing->act
D:actionalliance->act
D:actionally->act
D:actionan->act
D:actionariat->act
D:actionaries->act
D:actionary->act
D:actionat->act
D:actionate->act
D:actionating->act
D:actionative->act
D:actionator->act
D:actionatr->act
D:actione->act
D:actioneats->act
D:actioned->act
D:actionee->act
D:actioneer->act
D:actioneering->act
D:actioneers->act
D:actionees->act
D:actionen->act
D:actionenable->act
D:actionenabled->act
D:actionent->act
D:actionentagency->act
D:actioner->act
D:actioners->act
D:actiones->act
D:actionful->act
D:actionic->act
D:actionice->act
D:actionif->act
D:actioning->act
D:actionings->act
D:actionionable->act
D:actionis->act
D:actionisation->act
D:actionised->act
D:actionish->act
D:actionism->act
D:actionisme->act
D:actionist->act
D:actionistic->act
D:actionists->act
D:actionivities->act
D:actionivitys->act
D:actionization->act
D:actionize->act
D:actionized->act
D:actionizer->act
D:actionizes->act
D:actionizing->act
D:actionly->act
D:actionness->act
D:actionor->act
D:actionoriented->act
D:actionors->act
D:actions->act
D:actionually->act
D:actionure->act
D:actionured->act
D:actiqu->act
D:actique->act
D:actiques->act
D:actis->act
D:actisal->act
D:actisales->act
D:actisanes->act
D:actise->act
D:actiseane->act
D:actisens->act
D:actish->act
D:actisism->act
D:actisity->act
D:actism->act
D:actist->act
D:actists->act
D:actisure->act
D:actities->act
D:actity->act
D:actium->act
D:activ->act
D:activable->act
D:activables->act
D:activacy->act
D:activage->act
D:activagers->act
D:actival->act
D:activale->act
D:activalive->act
D:activally->act
D:activan->act
D:activance->act
D:activant->act
D:activante->act
D:activantes->act
D:activanting->act
D:activants->act
D:activarien->act
D:activat->act
D:activatable->act
D:activatables->act
D:activatably->act
D:activatate->act
D:activatated->act
D:activatation->act
D:activate->act
D:activateable->act
D:activateat->act
D:activated->act
D:activatede->act
D:activateded->act
D:activateds->act
D:activateduring->act
D:activatee->act
D:activateent->act
D:activateentity->act
D:activateing->act
D:activately->act
D:activatenatural->act
D:activateners->act
D:activatening->act
D:activatent->act
D:activater->act
D:activaters->act
D:activates->act
D:activateur->act
D:activatian->act
D:activating->act
D:activatings->act
D:activation->act
D:activationagent->act
D:activationagents->act
D:activational->act
D:activationed->act
D:activationism->act
D:activationist->act
D:activationized->act
D:activations->act
D:activativate->act
D:activativating->act
D:activativation->act
D:activativator->act
D:activative->act
D:activatived->act
D:activatives->act
D:activator->act
D:activatoren->act
D:activatores->act
D:activatoris->act
D:activators->act
D:activatory->act
D:activatrice->act
D:activats->act
D:activatur->act
D:activature->act
D:active->act
D:activeabilities->act
D:activeag->act
D:activeage->act
D:activeageing->act
D:activeagent->act
D:activeaging->act
D:activeal->act
D:activealan->act
D:activeat->act
D:activeate->act
D:activeated->act
D:activeates->act
D:activeation->act
D:activeats->act
D:actived->act
D:activedancer->act
D:activedate->act
D:activedating->act
D:activedeal->act
D:activedeals->act
D:activeden->act
D:activedent->act
D:activedisabled->act
D:activedistance->act
D:activedivers->act
D:activediving->act
D:activeds->act
D:activeduration->act
D:activee->act
D:activeean->act
D:activeeee->act
D:activeeeeee->act
D:activeeeeeeeeee->act
D:activeeeeeeeeeeeeee->act
D:activeentities->act
D:activeentity->act
D:activeer->act
D:activees->act
D:activeice->act
D:activeion->act
D:activeis->act
D:activeish->act
D:activeist->act
D:activeists->act
D:activeities->act
D:activeity->act
D:actively->act
D:activelyish->act
D:activement->act
D:activementality->act
D:activen->act
D:activenation->act
D:activenc->act
D:activene->act
D:activeness->act
D:activenesses->act
D:activenic->act
D:activenice->act
D:activenics->act
D:activens->act
D:activent->act
D:activenture->act
D:activentures->act
D:activeoriented->act
D:activer->act
D:activerate->act
D:activere->act
D:activereal->act
D:activereality->act
D:activered->act
D:activeren->act
D:activerian->act
D:activering->act
D:activeringen->act
D:activerings->act
D:activerly->act
D:actives->act
D:activetie->act
D:activeties->act
D:activety->act
D:activetys->act
D:activeur->act
D:activic->act
D:activicates->act
D:activications->act
D:activicity->act
D:activing->act
D:activingly->act
D:activion->act
D:activis->act
D:activisation->act
D:activise->act
D:activised->act
D:activising->act
D:activisism->act
D:activisity->act
D:activism->act
D:activisme->act
D:activisming->act
D:activismists->act
D:activisms->act
D:activisor->act
D:activist->act
D:activiste->act
D:activisten->act
D:activistes->act
D:activistic->act
D:activistically->act
D:activisting->act
D:activistion->act
D:activistis->act
D:activistish->act
D:activistism->act
D:activistivity->act
D:activistly->act
D:activists->act
D:activitie->act
D:activitied->act
D:activitiee->act
D:activitiees->act
D:activitieis->act
D:activitiens->act
D:activitiers->act
D:activities->act
D:activitiesability->act
D:activitiesan->act
D:activitiesat->act
D:activitiese->act
D:activitiesif->act
D:activitiesor->act
D:activitily->act
D:activitiness->act
D:activitior->act
D:activitious->act
D:activity->act
D:activityable->act
D:activityality->act
D:activityan->act
D:activityat->act
D:activityatories->act
D:activitye->act
D:activityed->act
D:activityentity->act
D:activityes->act
D:activityif->act
D:activitying->act
D:activityis->act
D:activityisual->act
D:activityor->act
D:activitys->act
D:activiv->act
D:activivate->act
D:activivated->act
D:activivating->act
D:activivation->act
D:activive->act
D:activively->act
D:activives->act
D:activivist->act
D:activivists->act
D:activivities->act
D:activivity->act
D:activiz->act
D:activization->act
D:activize->act
D:activized->act
D:activizer->act
D:activizing->act
D:activly->act
D:activmente->act
D:activness->act
D:activnesse->act
D:activor->act
D:activorous->act
D:activs->act
D:actiz->act
D:actizen->act
D:actizes->act
D:actly->act
D:actment->act
D:actments->act
D:actness->act
D:actor->act
D:actoral->act
D:actorales->act
D:actorat->act
D:actore->act
D:actored->act
D:actoren->act
D:actoreric->act
D:actores->act
D:actorhood->act
D:actorial->act
D:actorials->act
D:actorians->act
D:actorics->act
D:actorie->act
D:actories->act
D:actoring->act
D:actorion->act
D:actoris->act
D:actorisation->act
D:actorish->act
D:actorization->act
D:actorly->act
D:actorness->act
D:actororiented->act
D:actors->act
D:actorship->act
D:actorships->act
D:actory->act
D:actous->act
D:actr->act
D:actragent->act
D:actral->act
D:actrally->act
D:actran->act
D:actranational->act
D:actrans->act
D:actrat->act
D:actrate->act
D:actrating->act
D:actratings->act
D:actration->act
D:actrative->act
D:actre->act
D:actreal->act
D:actrealationalist->act
D:actreally->act
D:actred->act
D:actreds->act
D:actree->act
D:actrees->act
D:actren->act
D:actres->act
D:actrial->act
D:actrian->act
D:actric->act
D:actrice->act
D:actricee->act
D:actrices->act
D:actricity->act
D:actrion->act
D:actrions->act
D:actris->act
D:actrise->act
D:actrises->act
D:actrish->act
D:actrist->act
D:actriv->act
D:actrivated->act
D:actrive->act
D:actrivism->act
D:actrivities->act
D:actrivity->act
D:actriz->act
D:actrizes->act
D:actrly->act
D:actror->act
D:actrors->act
D:actrory->act
D:actrs->act
D:actrual->act
D:actrually->act
D:actrurial->act
D:acts->act
D:actsage->act
D:actsales->act
D:actsan->act
D:actsat->act
D:actsean->act
D:actsee->act
D:actsens->act
D:actsent->act
D:actsented->act
D:actser->act
D:actses->act
D:actsiz->act
D:actsize->act
D:actsor->act
D:actsually->act
D:actt->act
D:acttagagat->act
D:acttally->act
D:acttatatag->act
D:acttatatat->act
D:actte->act
D:actted->act
D:acttens->act
D:actth->act
D:actting->act
D:acttion->act
D:acttions->act
D:acttiv->act
D:acttivate->act
D:acttivation->act
D:acttive->act
D:acttively->act
D:acttives->act
D:acttivist->act
D:acttivists->act
D:acttivities->act
D:acttivity->act
D:acttly->act
D:acttor->act
D:acttr->act
D:acttrans->act
D:acttree->act
D:actts->act
D:acttual->act
D:acttually->act
D:actual->act
D:actualage->act
D:actualages->act
D:actualal->act
D:actualality->act
D:actualant->act
D:actualator->act
D:actuale->act
D:actualed->act
D:actualement->act
D:actualemente->act
D:actualente->act
D:actuales->act
D:actualic->act
D:actualication->act
D:actualice->act
D:actualiceis->act
D:actualicen->act
D:actualices->act
D:actualis->act
D:actualisable->act
D:actualisant->act
D:actualisate->act
D:actualisation->act
D:actualisational->act
D:actualisations->act
D:actualise->act
D:actualised->act
D:actualisee->act
D:actualisees->act
D:actualisen->act
D:actualisent->act
D:actualiser->act
D:actualiseren->act
D:actualisering->act
D:actualisers->act
D:actualises->act
D:actualish->act
D:actualising->act
D:actualism->act
D:actualist->act
D:actualiste->act
D:actualistes->act
D:actualistic->act
D:actualists->act
D:actualitie->act
D:actualities->act
D:actuality->act
D:actualityis->act
D:actualityness->act
D:actualityor->act
D:actualityors->act
D:actualityory->act
D:actualitys->act
D:actualiz->act
D:actualizable->act
D:actualizables->act
D:actualizacie->act
D:actualizale->act
D:actualizan->act
D:actualizat->act
D:actualizate->act
D:actualizating->act
D:actualization->act
D:actualizationes->act
D:actualizations->act
D:actualizatively->act
D:actualizator->act
D:actualize->act
D:actualized->act
D:actualizee->act
D:actualizement->act
D:actualizen->act
D:actualizer->act
D:actualizers->act
D:actualizes->act
D:actualizing->act
D:actualizor->act
D:actualizouse->act
D:actuallie->act
D:actually->act
D:actuallyalan->act
D:actuallyalive->act
D:actuallyally->act
D:actuallyan->act
D:actuallye->act
D:actuallyeating->act
D:actuallying->act
D:actuallyis->act
D:actuallyliiv->act
D:actuallys->act
D:actualment->act
D:actualmente->act
D:actualmenter->act
D:actualness->act
D:actuals->act
D:actul->act
D:actulal->act
D:actulally->act
D:actulan->act
D:actulary->act
D:actulatly->act
D:actulator->act
D:actule->act
D:actules->act
D:actulice->act
D:actulity->act
D:actulization->act
D:actulize->act
D:actulizing->act
D:actully->act
D:actulmente->act
D:actulually->act
D:actum->act
D:actur->act
D:acturacy->act
D:actural->act
D:acturally->act
D:acturaries->act
D:acturary->act
D:acturate->act
D:acturated->act
D:acturately->act
D:acturation->act
D:acturator->act
D:acturators->act
D:acture->act
D:actured->act
D:acturely->act
D:acturene->act
D:acturent->act
D:acturer->act
D:acturers->act
D:actures->act
D:acturial->act
D:acturiales->act
D:acturially->act
D:acturials->act
D:acturian->act
D:acturians->act
D:acturing->act
D:acturion->act
D:acturis->act
D:acturly->act
D:actus->act
D:for->for
Q:middle->middl
D:middl->middl
D:middla->middl
D:middlaning->middl
D:middlarians->middl
D:middle->middl
D:middleag->middl
D:middleage->middl
D:middleaged->middl
D:middleager->middl
D:middleageration->middl
D:middleagers->middl
D:middleages->middl
D:middleaging->middl
D:middleat->middl
D:middled->middl
D:middledaged->middl
D:middledale->middl
D:middleden->middl
D:middledent->middl
D:middledental->middl
D:middledeur->middl
D:middledis->middl
D:middledistance->middl
D:middlee->middl
D:middleee->middl
D:middleeee->middl
D:middleeeeeee->middl
D:middleis->middl
D:middleish->middl
D:middlement->middl
D:middlementary->middl
D:middlen->middl
D:middleness->middl
D:middleor->middl
D:middler->middl
D:middlereal->middl
D:middlerenee->middl
D:middlerivee->middl
D:middleriver->middl
D:middlers->middl
D:middles->middl
D:middletier->middl
D:middletiers->middl
D:middli->middl
D:middlife->middl
D:middling->middl
D:middlingish->middl
D:middlingly->middl
D:middlingness->middl
D:middlings->middl
D:middlis->middl
D:middlish->middl
D:middlism->middl
D:middlist->middl
D:middlization->middl
D:middlized->middl
D:middll->middl
D:middlle->middl
D:middlles->middl
D:middlling->middl
D:middls->middl
D:middlse->middl
D:middlum->middl
D:school->school
D:schoola->school
D:schoolable->school
D:schoolacy->school
D:schoolage->school
D:schoolaged->school
D:schoolagency->school
D:schoolager->school
D:schoolagers->school
D:schoolagic->school
D:schoolal->school
D:schoolalliance->school
D:schoolan->school
D:schoolar->school
D:schoolare->school
D:schoolarly->school
D:schoolars->school
D:schoolarship->school
D:schoolarships->school
D:schoolary->school
D:schoolat->school
D:schoole->school
D:schooled->school
D:schooledat->school
D:schooleers->school
D:schoolees->school
D:schoolen->school
D:schoolenabled->school
D:schoolenator->school
D:schoolenter->school
D:schoolentities->school
D:schooler->school
D:schoolere->school
D:schoolerism->school
D:schoolerisms->school
D:schoolers->school
D:schoolership->school
D:schooles->school
D:schoolful->school
D:schoolhood->school
D:schooli->school
D:schoolia->school
D:schoolice->school
D:schoolif->school
D:schoolife->school
D:schoolification->school
D:schoolified->school
D:schoolify->school
D:schoolifying->school
D:schooling->school
D:schoolingan->school
D:schoolinge->school
D:schoolings->school
D:schoolis->school
D:schoolised->school
D:schoolish->school
D:schoolishness->school
D:schoolism->school
D:schoolist->school
D:schoolisted->school
D:schoolisting->school
D:schoolity->school
D:schooliz->school
D:schoolization->school
D:schoolized->school
D:schooll->school
D:schoollan->school
D:schoollance->school
D:schoolled->school
D:schoollers->school
D:schoollies->school
D:schoollife->school
D:schoolling->school
D:schoollist->school
D:schoollisting->school
D:schoollists->school
D:schoollive->school
D:schoollization->school
D:schoollizes->school
D:schoolls->school
D:schoolly->school
D:schoolness->school
D:schoolor->school
D:schooloriental->school
D:schoolorships->school
D:schools->school
D:schoolsable->school
D:schoolsalary->school
D:schoolsales->school
D:schoolsalive->school
D:schoolsan->school
D:schoolsat->school
D:schoolse->school
D:schoolsed->school
D:schoolsen->school
D:schoolser->school
D:schoolses->school
D:schoolship->school
D:schoolships->school
D:schoolsical->school
D:schoolsing->school
D:schoolsinger->school
D:schoolsor->school
D:schoolties->school
<query> halloween activities for middle school</query><numhits>10</numhits><time>5931</time>
</ATIREsearch>
<ATIREsearch>
Q:dreams->dream
D:dream->dream
D:dreama->dream
D:dreamability->dream
D:dreamable->dream
D:dreamage->dream
D:dreamageent->dream
D:dreamagent->dream
D:dreamagents->dream
D:dreamager->dream
D:dreamages->dream
D:dreamagic->dream
D:dreamagically->dream
D:dreamal->dream
D:dreamalee->dream
D:dreamalife->dream
D:dreamalings->dream
D:dreamaliser->dream
D:dreamality->dream
D:dreamalive->dream
D:dreamally->dream
D:dreaman->dream
D:dreamanager->dream
D:dreamanator->dream
D:dreamance->dream
D:dreamanity->dream
D:dreamanlie->dream
D:dreamantic->dream
D:dreamanual->dream
D:dreamar->dream
D:dreamare->dream
D:dreamarian->dream
D:dreamarie->dream
D:dreamariee->dream
D:dreamaris->dream
D:dreamars->dream
D:dreamat->dream
D:dreamate->dream
D:dreamates->dream
D:dreamatic->dream
D:dreamatical->dream
D:dreamation->dream
D:dreamations->dream
D:dreamativity->dream
D:dreamatized->dream
D:dreamatory->dream
D:dreame->dream
D:dreameager->dream
D:dreameaning->dream
D:dreameaten->dream
D:dreameater->dream
D:dreameaters->dream
D:dreameating->dream
D:dreameatr->dream
D:dreamed->dream
D:dreameden->dream
D:dreamediver->dream
D:dreameds->dream
D:dreamee->dream
D:dreameee->dream
D:dreameeer->dream
D:dreameer->dream
D:dreameers->dream
D:dreamelie->dream
D:dreamen->dream
D:dreameness->dream
D:dreamer->dream
D:dreamerag->dream
D:dreameralive->dream
D:dreameration->dream
D:dreamerealist->dream
D:dreameren->dream
D:dreamerent->dream
D:dreamerer->dream
D:dreamerers->dream
D:dreamerion->dream
D:dreameris->dream
D:dreamerish->dream
D:dreamerism->dream
D:dreamerisme->dream
D:dreamerisms->dream
D:dreamerist->dream
D:dreameriz->dream
D:dreamerized->dream
D:dreamerliife->dream
D:dreamerlily->dream
D:dreamerly->dream
D:dreamerous->dream
D:dreamers->dream
D:dreames->dream
D:dreameur->dream
D:dreamful->dream
D:dreamfully->dream
D:dreamfulness->dream
D:dreami->dream
D:dreamia->dream
D:dreamian->dream
D:dreamice->dream
D:dreamicee->dream
D:dreamif->dream
D:dreamife->dream
D:dreamification->dream
D:dreamified->dream
D:dreamify->dream
D:dreaming->dream
D:dreamingalice->dream
D:dreamingalife->dream
D:dreamingan->dream
D:dreamingat->dream
D:dreamingen->dream
D:dreamingentity->dream
D:dreamingful->dream
D:dreamingice->dream
D:dreamingif->dream
D:dreaminging->dream
D:dreamingingly->dream
D:dreamingis->dream
D:dreamingismagic->dream
D:dreamingismeaning->dream
D:dreaminglily->dream
D:dreamingly->dream
D:dreamings->dream
D:dreamion->dream
D:dreamis->dream
D:dreamise->dream
D:dreamish->dream
D:dreamishly->dream
D:dreamishness->dream
D:dreamism->dream
D:dreamismagic->dream
D:dreamisme->dream
D:dreamist->dream
D:dreamistan->dream
D:dreamistic->dream
D:dreamists->dream
D:dreamity->dream
D:dreamium->dream
D:dreamiver->dream
D:dreamiz->dream
D:dreamizer->dream
D:dreamlier->dream
D:dreamlies->dream
D:dreamlily->dream
D:dreamly->dream
D:dreamm->dream
D:dreammage->dream
D:dreammager->dream
D:dreammagic->dream
D:dreammalive->dream
D:dreamman->dream
D:dreammanager->dream
D:dreammanish->dream
D:dreammanor->dream
D:dreammate->dream
D:dreammates->dream
D:dreammatic->dream
D:dreammation->dream
D:dreammats->dream
D:dreamme->dream
D:dreammealive->dream
D:dreammeaning->dream
D:dreammeanings->dream
D:dreammed->dream
D:dreammedication->dream
D:dreammee->dream
D:dreammen->dream
D:dreammentor->dream
D:dreammer->dream
D:dreammers->dream
D:dreamming->dream
D:dreammion->dream
D:dreammiser->dream
D:dreammish->dream
D:dreammist->dream
D:dreammore->dream
D:dreamms->dream
D:dreammurals->dream
D:dreamness->dream
D:dreamor->dream
D:dreamore->dream
D:dreamories->dream
D:dreamous->dream
D:dreams->dream
D:dreamsage->dream
D:dreamsalaries->dream
D:dreamsale->dream
D:dreamsalife->dream
D:dreamsalive->dream
D:dreamsalived->dream
D:dreamsan->dream
D:dreamsanity->dream
D:dreamse->dream
D:dreamseal->dream
D:dreamsealer->dream
D:dreamseat->dream
D:dreamseater->dream
D:dreamseats->dream
D:dreamseeing->dream
D:dreamseer->dream
D:dreamseers->dream
D:dreamseizer->dream
D:dreamsen->dream
D:dreamsent->dream
D:dreamserene->dream
D:dreamsers->dream
D:dreamses->dream
D:dreamship->dream
D:dreamships->dream
D:dreamsical->dream
D:dreamsinger->dream
D:dreamsinging->dream
D:dreamsity->dream
D:dreamsiz->dream
D:dreamsize->dream
D:dreamslies->dream
D:dreamsor->dream
D:dreamsoreality->dream
D:dreamth->dream
D:dreamule->dream
D:dreamum->dream
D:dreamur->dream
D:dreamus->dream
Q:interpretation->interpret
D:interpret->interpret
D:interpreta->interpret
D:interpretabil->interpret
D:interpretabile->interpret
D:interpretabilities->interpret
D:interpretability->interpret
D:interpretable->interpret
D:interpretableness->interpret
D:interpretables->interpret
D:interpretably->interpret
D:interpretacie->interpret
D:interpretagion->interpret
D:interpretagions->interpret
D:interpretal->interpret
D:interpretalive->interpret
D:interpretan->interpret
D:interpretans->interpret
D:interpretant->interpret
D:interpretante->interpret
D:interpretantion->interpret
D:interpretants->interpret
D:interpretantur->interpret
D:interpretar->interpret
D:interpretaran->interpret
D:interpretare->interpret
D:interpretarentur->interpret
D:interpretariat->interpret
D:interpretarion->interpret
D:interpretarione->interpret
D:interpretarions->interpret
D:interpretaris->interpret
D:interpretat->interpret
D:interpretatable->interpret
D:interpretatation->interpret
D:interpretatations->interpret
D:interpretate->interpret
D:interpretated->interpret
D:interpretater->interpret
D:interpretaters->interpret
D:interpretates->interpret
D:interpretateur->interpret
D:interpretateurs->interpret
D:interpretatian->interpret
D:interpretatians->interpret
D:interpretatif->interpret
D:interpretatifs->interpret
D:interpretating->interpret
D:interpretation->interpret
D:interpretational->interpret
D:interpretationalism->interpret
D:interpretationalist->interpret
D:interpretationality->interpret
D:interpretationally->interpret
D:interpretatione->interpret
D:interpretationed->interpret
D:interpretationen->interpret
D:interpretationes->interpret
D:interpretationis->interpret
D:interpretationism->interpret
D:interpretationist->interpret
D:interpretationists->interpret
D:interpretationness->interpret
D:interpretationor->interpret
D:interpretations->interpret
D:interpretativ->interpret
D:interpretative->interpret
D:interpretatively->interpret
D:interpretativement->interpret
D:interpretativer->interpret
D:interpretatives->interpret
D:interpretativisme->interpret
D:interpretativist->interpret
D:interpretativists->interpret
D:interpretator->interpret
D:interpretatore->interpret
D:interpretators->interpret
D:interpretatory->interpret
D:interpretatrion->interpret
D:interpretatrions->interpret
D:interpretatur->interpret
D:interprete->interpret
D:interpreteable->interpret
D:interpreteation->interpret
D:interpreteations->interpret
D:interpreted->interpret
D:interpretedat->interpret
D:interpretede->interpret
D:interpretee->interpret
D:interpreteer->interpret
D:interpreteers->interpret
D:interpretees->interpret
D:interpreten->interpret
D:interpretens->interpret
D:interpretent->interpret
D:interpretentations->interpret
D:interpretention->interpret
D:interpretentions->interpret
D:interpretentur->interpret
D:interpreter->interpret
D:interpretered->interpret
D:interpreteren->interpret
D:interpreteres->interpret
D:interpretering->interpret
D:interpreters->interpret
D:interpretership->interpret
D:interpreterships->interpret
D:interpretes->interpret
D:interpreteur->interpret
D:interpreteurs->interpret
D:interpreti->interpret
D:interpretible->interpret
D:interpretic->interpret
D:interpretics->interpret
D:interpretif->interpret
D:interpreting->interpret
D:interpretings->interpret
D:interpretion->interpret
D:interpretions->interpret
D:interpretis->interpret
D:interpretism->interpret
D:interpretist->interpret
D:interpretiv->interpret
D:interpretive->interpret
D:interpretived->interpret
D:interpretivedance->interpret
D:interpretivedancing->interpret
D:interpretively->interpret
D:interpretives->interpret
D:interpretivism->interpret
D:interpretivist->interpret
D:interpretivistic->interpret
D:interpretivists->interpret
D:interpretor->interpret
D:interpretorial->interpret
D:interpretors->interpret
D:interpretory->interpret
D:interpretr->interpret
D:interpretrans->interpret
D:interpretration->interpret
D:interpretrations->interpret
D:interpretre->interpret
D:interpretrer->interpret
D:interpretring->interpret
D:interpretrive->interpret
D:interprets->interpret
D:interpretsations->interpret
D:interprett->interpret
D:interprettable->interpret
D:interprettables->interpret
D:interprettation->interpret
D:interprettations->interpret
D:interpretted->interpret
D:interpretter->interpret
D:interpretters->interpret
D:interpretting->interpret
D:interprettion->interpret
D:interprettions->interpret
D:interprettive->interpret
D:interprettor->interpret
D:interpretul->interpret
D:interpretum->interpret
D:interpretur->interpret
D:interpreture->interpret
<query> dreams interpretation</query><numhits>10</numhits><time>1250</time>
</ATIREsearch>
<ATIREsearch>
D:wilson->wilson
D:wilsona->wilson
D:wilsonag->wilson
D:wilsonagency->wilson
D:wilsonal->wilson
D:wilsonar->wilson
D:wilsonat->wilson
D:wilsonate->wilson
D:wilsonater->wilson
D:wilsonator->wilson
D:wilsone->wilson
D:wilsonee->wilson
D:wilsonents->wilson
D:wilsoner->wilson
D:wilsoni->wilson
D:wilsonia->wilson
D:wilsonian->wilson
D:wilsonianism->wilson
D:wilsonians->wilson
D:wilsonic->wilson
D:wilsonics->wilson
D:wilsoning->wilson
D:wilsonis->wilson
D:wilsonish->wilson
D:wilsonism->wilson
D:wilsonisms->wilson
D:wilsonium->wilson
D:wilsoniv->wilson
D:wilsonized->wilson
D:wilsonn->wilson
D:wilsonnat->wilson
D:wilsonne->wilson
D:wilsonns->wilson
D:wilsonor->wilson
D:wilsons->wilson
D:wilsonsage->wilson
D:wilsonsal->wilson
D:wilsonsan->wilson
D:wilsonsean->wilson
D:wilsonship->wilson
D:wilsonsings->wilson
D:wilsonum->wilson
D:wilsonus->wilson
D:s->s
Q:disease->disea
D:diseae->disea
D:diseaee->disea
D:diseaees->disea
D:diseaes->disea
D:diseaness->disea
D:diseas->disea
D:disease->disea
D:diseasean->disea
D:diseaseat->disea
D:diseased->disea
D:diseaseded->disea
D:diseaseding->disea
D:diseasedish->disea
D:diseasedly->disea
D:diseasedmentality->disea
D:diseasedness->disea
D:diseasee->disea
D:diseaseee->disea
D:diseaseeee->disea
D:diseaseeeeeeeeee->disea
D:diseaseer->disea
D:diseaseership->disea
D:diseasees->disea
D:diseaseful->disea
D:diseaseif->disea
D:diseaseion->disea
D:diseaseis->disea
D:diseasement->disea
D:diseasen->disea
D:diseasencure->disea
D:diseaseor->disea
D:diseaseoral->disea
D:diseaseous->disea
D:diseaser->disea
D:diseasers->disea
D:diseases->disea
D:diseaseship->disea
D:diseasic->disea
D:diseasification->disea
D:diseasing->disea
D:diseasism->disea
D:diseasor->disea
<query> wilson s disease</query><numhits>10</numhits><time>3228</time>
</ATIREsearch>
<ATIREsearch>
D:golf->golf
D:golfa->golf
D:golfability->golf
D:golfable->golf
D:golfag->golf
D:golfagent->golf
D:golfal->golf
D:golfan->golf
D:golfantics->golf
D:golfar->golf
D:golfare->golf
D:golfaris->golf
D:golfat->golf
D:golfe->golf
D:golfed->golf
D:golfeder->golf
D:golfedis->golf
D:golfee->golf
D:golfees->golf
D:golfeiz->golf
D:golfen->golf
D:golfeneur->golf
D:golfent->golf
D:golfer->golf
D:golferat->golf
D:golfere->golf
D:golfered->golf
D:golferee->golf
D:golferen->golf
D:golferis->golf
D:golferist->golf
D:golfers->golf
D:golfes->golf
D:golfeur->golf
D:golfeurs->golf
D:golfi->golf
D:golfianer->golf
D:golfice->golf
D:golfif->golf
D:golfing->golf
D:golfingal->golf
D:golfinger->golf
D:golfingly->golf
D:golfings->golf
D:golfique->golf
D:golfiques->golf
D:golfis->golf
D:golfish->golf
D:golfishes->golf
D:golfishing->golf
D:golfism->golf
D:golfist->golf
D:golfiste->golf
D:golfistic->golf
D:golfists->golf
D:golfity->golf
D:golfiv->golf
D:golfly->golf
D:golfment->golf
D:golfmentary->golf
D:golfmentor->golf
D:golfness->golf
D:golfore->golf
D:golforie->golf
D:golforient->golf
D:golfs->golf
D:golfsale->golf
D:golfsales->golf
D:golfsan->golf
D:golfsat->golf
D:golfseat->golf
D:golfsers->golf
D:golfsize->golf
D:golfsure->golf
D:golfur->golf
D:golfus->golf
Q:instruction->instruct
D:instruct->instruct
D:instructa->instruct
D:instructability->instruct
D:instructabl->instruct
D:instructable->instruct
D:instructablers->instruct
D:instructables->instruct
D:instructably->instruct
D:instructalis->instruct
D:instructation->instruct
D:instructe->instruct
D:instructed->instruct
D:instructede->instruct
D:instructeded->instruct
D:instructedenores->instruct
D:instructee->instruct
D:instructees->instruct
D:instructer->instruct
D:instructere->instruct
D:instructers->instruct
D:instructes->instruct
D:instructeur->instruct
D:instructeurs->instruct
D:instructi->instruct
D:instructia->instruct
D:instructian->instruct
D:instructianal->instruct
D:instructians->instruct
D:instructible->instruct
D:instructibles->instruct
D:instructiblities->instruct
D:instructif->instruct
D:instructifeature->instruct
D:instructified->instruct
D:instructifs->instruct
D:instructify->instruct
D:instructing->instruct
D:instructinger->instruct
D:instructings->instruct
D:instruction->instruct
D:instructionability->instruct
D:instructionable->instruct
D:instructional->instruct
D:instructionalal->instruct
D:instructionalism->instruct
D:instructionalist->instruct
D:instructionally->instruct
D:instructionals->instruct
D:instructionary->instruct
D:instructionat->instruct
D:instructione->instruct
D:instructionens->instruct
D:instructiones->instruct
D:instructionif->instruct
D:instructioning->instruct
D:instructionis->instruct
D:instructionish->instruct
D:instructionism->instruct
D:instructionist->instruct
D:instructionists->instruct
D:instructions->instruct
D:instructionship->instruct
D:instructis->instruct
D:instructiv->instruct
D:instructive->instruct
D:instructivee->instruct
D:instructively->instruct
D:instructiveness->instruct
D:instructives->instruct
D:instructivism->instruct
D:instructivist->instruct
D:instructivists->instruct
D:instructment->instruct
D:instructmental->instruct
D:instructmention->instruct
D:instructments->instruct
D:instructor->instruct
D:instructoral->instruct
D:instructoran->instruct
D:instructorat->instruct
D:instructorate->instruct
D:instructoration->instruct
D:instructorator->instruct
D:instructore->instruct
D:instructored->instruct
D:instructoren->instruct
D:instructores->instruct
D:instructorial->instruct
D:instructorif->instruct
D:instructoring->instruct
D:instructoris->instruct
D:instructorism->instruct
D:instructorly->instruct
D:instructorness->instruct
D:instructors->instruct
D:instructorship->instruct
D:instructorships->instruct
D:instructory->instruct
D:instructr->instruct
D:instructred->instruct
D:instructrial->instruct
D:instructrices->instruct
D:instructrion->instruct
D:instructrional->instruct
D:instructrions->instruct
D:instructror->instruct
D:instructrors->instruct
D:instructrs->instruct
D:instructs->instruct
D:instructserifs->instruct
D:instructtion->instruct
D:instructtional->instruct
D:instructtions->instruct
D:instructtor->instruct
D:instructual->instruct
D:instructum->instruct
D:instructur->instruct
D:instructurables->instruct
D:instructural->instruct
D:instructure->instruct
D:instructured->instruct
D:instructures->instruct
D:instructurs->instruct
D:instructus->instruct
D:instruxion->instruct
D:instruxions->instruct
<query> golf instruction</query><numhits>10</numhits><time>1117</time>
</ATIREsearch>
<ATIREsearch>
D:usj->uss
D:usjan->uss
D:usjat->uss
D:usje->uss
D:usjee->uss
D:usjer->uss
D:usjic->uss
D:usjif->uss
D:usjing->uss
D:usjiz->uss
D:usjs->uss
D:usjur->uss
D:uss->uss
D:ussa->uss
D:ussability->uss
D:ussable->uss
D:ussag->uss
D:ussage->uss
D:ussal->uss
D:ussalary->uss
D:ussale->uss
D:ussales->uss
D:ussally->uss
D:ussan->uss
D:ussanee->uss
D:ussans->uss
D:ussant->uss
D:ussar->uss
D:ussare->uss
D:ussary->uss
D:ussat->uss
D:ussatis->uss
D:ussatranc->uss
D:usse->uss
D:usseal->uss
D:usseals->uss
D:ussed->uss
D:ussee->uss
D:usseee->uss
D:usseeee->uss
D:usseeeee->uss
D:usseful->uss
D:ussefulness->uss
D:ussely->uss
D:usselye->uss
D:ussen->uss
D:ussenate->uss
D:ussenator->uss
D:ussenators->uss
D:ussence->uss
D:ussene->uss
D:ussens->uss
D:ussent->uss
D:ussentials->uss
D:usser->uss
D:ussere->uss
D:ussered->uss
D:usseren->uss
D:usserer->uss
D:usseres->uss
D:ussers->uss
D:usses->uss
D:usshood->uss
D:ussi->uss
D:ussia->uss
D:ussian->uss
D:ussic->uss
D:ussif->uss
D:ussifiers->uss
D:ussing->uss
D:ussinger->uss
D:ussion->uss
D:ussions->uss
D:ussis->uss
D:ussise->uss
D:ussisent->uss
D:ussive->uss
D:ussizater->uss
D:ussize->uss
D:ussness->uss
D:ussor->uss
D:ussships->uss
D:ussual->uss
D:ussually->uss
D:ussuals->uss
D:ussul->uss
D:ussulable->uss
D:ussum->uss
D:ussur->uss
D:ussuran->uss
D:ussurance->uss
D:ussurans->uss
D:ussure->uss
D:ussuredly->uss
D:ussurely->uss
D:ussures->uss
D:ussurety->uss
D:ussurian->uss
D:ussuris->uss
D:ussurous->uss
D:ussus->uss
D:cole->cole
D:colea->cole
D:coleage->cole
D:coleagent->cole
D:coleages->cole
D:coleags->cole
D:coleal->cole
D:colean->cole
D:coleaning->cole
D:coleanistan->cole
D:coleanor->cole
D:coleans->cole
D:coleary->cole
D:coleate->cole
D:coleateral->cole
D:coleates->cole
D:coleats->cole
D:colee->cole
D:coleean->cole
D:coleee->cole
D:coleeee->cole
D:coleeeee->cole
D:coleeeeee->cole
D:coleeeeeeeeeeeee->cole
D:coleeeeeeeeeeeeeeee->cole
D:coleeeeeeeeeeeeeeeeeeeeeeee->cole
D:coleeian->cole
D:coleent->cole
D:coleer->cole
D:coleere->cole
D:coleerene->cole
D:colees->cole
D:coleful->cole
D:colei->cole
D:coleif->cole
D:coleifer->cole
D:coleing->cole
D:coleings->cole
D:coleis->cole
D:coleish->cole
D:coleism->cole
D:coleisms->cole
D:colelie->cole
D:colelien->cole
D:colelily->cole
D:colely->cole
D:colement->cole
D:colements->cole
D:coleor->cole
D:coleous->cole
D:coles->cole
D:colesal->cole
D:colesale->cole
D:colesan->cole
D:colesant->cole
D:colesante->cole
D:colese->cole
D:coleseely->cole
D:colesen->cole
D:colesent->cole
D:coleser->cole
D:coleses->cole
D:colesing->cole
D:colesness->cole
D:colesore->cole
D:coleth->cole
D:coleum->cole
D:coleur->cole
D:coleure->cole
D:coleures->cole
D:coleurful->cole
D:coleurs->cole
D:coleus->cole
<query> uss cole</query><numhits>10</numhits><time>767</time>
</ATIREsearch>
<ATIREsearch>
D:how->how
D:has->has
Q:african->afr
D:afr->afr
D:afra->afr
D:afrable->afr
D:afracious->afr
D:afrag->afr
D:afraged->afr
D:afragen->afr
D:afragene->afr
D:afragment->afr
D:afragmentation->afr
D:afral->afr
D:afralion->afr
D:afran->afr
D:afranc->afr
D:afrance->afr
D:afrances->afr
D:afrancis->afr
D:afrane->afr
D:afranor->afr
D:afrans->afr
D:afrantic->afr
D:afranur->afr
D:afrar->afr
D:afrare->afr
D:afrarian->afr
D:afrary->afr
D:afrat->afr
D:afrated->afr
D:afrater->afr
D:afrates->afr
D:afrats->afr
D:afre->afr
D:afreager->afr
D:afreageren->afr
D:afreal->afr
D:afrealiser->afr
D:afrean->afr
D:afred->afr
D:afrede->afr
D:afreder->afr
D:afredor->afr
D:afree->afr
D:afreee->afr
D:afreeee->afr
D:afreement->afr
D:afreer->afr
D:afrees->afr
D:afreican->afr
D:afreizen->afr
D:afrementioned->afr
D:afren->afr
D:afrene->afr
D:afrenis->afr
D:afrens->afr
D:afrent->afr
D:afrentan->afr
D:afrente->afr
D:afrer->afr
D:afres->afr
D:afrful->afr
D:afri->afr
D:afria->afr
D:afrial->afr
D:afrian->afr
D:afrianist->afr
D:afrians->afr
D:afrianur->afr
D:afric->afr
D:africable->afr
D:africablize->afr
D:africag->afr
D:africagate->afr
D:africagates->afr
D:africage->afr
D:africagis->afr
D:africal->afr
D:africalist->afr
D:africalive->afr
D:africalives->afr
D:africaliving->afr
D:africals->afr
D:african->afr
D:africanan->afr
D:africananatural->afr
D:africanane->afr
D:africananes->afr
D:africanary->afr
D:africanaryans->afr
D:africanation->afr
D:africanaturally->afr
D:africanature->afr
D:africanc->afr
D:africancats->afr
D:africance->afr
D:africancenter->afr
D:africancentric->afr
D:africancities->afr
D:africancs->afr
D:africancures->afr
D:africane->afr
D:africaneers->afr
D:africaneity->afr
D:africaner->afr
D:africaners->afr
D:africanes->afr
D:africanian->afr
D:africanians->afr
D:africanic->afr
D:africanican->afr
D:africanicity->afr
D:africanis->afr
D:africanisation->afr
D:africanise->afr
D:africanised->afr
D:africanisees->afr
D:africaniser->afr
D:africanises->afr
D:africanish->afr
D:africanishalish->afr
D:africanising->afr
D:africanism->afr
D:africanisme->afr
D:africanisms->afr
D:africanist->afr
D:africaniste->afr
D:africanistes->afr
D:africanistic->afr
D:africanistics->afr
D:africanists->afr
D:africanities->afr
D:africanity->afr
D:africanization->afr
D:africanizations->afr
D:africanize->afr
D:africanized->afr
D:africanizes->afr
D:africanizing->afr
D:africanness->afr
D:africans->afr
D:africant->afr
D:africantalent->afr
D:africantalents->afr
D:africantic->afr
D:africantrees->afr
D:africants->afr
D:africat->afr
D:africatent->afr
D:africative->afr
D:africatrans->afr
D:africats->afr
D:africe->afr
D:africean->afr
D:africee->afr
D:africen->afr
D:africens->afr
D:africenter->afr
D:africentials->afr
D:africentral->afr
D:africentric->afr
D:africentrically->afr
D:africentricity->afr
D:africentrics->afr
D:africentrism->afr
D:africentrists->afr
D:africes->afr
D:africian->afr
D:africiane->afr
D:africianized->afr
D:africians->afr
D:africican->afr
D:africism->afr
D:africities->afr
D:africore->afr
D:africs->afr
D:afrif->afr
D:afrifag->afr
D:afrifan->afr
D:afrifur->afr
D:afring->afr
D:afringan->afr
D:afringans->afr
D:afringe->afr
D:afrings->afr
D:afrion->afr
D:afrione->afr
D:afriqu->afr
D:afriquan->afr
D:afrique->afr
D:afriquee->afr
D:afriques->afr
D:afris->afr
D:afrisal->afr
D:afrisan->afr
D:afrisans->afr
D:afrisat->afr
D:afrise->afr
D:afrised->afr
D:afrishan->afr
D:afrisian->afr
D:afrist->afr
D:afristat->afr
D:afristen->afr
D:afristrat->afr
D:afriv->afr
D:afrivan->afr
D:afrivent->afr
D:afrivic->afr
D:afriz->afr
D:afrizal->afr
D:afrizan->afr
D:afror->afr
D:afrore->afr
D:afrorementioned->afr
D:afrorican->afr
D:afrorice->afr
D:afrorise->afr
D:afrorory->afr
D:afrory->afr
D:afroryan->afr
D:afrous->afr
D:afrr->afr
D:afrran->afr
D:afrren->afr
D:afrric->afr
D:afrrican->afr
D:afrricans->afr
D:afrrs->afr
D:afrs->afr
D:afrsur->afr
D:afrul->afr
D:afrum->afr
D:afrus->afr
Q:american->am
D:am->am
D:ama->am
D:amabil->am
D:amabile->am
D:amabiles->am
D:amabilis->am
D:amability->am
D:amabilly->am
D:amabilmente->am
D:amable->am
D:amablee->am
D:amablemente->am
D:amables->am
D:amablie->am
D:amablis->am
D:amaciante->am
D:amaciated->am
D:amacie->am
D:amacy->am
D:amag->am
D:amagal->am
D:amagalan->am
D:amagan->am
D:amaganary->am
D:amaganation->am
D:amagane->am
D:amagat->am
D:amagative->am
D:amagats->am
D:amage->am
D:amageable->am
D:amaged->am
D:amagee->am
D:amagement->am
D:amagen->am
D:amagency->am
D:amagent->am
D:amagents->am
D:amager->am
D:amagerian->am
D:amagers->am
D:amages->am
D:amageurs->am
D:amagic->am
D:amagical->am
D:amaging->am
D:amagingly->am
D:amagisan->am
D:amagistrate->am
D:amagor->am
D:amagoring->am
D:amags->am
D:amagure->am
D:amal->am
D:amalag->am
D:amalagate->am
D:amalagated->am
D:amalagation->am
D:amalagliate->am
D:amalals->am
D:amalan->am
D:amalance->am
D:amalanistic->am
D:amalat->am
D:amalatal->am
D:amale->am
D:amalean->am
D:amaled->am
D:amalee->am
D:amaleic->am
D:amalement->am
D:amalen->am
D:amalence->am
D:amaler->am
D:amales->am
D:amaleur->am
D:amalian->am
D:amalic->am
D:amalice->am
D:amalif->am
D:amaling->am
D:amalings->am
D:amalion->am
D:amalions->am
D:amalis->am
D:amalise->am
D:amalism->am
D:amalist->am
D:amalities->am
D:amalive->am
D:amaliz->am
D:amallie->am
D:amally->am
D:amalor->am
D:amals->am
D:amalur->am
D:amalure->am
D:amalurian->am
D:amalurs->am
D:aman->am
D:amanage->am
D:amanaged->am
D:amanagement->am
D:amanagements->am
D:amanager->am
D:amanagers->am
D:amanaging->am
D:amanagment->am
D:amanal->am
D:amanalator->am
D:amanalee->am
D:amanalive->am
D:amanals->am
D:amanan->am
D:amananat->am
D:amanant->am
D:amanante->am
D:amanarie->am
D:amanary->am
D:amanat->am
D:amanate->am
D:amanated->am
D:amanatee->am
D:amanaten->am
D:amanation->am
D:amanations->am
D:amanats->am
D:amanc->am
D:amancane->am
D:amance->am
D:amancer->am
D:amances->am
D:amancier->am
D:amancing->am
D:amancity->am
D:amancy->am
D:amane->am
D:amaneden->am
D:amanedes->am
D:amanee->am
D:amaneee->am
D:amaneely->am
D:amaneer->am
D:amanees->am
D:amanement->am
D:amanen->am
D:amanent->am
D:amaner->am
D:amanes->am
D:amaneties->am
D:amanful->am
D:amanial->am
D:amanials->am
D:amanian->am
D:amanians->am
D:amanic->am
D:amanican->am
D:amanif->am
D:amaning->am
D:amanion->am
D:amanis->am
D:amanise->am
D:amanisen->am
D:amanises->am
D:amanish->am
D:amanishal->am
D:amanism->am
D:amanisme->am
D:amanist->am
D:amanistic->am
D:amanities->am
D:amaniz->am
D:amanly->am
D:amanor->am
D:amanore->am
D:amanory->am
D:amanous->am
D:amans->am
D:amant->am
D:amantan->am
D:amante->am
D:amanteags->am
D:amanted->am
D:amantee->am
D:amanteee->am
D:amantenatural->am
D:amantener->am
D:amanter->am
D:amantes->am
D:amanteur->am
D:amantial->am
D:amanticary->am
D:amanticoral->am
D:amantion->am
D:amantis->am
D:amantisan->am
D:amantist->am
D:amantral->am
D:amantran->am
D:amantree->am
D:amants->am
D:amantur->am
D:amanual->am
D:amanually->am
D:amanur->am
D:amanure->am
D:amar->am
D:amarable->am
D:amarag->am
D:amarage->am
D:amaral->am
D:amarales->am
D:amaralian->am
D:amaralice->am
D:amaralis->am
D:amarals->am
D:amaran->am
D:amaranan->am
D:amarancie->am
D:amarancy->am
D:amaranee->am
D:amarans->am
D:amarant->am
D:amarantabils->am
D:amarante->am
D:amarantee->am
D:amaranten->am
D:amarantes->am
D:amarantis->am
D:amarants->am
D:amarat->am
D:amarate->am
D:amaratelier->am
D:amaratic->am
D:amare->am
D:amareal->am
D:amareality->am
D:amareally->am
D:amared->am
D:amareden->am
D:amaree->am
D:amareican->am
D:amaren->am
D:amarene->am
D:amarenis->am
D:amarens->am
D:amarent->am
D:amarente->am
D:amarentis->am
D:amarer->am
D:amarere->am
D:amares->am
D:amareur->am
D:amareurs->am
D:amarial->am
D:amarian->am
D:amarians->am
D:amariat->am
D:amaric->am
D:amarican->am
D:amaricans->am
D:amarice->am
D:amaricen->am
D:amarician->am
D:amarie->am
D:amaried->am
D:amariediv->am
D:amariee->am
D:amarieee->am
D:amarieeeee->am
D:amarieeeeee->am
D:amariely->am
D:amarielys->am
D:amarien->am
D:amarier->am
D:amaries->am
D:amarifed->am
D:amarifs->am
D:amarilies->am
D:amarily->am
D:amarilys->am
D:amaring->am
D:amarion->am
D:amarior->am
D:amariore->am
D:amariores->am
D:amaris->am
D:amarisan->am
D:amarise->am
D:amarish->am
D:amarism->am
D:amaristee->am
D:amarity->am
D:amariv->am
D:amariver->am
D:amariz->am
D:amarize->am
D:amarizs->am
D:amarly->am
D:amarlyis->am
D:amarous->am
D:amars->am
D:amaruran->am
D:amarure->am
D:amarurs->am
D:amary->am
D:amaryan->am
D:amarys->am
D:amat->am
D:amatag->am
D:amatage->am
D:amatal->am
D:amatan->am
D:amatat->am
D:amate->am
D:amatean->am
D:amated->am
D:amatedurs->am
D:amateeur->am
D:amateeurs->am
D:amateis->am
D:amaten->am
D:amatents->am
D:amateor->am
D:amateors->am
D:amater->am
D:amateran->am
D:amatere->am
D:amatereurish->am
D:amaterial->am
D:amaterialistic->am
D:amaterials->am
D:amaterish->am
D:amaterism->am
D:amaters->am
D:amaterur->am
D:amaterurish->am
D:amaterurs->am
D:amates->am
D:amateur->am
D:amateurallie->am
D:amateurally->am
D:amateuranal->am
D:amateuration->am
D:amateure->am
D:amateured->am
D:amateurely->am
D:amateuren->am
D:amateures->am
D:amateurial->am
D:amateuring->am
D:amateuris->am
D:amateurisation->am
D:amateurised->am
D:amateurish->am
D:amateurisher->am
D:amateurishly->am
D:amateurishness->am
D:amateurism->am
D:amateurisme->am
D:amateurismes->am
D:amateurisms->am
D:amateurist->am
D:amateuristic->am
D:amateuristically->am
D:amateurity->am
D:amateurization->am
D:amateurize->am
D:amateurized->am
D:amateurly->am
D:amateurness->am
D:amateuroral->am
D:amateurs->am
D:amateurship->am
D:amatic->am
D:amatically->am
D:amatics->am
D:amating->am
D:amation->am
D:amations->am
D:amatis->am
D:amatise->am
D:amatist->am
D:amatiste->am
D:amativ->am
D:amative->am
D:amatively->am
D:amativen->am
D:amativeness->am
D:amativenesses->am
D:amativs->am
D:amatiz->am
D:amator->am
D:amatore->am
D:amatoren->am
D:amatorer->am
D:amatores->am
D:amatorial->am
D:amatoriale->am
D:amatorially->am
D:amatorialmente->am
D:amatorian->am
D:amatorie->am
D:amatories->am
D:amatorious->am
D:amatoris->am
D:amatorization->am
D:amatorize->am
D:amatorized->am
D:amatororis->am
D:amators->am
D:amatory->am
D:amatr->am
D:amatrans->am
D:amatre->am
D:amatree->am
D:amatrene->am
D:amatrer->am
D:amatreurs->am
D:amatrian->am
D:amatric->am
D:amatrice->am
D:amatrices->am
D:amatrician->am
D:amatricis->am
D:amatris->am
D:amatrur->am
D:amatrurs->am
D:amats->am
D:amatur->am
D:amaturan->am
D:amaturation->am
D:amature->am
D:amaturee->am
D:amatureish->am
D:amatureist->am
D:amatureistic->am
D:amaturely->am
D:amaturen->am
D:amatureness->am
D:amaturers->am
D:amatures->am
D:amaturian->am
D:amaturish->am
D:amaturishly->am
D:amaturist->am
D:amaturistic->am
D:amaturity->am
D:amaturization->am
D:amaturs->am
D:ame->am
D:ameable->am
D:ameager->am
D:ameagor->am
D:ameal->am
D:amealing->am
D:ameals->am
D:amean->am
D:ameanability->am
D:ameanable->am
D:ameane->am
D:ameaning->am
D:ameaningful->am
D:ameanities->am
D:ameans->am
D:ameant->am
D:ameat->am
D:ameate->am
D:ameater->am
D:ameateur->am
D:ameatre->am
D:ameats->am
D:ameatur->am
D:ameature->am
D:ameatures->am
D:ameaturish->am
D:ameaturs->am
D:amed->am
D:amedag->am
D:amedalist->am
D:amedan->am
D:amede->am
D:ameded->am
D:amedee->am
D:amedees->am
D:amedement->am
D:ameden->am
D:amedes->am
D:amedial->am
D:amedialist->am
D:amedially->am
D:amedian->am
D:amedic->am
D:amedical->am
D:amedically->am
D:amedican->am
D:amedicans->am
D:amedication->am
D:amedications->am
D:ameding->am
D:amedion->am
D:amedis->am
D:amedities->am
D:amedment->am
D:amedments->am
D:amedor->am
D:amedore->am
D:ameds->am
D:amedure->am
D:amee->am
D:ameeal->am
D:ameee->am
D:ameeee->am
D:ameeeee->am
D:ameeeeee->am
D:ameeeeeee->am
D:ameeeeeeee->am
D:ameeeeeeeee->am
D:ameeeeeeeeee->am
D:ameeeeeeeeeee->am
D:ameeeeeeeeeeee->am
D:ameeeeeeeeeeeee->am
D:ameeeeeeeeeeeeeeeeee->am
D:ameeeeeeeeeeeeeeeeeee->am
D:ameeeeeeeeeeeeeeeeeeeeeee->am
D:ameeeeeeeeeeeeeeeeeeeeeeee->am
D:ameeeeeeeeeeeeeeeeeeeeeeeeeeeeeeeeeee->am
D:ameeeeeeeeeeeeeeeeeeeeeeeeeeeeeeeeeeeeeeeeeeeeeeeeeeeeee->am
D:ameeeeeeeeer->am
D:ameeeeeerican->am
D:ameeeelie->am
D:ameeeliee->am
D:ameeer->am
D:ameeere->am
D:ameeerican->am
D:ameees->am
D:ameeican->am
D:ameeicans->am
D:ameelie->am
D:ameely->am
D:ameelye->am
D:ameent->am
D:ameer->am
D:ameeral->am
D:ameerally->am
D:ameeran->am
D:ameerat->am
D:ameerate->am
D:ameere->am
D:ameeree->am
D:ameerent->am
D:ameerial->am
D:ameerican->am
D:ameericans->am
D:ameerishan->am
D:ameers->am
D:amees->am
D:ameful->am
D:ameican->am
D:ameicanized->am
D:ameicans->am
D:ameice->am
D:ameif->am
D:ameing->am
D:ameis->am
D:ameise->am
D:ameisen->am
D:ameisens->am
D:ameish->am
D:ameising->am
D:ameisinger->am
D:ameisme->am
D:ameister->am
D:ameistes->am
D:ameities->am
D:ameizing->am
D:ameliat->am
D:ameliatan->am
D:ameliate->am
D:ameliated->am
D:ameliatran->am
D:amelie->am
D:amelieagency->am
D:ameliealice->am
D:ameliedancer->am
D:ameliede->am
D:ameliedean->am
D:ameliedion->am
D:ameliee->am
D:amelieee->am
D:amelieeee->am
D:amelieeeee->am
D:amelieeeeeeeeeeeeeeeeeeeeeeeeeeeeeeeeeeeeeeeee->am
D:amelieism->am
D:amelien->am
D:amelier->am
D:amelieration->am
D:ameliere->am
D:amelies->am
D:ameliese->am
D:amelily->am
D:amelior->am
D:ameliorability->am
D:ameliorable->am
D:amelioran->am
D:ameliorant->am
D:amelioranting->am
D:ameliorants->am
D:ameliorat->am
D:ameliorate->am
D:ameliorated->am
D:amelioratee->am
D:ameliorater->am
D:ameliorates->am
D:ameliorateur->am
D:amelioratic->am
D:ameliorating->am
D:amelioratings->am
D:amelioration->am
D:ameliorationist->am
D:ameliorations->am
D:ameliorative->am
D:amelioratives->am
D:ameliorator->am
D:ameliorators->am
D:amelioratory->am
D:amelioratrice->am
D:amelioratrices->am
D:ameliore->am
D:ameliored->am
D:amelioree->am
D:ameliorees->am
D:ameliorent->am
D:ameliorer->am
D:ameliorere->am
D:ameliorers->am
D:ameliores->am
D:amelioriating->am
D:amelioriation->am
D:ameliorions->am
D:amelioris->am
D:ameliorisation->am
D:ameliorist->am
D:amelioristic->am
D:ameliorization->am
D:amelious->am
D:amely->am
D:amelyan->am
D:amelyane->am
D:amelye->am
D:amelyee->am
D:amelyen->am
D:amelyer->am
D:amelyes->am
D:amelyor->am
D:amelyore->am
D:amelys->am
D:amen->am
D:amenabilities->am
D:amenability->am
D:amenabl->am
D:amenable->am
D:amenableness->am
D:amenablity->am
D:amenablly->am
D:amenably->am
D:amenag->am
D:amenage->am
D:amenageable->am
D:amenageant->am
D:amenagee->am
D:amenagees->am
D:amenagement->am
D:amenagements->am
D:amenagent->am
D:amenager->am
D:amenages->am
D:amenageurs->am
D:amenagistes->am
D:amenagment->am
D:amenal->am
D:amenalistic->am
D:amenan->am
D:amenance->am
D:amenant->am
D:amenary->am
D:amenarys->am
D:amenat->am
D:amenaten->am
D:amenatities->am
D:amene->am
D:amened->am
D:ameneded->am
D:amenedment->am
D:amenedments->am
D:amenee->am
D:ameneers->am
D:amenees->am
D:ameneities->am
D:amenement->am
D:amenements->am
D:amenenable->am
D:amenenities->am
D:amenent->am
D:amener->am
D:amenerent->am
D:ameners->am
D:amenes->am
D:ameness->am
D:amenesse->am
D:amenetie->am
D:ameneties->am
D:amenety->am
D:amenian->am
D:amenians->am
D:amenic->am
D:amenican->am
D:amenicans->am
D:ameniclyes->am
D:amenics->am
D:amening->am
D:amenion->am
D:amenis->am
D:amenism->am
D:amenist->am
D:amenistration->am
D:amenists->am
D:amenitie->am
D:amenitied->am
D:amenitieis->am
D:amenitiers->am
D:amenities->am
D:amenitiesat->am
D:amenitiesif->am
D:amenity->am
D:amenityat->am
D:amenitys->am
D:ameniz->am
D:amenizan->am
D:amenliorative->am
D:amenly->am
D:amenment->am
D:amenments->am
D:amenor->am
D:amenore->am
D:amens->am
D:ameor->am
D:ameous->am
D:amer->am
D:amerag->am
D:amerage->am
D:ameral->am
D:ameralion->am
D:ameralis->am
D:amerality->am
D:amerally->am
D:ameran->am
D:ameranis->am
D:amerant->am
D:amerante->am
D:amerantes->am
D:amerat->am
D:ameratat->am
D:amerate->am
D:amerates->am
D:ameratis->am
D:ameratrans->am
D:ameratur->am
D:amerature->am
D:ameraturs->am
D:amere->am
D:amered->am
D:amerede->am
D:ameredes->am
D:amereee->am
D:amereican->am
D:amereicanistes->am
D:amereicans->am
D:amerely->am
D:amerement->am
D:ameren->am
D:amerence->am
D:amerene->am
D:amerenis->am
D:amerens->am
D:amerer->am
D:amererican->am
D:amerericans->am
D:ameres->am
D:amerial->am
D:amerian->am
D:amerianised->am
D:amerianize->am
D:amerians->am
D:americ->am
D:americabl->am
D:americable->am
D:americag->am
D:americagary->am
D:americageneral->am
D:americal->am
D:americalate->am
D:americalately->am
D:americalee->am
D:americalens->am
D:americalian->am
D:americalife->am
D:americaling->am
D:americalis->am
D:americalist->am
D:americalistening->am
D:americalists->am
D:americalive->am
D:americalives->am
D:americalized->am
D:americals->am
D:american->am
D:americanable->am
D:americanag->am
D:americanage->am
D:americanagencies->am
D:americanagency->am
D:americanagent->am
D:americanaging->am
D:americanalliance->am
D:americanallies->am
D:americanan->am
D:americananal->am
D:americanaries->am
D:americanat->am
D:americanatelier->am
D:americanatural->am
D:americanc->am
D:americancable->am
D:americancabler->am
D:americancalan->am
D:americancanals->am
D:americancancer->am
D:americancat->am
D:americancats->am
D:americance->am
D:americancenter->am
D:americancentric->am
D:americancentrist->am
D:americancer->am
D:americancities->am
D:americancity->am
D:americancs->am
D:americancure->am
D:americane->am
D:americaneagal->am
D:americaneater->am
D:americaned->am
D:americanee->am
D:americaneer->am
D:americaneers->am
D:americanen->am
D:americaner->am
D:americaners->am
D:americanes->am
D:americanhood->am
D:americanian->am
D:americanic->am
D:americanicity->am
D:americanics->am
D:americanification->am
D:americaning->am
D:americanis->am
D:americanisan->am
D:americanisation->am
D:americanisations->am
D:americanise->am
D:americanised->am
D:americaniser->am
D:americanises->am
D:americanish->am
D:americanishness->am
D:americanising->am
D:americanisized->am
D:americanism->am
D:americanisme->am
D:americanisms->am
D:americanist->am
D:americanistan->am
D:americaniste->am
D:americanistes->am
D:americanistian->am
D:americanistic->am
D:americanistics->am
D:americanists->am
D:americanity->am
D:americaniz->am
D:americanizate->am
D:americanization->am
D:americanizations->am
D:americanize->am
D:americanized->am
D:americanizer->am
D:americanizers->am
D:americanizes->am
D:americanizing->am
D:americanly->am
D:americanness->am
D:americanorate->am
D:americans->am
D:americanship->am
D:americant->am
D:americantag->am
D:americantale->am
D:americantat->am
D:americantees->am
D:americantenor->am
D:americantion->am
D:americantly->am
D:americantrance->am
D:americantreat->am
D:americantreats->am
D:americantrees->am
D:americants->am
D:americat->am
D:americatag->am
D:americate->am
D:americater->am
D:americaters->am
D:americation->am
D:americatrans->am
D:americats->am
D:americe->am
D:americean->am
D:americen->am
D:americens->am
D:americent->am
D:americenter->am
D:americenters->am
D:americentric->am
D:americentricism->am
D:americentricity->am
D:americentrism->am
D:americer->am
D:americeris->am
D:americes->am
D:americian->am
D:americiane->am
D:americians->am
D:americican->am
D:americis->am
D:americish->am
D:americity->am
D:americor->am
D:americore->am
D:americs->am
D:amerifag->am
D:amerifags->am
D:amerifan->am
D:amerifans->am
D:amerifat->am
D:amerifed->am
D:amerifee->am
D:amerifence->am
D:amerifer->am
D:amerific->am
D:amering->am
D:ameringan->am
D:ameringe->am
D:ameringen->am
D:ameringer->am
D:amerings->am
D:amerion->am
D:amerione->am
D:ameris->am
D:amerisal->am
D:amerisale->am
D:amerisan->am
D:amerisat->am
D:amerisatr->am
D:amerise->am
D:ameriseal->am
D:amerisean->am
D:amerish->am
D:amerishan->am
D:amerished->am
D:amerisian->am
D:amerising->am
D:amerism->am
D:amerist->am
D:ameristage->am
D:ameristan->am
D:ameristat->am
D:ameristate->am
D:ameristatr->am
D:amerister->am
D:ameristic->am
D:ameristor->am
D:ameristore->am
D:ameristr->am
D:ameristur->am
D:amerisur->am
D:amerisurance->am
D:amerisure->am
D:amerities->am
D:amerity->am
D:ameritye->am
D:ameriv->am
D:amerival->am
D:amerivan->am
D:amerivans->am
D:amerivantage->am
D:ameriven->am
D:amerivent->am
D:amerivents->am
D:amerivisor->am
D:ameriz->am
D:amerization->am
D:amerizing->am
D:amerlie->am
D:amerliorate->am
D:amerliorated->am
D:amerliorating->am
D:amerlioration->am
D:amerliore->am
D:amerliorer->am
D:amerly->am
D:ameror->am
D:amerous->am
D:amers->am
D:ames->am
D:ametier->am
D:ameties->am
D:amety->am
D:ametys->am
D:ameur->am
D:ameurant->am
D:amful->am
D:amfully->am
D:ami->am
D:amia->am
D:amial->am
D:amiale->am
D:amiales->am
D:amialive->am
D:amials->am
D:amian->am
D:amianals->am
D:amianan->am
D:amianant->am
D:amians->am
D:amibile->am
D:amibilis->am
D:amibl->am
D:amible->am
D:amibly->am
D:amic->am
D:amicabile->am
D:amicabiles->am
D:amicabilis->am
D:amicabilities->am
D:amicability->am
D:amicabilityingly->am
D:amicabl->am
D:amicable->am
D:amicablely->am
D:amicableness->am
D:amicablenesses->am
D:amicablenish->am
D:amicables->am
D:amicably->am
D:amical->am
D:amicale->am
D:amicalement->am
D:amicalements->am
D:amicales->am
D:amicalis->am
D:amicality->am
D:amically->am
D:amicalment->am
D:amicals->am
D:amican->am
D:amicans->am
D:amicat->am
D:amice->am
D:amiced->am
D:amicee->am
D:amicen->am
D:amiceneal->am
D:amicentral->am
D:amicentre->am
D:amicentric->am
D:amices->am
D:amician->am
D:amiciane->am
D:amicis->am
D:amicisingers->am
D:amicisten->am
D:amicistrings->am
D:amicitie->am
D:amicitiis->am
D:amiciv->am
D:amiclients->am
D:amicor->am
D:amicore->am
D:amics->am
D:amicur->am
D:amicure->am
D:amif->am
D:amifag->am
D:amifan->am
D:amife->am
D:amifen->am
D:amifer->am
D:amific->am
D:amification->am
D:amifications->am
D:amifish->am
D:amifly->am
D:amifore->am
D:amifs->am
D:amifur->am
D:aming->am
D:aminge->am
D:amingen->am
D:aminger->am
D:amingeree->am
D:aminging->am
D:amingione->am
D:amingness->am
D:amings->am
D:amion->am
D:amione->am
D:amionic->am
D:amions->am
D:amiqu->am
D:amique->am
D:amis->am
D:amisagentur->am
D:amisager->am
D:amisal->am
D:amisales->am
D:amisan->am
D:amisane->am
D:amisat->am
D:amise->am
D:amisen->am
D:amiser->am
D:amiserable->am
D:amiserant->am
D:amiserat->am
D:amisere->am
D:amiserial->am
D:amiseris->am
D:amises->am
D:amish->am
D:amishe->am
D:amished->am
D:amishers->am
D:amishes->am
D:amishish->am
D:amishism->am
D:amishly->am
D:amishness->am
D:amishs->am
D:amisial->am
D:amisian->am
D:amisic->am
D:amising->am
D:amisingly->am
D:amism->am
D:amisme->am
D:amisms->am
D:amisor->am
D:amisships->am
D:amist->am
D:amistal->am
D:amistat->am
D:amistation->am
D:amistats->am
D:amiste->am
D:amisted->am
D:amistee->am
D:amister->am
D:amistic->am
D:amistice->am
D:amistore->am
D:amistories->am
D:amistr->am
D:amistral->am
D:amistre->am
D:amistres->am
D:amistris->am
D:amistry->am
D:amists->am
D:amistur->am
D:amitie->am
D:amitiee->am
D:amitiees->am
D:amitien->am
D:amitient->am
D:amitier->am
D:amitiers->am
D:amities->am
D:amitious->am
D:amity->am
D:amityan->am
D:amitys->am
D:amium->am
D:amiums->am
D:amiv->am
D:amival->am
D:amivalent->am
D:amivan->am
D:amivane->am
D:amivat->am
D:amive->am
D:amivee->am
D:amiven->am
D:amiver->am
D:amivive->am
D:amivor->am
D:amivs->am
D:amiz->am
D:amizan->am
D:amizante->am
D:amizants->am
D:amize->am
D:amized->am
D:amizen->am
D:amizener->am
D:amizer->am
D:amizere->am
D:amizian->am
D:amizic->am
D:amizing->am
D:amizingly->am
D:amizingness->am
D:amizion->am
D:amizish->am
D:amizs->am
D:amizur->am
D:amliat->am
D:amlie->am
D:amlien->am
D:amliiz->am
D:amlily->am
D:amlior->am
D:amlioration->am
D:amliorations->am
D:amliore->am
D:amliorent->am
D:amliorer->am
D:amly->am
D:amlyag->am
D:amlyan->am
D:amlyly->am
D:amlys->am
D:amm->am
D:ammability->am
D:ammable->am
D:ammaciated->am
D:ammag->am
D:ammagan->am
D:ammagans->am
D:ammage->am
D:ammagen->am
D:ammager->am
D:ammal->am
D:ammalat->am
D:ammale->am
D:ammalee->am
D:ammaler->am
D:ammalian->am
D:ammalife->am
D:ammalives->am
D:ammals->am
D:amman->am
D:ammanagement->am
D:ammanarie->am
D:ammanat->am
D:ammancian->am
D:ammancity->am
D:ammane->am
D:ammanealing->am
D:ammanis->am
D:ammaniv->am
D:ammans->am
D:ammant->am
D:ammantan->am
D:ammante->am
D:ammanur->am
D:ammarie->am
D:ammary->am
D:ammat->am
D:ammate->am
D:ammaten->am
D:ammaterishly->am
D:ammates->am
D:ammateur->am
D:ammateurs->am
D:ammation->am
D:ammations->am
D:ammator->am
D:ammatories->am
D:ammatory->am
D:ammatous->am
D:ammats->am
D:ammature->am
D:ammaturely->am
D:ammatures->am
D:amme->am
D:ammed->am
D:ammede->am
D:ammeded->am
D:ammedic->am
D:ammedingen->am
D:ammedment->am
D:ammedments->am
D:ammee->am
D:ammeee->am
D:ammeelie->am
D:ammeer->am
D:ammees->am
D:ammeisme->am
D:ammeisten->am
D:ammeister->am
D:ammelie->am
D:ammeliorate->am
D:ammelioration->am
D:ammely->am
D:ammen->am
D:ammenable->am
D:ammenag->am
D:ammenage->am
D:ammenagement->am
D:ammenager->am
D:ammence->am
D:ammene->am
D:ammened->am
D:ammener->am
D:ammeneties->am
D:ammenitie->am
D:ammenitiees->am
D:ammenities->am
D:ammenity->am
D:ammenitys->am
D:ammenment->am
D:ammenments->am
D:ammens->am
D:amment->am
D:ammental->am
D:ammentice->am
D:ammentities->am
D:ammentity->am
D:ammentment->am
D:ammentoring->am
D:ammer->am
D:ammeral->am
D:ammeran->am
D:ammerans->am
D:ammered->am
D:ammerely->am
D:ammerer->am
D:ammerian->am
D:ammerical->am
D:ammerican->am
D:ammericans->am
D:ammering->am
D:ammeringen->am
D:ammeris->am
D:ammerization->am
D:ammers->am
D:ammes->am
D:ammial->am
D:ammian->am
D:ammianis->am
D:ammic->am
D:ammicable->am
D:ammicably->am
D:ammicale->am
D:ammicalement->am
D:ammicante->am
D:ammifish->am
D:amming->am
D:amminger->am
D:ammion->am
D:ammis->am
D:ammise->am
D:ammisen->am
D:ammish->am
D:ammisic->am
D:ammist->am
D:ammity->am
D:ammiz->am
D:ammizing->am
D:ammly->am
D:ammor->am
D:ammoral->am
D:ammorality->am
D:ammorally->am
D:ammorate->am
D:ammoration->am
D:ammoratization->am
D:ammoratized->am
D:ammore->am
D:ammorealism->am
D:ammoree->am
D:ammoreee->am
D:ammoreeee->am
D:ammorer->am
D:ammoriated->am
D:ammorization->am
D:ammory->am
D:ammous->am
D:ammouse->am
D:amms->am
D:ammual->am
D:ammur->am
D:ammurat->am
D:ammurate->am
D:ammuricans->am
D:ammurization->am
D:amness->am
D:amor->am
D:amorable->am
D:amorably->am
D:amoracious->am
D:amorag->am
D:amoral->am
D:amorale->am
D:amoraler->am
D:amorales->am
D:amoralis->am
D:amoralises->am
D:amoralising->am
D:amoralism->am
D:amoralisms->am
D:amoralist->am
D:amoraliste->am
D:amoralistic->am
D:amoralists->am
D:amoralities->am
D:amorality->am
D:amoralization->am
D:amoralized->am
D:amoralizing->am
D:amorally->am
D:amoralness->am
D:amorals->am
D:amoran->am
D:amorance->am
D:amoranis->am
D:amorans->am
D:amorante->am
D:amorat->am
D:amoration->am
D:amoratis->am
D:amoratization->am
D:amoratized->am
D:amore->am
D:amoreallie->am
D:amorean->am
D:amoreans->am
D:amoreat->am
D:amoreate->am
D:amored->am
D:amoredance->am
D:amoredifede->am
D:amoree->am
D:amoreee->am
D:amoreeee->am
D:amoreeeee->am
D:amoreeeeee->am
D:amoreeeeeee->am
D:amoreeeeeeeee->am
D:amoreeeeeeeeee->am
D:amoreeeeeeeeeeeee->am
D:amoreeeeeeeeeeeeeee->am
D:amoreeeeeeeeeeeeeeee->am
D:amoreeeeeeeeeeeeeeeeee->am
D:amoreeeeeeeeeeeeeeeeeee->am
D:amoreeeeeeeeeeeeeeeeeeeeeeeeeeeeeeeeeeeeeeeeeeeeeeeeeeeeeeeeeeeeeeeeeeee->am
D:amoreeeeeeeeeeees->am
D:amoreeeeeees->am
D:amoreeees->am
D:amoreees->am
D:amorees->am
D:amoreliate->am
D:amoren->am
D:amorenational->am
D:amorency->am
D:amorene->am
D:amorenee->am
D:amorenor->am
D:amoreous->am
D:amorer->am
D:amorering->am
D:amorers->am
D:amores->am
D:amorial->am
D:amorian->am
D:amorians->am
D:amoriation->am
D:amoric->am
D:amorical->am
D:amorican->am
D:amoricane->am
D:amoricans->am
D:amorice->am
D:amoricen->am
D:amoricer->am
D:amorie->am
D:amoriee->am
D:amorien->am
D:amorient->am
D:amorientals->am
D:amories->am
D:amorifer->am
D:amorific->am
D:amoriis->am
D:amorily->am
D:amoring->am
D:amoringis->am
D:amorion->am
D:amoris->am
D:amorise->am
D:amorism->am
D:amorist->am
D:amoriste->am
D:amoristed->am
D:amoristic->am
D:amorists->am
D:amoritiation->am
D:amorities->am
D:amority->am
D:amoriz->am
D:amorizatation->am
D:amorization->am
D:amorizations->am
D:amorize->am
D:amorized->am
D:amorizing->am
D:amorous->am
D:amorouse->am
D:amorously->am
D:amorouslys->am
D:amorousness->am
D:amorousnesse->am
D:amorousnessed->am
D:amorousnesses->am
D:amors->am
D:amorur->am
D:amory->am
D:amoryan->am
D:amoryization->am
D:amoryized->am
D:amoryizing->am
D:amorys->am
D:amous->am
D:amouse->am
D:amoused->am
D:amousement->am
D:amousing->am
D:amously->am
D:amousness->am
D:ams->am
D:amsag->am
D:amsage->am
D:amsal->am
D:amsalary->am
D:amsale->am
D:amsaleee->am
D:amsalers->am
D:amsales->am
D:amsalingan->am
D:amsalist->am
D:amsally->am
D:amsals->am
D:amsan->am
D:amsans->am
D:amsant->am
D:amsat->am
D:amsateurs->am
D:amsats->am
D:amse->am
D:amseal->am
D:amsed->am
D:amsee->am
D:amseeing->am
D:amseize->am
D:amsement->am
D:amsen->am
D:amser->am
D:amseran->am
D:amsere->am
D:amserene->am
D:amserial->am
D:amserican->am
D:amsers->am
D:amses->am
D:amsian->am
D:amsic->am
D:amsif->am
D:amsifag->am
D:amsing->am
D:amsinger->am
D:amsingly->am
D:amsiz->am
D:amslie->am
D:amsly->am
D:amsor->am
D:amsual->am
D:amsur->am
D:amsure->am
D:amth->am
D:amual->am
D:amually->am
D:amuals->am
D:amul->am
D:amulan->am
D:amulance->am
D:amulances->am
D:amulants->am
D:amulat->am
D:amulate->am
D:amulated->am
D:amulation->am
D:amulator->am
D:amulatory->am
D:amule->am
D:amuled->am
D:amulen->am
D:amulence->am
D:amulent->am
D:amuleris->am
D:amules->am
D:amulety->am
D:amulic->am
D:amulis->am
D:amuliv->am
D:amully->am
D:amulous->am
D:amuls->am
D:amum->am
D:amur->am
D:amuragan->am
D:amural->am
D:amuran->am
D:amurane->am
D:amurat->am
D:amuratore->am
D:amure->am
D:amured->am
D:amuren->am
D:amurenis->am
D:amurens->am
D:amures->am
D:amurian->am
D:amurians->am
D:amurican->am
D:amuricans->am
D:amurice->am
D:amuring->am
D:amuris->am
D:amurisan->am
D:amurly->am
D:amurous->am
D:amurs->am
D:amus->am
D:music->music
D:musica->music
D:musicabile->music
D:musicability->music
D:musicable->music
D:musicag->music
D:musicage->music
D:musicagency->music
D:musicagent->music
D:musical->music
D:musicalagent->music
D:musicalal->music
D:musicalality->music
D:musicale->music
D:musicaleater->music
D:musicalement->music
D:musicalen->music
D:musicalencore->music
D:musicales->music
D:musicalical->music
D:musicalicat->music
D:musicalife->music
D:musicalion->music
D:musicalis->music
D:musicalisant->music
D:musicalisation->music
D:musicalise->music
D:musicalised->music
D:musicaliser->music
D:musicalises->music
D:musicalish->music
D:musicalising->music
D:musicalism->music
D:musicalist->music
D:musicalities->music
D:musicality->music
D:musicalive->music
D:musicalizate->music
D:musicalization->music
D:musicalizations->music
D:musicalize->music
D:musicalized->music
D:musicalizer->music
D:musicalizes->music
D:musicalizing->music
D:musicallies->music
D:musicalliure->music
D:musically->music
D:musicallyalive->music
D:musicallyness->music
D:musicallyurs->music
D:musicalment->music
D:musicalmentality->music
D:musicalmente->music
D:musicalness->music
D:musicalnesses->music
D:musicals->music
D:musican->music
D:musicanator->music
D:musicancing->music
D:musicane->music
D:musicanist->music
D:musicanly->music
D:musicans->music
D:musicanship->music
D:musicant->music
D:musicante->music
D:musicanted->music
D:musicants->music
D:musicar->music
D:musicare->music
D:musicares->music
D:musicarian->music
D:musicary->music
D:musicat->music
D:musicate->music
D:musicated->music
D:musicatelier->music
D:musication->music
D:musicator->music
D:musicatreize->music
D:musicats->music
D:musice->music
D:musiceans->music
D:musiceater->music
D:musiced->music
D:musiceds->music
D:musiceer->music
D:musicen->music
D:musicenabled->music
D:musicent->music
D:musicenter->music
D:musicentices->music
D:musicentre->music
D:musicer->music
D:musiceren->music
D:musiceric->music
D:musicers->music
D:musices->music
D:musici->music
D:musicia->music
D:musicial->music
D:musiciale->music
D:musiciality->music
D:musicially->music
D:musicials->music
D:musician->music
D:musicianal->music
D:musicianaries->music
D:musicianary->music
D:musiciane->music
D:musicianed->music
D:musicianeer->music
D:musicianeering->music
D:musicianeers->music
D:musicianer->music
D:musicianers->music
D:musicianing->music
D:musicianis->music
D:musicianist->music
D:musicianists->music
D:musicianly->music
D:musicians->music
D:musicianship->music
D:musicianships->music
D:musicical->music
D:musicically->music
D:musicican->music
D:musicicans->music
D:musicicanship->music
D:musicician->music
D:musicicians->music
D:musicif->music
D:musicify->music
D:musicing->music
D:musicingif->music
D:musicings->music
D:musicion->music
D:musicionary->music
D:musicione->music
D:musicioners->music
D:musicions->music
D:musicique->music
D:musicis->music
D:musicisan->music
D:musicish->music
D:musicishere->music
D:musicisian->music
D:musicisians->music
D:musicism->music
D:musicismagic->music
D:musicismagical->music
D:musicismalife->music
D:musicisme->music
D:musicismedication->music
D:musicisms->music
D:musicist->music
D:musiciste->music
D:musicistic->music
D:musicistore->music
D:musicists->music
D:musicity->music
D:musicium->music
D:musicivory->music
D:musiciz->music
D:musicizalive->music
D:musicl->music
D:musiclal->music
D:musiclane->music
D:musicle->music
D:musicled->music
D:musiclee->music
D:musiclemente->music
D:musiclens->music
D:musicles->music
D:musiclic->music
D:musiclicence->music
D:musiclife->music
D:musiclifeisme->music
D:musiclilies->music
D:musiclily->music
D:musiclion->music
D:musiclist->music
D:musiclisten->music
D:musiclistener->music
D:musiclisteners->music
D:musiclistening->music
D:musiclisteningful->music
D:musiclistings->music
D:musiclists->music
D:musiclive->music
D:musiclives->music
D:musicliz->music
D:musiclly->music
D:musiclore->music
D:musicls->music
D:musicly->music
D:musiclyics->music
D:musicmentality->music
D:musicmentor->music
D:musicmentory->music
D:musicness->music
D:musicor->music
D:musicoran->music
D:musicore->music
D:musicoriental->music
D:musics->music
D:musicsage->music
D:musicsal->music
D:musicsales->music
D:musicsally->music
D:musicsan->music
D:musicseal->music
D:musicsee->music
D:musicseer->music
D:musicsence->music
D:musicserenity->music
D:musicses->music
D:musicship->music
D:musicsians->music
D:musicsic->music
D:musicsinger->music
D:musicsinging->music
D:musicual->music
D:musicul->music
D:musicules->music
D:musicum->music
D:musicure->music
D:musicures->music
D:musicus->music
Q:influence->influ
D:influ->influ
D:influa->influ
D:influanc->influ
D:influancable->influ
D:influance->influ
D:influanced->influ
D:influancers->influ
D:influances->influ
D:influancials->influ
D:influancing->influ
D:influancual->influ
D:influane->influ
D:influant->influ
D:influantial->influ
D:influated->influ
D:influatial->influ
D:influating->influ
D:influation->influ
D:influe->influ
D:influeance->influ
D:influeantial->influ
D:influed->influ
D:influeeeeeeeeeeeeeeeeeeeeeeeeeeeeeeeeeeeeeeeeeeeeeeeeeeeeeeeeeeeeeeeeeeeeeeeeeeeeeeeence->influ
D:influeence->influ
D:influeenced->influ
D:influeential->influ
D:influees->influ
D:influen->influ
D:influenc->influ
D:influencable->influ
D:influencables->influ
D:influencal->influ
D:influencant->influ
D:influencary->influ
D:influence->influ
D:influenceability->influ
D:influenceable->influ
D:influenceables->influ
D:influenceage->influ
D:influenceagents->influ
D:influenceat->influ
D:influenced->influ
D:influenceded->influ
D:influencedes->influ
D:influenceding->influ
D:influenceds->influ
D:influencee->influ
D:influenceee->influ
D:influenceeeeeeeeeeeeeeee->influ
D:influencees->influ
D:influenceful->influ
D:influenceing->influ
D:influenceis->influ
D:influencement->influ
D:influencemental->influ
D:influencen->influ
D:influencenative->influ
D:influencence->influ
D:influencent->influ
D:influencer->influ
D:influencerising->influ
D:influencers->influ
D:influences->influ
D:influenceur->influ
D:influenceurs->influ
D:influencial->influ
D:influenciality->influ
D:influencials->influ
D:influencian->influ
D:influenciat->influ
D:influenciate->influ
D:influenciated->influ
D:influenciates->influ
D:influencical->influ
D:influencie->influ
D:influencied->influ
D:influencier->influ
D:influencies->influ
D:influencing->influ
D:influencinged->influ
D:influencings->influ
D:influencism->influ
D:influencive->influ
D:influencors->influ
D:influencs->influ
D:influency->influ
D:influene->influ
D:influened->influ
D:influenee->influ
D:influenenced->influ
D:influenences->influ
D:influeners->influ
D:influenes->influ
D:influenial->influ
D:influening->influ
D:influens->influ
D:influent->influ
D:influental->influ
D:influentally->influ
D:influentat->influ
D:influentate->influ
D:influente->influ
D:influented->influ
D:influenter->influ
D:influentes->influ
D:influential->influ
D:influentialent->influ
D:influentialist->influ
D:influentialists->influ
D:influentiality->influ
D:influentially->influ
D:influentialness->influ
D:influentials->influ
D:influentian->influ
D:influentical->influ
D:influenting->influ
D:influention->influ
D:influentional->influ
D:influently->influ
D:influents->influ
D:influentual->influ
D:influer->influ
D:influerat->influ
D:influere->influ
D:influerent->influ
D:influerer->influ
D:influes->influ
D:influi->influ
D:influia->influ
D:influis->influ
D:influse->influ
D:inflused->influ
D:influsence->influ
D:influses->influ
D:influsing->influ
D:influus->influ
Q:history->hist
D:hist->hist
D:hista->hist
D:histability->hist
D:histable->hist
D:histag->hist
D:histage->hist
D:histal->hist
D:histalean->hist
D:histaloran->hist
D:histan->hist
D:histance->hist
D:histanis->hist
D:histanore->hist
D:histant->hist
D:histar->hist
D:histare->hist
D:histarer->hist
D:histarical->hist
D:histarically->hist
D:histaricly->hist
D:histarics->hist
D:histarious->hist
D:histary->hist
D:histat->hist
D:histatan->hist
D:histate->hist
D:histated->hist
D:histates->hist
D:histatic->hist
D:histation->hist
D:histats->hist
D:histe->hist
D:histeary->hist
D:histed->hist
D:histeds->hist
D:histeer->hist
D:histeical->hist
D:histen->hist
D:histene->hist
D:histent->hist
D:hister->hist
D:histeree->hist
D:histerialane->hist
D:histerian->hist
D:histeric->hist
D:histerical->hist
D:histerically->hist
D:histericals->hist
D:histericly->hist
D:histerics->hist
D:histeris->hist
D:histers->hist
D:histes->hist
D:histi->hist
D:histia->hist
D:histic->hist
D:histical->hist
D:histicated->hist
D:histication->hist
D:histing->hist
D:histings->hist
D:histion->hist
D:histionic->hist
D:histionics->hist
D:hististeis->hist
D:histor->hist
D:historal->hist
D:historally->hist
D:historan->hist
D:historans->hist
D:historates->hist
D:histore->hist
D:historeally->hist
D:historee->hist
D:historeic->hist
D:historeis->hist
D:histores->hist
D:historial->hist
D:historiale->hist
D:historialeer->hist
D:historiales->hist
D:historialis->hist
D:historialism->hist
D:historialistic->hist
D:historiality->hist
D:historially->hist
D:historials->hist
D:historian->hist
D:historianatural->hist
D:historianism->hist
D:historianisms->hist
D:historians->hist
D:historianship->hist
D:historiated->hist
D:historiation->hist
D:historiator->hist
D:historic->hist
D:historical->hist
D:historicalal->hist
D:historicale->hist
D:historicales->hist
D:historicalish->hist
D:historicalism->hist
D:historicalist->hist
D:historicalists->hist
D:historicality->hist
D:historicalizing->hist
D:historically->hist
D:historicallyoriented->hist
D:historicalness->hist
D:historicals->hist
D:historican->hist
D:historicans->hist
D:historicat->hist
D:historice->hist
D:historices->hist
D:historicial->hist
D:historicially->hist
D:historician->hist
D:historicians->hist
D:historicical->hist
D:historicing->hist
D:historicis->hist
D:historicisation->hist
D:historicise->hist
D:historicised->hist
D:historiciser->hist
D:historicises->hist
D:historicising->hist
D:historicism->hist
D:historicisme->hist
D:historicisms->hist
D:historicist->hist
D:historiciste->hist
D:historicistes->hist
D:historicistic->hist
D:historicists->hist
D:historicities->hist
D:historicity->hist
D:historicization->hist
D:historicizations->hist
D:historicize->hist
D:historicized->hist
D:historicizers->hist
D:historicizes->hist
D:historicizing->hist
D:historicly->hist
D:historicness->hist
D:historics->hist
D:historicships->hist
D:historie->hist
D:historieal->hist
D:historieans->hist
D:historied->hist
D:historiee->hist
D:historiees->hist
D:historieis->hist
D:historien->hist
D:historiene->hist
D:historiens->hist
D:historier->hist
D:histories->hist
D:historiese->hist
D:historification->hist
D:historiian->hist
D:historiic->hist
D:historiical->hist
D:historiis->hist
D:historing->hist
D:historion->hist
D:historionic->hist
D:historionics->hist
D:historions->hist
D:historiorant->hist
D:historious->hist
D:historis->hist
D:historisal->hist
D:historisation->hist
D:historise->hist
D:historiser->hist
D:historiseren->hist
D:historish->hist
D:historishe->hist
D:historisher->hist
D:historishes->hist
D:historising->hist
D:historisity->hist
D:historisization->hist
D:historisize->hist
D:historisized->hist
D:historisizing->hist
D:historism->hist
D:historisme->hist
D:historisms->hist
D:historist->hist
D:historistic->hist
D:histority->hist
D:historival->hist
D:historivale->hist
D:historization->hist
D:historize->hist
D:historized->hist
D:historizers->hist
D:historizes->hist
D:historizing->hist
D:historizised->hist
D:historizising->hist
D:historment->hist
D:histormentors->hist
D:histororical->hist
D:historory->hist
D:histors->hist
D:history->hist
D:historyabilene->hist
D:historyability->hist
D:historyage->hist
D:historyagent->hist
D:historyal->hist
D:historyale->hist
D:historyalive->hist
D:historyan->hist
D:historyancient->hist
D:historyanual->hist
D:historyat->hist
D:historye->hist
D:historyed->hist
D:historyeee->hist
D:historyenabled->hist
D:historyes->hist
D:historyic->hist
D:historyical->hist
D:historyically->hist
D:historyif->hist
D:historying->hist
D:historyis->hist
D:historyish->hist
D:historyishere->hist
D:historyiv->hist
D:historyliens->hist
D:historyor->hist
D:historys->hist
D:historyship->hist
D:historyurs->hist
D:histr->hist
D:histragic->hist
D:histre->hist
D:histree->hist
D:histrene->hist
D:histres->hist
D:histrial->hist
D:histrian->hist
D:histrians->hist
D:histric->hist
D:histrical->hist
D:histrically->hist
D:histricis->hist
D:histring->hist
D:histrion->hist
D:histrionalis->hist
D:histrionen->hist
D:histriones->hist
D:histrionic->hist
D:histrionical->hist
D:histrionically->hist
D:histrionicism->hist
D:histrionicity->hist
D:histrionics->hist
D:histrionis->hist
D:histrionism->hist
D:histrionize->hist
D:histrions->hist
D:histris->hist
D:histrive->hist
D:histrorian->hist
D:histrorians->hist
D:histroric->hist
D:histrorical->hist
D:histrorically->hist
D:histrories->hist
D:histrory->hist
D:histrousers->hist
D:hists->hist
D:histship->hist
D:histsize->hist
D:histsizes->hist
D:histsoric->hist
D:histsorical->hist
D:histsorically->hist
D:histsory->hist
D:histt->hist
D:histtable->hist
D:histting->hist
D:histtis->hist
D:histtorical->hist
D:histtory->hist
D:histtr->hist
D:histtre->hist
D:histum->hist
D:histus->hist
<query> how has african american music influence history</query><numhits>10</numhits><time>6701</time>
</ATIREsearch>
<ATIREsearch>
Q:bewitched->bewitch
D:bewitch->bewitch
D:bewitche->bewitch
D:bewitched->bewitch
D:bewitcheded->bewitch
D:bewitchedentity->bewitch
D:bewitchedful->bewitch
D:bewitchedness->bewitch
D:bewitchee->bewitch
D:bewitcher->bewitch
D:bewitchered->bewitch
D:bewitchers->bewitch
D:bewitches->bewitch
D:bewitchful->bewitch
D:bewitchi->bewitch
D:bewitching->bewitch
D:bewitchingly->bewitch
D:bewitchings->bewitch
D:bewitchment->bewitch
D:bewitchments->bewitch
D:cast->cast
D:casta->cast
D:castabile->cast
D:castabilities->cast
D:castability->cast
D:castable->cast
D:castables->cast
D:castablity->cast
D:castag->cast
D:castage->cast
D:castagere->cast
D:castages->cast
D:castal->cast
D:castalan->cast
D:castale->cast
D:castales->cast
D:castalian->cast
D:castalians->cast
D:castaling->cast
D:castalion->cast
D:castalione->cast
D:castalis->cast
D:castalive->cast
D:castan->cast
D:castanal->cast
D:castancentre->cast
D:castane->cast
D:castanean->cast
D:castaned->cast
D:castanedagee->cast
D:castanedan->cast
D:castanedanancy->cast
D:castanedian->cast
D:castanee->cast
D:castaneis->cast
D:castaneous->cast
D:castaner->cast
D:castanes->cast
D:castanian->cast
D:castanic->cast
D:castanics->cast
D:castanion->cast
D:castanis->cast
D:castans->cast
D:castant->cast
D:castantly->cast
D:castar->cast
D:castaration->cast
D:castarede->cast
D:castars->cast
D:castat->cast
D:castate->cast
D:castated->cast
D:castatement->cast
D:castater->cast
D:castation->cast
D:castatis->cast
D:castatistics->cast
D:castator->cast
D:castats->cast
D:caste->cast
D:casteal->cast
D:casteals->cast
D:castean->cast
D:casted->cast
D:castedal->cast
D:castedice->cast
D:casteds->cast
D:castee->cast
D:casteer->cast
D:casteers->cast
D:castees->cast
D:casteism->cast
D:casteisms->cast
D:casteist->cast
D:casteistic->cast
D:casteists->cast
D:castelier->cast
D:casteliers->cast
D:castely->cast
D:castement->cast
D:casten->cast
D:castenants->cast
D:castener->cast
D:castens->cast
D:castent->cast
D:caster->cast
D:casteran->cast
D:casterate->cast
D:casterated->cast
D:casterating->cast
D:casteration->cast
D:castere->cast
D:castered->cast
D:casterede->cast
D:casteren->cast
D:casteres->cast
D:casterful->cast
D:castering->cast
D:casteris->cast
D:casterize->cast
D:casterliers->cast
D:casterly->cast
D:casterlys->cast
D:casters->cast
D:castes->cast
D:casteur->cast
D:casteurs->cast
D:castful->cast
D:casti->cast
D:castia->cast
D:castial->cast
D:castiale->cast
D:castialian->cast
D:castialice->cast
D:castials->cast
D:castian->cast
D:castiane->cast
D:castianity->cast
D:castians->cast
D:castibility->cast
D:castible->cast
D:castic->cast
D:castice->cast
D:castics->cast
D:castif->cast
D:castifated->cast
D:castificat->cast
D:castified->cast
D:castify->cast
D:casting->cast
D:castingagencies->cast
D:castingagency->cast
D:castingagent->cast
D:castingagentur->cast
D:castingagenturen->cast
D:castinge->cast
D:castinged->cast
D:castinger->cast
D:castinging->cast
D:castingness->cast
D:castings->cast
D:castion->cast
D:castione->cast
D:castions->cast
D:castique->cast
D:castis->cast
D:castish->cast
D:castism->cast
D:castisms->cast
D:castist->cast
D:castists->cast
D:castity->cast
D:castiv->cast
D:castive->cast
D:castivor->cast
D:castiz->cast
D:castlie->cast
D:castly->cast
D:castlys->cast
D:castness->cast
D:castor->cast
D:castorage->cast
D:castoral->cast
D:castoran->cast
D:castorate->cast
D:castorated->cast
D:castoration->cast
D:castore->cast
D:castorean->cast
D:castored->cast
D:castoren->cast
D:castorene->cast
D:castores->cast
D:castorial->cast
D:castorian->cast
D:castorie->cast
D:castories->cast
D:castoring->cast
D:castorion->cast
D:castorious->cast
D:castoris->cast
D:castoriser->cast
D:castorized->cast
D:castors->cast
D:castorship->cast
D:castory->cast
D:castr->cast
D:castral->cast
D:castrale->cast
D:castran->cast
D:castranc->cast
D:castrant->cast
D:castrante->cast
D:castrantur->cast
D:castrat->cast
D:castrate->cast
D:castrated->cast
D:castrater->cast
D:castraters->cast
D:castrates->cast
D:castrateur->cast
D:castrating->cast
D:castratingly->cast
D:castration->cast
D:castrational->cast
D:castrations->cast
D:castratis->cast
D:castratism->cast
D:castrative->cast
D:castrator->cast
D:castrators->cast
D:castratory->cast
D:castratrices->cast
D:castratrion->cast
D:castrats->cast
D:castre->cast
D:castreal->cast
D:castred->cast
D:castree->cast
D:castrees->cast
D:castren->cast
D:castrence->cast
D:castrene->cast
D:castrer->cast
D:castrered->cast
D:castreren->cast
D:castrers->cast
D:castres->cast
D:castrian->cast
D:castrianism->cast
D:castrians->cast
D:castric->cast
D:castrice->cast
D:castricianis->cast
D:castricione->cast
D:castriciones->cast
D:castring->cast
D:castrion->cast
D:castris->cast
D:castrism->cast
D:castrisme->cast
D:castrist->cast
D:castriste->cast
D:castrists->cast
D:castriz->cast
D:castror->cast
D:castroreale->cast
D:castrs->cast
D:casts->cast
D:castsan->cast
D:castse->cast
D:castser->cast
D:castsers->cast
D:castt->cast
D:castte->cast
D:castted->cast
D:castters->cast
D:castting->cast
D:casttings->cast
D:casttor->cast
D:casttr->cast
D:casttrans->cast
D:casttration->cast
D:castts->cast
D:castul->cast
D:castum->cast
D:castur->cast
D:casturated->cast
D:castus->cast
<query> bewitched cast</query><numhits>10</numhits><time>1079</time>
</ATIREsearch>
<ATIREsearch>
Q:mister->mist
D:mist->mist
D:mista->mist
D:mistability->mist
D:mistable->mist
D:mistables->mist
D:mistacious->mist
D:mistag->mist
D:mistagance->mist
D:mistage->mist
D:mistagee->mist
D:mistagen->mist
D:mistagene->mist
D:mistages->mist
D:mistagian->mist
D:mistagist->mist
D:mistal->mist
D:mistale->mist
D:mistalee->mist
D:mistalen->mist
D:mistalene->mist
D:mistales->mist
D:mistalis->mist
D:mistallie->mist
D:mistallied->mist
D:mistan->mist
D:mistance->mist
D:mistanced->mist
D:mistanely->mist
D:mistant->mist
D:mistar->mist
D:mistarat->mist
D:mistare->mist
D:mistaree->mist
D:mistaren->mist
D:mistaric->mist
D:mistarious->mist
D:mistaris->mist
D:mistary->mist
D:mistat->mist
D:mistatalent->mist
D:mistatat->mist
D:mistate->mist
D:mistated->mist
D:mistatee->mist
D:mistatement->mist
D:mistatements->mist
D:mistater->mist
D:mistates->mist
D:mistatic->mist
D:mistating->mist
D:mistation->mist
D:mistatments->mist
D:mistatree->mist
D:mistats->mist
D:miste->mist
D:misteag->mist
D:misteal->mist
D:mistearious->mist
D:misteated->mist
D:misted->mist
D:mistede->mist
D:mistee->mist
D:misteeer->mist
D:misteer->mist
D:misteering->mist
D:misteeriver->mist
D:mistees->mist
D:misteeur->mist
D:misteis->mist
D:misteism->mist
D:mistely->mist
D:misten->mist
D:mistene->mist
D:mistened->mist
D:mistening->mist
D:mistens->mist
D:mistent->mist
D:misteor->mist
D:misteory->mist
D:mister->mist
D:misterable->mist
D:misterag->mist
D:misterager->mist
D:misteral->mist
D:misteran->mist
D:misterant->mist
D:misterants->mist
D:misterate->mist
D:misterational->mist
D:mistere->mist
D:mistered->mist
D:misteree->mist
D:misterees->mist
D:misterelie->mist
D:misteren->mist
D:mistereous->mist
D:misterer->mist
D:mistereric->mist
D:misteres->mist
D:misterhood->mist
D:misterial->mist
D:misterian->mist
D:misterific->mist
D:mistering->mist
D:misterion->mist
D:misteris->mist
D:misterised->mist
D:misterisme->mist
D:misteriv->mist
D:misterivans->mist
D:misterivers->mist
D:misterlie->mist
D:misterlies->mist
D:misterly->mist
D:misterlys->mist
D:misterous->mist
D:misterously->mist
D:misters->mist
D:mistership->mist
D:mistes->mist
D:misteur->mist
D:misteurmentor->mist
D:mistful->mist
D:misti->mist
D:mistia->mist
D:mistian->mist
D:mistians->mist
D:mistic->mist
D:mistical->mist
D:misticale->mist
D:misticalice->mist
D:mistically->mist
D:mistican->mist
D:misticat->mist
D:mistication->mist
D:mistice->mist
D:misticism->mist
D:misticisme->mist
D:misticity->mist
D:misticly->mist
D:mistics->mist
D:mistif->mist
D:mistific->mist
D:mistifican->mist
D:mistification->mist
D:mistificator->mist
D:mistified->mist
D:mistifier->mist
D:mistifies->mist
D:mistifur->mist
D:mistify->mist
D:mistifyed->mist
D:mistifying->mist
D:mistifyingly->mist
D:misting->mist
D:mistings->mist
D:mistion->mist
D:mistionarie->mist
D:mistionary->mist
D:mistione->mist
D:mistionis->mist
D:mistique->mist
D:mistiquee->mist
D:mistiques->mist
D:mistis->mist
D:mistishe->mist
D:mistisism->mist
D:mistivale->mist
D:mistive->mist
D:mistiz->mist
D:mistization->mist
D:mistlie->mist
D:mistlier->mist
D:mistly->mist
D:mistor->mist
D:mistorage->mist
D:mistoral->mist
D:mistore->mist
D:mistorene->mist
D:mistorian->mist
D:mistorical->mist
D:mistoricals->mist
D:mistories->mist
D:mistors->mist
D:mistory->mist
D:mistr->mist
D:mistrager->mist
D:mistragic->mist
D:mistral->mist
D:mistrale->mist
D:mistralee->mist
D:mistralian->mist
D:mistralis->mist
D:mistrally->mist
D:mistrals->mist
D:mistran->mist
D:mistrans->mist
D:mistrat->mist
D:mistrate->mist
D:mistrated->mist
D:mistrating->mist
D:mistration->mist
D:mistratment->mist
D:mistre->mist
D:mistreal->mist
D:mistrealments->mist
D:mistrean->mist
D:mistreat->mist
D:mistreate->mist
D:mistreated->mist
D:mistreatement->mist
D:mistreatements->mist
D:mistreatent->mist
D:mistreater->mist
D:mistreaters->mist
D:mistreates->mist
D:mistreating->mist
D:mistreatings->mist
D:mistreatment->mist
D:mistreatments->mist
D:mistreats->mist
D:mistree->mist
D:mistrees->mist
D:mistrene->mist
D:mistrer->mist
D:mistres->mist
D:mistrial->mist
D:mistrialed->mist
D:mistrials->mist
D:mistric->mist
D:mistrical->mist
D:mistrice->mist
D:mistris->mist
D:mistrises->mist
D:mistrist->mist
D:mistriver->mist
D:mistrives->mist
D:mistror->mist
D:mistrous->mist
D:mistrs->mist
D:mists->mist
D:mistsize->mist
D:mistt->mist
D:misttales->mist
D:mistte->mist
D:mistted->mist
D:mistten->mist
D:mistter->mist
D:misttis->mist
D:misttral->mist
D:misttreatment->mist
D:mistul->mist
D:mistum->mist
D:mistur->mist
D:misture->mist
D:mistures->mist
D:misturing->mist
D:misturized->mist
D:misturizer->mist
D:mistus->mist
Q:rogers->roger
D:roger->roger
D:rogera->roger
D:rogerable->roger
D:rogerag->roger
D:rogeralans->roger
D:rogerans->roger
D:rogerant->roger
D:rogerat->roger
D:rogere->roger
D:rogered->roger
D:rogereden->roger
D:rogerene->roger
D:rogerenes->roger
D:rogerer->roger
D:rogererens->roger
D:rogerers->roger
D:rogeres->roger
D:rogerhood->roger
D:rogeri->roger
D:rogeria->roger
D:rogerian->roger
D:rogerianism->roger
D:rogerians->roger
D:rogeric->roger
D:rogerice->roger
D:rogering->roger
D:rogeris->roger
D:rogerish->roger
D:rogerism->roger
D:rogerium->roger
D:rogerly->roger
D:rogerness->roger
D:rogerr->roger
D:rogerrally->roger
D:rogerrat->roger
D:rogerreal->roger
D:rogerred->roger
D:rogerrice->roger
D:rogerrs->roger
D:rogers->roger
D:rogersagency->roger
D:rogersagent->roger
D:rogersal->roger
D:rogersan->roger
D:rogersaner->roger
D:rogersat->roger
D:rogerse->roger
D:rogersedore->roger
D:rogersen->roger
D:rogerses->roger
D:rogersian->roger
D:rogersif->roger
D:rogersly->roger
D:rogersur->roger
D:rogerum->roger
D:rogerus->roger
<query> mister rogers</query><numhits>10</numhits><time>872</time>
</ATIREsearch>
<ATIREsearch>
D:game->game
D:gamea->game
D:gameability->game
D:gameable->game
D:gameage->game
D:gameagent->game
D:gameagents->game
D:gameagor->game
D:gameal->game
D:gamealan->game
D:gamealism->game
D:gamealive->game
D:gamealliance->game
D:gamean->game
D:gameat->game
D:gamee->game
D:gameee->game
D:gameeee->game
D:gameeeee->game
D:gameeeeee->game
D:gameeeeeee->game
D:gameeeeeeee->game
D:gameeeeeeeeee->game
D:gameeeeeeeeeee->game
D:gameeeeeeeeeeee->game
D:gameeeeeeeeeeeee->game
D:gameeeeeeeeeeeeee->game
D:gameeeeeeeeeeeeeee->game
D:gameeeeeeeeeeeeeeee->game
D:gameeeeeeeeeeeeeeeeee->game
D:gameeeeeeeeeeeeeeeeeeee->game
D:gameeeeeeeeeeeeeeeeeeeeeeeeeeee->game
D:gameeeeeeeeeeeeeeeeeeeeeeeeeeeeee->game
D:gameeeeeeeeeeeeeeeeeeeeeeeeeeeeeeeeeeeee->game
D:gameeeeeeeeeeeeeeeeeeeeeeeeeeeeeeeeeeeeee->game
D:gameeeeeeeeeeeeeeeeeeeeeeeeeeeeeeeeeeeeeeeeeeeeeeeeeeeeee->game
D:gameeeeeeeeeeeeeeeeeeeeeeeeeeeeeeeeeeeeeeeeeeeeeeeeeeeeeeeeeeeeeeeeeeeeeeeeeeeeeeeeeeeeeeeeeeeeeeeee->game
D:gameeeeeeeeeeeeeeeeeeeeeeeeeeeeeees->game
D:gameeeeeeeeeeeeeeeeeer->game
D:gameeeeeees->game
D:gameeeees->game
D:gameeees->game
D:gameeer->game
D:gameely->game
D:gameentity->game
D:gameer->game
D:gameers->game
D:gamees->game
D:gameful->game
D:gamefully->game
D:gamefulness->game
D:gamehood->game
D:gamei->game
D:gameif->game
D:gameification->game
D:gameified->game
D:gameify->game
D:gameifyer->game
D:gameifying->game
D:gameing->game
D:gameinge->game
D:gameingly->game
D:gameiqu->game
D:gameis->game
D:gameish->game
D:gameism->game
D:gameisms->game
D:gameist->game
D:gameistes->game
D:gameized->game
D:gamelie->game
D:gamelier->game
D:gamelily->game
D:gameliness->game
D:gamely->game
D:gamemental->game
D:gameness->game
D:gamenesses->game
D:gameor->game
D:gameouse->game
D:games->game
D:gamesage->game
D:gamesagent->game
D:gamesages->game
D:gamesale->game
D:gamesales->game
D:gamesalor->game
D:gamesan->game
D:gamesanc->game
D:gamesane->game
D:gamesanity->game
D:gamesat->game
D:gamesatan->game
D:gamesation->game
D:gamese->game
D:gameseal->game
D:gamesealing->game
D:gameseans->game
D:gameseat->game
D:gameseates->game
D:gamesed->game
D:gameseden->game
D:gamesedice->game
D:gamesee->game
D:gamesen->game
D:gamesence->game
D:gamesent->game
D:gamesentered->game
D:gamesentral->game
D:gameser->game
D:gameserial->game
D:gamesers->game
D:gameses->game
D:gamesful->game
D:gameship->game
D:gameships->game
D:gamesic->game
D:gamesical->game
D:gamesice->game
D:gamesif->game
D:gamesifes->game
D:gamesing->game
D:gamesityes->game
D:gamesiz->game
D:gamesize->game
D:gamesness->game
D:gamesor->game
D:gamesur->game
D:gamesurely->game
D:gameth->game
D:gameum->game
D:gameur->game
D:gameurs->game
D:gameus->game
D:theorie->theory
D:theoried->theory
D:theoriedag->theory
D:theoriee->theory
D:theoriees->theory
D:theorien->theory
D:theorient->theory
D:theoriental->theory
D:theorientalist->theory
D:theorientation->theory
D:theorientations->theory
D:theories->theory
D:theoriesat->theory
D:theoriis->theory
D:theoriority->theory
D:theory->theory
D:theorya->theory
D:theoryare->theory
D:theorye->theory
D:theoryen->theory
D:theoryes->theory
D:theoryfully->theory
D:theoryhood->theory
D:theoryi->theory
D:theoryif->theory
D:theoryis->theory
D:theoryish->theory
D:theoryiz->theory
D:theoryoriented->theory
D:theorys->theory
D:theoryum->theory
D:theoryus->theory
<query> game theory</query><numhits>10</numhits><time>1599</time>
</ATIREsearch>
<ATIREsearch>
D:view->view
D:viewa->view
D:viewability->view
D:viewabl->view
D:viewable->view
D:viewabled->view
D:viewables->view
D:viewablity->view
D:viewably->view
D:viewag->view
D:viewage->view
D:viewagency->view
D:viewagent->view
D:viewal->view
D:viewan->view
D:viewans->view
D:viewar->view
D:vieware->view
D:viewarealistings->view
D:viewat->view
D:viewate->view
D:viewater->view
D:viewe->view
D:vieweable->view
D:vieweating->view
D:viewed->view
D:viewedeals->view
D:viewedif->view
D:viewedor->view
D:vieweds->view
D:viewee->view
D:vieweer->view
D:viewees->view
D:vieweing->view
D:viewen->view
D:viewenabled->view
D:viewens->view
D:viewent->view
D:viewentities->view
D:viewentity->view
D:viewer->view
D:viewerat->view
D:viewere->view
D:viewerentered->view
D:vieweres->view
D:viewerif->view
D:viewering->view
D:vieweris->view
D:viewers->view
D:viewership->view
D:viewershipis->view
D:viewerships->view
D:viewes->view
D:viewful->view
D:viewfully->view
D:viewi->view
D:viewia->view
D:viewian->view
D:viewians->view
D:viewif->view
D:viewing->view
D:viewingan->view
D:viewingat->view
D:viewingfully->view
D:viewingness->view
D:viewingorientation->view
D:viewings->view
D:viewis->view
D:viewish->view
D:viewishly->view
D:viewity->view
D:viewiz->view
D:viewly->view
D:viewness->view
D:viewor->view
D:views->view
D:viewsagent->view
D:viewsat->view
D:viewsatate->view
D:viewsate->view
D:viewsats->view
D:viewse->view
D:viewseal->view
D:viewseating->view
D:viewsed->view
D:viewsee->view
D:viewseis->view
D:viewsenabled->view
D:viewser->view
D:viewserializer->view
D:viewsers->view
D:viewsership->view
D:viewsfully->view
D:viewship->view
D:viewsic->view
D:viewsician->view
D:viewsif->view
D:viewsing->view
D:viewsinging->view
D:viewsings->view
D:viewsize->view
D:viewslie->view
D:viewsor->view
D:viewth->view
D:viewuale->view
D:viewum->view
D:viewus->view
D:my->my
D:internet->internet
D:interneta->internet
D:internetabilene->internet
D:internetable->internet
D:internetag->internet
D:internetage->internet
D:internetagency->internet
D:internetagenten->internet
D:internetagents->internet
D:internetagentur->internet
D:internetagenturen->internet
D:internetal->internet
D:internetaler->internet
D:internetalis->internet
D:internetalliance->internet
D:internetally->internet
D:internetan->internet
D:internetants->internet
D:internetar->internet
D:internetare->internet
D:internetarian->internet
D:internetat->internet
D:internetation->internet
D:internetational->internet
D:internetatorship->internet
D:internete->internet
D:interneted->internet
D:internetedly->internet
D:internetee->internet
D:interneteer->internet
D:interneteering->internet
D:internetees->internet
D:internetely->internet
D:interneten->internet
D:internetenable->internet
D:internetenabled->internet
D:internetenians->internet
D:internetenter->internet
D:internetenters->internet
D:interneter->internet
D:interneterial->internet
D:interneters->internet
D:internetes->internet
D:interneteur->internet
D:internetful->internet
D:interneti->internet
D:internetia->internet
D:internetian->internet
D:internetianer->internet
D:internetians->internet
D:internetic->internet
D:internetical->internet
D:internetically->internet
D:interneticals->internet
D:interneticians->internet
D:internetics->internet
D:internetif->internet
D:internetification->internet
D:internetified->internet
D:interneting->internet
D:internetingly->internet
D:internetion->internet
D:internetional->internet
D:internetionalisering->internet
D:internetionalize->internet
D:internetionally->internet
D:internetique->internet
D:internetis->internet
D:internetisation->internet
D:internetised->internet
D:internetish->internet
D:internetisized->internet
D:internetism->internet
D:internetismagic->internet
D:internetisms->internet
D:internetist->internet
D:internetistic->internet
D:internetistics->internet
D:internetium->internet
D:internetiv->internet
D:internetive->internet
D:internetivity->internet
D:internetization->internet
D:internetize->internet
D:internetized->internet
D:internetizen->internet
D:internetizens->internet
D:internetizes->internet
D:internetizing->internet
D:internetly->internet
D:internetmental->internet
D:internetness->internet
D:internetor->internet
D:internetory->internet
D:internetr->internet
D:internetrate->internet
D:internetrated->internet
D:internetrates->internet
D:internetrating->internet
D:internetratings->internet
D:internetre->internet
D:internetreal->internet
D:internetreality->internet
D:internetreally->internet
D:internetred->internet
D:internetree->internet
D:internetreliance->internet
D:internetres->internet
D:internetric->internet
D:internetrific->internet
D:internetrising->internet
D:internetrival->internet
D:internetrivals->internet
D:internetriver->internet
D:internetrs->internet
D:internetrural->internet
D:internets->internet
D:internetsalary->internet
D:internetsale->internet
D:internetsales->internet
D:internetsan->internet
D:internetsante->internet
D:internetsat->internet
D:internetsatan->internet
D:internetsatanist->internet
D:internetsee->internet
D:internetseer->internet
D:internetsenation->internet
D:internetsens->internet
D:internetses->internet
D:internetship->internet
D:internetships->internet
D:internetsing->internet
D:internett->internet
D:internettable->internet
D:internettables->internet
D:internettag->internet
D:internettal->internet
D:internettalentagent->internet
D:internettals->internet
D:internette->internet
D:internetted->internet
D:internettedly->internet
D:internettedness->internet
D:internetten->internet
D:internettennessee->internet
D:internettent->internet
D:internetter->internet
D:internetters->internet
D:internettes->internet
D:internettiane->internet
D:internetticly->internet
D:internetting->internet
D:internettingly->internet
D:internettings->internet
D:internettish->internet
D:internettive->internet
D:internettors->internet
D:internettre->internet
D:internettree->internet
D:internettrees->internet
D:internettrente->internet
D:internettrial->internet
D:internetts->internet
D:internetual->internet
D:internetually->internet
D:internetul->internet
D:internetulator->internet
D:internetum->internet
D:internetur->internet
D:internetus->internet
Q:history->hist
D:hist->hist
D:hista->hist
D:histability->hist
D:histable->hist
D:histag->hist
D:histage->hist
D:histal->hist
D:histalean->hist
D:histaloran->hist
D:histan->hist
D:histance->hist
D:histanis->hist
D:histanore->hist
D:histant->hist
D:histar->hist
D:histare->hist
D:histarer->hist
D:histarical->hist
D:histarically->hist
D:histaricly->hist
D:histarics->hist
D:histarious->hist
D:histary->hist
D:histat->hist
D:histatan->hist
D:histate->hist
D:histated->hist
D:histates->hist
D:histatic->hist
D:histation->hist
D:histats->hist
D:histe->hist
D:histeary->hist
D:histed->hist
D:histeds->hist
D:histeer->hist
D:histeical->hist
D:histen->hist
D:histene->hist
D:histent->hist
D:hister->hist
D:histeree->hist
D:histerialane->hist
D:histerian->hist
D:histeric->hist
D:histerical->hist
D:histerically->hist
D:histericals->hist
D:histericly->hist
D:histerics->hist
D:histeris->hist
D:histers->hist
D:histes->hist
D:histi->hist
D:histia->hist
D:histic->hist
D:histical->hist
D:histicated->hist
D:histication->hist
D:histing->hist
D:histings->hist
D:histion->hist
D:histionic->hist
D:histionics->hist
D:hististeis->hist
D:histor->hist
D:historal->hist
D:historally->hist
D:historan->hist
D:historans->hist
D:historates->hist
D:histore->hist
D:historeally->hist
D:historee->hist
D:historeic->hist
D:historeis->hist
D:histores->hist
D:historial->hist
D:historiale->hist
D:historialeer->hist
D:historiales->hist
D:historialis->hist
D:historialism->hist
D:historialistic->hist
D:historiality->hist
D:historially->hist
D:historials->hist
D:historian->hist
D:historianatural->hist
D:historianism->hist
D:historianisms->hist
D:historians->hist
D:historianship->hist
D:historiated->hist
D:historiation->hist
D:historiator->hist
D:historic->hist
D:historical->hist
D:historicalal->hist
D:historicale->hist
D:historicales->hist
D:historicalish->hist
D:historicalism->hist
D:historicalist->hist
D:historicalists->hist
D:historicality->hist
D:historicalizing->hist
D:historically->hist
D:historicallyoriented->hist
D:historicalness->hist
D:historicals->hist
D:historican->hist
D:historicans->hist
D:historicat->hist
D:historice->hist
D:historices->hist
D:historicial->hist
D:historicially->hist
D:historician->hist
D:historicians->hist
D:historicical->hist
D:historicing->hist
D:historicis->hist
D:historicisation->hist
D:historicise->hist
D:historicised->hist
D:historiciser->hist
D:historicises->hist
D:historicising->hist
D:historicism->hist
D:historicisme->hist
D:historicisms->hist
D:historicist->hist
D:historiciste->hist
D:historicistes->hist
D:historicistic->hist
D:historicists->hist
D:historicities->hist
D:historicity->hist
D:historicization->hist
D:historicizations->hist
D:historicize->hist
D:historicized->hist
D:historicizers->hist
D:historicizes->hist
D:historicizing->hist
D:historicly->hist
D:historicness->hist
D:historics->hist
D:historicships->hist
D:historie->hist
D:historieal->hist
D:historieans->hist
D:historied->hist
D:historiee->hist
D:historiees->hist
D:historieis->hist
D:historien->hist
D:historiene->hist
D:historiens->hist
D:historier->hist
D:histories->hist
D:historiese->hist
D:historification->hist
D:historiian->hist
D:historiic->hist
D:historiical->hist
D:historiis->hist
D:historing->hist
D:historion->hist
D:historionic->hist
D:historionics->hist
D:historions->hist
D:historiorant->hist
D:historious->hist
D:historis->hist
D:historisal->hist
D:historisation->hist
D:historise->hist
D:historiser->hist
D:historiseren->hist
D:historish->hist
D:historishe->hist
D:historisher->hist
D:historishes->hist
D:historising->hist
D:historisity->hist
D:historisization->hist
D:historisize->hist
D:historisized->hist
D:historisizing->hist
D:historism->hist
D:historisme->hist
D:historisms->hist
D:historist->hist
D:historistic->hist
D:histority->hist
D:historival->hist
D:historivale->hist
D:historization->hist
D:historize->hist
D:historized->hist
D:historizers->hist
D:historizes->hist
D:historizing->hist
D:historizised->hist
D:historizising->hist
D:historment->hist
D:histormentors->hist
D:histororical->hist
D:historory->hist
D:histors->hist
D:history->hist
D:historyabilene->hist
D:historyability->hist
D:historyage->hist
D:historyagent->hist
D:historyal->hist
D:historyale->hist
D:historyalive->hist
D:historyan->hist
D:historyancient->hist
D:historyanual->hist
D:historyat->hist
D:historye->hist
D:historyed->hist
D:historyeee->hist
D:historyenabled->hist
D:historyes->hist
D:historyic->hist
D:historyical->hist
D:historyically->hist
D:historyif->hist
D:historying->hist
D:historyis->hist
D:historyish->hist
D:historyishere->hist
D:historyiv->hist
D:historyliens->hist
D:historyor->hist
D:historys->hist
D:historyship->hist
D:historyurs->hist
D:histr->hist
D:histragic->hist
D:histre->hist
D:histree->hist
D:histrene->hist
D:histres->hist
D:histrial->hist
D:histrian->hist
D:histrians->hist
D:histric->hist
D:histrical->hist
D:histrically->hist
D:histricis->hist
D:histring->hist
D:histrion->hist
D:histrionalis->hist
D:histrionen->hist
D:histriones->hist
D:histrionic->hist
D:histrionical->hist
D:histrionically->hist
D:histrionicism->hist
D:histrionicity->hist
D:histrionics->hist
D:histrionis->hist
D:histrionism->hist
D:histrionize->hist
D:histrions->hist
D:histris->hist
D:histrive->hist
D:histrorian->hist
D:histrorians->hist
D:histroric->hist
D:histrorical->hist
D:histrorically->hist
D:histrories->hist
D:histrory->hist
D:histrousers->hist
D:hists->hist
D:histship->hist
D:histsize->hist
D:histsizes->hist
D:histsoric->hist
D:histsorical->hist
D:histsorically->hist
D:histsory->hist
D:histt->hist
D:histtable->hist
D:histting->hist
D:histtis->hist
D:histtorical->hist
D:histtory->hist
D:histtr->hist
D:histtre->hist
D:histum->hist
D:histus->hist
<query> view my internet history</query><numhits>10</numhits><time>4737</time>
</ATIREsearch>
<ATIREsearch>
Q:ketogenic->ketog
D:ketog->ketog
D:ketogan->ketog
D:ketogator->ketog
D:ketogen->ketog
D:ketogenic->ketog
D:ketogenically->ketog
D:ketogenics->ketog
D:ketogu->ketog
D:diet->diet
D:dieta->diet
D:dietages->diet
D:dietal->diet
D:dietan->diet
D:dietance->diet
D:dietant->diet
D:dietar->diet
D:dietare->diet
D:dietaren->diet
D:dietarian->diet
D:dietarians->diet
D:dietarie->diet
D:dietaries->diet
D:dietarily->diet
D:dietaris->diet
D:dietary->diet
D:dietat->diet
D:dietatic->diet
D:dietation->diet
D:dietatrist->diet
D:diete->diet
D:dieteary->diet
D:dieteat->diet
D:dieteatic->diet
D:dieteating->diet
D:dieted->diet
D:dietedic->diet
D:dieteer->diet
D:dieteers->diet
D:dieteic->diet
D:dietement->diet
D:dieten->diet
D:dietene->diet
D:dietens->diet
D:dieter->diet
D:dietered->diet
D:dieteren->diet
D:dieteres->diet
D:dieteric->diet
D:dietering->diet
D:dieteris->diet
D:dieterlie->diet
D:dieterly->diet
D:dieters->diet
D:dietes->diet
D:dietetiic->diet
D:dietety->diet
D:diethood->diet
D:dieti->diet
D:dietia->diet
D:dietian->diet
D:dietians->diet
D:dietic->diet
D:dietican->diet
D:dieticans->diet
D:dietication->diet
D:dietician->diet
D:dieticians->diet
D:dieticion->diet
D:dietics->diet
D:dietif->diet
D:dietific->diet
D:dieting->diet
D:dietingen->diet
D:dietinger->diet
D:dietinging->diet
D:dietingly->diet
D:dietings->diet
D:dietion->diet
D:dietionary->diet
D:dietique->diet
D:dietis->diet
D:dietish->diet
D:dietishere->diet
D:dietishion->diet
D:dietisian->diet
D:dietist->diet
D:dietiste->diet
D:dietistions->diet
D:dietists->diet
D:dietitiancenter->diet
D:dietitiancentral->diet
D:dietitiancentre->diet
D:dietitious->diet
D:dietivity->diet
D:dietize->diet
D:dietized->diet
D:dietizing->diet
D:dietly->diet
D:dietor->diet
D:dietors->diet
D:dietory->diet
D:dietous->diet
D:dietr->diet
D:dietrary->diet
D:dietre->diet
D:dietrealize->diet
D:dietrelies->diet
D:dietrene->diet
D:dietric->diet
D:dietrician->diet
D:dietrics->diet
D:dietrific->diet
D:dietris->diet
D:dietrish->diet
D:dietrs->diet
D:diets->diet
D:dietsalaries->diet
D:dietsale->diet
D:dietse->diet
D:dietses->diet
D:dietsif->diet
D:dietsure->diet
D:diett->diet
D:diettags->diet
D:diettary->diet
D:diette->diet
D:dietteal->diet
D:dietted->diet
D:dietteic->diet
D:dietten->diet
D:dietter->diet
D:dietterlie->diet
D:dietters->diet
D:diettes->diet
D:diettic->diet
D:dietting->diet
D:diettinger->diet
D:dietts->diet
D:dietum->diet
D:dietus->diet
<query> ketogenic diet</query><numhits>10</numhits><time>774</time>
</ATIREsearch>
<ATIREsearch>
D:nasa->nasa
D:nasaa->nasa
D:nasaag->nasa
D:nasaal->nasa
D:nasaan->nasa
D:nasaar->nasa
D:nasaat->nasa
D:nasae->nasa
D:nasaee->nasa
D:nasaen->nasa
D:nasaer->nasa
D:nasai->nasa
D:nasaia->nasa
D:nasaic->nasa
D:nasaif->nasa
D:nasais->nasa
D:nasalie->nasa
D:nasaliee->nasa
D:nasaly->nasa
D:nasas->nasa
D:nasasat->nasa
D:nasaseal->nasa
D:nasaships->nasa
D:nasath->nasa
D:nasaur->nasa
D:nasaus->nasa
Q:interplanetary->interplanet
D:interplanet->interplanet
D:interplaneta->interplanet
D:interplanetar->interplanet
D:interplanetarian->interplanet
D:interplanetarians->interplanet
D:interplanetarie->interplanet
D:interplanetaries->interplanet
D:interplanetarily->interplanet
D:interplanetaris->interplanet
D:interplanetary->interplanet
D:interplanets->interplanet
Q:missions->misj
D:misj->misj
D:misja->misj
D:misjan->misj
D:misje->misj
D:misjer->misj
D:misji->misj
D:misjia->misj
D:misjif->misj
D:mission->misj
D:missionable->misj
D:missional->misj
D:missionale->misj
D:missionalis->misj
D:missionalism->misj
D:missionalist->misj
D:missionality->misj
D:missionalive->misj
D:missionalize->misj
D:missionalizing->misj
D:missionally->misj
D:missionals->misj
D:missionant->misj
D:missionarie->misj
D:missionaried->misj
D:missionaries->misj
D:missionariis->misj
D:missionarily->misj
D:missionariness->misj
D:missionary->misj
D:missionarying->misj
D:missionaryism->misj
D:missionarys->misj
D:missionaryship->misj
D:missionat->misj
D:missionate->misj
D:missionators->misj
D:missione->misj
D:missioneats->misj
D:missioned->misj
D:missioneds->misj
D:missioneer->misj
D:missioneionaries->misj
D:missionen->misj
D:missionens->misj
D:missionent->misj
D:missioner->misj
D:missionering->misj
D:missioners->misj
D:missiones->misj
D:missioneurs->misj
D:missioneurship->misj
D:missionhood->misj
D:missioning->misj
D:missionioning->misj
D:missionis->misj
D:missionisation->misj
D:missionise->misj
D:missionised->misj
D:missionising->misj
D:missionism->misj
D:missionization->misj
D:missionizations->misj
D:missionize->misj
D:missionized->misj
D:missionizer->misj
D:missionizers->misj
D:missionizes->misj
D:missionizing->misj
D:missionous->misj
D:missions->misj
D:missionship->misj
D:missiv->misj
D:missive->misj
D:missively->misj
D:missiveness->misj
D:missives->misj
D:missivism->misj
D:missivity->misj
D:missivness->misj
D:missivory->misj
<query> nasa interplanetary missions</query><numhits>10</numhits><time>1271</time>
</ATIREsearch>
<ATIREsearch>
Q:hayrides->hayrid
D:hayrid->hayrid
D:hayride->hayrid
D:hayrider->hayrid
D:hayriders->hayrid
D:hayrides->hayrid
D:hayriding->hayrid
D:in->in
D:ina->in
D:inabil->in
D:inabile->in
D:inabilene->in
D:inabilitie->in
D:inabilities->in
D:inability->in
D:inabilitys->in
D:inabl->in
D:inablative->in
D:inable->in
D:inabled->in
D:inabler->in
D:inablers->in
D:inables->in
D:inabliity->in
D:inabling->in
D:inablities->in
D:inablity->in
D:inably->in
D:inag->in
D:inagalur->in
D:inagan->in
D:inagate->in
D:inage->in
D:inageants->in
D:inaged->in
D:inagee->in
D:inagen->in
D:inagenary->in
D:inagencies->in
D:inagency->in
D:inagencys->in
D:inagent->in
D:inagents->in
D:inages->in
D:inagiceat->in
D:inagif->in
D:inaging->in
D:inagist->in
D:inagivity->in
D:inagualable->in
D:inagural->in
D:inaguraling->in
D:inagurally->in
D:inagurate->in
D:inagurated->in
D:inagurates->in
D:inagurating->in
D:inaguration->in
D:inagurational->in
D:inagurations->in
D:inagure->in
D:inaguree->in
D:inagurual->in
D:inagururation->in
D:inal->in
D:inalal->in
D:inalan->in
D:inalater->in
D:inalation->in
D:inalatore->in
D:inalatorie->in
D:inale->in
D:inaleable->in
D:inalee->in
D:inalen->in
D:inalenable->in
D:inaler->in
D:inalers->in
D:inalian->in
D:inalianable->in
D:inalice->in
D:inaling->in
D:inalion->in
D:inalis->in
D:inalisan->in
D:inalise->in
D:inalising->in
D:inalisme->in
D:inalist->in
D:inalists->in
D:inality->in
D:inalive->in
D:inalize->in
D:inalized->in
D:inalizing->in
D:inalliance->in
D:inallienable->in
D:inally->in
D:inals->in
D:inan->in
D:inanacies->in
D:inanage->in
D:inanal->in
D:inanan->in
D:inanance->in
D:inananities->in
D:inanate->in
D:inanator->in
D:inanc->in
D:inance->in
D:inanced->in
D:inancer->in
D:inances->in
D:inancial->in
D:inancially->in
D:inancials->in
D:inancient->in
D:inancier->in
D:inanciers->in
D:inancing->in
D:inancs->in
D:inancy->in
D:inane->in
D:inanely->in
D:inaneness->in
D:inanenly->in
D:inaner->in
D:inanes->in
D:inanicion->in
D:inanis->in
D:inanisme->in
D:inanisms->in
D:inanitiate->in
D:inanitiation->in
D:inanitie->in
D:inanities->in
D:inanity->in
D:inanly->in
D:inans->in
D:inant->in
D:inante->in
D:inantly->in
D:inantor->in
D:inants->in
D:inanual->in
D:inanuran->in
D:inar->in
D:inarable->in
D:inarage->in
D:inaral->in
D:inaran->in
D:inare->in
D:inareal->in
D:inareality->in
D:inared->in
D:inaree->in
D:inares->in
D:inarial->in
D:inarian->in
D:inarians->in
D:inariants->in
D:inarily->in
D:inaring->in
D:inarion->in
D:inaris->in
D:inarisan->in
D:inarishian->in
D:inariv->in
D:inarization->in
D:inarly->in
D:inars->in
D:inarual->in
D:inary->in
D:inaryal->in
D:inat->in
D:inatal->in
D:inatalation->in
D:inatan->in
D:inatance->in
D:inatances->in
D:inatant->in
D:inatantan->in
D:inatantly->in
D:inate->in
D:inateate->in
D:inated->in
D:inatee->in
D:inately->in
D:inateness->in
D:inatent->in
D:inatention->in
D:inatentive->in
D:inatentiveness->in
D:inater->in
D:inaterantionalizing->in
D:inateration->in
D:inaterative->in
D:inaterlieren->in
D:inates->in
D:inatial->in
D:inatialization->in
D:inatialize->in
D:inatials->in
D:inating->in
D:inatingiveis->in
D:ination->in
D:inational->in
D:inationality->in
D:inations->in
D:inatis->in
D:inative->in
D:inatives->in
D:inatment->in
D:inator->in
D:inatorer->in
D:inators->in
D:inatory->in
D:inatrance->in
D:inatree->in
D:inatrice->in
D:inats->in
D:inatur->in
D:inatural->in
D:inaturalist->in
D:inaturate->in
D:inature->in
D:inatures->in
D:ine->in
D:ineag->in
D:ineagan->in
D:ineage->in
D:ineages->in
D:ineal->in
D:inealal->in
D:inean->in
D:ineans->in
D:ineant->in
D:inearyal->in
D:ineat->in
D:ineater->in
D:ineatial->in
D:ineatialization->in
D:ineation->in
D:ined->in
D:inedable->in
D:inedal->in
D:inedale->in
D:inede->in
D:ineded->in
D:ineden->in
D:inedentors->in
D:inederal->in
D:inedes->in
D:inedian->in
D:inedians->in
D:inedic->in
D:inedicabilis->in
D:inedicated->in
D:inedicator->in
D:inedices->in
D:inedione->in
D:inedis->in
D:inedly->in
D:ineds->in
D:inee->in
D:ineeal->in
D:ineee->in
D:ineeee->in
D:ineeeee->in
D:ineeeeee->in
D:ineeeeeeeeeeeeeeeeee->in
D:ineeeeees->in
D:ineeeees->in
D:ineeees->in
D:ineeeral->in
D:ineees->in
D:ineer->in
D:ineeral->in
D:ineereal->in
D:ineerial->in
D:ineering->in
D:ineers->in
D:ineerual->in
D:inees->in
D:ineial->in
D:ineian->in
D:ineians->in
D:ineicator->in
D:ineice->in
D:ineing->in
D:ineis->in
D:ineist->in
D:inelie->in
D:inelior->in
D:inelious->in
D:inely->in
D:inelyal->in
D:inement->in
D:inements->in
D:inen->in
D:inenable->in
D:inenabled->in
D:inenc->in
D:inence->in
D:inences->in
D:inene->in
D:inener->in
D:inenes->in
D:ineness->in
D:inens->in
D:inent->in
D:inental->in
D:inentals->in
D:inente->in
D:inented->in
D:inenten->in
D:inenter->in
D:inentered->in
D:inentical->in
D:inentification->in
D:inenting->in
D:inentingen->in
D:inentings->in
D:inention->in
D:inentional->in
D:inentionalizing->in
D:inentionally->in
D:inentions->in
D:inentity->in
D:inentive->in
D:inentives->in
D:inently->in
D:inentor->in
D:inentory->in
D:inents->in
D:inentured->in
D:ineor->in
D:ineoral->in
D:ineory->in
D:ineous->in
D:iner->in
D:ineral->in
D:inerale->in
D:inerales->in
D:ineralize->in
D:ineralized->in
D:inerals->in
D:ineran->in
D:inerancy->in
D:inerane->in
D:inerant->in
D:ineraries->in
D:inerary->in
D:inerat->in
D:inerate->in
D:ineration->in
D:inerative->in
D:inere->in
D:inereal->in
D:inered->in
D:inereeal->in
D:inereial->in
D:inerely->in
D:inerency->in
D:inerenship->in
D:inerent->in
D:inerente->in
D:inerentemente->in
D:inerentes->in
D:inerers->in
D:ineres->in
D:inereual->in
D:inerial->in
D:ineric->in
D:inering->in
D:ineris->in
D:inerized->in
D:inerly->in
D:inerment->in
D:inerness->in
D:iners->in
D:inerual->in
D:inerural->in
D:ines->in
D:inetiative->in
D:inetie->in
D:inety->in
D:ineual->in
D:ineualities->in
D:ineuality->in
D:ineur->in
D:ineural->in
D:ineurance->in
D:ineurances->in
D:ineure->in
D:ineurence->in
D:inful->in
D:infulance->in
D:infulanced->in
D:infulances->in
D:infulat->in
D:infulation->in
D:infule->in
D:infulence->in
D:infulenced->in
D:infulencers->in
D:infulences->in
D:infulencing->in
D:infulential->in
D:infulenting->in
D:infulis->in
D:infully->in
D:inhood->in
D:ini->in
D:inia->in
D:inial->in
D:inialantic->in
D:inialation->in
D:inializater->in
D:inialization->in
D:inialize->in
D:inialized->in
D:inializer->in
D:inializes->in
D:inializing->in
D:inially->in
D:inian->in
D:inianeural->in
D:inians->in
D:inibility->in
D:inic->in
D:inical->in
D:inicals->in
D:inican->in
D:inicans->in
D:inicat->in
D:inicate->in
D:inicated->in
D:inicates->in
D:inicating->in
D:inication->in
D:inications->in
D:inicative->in
D:inicator->in
D:inicators->in
D:inice->in
D:inicence->in
D:inicent->in
D:inicentally->in
D:inicenter->in
D:inicentives->in
D:inicents->in
D:inicere->in
D:inices->in
D:iniceties->in
D:inicety->in
D:inicial->in
D:iniciale->in
D:iniciales->in
D:inicialice->in
D:inicialisation->in
D:inicializable->in
D:inicialize->in
D:inicialized->in
D:inicializes->in
D:inicializing->in
D:inicially->in
D:inicialment->in
D:inicialmente->in
D:inicials->in
D:inician->in
D:inicing->in
D:inicion->in
D:inicis->in
D:inicist->in
D:inicistes->in
D:inicity->in
D:inicore->in
D:inics->in
D:inif->in
D:inifant->in
D:inifat->in
D:inife->in
D:inifee->in
D:inifer->in
D:inifes->in
D:inifial->in
D:inification->in
D:inifie->in
D:inifien->in
D:inifieneure->in
D:inifif->in
D:inifity->in
D:inifor->in
D:iniforis->in
D:inifors->in
D:inify->in
D:inifye->in
D:ining->in
D:iningatan->in
D:ininge->in
D:iningen->in
D:ininger->in
D:inings->in
D:inion->in
D:inionat->in
D:inione->in
D:inions->in
D:iniqu->in
D:inique->in
D:iniquely->in
D:iniquement->in
D:iniqueness->in
D:iniques->in
D:iniquis->in
D:iniquitie->in
D:iniquities->in
D:iniquitious->in
D:iniquity->in
D:iniquitys->in
D:iniquous->in
D:inis->in
D:inisan->in
D:inisance->in
D:inisane->in
D:inisatif->in
D:inise->in
D:inisen->in
D:inisene->in
D:inisent->in
D:iniser->in
D:iniserable->in
D:inises->in
D:inish->in
D:inishal->in
D:inishals->in
D:inishative->in
D:inishe->in
D:inished->in
D:inishee->in
D:inisheer->in
D:inisher->in
D:inishere->in
D:inishers->in
D:inishes->in
D:inishial->in
D:inishials->in
D:inishing->in
D:inisial->in
D:inisialer->in
D:inisiales->in
D:inisials->in
D:inisian->in
D:inisians->in
D:inisife->in
D:inising->in
D:inism->in
D:inismag->in
D:inismean->in
D:inismor->in
D:inismore->in
D:inisms->in
D:inist->in
D:inistal->in
D:inistance->in
D:inistances->in
D:inistantaneously->in
D:inistate->in
D:inistated->in
D:inistatr->in
D:iniste->in
D:inisteal->in
D:inisted->in
D:inistee->in
D:inistent->in
D:inister->in
D:inisterial->in
D:inistering->in
D:inisters->in
D:inistials->in
D:inistian->in
D:inisting->in
D:inistismizene->in
D:inistore->in
D:inistories->in
D:inistr->in
D:inistrat->in
D:inistration->in
D:inistrations->in
D:inistrative->in
D:inistrator->in
D:inistrators->in
D:inistre->in
D:inistries->in
D:inistrife->in
D:inistring->in
D:inistrings->in
D:inistry->in
D:inists->in
D:inisurance->in
D:initiant->in
D:initianted->in
D:initianten->in
D:initiantion->in
D:initiantive->in
D:initiants->in
D:initiantur->in
D:initiary->in
D:initiat->in
D:initiatable->in
D:initiatally->in
D:initiatated->in
D:initiatates->in
D:initiatation->in
D:initiate->in
D:initiated->in
D:initiateded->in
D:initiatedor->in
D:initiateds->in
D:initiatee->in
D:initiatees->in
D:initiateion->in
D:initiately->in
D:initiater->in
D:initiaters->in
D:initiates->in
D:initiateship->in
D:initiateur->in
D:initiateurs->in
D:initiatial->in
D:initiatialisation->in
D:initiatialization->in
D:initiatialize->in
D:initiatially->in
D:initiatian->in
D:initiatic->in
D:initiatically->in
D:initiatices->in
D:initiatics->in
D:initiatif->in
D:initiating->in
D:initiation->in
D:initiational->in
D:initiationary->in
D:initiationen->in
D:initiationis->in
D:initiations->in
D:initiatism->in
D:initiativ->in
D:initiativate->in
D:initiative->in
D:initiativean->in
D:initiatived->in
D:initiativeee->in
D:initiativees->in
D:initiatively->in
D:initiativen->in
D:initiativeness->in
D:initiativer->in
D:initiativers->in
D:initiatives->in
D:initiativism->in
D:initiativists->in
D:initiativity->in
D:initiativs->in
D:initiatization->in
D:initiatizer->in
D:initiatizes->in
D:initiatly->in
D:initiator->in
D:initiatore->in
D:initiatoren->in
D:initiatorial->in
D:initiatoric->in
D:initiatories->in
D:initiatorily->in
D:initiators->in
D:initiatory->in
D:initiatred->in
D:initiatrice->in
D:initiatrices->in
D:initiats->in
D:initie->in
D:initiealization->in
D:initieated->in
D:initied->in
D:initiee->in
D:initiees->in
D:initien->in
D:initient->in
D:initier->in
D:initierat->in
D:initierats->in
D:initiere->in
D:initierede->in
D:initieren->in
D:initieres->in
D:initiering->in
D:initieringen->in
D:inities->in
D:initiial->in
D:initiialisation->in
D:initiialization->in
D:initiialize->in
D:initiially->in
D:initiials->in
D:initiing->in
D:initiingness->in
D:initiings->in
D:initiis->in
D:initiivan->in
D:initiivat->in
D:initiizes->in
D:initily->in
D:initiual->in
D:initiualization->in
D:initiualize->in
D:inity->in
D:inityal->in
D:inityalization->in
D:inityial->in
D:initys->in
D:inium->in
D:iniums->in
D:iniv->in
D:inival->in
D:inivan->in
D:inivation->in
D:inivational->in
D:inivations->in
D:inivative->in
D:inivatives->in
D:inivator->in
D:inivators->in
D:inive->in
D:inived->in
D:iniven->in
D:iniveous->in
D:iniver->in
D:iniverity->in
D:inives->in
D:inivis->in
D:inivitiatives->in
D:inivorous->in
D:inivory->in
D:inivs->in
D:iniz->in
D:inizan->in
D:inizations->in
D:inize->in
D:inized->in
D:inizen->in
D:inizer->in
D:iniziale->in
D:inizialization->in
D:inizialize->in
D:inizialized->in
D:inizializers->in
D:inizializing->in
D:inizialmente->in
D:inizing->in
D:inizion->in
D:inlie->in
D:inlied->in
D:inlien->in
D:inliens->in
D:inlier->in
D:inliers->in
D:inlies->in
D:inlilies->in
D:inly->in
D:inlyed->in
D:inlying->in
D:inlys->in
D:inmence->in
D:inment->in
D:inmental->in
D:inmentioned->in
D:inmentionence->in
D:inmentioning->in
D:inn->in
D:innabilene->in
D:innabilis->in
D:innability->in
D:innable->in
D:innables->in
D:innag->in
D:innage->in
D:innages->in
D:innagural->in
D:innagurate->in
D:innagurated->in
D:innagurates->in
D:innaguration->in
D:innagurators->in
D:innal->in
D:innale->in
D:innalif->in
D:innalife->in
D:innalive->in
D:innaliving->in
D:innally->in
D:innan->in
D:innane->in
D:innanee->in
D:innanely->in
D:innanen->in
D:innaneness->in
D:innanities->in
D:innanity->in
D:innant->in
D:innante->in
D:innantes->in
D:innary->in
D:innat->in
D:innatant->in
D:innate->in
D:innated->in
D:innately->in
D:innateness->in
D:innatention->in
D:innatentive->in
D:innatentiveness->in
D:innates->in
D:innatic->in
D:innational->in
D:innations->in
D:innatism->in
D:innatist->in
D:innatists->in
D:innative->in
D:innativism->in
D:innativity->in
D:innatore->in
D:innators->in
D:innatreeeeee->in
D:innatur->in
D:innatural->in
D:innaturale->in
D:innaturalis->in
D:innaturalism->in
D:innaturally->in
D:innaturalmente->in
D:innature->in
D:innatures->in
D:inne->in
D:inneal->in
D:innealan->in
D:innean->in
D:inneans->in
D:inneat->in
D:inneats->in
D:inned->in
D:innee->in
D:inneee->in
D:inneeee->in
D:inneeeee->in
D:inneeist->in
D:inneer->in
D:inneeral->in
D:innees->in
D:inneist->in
D:inneity->in
D:innen->in
D:innens->in
D:innent->in
D:innente->in
D:innentions->in
D:innentors->in
D:innents->in
D:innenturen->in
D:inner->in
D:innerage->in
D:inneral->in
D:inneralice->in
D:inneran->in
D:innerancy->in
D:inneranists->in
D:innerant->in
D:innerantist->in
D:innerantly->in
D:innerary->in
D:innere->in
D:innereal->in
D:innered->in
D:innereds->in
D:innereiserer->in
D:inneren->in
D:innerent->in
D:innerente->in
D:innerer->in
D:innererer->in
D:innereriz->in
D:inneres->in
D:innerial->in
D:innering->in
D:inneringen->in
D:innerings->in
D:innerise->in
D:innerish->in
D:innerism->in
D:innerly->in
D:innerlying->in
D:innerlyly->in
D:innermentalist->in
D:innerness->in
D:innerorat->in
D:inners->in
D:innerual->in
D:innes->in
D:inness->in
D:innesse->in
D:innessence->in
D:innesses->in
D:innety->in
D:inneural->in
D:inniales->in
D:innially->in
D:innians->in
D:innic->in
D:innice->in
D:innicence->in
D:innicent->in
D:innicents->in
D:innicial->in
D:innicially->in
D:innicials->in
D:innicor->in
D:innif->in
D:innifer->in
D:innificantly->in
D:inning->in
D:inningen->in
D:inninger->in
D:inningers->in
D:innings->in
D:innion->in
D:innionis->in
D:innions->in
D:innis->in
D:innise->in
D:innisen->in
D:innisent->in
D:innisful->in
D:innish->in
D:innisheer->in
D:innisher->in
D:innisian->in
D:innismere->in
D:innismish->in
D:innismore->in
D:innister->in
D:innistor->in
D:innistr->in
D:innistree->in
D:innisture->in
D:innitiate->in
D:innitiated->in
D:innitiates->in
D:innitiating->in
D:innitiation->in
D:innitiativ->in
D:innitiative->in
D:innitiatives->in
D:innitiator->in
D:innitiators->in
D:innities->in
D:innity->in
D:inniv->in
D:innivated->in
D:innivating->in
D:innivation->in
D:innivations->in
D:innivative->in
D:innivity->in
D:inniz->in
D:innized->in
D:innment->in
D:innness->in
D:innor->in
D:innoral->in
D:innorat->in
D:innoration->in
D:innorative->in
D:innore->in
D:innoreal->in
D:innored->in
D:innorisic->in
D:inns->in
D:innual->in
D:innually->in
D:innur->in
D:innural->in
D:innurance->in
D:innure->in
D:innured->in
D:innuring->in
D:innurs->in
D:inor->in
D:inoraganic->in
D:inoral->in
D:inorality->in
D:inoran->in
D:inorance->in
D:inorantes->in
D:inorat->in
D:inorated->in
D:inore->in
D:inoreal->in
D:inoreality->in
D:inored->in
D:inoreder->in
D:inoree->in
D:inoreful->in
D:inoren->in
D:inorerat->in
D:inores->in
D:inorial->in
D:inorian->in
D:inorians->in
D:inorien->in
D:inorient->in
D:inorientation->in
D:inoring->in
D:inorities->in
D:inority->in
D:inors->in
D:inorual->in
D:inoryal->in
D:inous->in
D:inouse->in
D:inousent->in
D:inouses->in
D:ins->in
D:insabilene->in
D:insability->in
D:insable->in
D:insaciate->in
D:insag->in
D:insage->in
D:insagency->in
D:insagent->in
D:insal->in
D:insalan->in
D:insalante->in
D:insalary->in
D:insalate->in
D:insalated->in
D:insalating->in
D:insalation->in
D:insalations->in
D:insale->in
D:insaled->in
D:insalely->in
D:insalenly->in
D:insales->in
D:insality->in
D:insalivate->in
D:insalivated->in
D:insalivates->in
D:insalivation->in
D:insalivations->in
D:insally->in
D:insalment->in
D:insalments->in
D:insan->in
D:insanabile->in
D:insanabilis->in
D:insanability->in
D:insanabilmente->in
D:insanable->in
D:insanableness->in
D:insanably->in
D:insanal->in
D:insanally->in
D:insanananity->in
D:insanant->in
D:insanate->in
D:insanatic->in
D:insanation->in
D:insanatised->in
D:insanatized->in
D:insanc->in
D:insance->in
D:insancenes->in
D:insances->in
D:insancy->in
D:insane->in
D:insanealicat->in
D:insanealice->in
D:insanean->in
D:insaneanteater->in
D:insaneantics->in
D:insaned->in
D:insanedan->in
D:insanedisabled->in
D:insanediver->in
D:insanee->in
D:insaneee->in
D:insaneeee->in
D:insaneeeee->in
D:insaneeeeee->in
D:insaneeeeeee->in
D:insaneeeeeeee->in
D:insaneeeeeeeee->in
D:insaneeeeeeeeee->in
D:insaneeeeeeeeeee->in
D:insaneeeeeeeeeeeee->in
D:insaneeeeeeeeeeeeeeeeee->in
D:insaneeeeeeeeeeeeeeeeeeeeeeeeeeeeeeee->in
D:insaneeeeeeely->in
D:insaneeeeely->in
D:insaneely->in
D:insaneer->in
D:insaneeric->in
D:insanefully->in
D:insaneif->in
D:insaneish->in
D:insaneisme->in
D:insaneity->in
D:insanelily->in
D:insanely->in
D:insanelyurs->in
D:insanementality->in
D:insanen->in
D:insanenator->in
D:insanene->in
D:insaneness->in
D:insanenly->in
D:insaneous->in
D:insaner->in
D:insanerantings->in
D:insanerationality->in
D:insanerator->in
D:insanereagan->in
D:insanerealities->in
D:insanereality->in
D:insanerealization->in
D:insanerer->in
D:insanerism->in
D:insanes->in
D:insaneties->in
D:insanety->in
D:insanialeisure->in
D:insanian->in
D:insanic->in
D:insanical->in
D:insanif->in
D:insanificant->in
D:insaningly->in
D:insanis->in
D:insanish->in
D:insanism->in
D:insanist->in
D:insanistan->in
D:insanitie->in
D:insanities->in
D:insanity->in
D:insanityat->in
D:insanitye->in
D:insanityis->in
D:insanityismentality->in
D:insanityness->in
D:insanitys->in
D:insanliens->in
D:insanly->in
D:insans->in
D:insant->in
D:insantance->in
D:insantaneous->in
D:insantaneously->in
D:insante->in
D:insantely->in
D:insantence->in
D:insantity->in
D:insantive->in
D:insantly->in
D:insantrans->in
D:insants->in
D:insat->in
D:insatability->in
D:insatable->in
D:insatalation->in
D:insatance->in
D:insatances->in
D:insatanic->in
D:insatanity->in
D:insatant->in
D:insatantly->in
D:insate->in
D:insater->in
D:insaterlieren->in
D:insation->in
D:insationable->in
D:insatis->in
D:insatisable->in
D:insatity->in
D:insatitys->in
D:insats->in
D:insatur->in
D:insaturable->in
D:insaturated->in
D:insaturation->in
D:insature->in
D:insatured->in
D:insaturees->in
D:insatures->in
D:inse->in
D:inseal->in
D:insealant->in
D:insealate->in
D:insealation->in
D:insealators->in
D:insealing->in
D:insean->in
D:inseant->in
D:inseat->in
D:inseated->in
D:inseats->in
D:insed->in
D:insedate->in
D:insede->in
D:insedence->in
D:insedent->in
D:insedentary->in
D:insedently->in
D:inseder->in
D:insederat->in
D:insedere->in
D:insee->in
D:inseeing->in
D:inseer->in
D:inseis->in
D:inseliing->in
D:insely->in
D:insement->in
D:insen->in
D:insenately->in
D:insenature->in
D:insenc->in
D:insence->in
D:insenced->in
D:insencere->in
D:insencerity->in
D:insences->in
D:insencish->in
D:insencure->in
D:insenely->in
D:insenic->in
D:insenity->in
D:insens->in
D:insent->in
D:insentative->in
D:insented->in
D:insentence->in
D:insentencing->in
D:insential->in
D:insentice->in
D:insentif->in
D:insentis->in
D:insentiv->in
D:insentive->in
D:insentively->in
D:insentiver->in
D:insentives->in
D:insentivising->in
D:insentivity->in
D:insentivize->in
D:insentivs->in
D:insently->in
D:insents->in
D:insentualization->in
D:inser->in
D:inserable->in
D:inseral->in
D:inserance->in
D:inserances->in
D:inserant->in
D:inserantur->in
D:inserat->in
D:inserate->in
D:inseraten->in
D:inserating->in
D:inseration->in
D:inserational->in
D:inserator->in
D:inserats->in
D:inseratur->in
D:insere->in
D:insered->in
D:inseree->in
D:inserees->in
D:inserence->in
D:inserenity->in
D:inserens->in
D:inserent->in
D:inserentant->in
D:inserente->in
D:inserenten->in
D:inserentur->in
D:inserer->in
D:inserere->in
D:insererentur->in
D:inseres->in
D:inserial->in
D:inserice->in
D:insering->in
D:inserion->in
D:inserions->in
D:inseris->in
D:inseriste->in
D:inserivate->in
D:inserlieren->in
D:inserment->in
D:inseror->in
D:insers->in
D:inses->in
D:insety->in
D:inseur->in
D:inseurance->in
D:inseurances->in
D:inseure->in
D:inseurence->in
D:inship->in
D:inshipment->in
D:inships->in
D:insian->in
D:insiane->in
D:insianity->in
D:insians->in
D:insic->in
D:insical->in
D:insication->in
D:insications->in
D:insicator->in
D:insice->in
D:insiced->in
D:insicer->in
D:insicere->in
D:insicerety->in
D:insicion->in
D:insicional->in
D:insicions->in
D:insicive->in
D:insicor->in
D:insicore->in
D:insicored->in
D:insicors->in
D:insicur->in
D:insicure->in
D:insicured->in
D:insicurities->in
D:insicurity->in
D:insif->in
D:insife->in
D:insifer->in
D:insificant->in
D:insificent->in
D:insifics->in
D:insing->in
D:insingen->in
D:insinger->in
D:insingerat->in
D:insingerate->in
D:insingers->in
D:insingurat->in
D:insish->in
D:insism->in
D:insitiative->in
D:insitiency->in
D:insity->in
D:insize->in
D:insized->in
D:insizers->in
D:insizes->in
D:insizing->in
D:insizion->in
D:inslie->in
D:insmental->in
D:insor->in
D:insoral->in
D:insorance->in
D:insorances->in
D:insore->in
D:insored->in
D:insorence->in
D:insoreness->in
D:insoric->in
D:insors->in
D:insous->in
D:insualation->in
D:insualative->in
D:insuale->in
D:insur->in
D:insurabilities->in
D:insurability->in
D:insurabl->in
D:insurable->in
D:insurables->in
D:insurablitily->in
D:insurablity->in
D:insurably->in
D:insuragencies->in
D:insurally->in
D:insuran->in
D:insuranance->in
D:insuranc->in
D:insurancance->in
D:insurancances->in
D:insurancane->in
D:insurance->in
D:insuranceabilene->in
D:insuranceage->in
D:insuranceageants->in
D:insuranceagenc->in
D:insuranceagencies->in
D:insuranceagency->in
D:insuranceagencys->in
D:insuranceagent->in
D:insuranceagents->in
D:insuranceal->in
D:insurancealife->in
D:insurancealliance->in
D:insurancean->in
D:insuranceance->in
D:insuranceans->in
D:insuranceat->in
D:insuranced->in
D:insurancedating->in
D:insurancede->in
D:insurancedeals->in
D:insurancededicated->in
D:insurancedental->in
D:insurancederive->in
D:insurancederiver->in
D:insurancederiving->in
D:insurancedes->in
D:insurancedisability->in
D:insurancedisablity->in
D:insurancedive->in
D:insurancediver->in
D:insurancediving->in
D:insuranceds->in
D:insurancee->in
D:insuranceee->in
D:insuranceeran->in
D:insuranceering->in
D:insuranceerive->in
D:insuranceeriver->in
D:insuranceeriving->in
D:insuranceers->in
D:insurancees->in
D:insuranceif->in
D:insuranceing->in
D:insuranceion->in
D:insuranceis->in
D:insurancely->in
D:insurancemental->in
D:insurancen->in
D:insurancenat->in
D:insurancenation->in
D:insurancenational->in
D:insurancenationally->in
D:insurancenatural->in
D:insurancenc->in
D:insurancene->in
D:insuranceness->in
D:insurancenic->in
D:insurancenice->in
D:insurancenly->in
D:insurancens->in
D:insurancenter->in
D:insurancentre->in
D:insurancentres->in
D:insuranceor->in
D:insuranceore->in
D:insurancer->in
D:insurancerance->in
D:insurancerat->in
D:insurancerate->in
D:insurancerated->in
D:insuranceratedeals->in
D:insuranceraters->in
D:insurancerates->in
D:insurancerating->in
D:insuranceratings->in
D:insurancere->in
D:insurancereal->in
D:insurancerental->in
D:insurancerenters->in
D:insurancerican->in
D:insurancerive->in
D:insuranceriver->in
D:insuranceriving->in
D:insurancers->in
D:insurances->in
D:insuranceually->in
D:insurancies->in
D:insuranciis->in
D:insurancing->in
D:insurancis->in
D:insurancous->in
D:insurancs->in
D:insurancy->in
D:insurancys->in
D:insurane->in
D:insuraned->in
D:insuranee->in
D:insuranence->in
D:insuranes->in
D:insuraning->in
D:insurans->in
D:insurant->in
D:insurantate->in
D:insurante->in
D:insurantes->in
D:insurants->in
D:insurat->in
D:insuration->in
D:insurative->in
D:insuratization->in
D:insure->in
D:insureabilene->in
D:insureable->in
D:insureageants->in
D:insureal->in
D:insureance->in
D:insureanced->in
D:insureances->in
D:insureants->in
D:insured->in
D:insuredating->in
D:insurede->in
D:insuredeal->in
D:insuredeals->in
D:insuredental->in
D:insuredentity->in
D:insuredes->in
D:insuredisability->in
D:insuredisablity->in
D:insuredness->in
D:insureds->in
D:insuree->in
D:insureence->in
D:insureer->in
D:insureers->in
D:insurees->in
D:insureice->in
D:insureing->in
D:insuren->in
D:insurenatural->in
D:insurenc->in
D:insurence->in
D:insurenceabilene->in
D:insurenceagent->in
D:insurenceal->in
D:insurenced->in
D:insurencedating->in
D:insurencede->in
D:insurencedeal->in
D:insurencedental->in
D:insurencedes->in
D:insurencedisability->in
D:insurencedisablity->in
D:insurencee->in
D:insurencenc->in
D:insurencene->in
D:insurenceor->in
D:insurencer->in
D:insurencerate->in
D:insurencerated->in
D:insurencerates->in
D:insurencerating->in
D:insurenceratings->in
D:insurencerental->in
D:insurences->in
D:insurencs->in
D:insurency->in
D:insurene->in
D:insureness->in
D:insurens->in
D:insurent->in
D:insurente->in
D:insurenters->in
D:insurents->in
D:insureor->in
D:insurer->in
D:insurerance->in
D:insurerate->in
D:insurerated->in
D:insurerates->in
D:insurerating->in
D:insureratings->in
D:insurere->in
D:insurered->in
D:insurerental->in
D:insurerer->in
D:insurerers->in
D:insureres->in
D:insurerif->in
D:insurers->in
D:insures->in
D:insureship->in
D:insureshipment->in
D:insurety->in
D:insurial->in
D:insurice->in
D:insuring->in
D:insurish->in
D:insurity->in
D:insurment->in
D:insuror->in
D:insurors->in
D:insurs->in
D:insurur->in
D:insururance->in
D:insurured->in
D:insurures->in
D:insururing->in
D:inth->in
D:inual->in
D:inually->in
D:inul->in
D:inulal->in
D:inulan->in
D:inulat->in
D:inulate->in
D:inulated->in
D:inulating->in
D:inulation->in
D:inule->in
D:inulen->in
D:inulingan->in
D:inuls->in
D:inum->in
D:inur->in
D:inurable->in
D:inural->in
D:inuran->in
D:inuranc->in
D:inurance->in
D:inurances->in
D:inurat->in
D:inuration->in
D:inure->in
D:inureal->in
D:inured->in
D:inuredness->in
D:inureee->in
D:inurees->in
D:inurely->in
D:inurement->in
D:inurements->in
D:inurence->in
D:inurer->in
D:inurere->in
D:inurers->in
D:inures->in
D:inurial->in
D:inuring->in
D:inurion->in
D:inurists->in
D:inurment->in
D:inurs->in
D:inurual->in
D:inus->in
D:pa->pa
<query> hayrides in pa</query><numhits>10</numhits><time>4125</time>
</ATIREsearch>
<ATIREsearch>
Q:where->wher
D:whej->wher
D:wheje->wher
D:whejs->wher
D:wher->wher
D:whera->wher
D:wherables->wher
D:wherare->wher
D:wherat->wher
D:where->wher
D:whereables->wher
D:whereal->wher
D:wherean->wher
D:whereanent->wher
D:whereat->wher
D:whered->wher
D:wheredate->wher
D:wheree->wher
D:whereee->wher
D:whereeee->wher
D:whereeeee->wher
D:whereeeeee->wher
D:whereeeeeeee->wher
D:whereeeeeeeeeeee->wher
D:whereeeeeeeeeeeeeee->wher
D:whereeeeeeeeeeeeeeeee->wher
D:whereeeeeeeeeeeeeeeeeeeeeeeeeeeeeeeeee->wher
D:whereeeeree->wher
D:whereeer->wher
D:whereeis->wher
D:whereer->wher
D:wherees->wher
D:whereican->wher
D:whereif->wher
D:whereing->wher
D:whereis->wher
D:whereisalice->wher
D:whereisalicee->wher
D:whereise->wher
D:whereish->wher
D:whereishere->wher
D:whereisian->wher
D:whereismat->wher
D:whereisme->wher
D:whereismisanity->wher
D:whereismouse->wher
D:whereist->wher
D:whereistrish->wher
D:whereiz->wher
D:wherely->wher
D:wheren->wher
D:wherenan->wher
D:wherenature->wher
D:whereness->wher
D:wherenesses->wher
D:wherens->wher
D:wherent->wher
D:whereor->wher
D:wherer->wher
D:wherere->wher
D:wherered->wher
D:wheres->wher
D:wherety->wher
D:wherful->wher
D:wherif->wher
D:wherify->wher
D:whering->wher
D:wheris->wher
D:wherish->wher
D:wherity->wher
D:wheriz->wher
D:wherly->wher
D:wherr->wher
D:wherre->wher
D:wherree->wher
D:wherreeee->wher
D:wherreeeee->wher
D:wherren->wher
D:wherrers->wher
D:wherring->wher
D:wherrity->wher
D:wherriz->wher
D:wherrs->wher
D:whers->wher
D:wherse->wher
D:wherth->wher
D:wheruliv->wher
D:to->to
D:find->find
D:finda->find
D:findabile->find
D:findability->find
D:findable->find
D:findableness->find
D:findables->find
D:findablity->find
D:findably->find
D:findage->find
D:findagency->find
D:findagent->find
D:findagentat->find
D:findagents->find
D:findal->find
D:findalan->find
D:findale->find
D:findalis->find
D:findally->find
D:findals->find
D:findan->find
D:findanagency->find
D:findanagent->find
D:findance->find
D:findancial->find
D:findancient->find
D:findanent->find
D:findar->find
D:findarealator->find
D:findarent->find
D:findarian->find
D:findars->find
D:findat->find
D:findate->find
D:findatur->find
D:findd->find
D:finddate->find
D:finddates->find
D:findde->find
D:finddeal->find
D:finddealer->find
D:finddeals->find
D:finddeeat->find
D:findden->find
D:finddentis->find
D:finddentist->find
D:findder->find
D:findding->find
D:finddings->find
D:finddist->find
D:finddistance->find
D:finddistances->find
D:finddiv->find
D:findds->find
D:finde->find
D:findeal->find
D:findeater->find
D:finded->find
D:findee->find
D:findeer->find
D:findees->find
D:findeifen->find
D:findeing->find
D:findeinge->find
D:findeings->find
D:findeis->find
D:findeisen->find
D:findeizen->find
D:findely->find
D:finden->find
D:findenis->find
D:findens->find
D:findent->find
D:findenter->find
D:findentering->find
D:findentities->find
D:findentity->find
D:finder->find
D:findere->find
D:findered->find
D:finderen->find
D:finderers->find
D:finderic->find
D:findering->find
D:finderings->find
D:finderis->find
D:finderish->find
D:finderist->find
D:finderiv->find
D:finderly->find
D:findermentalism->find
D:finderous->find
D:finders->find
D:findes->find
D:findi->find
D:findia->find
D:findian->find
D:findians->find
D:findibility->find
D:findic->find
D:findication->find
D:findicator->find
D:findicators->find
D:findices->find
D:findif->find
D:findify->find
D:finding->find
D:findingable->find
D:findingagency->find
D:findingalice->find
D:findingan->find
D:findingarie->find
D:findinge->find
D:findingeden->find
D:findingian->find
D:findinging->find
D:findingis->find
D:findinglily->find
D:findingly->find
D:findingmentors->find
D:findingness->find
D:findingor->find
D:findingorion->find
D:findings->find
D:findion->find
D:findis->find
D:findise->find
D:findish->find
D:findished->find
D:findishly->find
D:findism->find
D:findist->find
D:findity->find
D:findiv->find
D:findivan->find
D:findiver->find
D:findivers->find
D:findlien->find
D:findly->find
D:findness->find
D:findor->find
D:findorable->find
D:findore->find
D:findors->find
D:findory->find
D:findous->find
D:finds->find
D:findsable->find
D:findsalary->find
D:findsales->find
D:findsan->find
D:findse->find
D:findseee->find
D:findsen->find
D:findser->find
D:findserenity->find
D:findserial->find
D:findshipments->find
D:findsice->find
D:findsing->find
D:findsings->find
D:findsize->find
D:findsor->find
D:findth->find
D:findual->find
D:findul->find
D:findum->find
D:findur->find
D:findus->find
D:finj->find
D:finjag->find
D:finjager->find
D:finjal->find
D:finjalife->find
D:finjan->find
D:finjance->find
D:finjancial->find
D:finjancing->find
D:finjane->find
D:finjans->find
D:finje->find
D:finjen->find
D:finjer->find
D:finjing->find
D:finjish->find
D:finjiste->find
D:finsione->find
D:morel->morel
D:morela->morel
D:morelan->morel
D:morelanc->morel
D:morelane->morel
D:morelater->morel
D:morelation->morel
D:morelationship->morel
D:morele->morel
D:moreleds->morel
D:morelee->morel
D:morelen->morel
D:morelene->morel
D:morelent->morel
D:morelers->morel
D:moreles->morel
D:moreli->morel
D:morelia->morel
D:morelian->morel
D:morelife->morel
D:moreling->morel
D:morelion->morel
D:morelis->morel
D:morelist->morel
D:morelisten->morel
D:morelisting->morel
D:morelists->morel
D:morelive->morel
D:moreliving->morel
D:morell->morel
D:morellan->morel
D:morelle->morel
D:morellen->morel
D:morellens->morel
D:morelles->morel
D:morellian->morel
D:morellic->morel
D:morellie->morel
D:morelling->morel
D:morellis->morel
D:morellish->morel
D:morellor->morel
D:morells->morel
D:morelly->morel
D:morels->morel
D:morelum->morel
D:morelures->morel
Q:mushrooms->mushroom
D:mushroom->mushroom
D:mushrooma->mushroom
D:mushrooman->mushroom
D:mushroome->mushroom
D:mushroomeater->mushroom
D:mushroomed->mushroom
D:mushroomeds->mushroom
D:mushroomen->mushroom
D:mushroomer->mushroom
D:mushroomers->mushroom
D:mushroomes->mushroom
D:mushroomi->mushroom
D:mushroomian->mushroom
D:mushroomic->mushroom
D:mushroomie->mushroom
D:mushroomies->mushroom
D:mushroomify->mushroom
D:mushroominess->mushroom
D:mushrooming->mushroom
D:mushroomis->mushroom
D:mushroomish->mushroom
D:mushroomism->mushroom
D:mushroomist->mushroom
D:mushroomists->mushroom
D:mushroomity->mushroom
D:mushroomization->mushroom
D:mushroomize->mushroom
D:mushroomized->mushroom
D:mushroomm->mushroom
D:mushroommage->mushroom
D:mushroommagic->mushroom
D:mushroomman->mushroom
D:mushroommary->mushroom
D:mushroommeat->mushroom
D:mushroomms->mushroom
D:mushroomness->mushroom
D:mushrooms->mushroom
D:mushroomy->mushroom
D:mushroomyness->mushroom
D:mushroomys->mushroom
<query> where to find morel mushrooms</query><numhits>10</numhits><time>6471</time>
</ATIREsearch>
<ATIREsearch>
Q:magnesium->magnes
D:magnej->magnes
D:magnesa->magnes
D:magnesi->magnes
D:magnesia->magnes
D:magnesion->magnes
D:magnesique->magnes
D:magnesis->magnes
D:magnesium->magnes
D:magnesiumize->magnes
D:magnesiums->magnes
D:magnesum->magnes
D:magnesus->magnes
D:rich->rich
D:richa->rich
D:richability->rich
D:richable->rich
D:richacy->rich
D:richag->rich
D:richal->rich
D:richalan->rich
D:richale->rich
D:richalee->rich
D:richalene->rich
D:richan->rich
D:richane->rich
D:richanee->rich
D:richanen->rich
D:richans->rich
D:richant->rich
D:richante->rich
D:richar->rich
D:richaral->rich
D:richare->rich
D:richared->rich
D:richares->rich
D:richarie->rich
D:richarious->rich
D:richarity->rich
D:richarlie->rich
D:richaror->rich
D:richars->rich
D:richary->rich
D:richat->rich
D:richate->rich
D:richats->rich
D:riche->rich
D:richeal->rich
D:richean->rich
D:richeats->rich
D:riched->rich
D:richede->rich
D:richedean->rich
D:richedere->rich
D:richeds->rich
D:richee->rich
D:richeee->rich
D:richeeee->rich
D:richees->rich
D:richeis->rich
D:richeisen->rich
D:richelie->rich
D:richelien->rich
D:richelier->rich
D:richelieuriver->rich
D:richeliur->rich
D:richely->rich
D:richement->rich
D:richen->rich
D:richene->rich
D:richened->rich
D:richeness->rich
D:richening->rich
D:richenion->rich
D:richens->rich
D:richent->rich
D:richental->rich
D:richentee->rich
D:richeous->rich
D:richeousness->rich
D:richer->rich
D:richere->rich
D:richeree->rich
D:richerence->rich
D:richeres->rich
D:richeris->rich
D:richers->rich
D:riches->rich
D:richeur->rich
D:richful->rich
D:richhood->rich
D:richi->rich
D:richia->rich
D:richian->rich
D:richians->rich
D:richic->rich
D:richice->rich
D:richif->rich
D:richify->rich
D:riching->rich
D:richinger->rich
D:richings->rich
D:richis->rich
D:richisan->rich
D:richiser->rich
D:richish->rich
D:richishere->rich
D:richism->rich
D:richismacys->rich
D:richist->rich
D:richistan->rich
D:richistanis->rich
D:richister->rich
D:richistory->rich
D:richives->rich
D:richiz->rich
D:richlie->rich
D:richlier->rich
D:richly->rich
D:richment->rich
D:richness->rich
D:richnesse->rich
D:richnesses->rich
D:richnessing->rich
D:richor->rich
D:richous->rich
D:richouse->rich
D:richs->rich
D:richsage->rich
D:richsal->rich
D:richsales->rich
D:richsan->rich
D:richse->rich
D:richseale->rich
D:richsee->rich
D:richship->rich
D:richsinger->rich
D:richsize->rich
D:richsor->rich
D:richual->rich
D:richuals->rich
D:richul->rich
D:richulife->rich
D:richus->rich
Q:foods->food
D:food->food
D:fooda->food
D:foodability->food
D:foodable->food
D:foodables->food
D:foodably->food
D:foodaciousness->food
D:foodag->food
D:foodage->food
D:foodagency->food
D:foodages->food
D:foodal->food
D:foodalive->food
D:foodalliance->food
D:foodallyeats->food
D:foodan->food
D:foodar->food
D:foodare->food
D:foodaries->food
D:foodarity->food
D:foodarousal->food
D:foodat->food
D:foodate->food
D:foodatelier->food
D:foodaterian->food
D:foodd->food
D:fooddary->food
D:fooddeals->food
D:fooddental->food
D:fooddish->food
D:foodds->food
D:foodduring->food
D:foode->food
D:foodeat->food
D:foodeaten->food
D:foodeater->food
D:foodeating->food
D:foodeats->food
D:fooded->food
D:foodee->food
D:foodees->food
D:fooden->food
D:foodenc->food
D:foodening->food
D:foodenings->food
D:fooder->food
D:fooderacy->food
D:fooderal->food
D:fooders->food
D:foodes->food
D:foodful->food
D:foodhood->food
D:foodi->food
D:foodia->food
D:foodian->food
D:foodians->food
D:foodic->food
D:foodically->food
D:foodif->food
D:foodifancy->food
D:foodification->food
D:foodified->food
D:foodify->food
D:fooding->food
D:foodings->food
D:foodis->food
D:foodise->food
D:foodish->food
D:foodishere->food
D:foodishly->food
D:foodishness->food
D:foodism->food
D:foodismagical->food
D:foodisme->food
D:foodisms->food
D:foodist->food
D:foodistan->food
D:foodistry->food
D:foodists->food
D:foodities->food
D:foodity->food
D:foodival->food
D:foodivents->food
D:foodivities->food
D:foodization->food
D:foodizer->food
D:foodlie->food
D:foodlies->food
D:foodlily->food
D:foodliness->food
D:foodly->food
D:foodmental->food
D:foodments->food
D:foodness->food
D:foodor->food
D:foods->food
D:foodsalary->food
D:foodsales->food
D:foodsalive->food
D:foodsat->food
D:foodsate->food
D:foodse->food
D:foodsealer->food
D:foodsealers->food
D:foodseating->food
D:foodsen->food
D:foodsence->food
D:foodser->food
D:foodserializer->food
D:foodserice->food
D:foodses->food
D:foodship->food
D:foodships->food
D:foodsicanteat->food
D:foodsif->food
D:foodsize->food
D:foodum->food
D:foodus->food
D:fooj->food
D:foojan->food
D:fooje->food
D:foojee->food
D:foojen->food
D:foojs->food
D:foojur->food
D:foosion->food
<query> magnesium rich foods</query><numhits>10</numhits><time>1685</time>
</ATIREsearch>
<ATIREsearch>
D:common->common
D:commona->common
D:commonable->common
D:commonage->common
D:commonagency->common
D:commonages->common
D:commonal->common
D:commonalisation->common
D:commonalism->common
D:commonalitie->common
D:commonalities->common
D:commonality->common
D:commonalityes->common
D:commonalitys->common
D:commonalize->common
D:commonally->common
D:commonar->common
D:commonat->common
D:commone->common
D:commoned->common
D:commoneers->common
D:commonely->common
D:commonent->common
D:commonental->common
D:commonentes->common
D:commonentity->common
D:commonentr->common
D:commonentrance->common
D:commonents->common
D:commoner->common
D:commonerate->common
D:commonerism->common
D:commoners->common
D:commonership->common
D:commoni->common
D:commonication->common
D:commonications->common
D:commonicator->common
D:commonification->common
D:commoning->common
D:commoningities->common
D:commoningly->common
D:commonis->common
D:commonisation->common
D:commonised->common
D:commoniser->common
D:commonish->common
D:commonisity->common
D:commonism->common
D:commonist->common
D:commonister->common
D:commonistic->common
D:commonists->common
D:commonitie->common
D:commonities->common
D:commonity->common
D:commonization->common
D:commonize->common
D:commonized->common
D:commonizer->common
D:commonizes->common
D:commonizing->common
D:commonlie->common
D:commonlies->common
D:commonly->common
D:commonlymentioned->common
D:commonn->common
D:commonnature->common
D:commonner->common
D:commonners->common
D:commonness->common
D:commonnesses->common
D:commonnly->common
D:commonns->common
D:commonor->common
D:commonors->common
D:commons->common
D:commonsary->common
D:commonse->common
D:commonsed->common
D:commonsence->common
D:commonsenically->common
D:commonsens->common
D:commonser->common
D:commonsers->common
D:commonship->common
D:commonsian->common
D:commonsism->common
D:commonsize->common
D:commonsized->common
D:commonsly->common
D:commonus->common
Q:schizophrenia->schizophren
D:schizophrena->schizophren
D:schizophreni->schizophren
D:schizophrenia->schizophren
D:schizophrenique->schizophren
D:schizophreniques->schizophren
D:schizophrenus->schizophren
Q:drugs->drug
D:drug->drug
D:druga->drug
D:drugabilis->drug
D:drugability->drug
D:drugable->drug
D:drugage->drug
D:drugal->drug
D:drugalliance->drug
D:drugals->drug
D:drugan->drug
D:drugans->drug
D:drugar->drug
D:drugare->drug
D:drugariat->drug
D:drugarice->drug
D:drugat->drug
D:drugatic->drug
D:drugatics->drug
D:drugatore->drug
D:druge->drug
D:druged->drug
D:drugee->drug
D:drugees->drug
D:drugen->drug
D:drugenen->drug
D:drugenis->drug
D:drugentity->drug
D:druger->drug
D:drugerous->drug
D:drugers->drug
D:druges->drug
D:drugg->drug
D:druggability->drug
D:druggable->drug
D:druggage->drug
D:druggan->drug
D:druggans->drug
D:druggate->drug
D:drugge->drug
D:drugged->drug
D:druggedness->drug
D:druggedor->drug
D:druggee->drug
D:druggen->drug
D:druggeneric->drug
D:drugger->drug
D:druggers->drug
D:drugges->drug
D:drugging->drug
D:druggings->drug
D:druggis->drug
D:druggish->drug
D:druggist->drug
D:druggister->drug
D:druggists->drug
D:druggs->drug
D:drugi->drug
D:drugia->drug
D:drugian->drug
D:drugic->drug
D:drugics->drug
D:drugification->drug
D:druging->drug
D:drugis->drug
D:drugish->drug
D:drugishly->drug
D:drugism->drug
D:drugist->drug
D:drugists->drug
D:drugivian->drug
D:drugly->drug
D:drugness->drug
D:drugor->drug
D:drugoral->drug
D:drugs->drug
D:drugsagents->drug
D:drugsale->drug
D:drugsales->drug
D:drugsan->drug
D:drugsat->drug
D:drugsatores->drug
D:drugse->drug
D:drugseal->drug
D:drugsed->drug
D:drugser->drug
D:drugseure->drug
D:drugship->drug
D:drugshipment->drug
D:drugsif->drug
D:drugsing->drug
D:drugsinger->drug
D:drugsor->drug
D:drugsore->drug
D:drugsorer->drug
D:drugsoris->drug
D:drugus->drug
<query> common schizophrenia drugs</query><numhits>10</numhits><time>1596</time>
</ATIREsearch>
<ATIREsearch>
D:carotid->carotid
D:carotida->carotid
D:carotidal->carotid
D:carotide->carotid
D:carotidean->carotid
D:carotides->carotid
D:carotidi->carotid
D:carotids->carotid
Q:cavernous->cavern
D:cavern->cavern
D:caverna->cavern
D:cavernal->cavern
D:cavernation->cavern
D:caverne->cavern
D:caverned->cavern
D:caverner->cavern
D:caverners->cavern
D:cavernes->cavern
D:caverni->cavern
D:caverning->cavern
D:cavernique->cavern
D:cavernis->cavern
D:cavernish->cavern
D:cavernism->cavern
D:cavernous->cavern
D:cavernously->cavern
D:cavernousness->cavern
D:caverns->cavern
D:cavernulous->cavern
D:cavernum->cavern
D:cavernus->cavern
Q:fistula->fistul
D:fistula->fistul
D:fistular->fistul
D:fistularis->fistul
Q:treatment->treat
D:treat->treat
D:treata->treat
D:treatability->treat
D:treatabl->treat
D:treatable->treat
D:treatableness->treat
D:treatables->treat
D:treatablity->treat
D:treatably->treat
D:treatage->treat
D:treatan->treat
D:treatant->treat
D:treatare->treat
D:treatat->treat
D:treate->treat
D:treateable->treat
D:treated->treat
D:treatede->treat
D:treateding->treat
D:treatedment->treat
D:treateds->treat
D:treatee->treat
D:treatees->treat
D:treateing->treat
D:treatement->treat
D:treatements->treat
D:treaten->treat
D:treatened->treat
D:treatenents->treat
D:treatening->treat
D:treatens->treat
D:treatent->treat
D:treatents->treat
D:treater->treat
D:treatering->treat
D:treaterous->treat
D:treaters->treat
D:treates->treat
D:treatful->treat
D:treathood->treat
D:treati->treat
D:treatibility->treat
D:treatic->treat
D:treatice->treat
D:treatices->treat
D:treatife->treat
D:treatifes->treat
D:treating->treat
D:treatingly->treat
D:treatingment->treat
D:treatings->treat
D:treation->treat
D:treatis->treat
D:treatisan->treat
D:treatise->treat
D:treatised->treat
D:treatisede->treat
D:treatisee->treat
D:treatiser->treat
D:treatisers->treat
D:treatises->treat
D:treatishe->treat
D:treatising->treat
D:treatist->treat
D:treatists->treat
D:treativ->treat
D:treative->treat
D:treativity->treat
D:treatiz->treat
D:treatize->treat
D:treatly->treat
D:treatment->treat
D:treatmental->treat
D:treatmentallied->treat
D:treatmentan->treat
D:treatmentanal->treat
D:treatmentanticancer->treat
D:treatmentat->treat
D:treatmente->treat
D:treatmented->treat
D:treatmentent->treat
D:treatmentif->treat
D:treatmenting->treat
D:treatmentis->treat
D:treatmentment->treat
D:treatmentments->treat
D:treatmentor->treat
D:treatmentoral->treat
D:treatmentoriented->treat
D:treatmentr->treat
D:treatmentreatment->treat
D:treatments->treat
D:treatmenturic->treat
D:treator->treat
D:treatorous->treat
D:treators->treat
D:treatouse->treat
D:treatr->treat
D:treatral->treat
D:treatre->treat
D:treatred->treat
D:treatrical->treat
D:treatring->treat
D:treatrise->treat
D:treatrises->treat
D:treatrment->treat
D:treatrments->treat
D:treatrs->treat
D:treats->treat
D:treatse->treat
D:treatsed->treat
D:treatses->treat
D:treatsfully->treat
D:treatsing->treat
D:treatsize->treat
D:treatsments->treat
D:treatt->treat
D:treattag->treat
D:treattags->treat
D:treatted->treat
D:treattening->treat
D:treattes->treat
D:treatting->treat
D:treattise->treat
D:treattment->treat
D:treattments->treat
D:treattreatment->treat
D:treatts->treat
D:treature->treat
D:treatured->treat
D:treatures->treat
D:treaturing->treat
D:treaturous->treat
D:treatus->treat
<query> carotid cavernous fistula treatment</query><numhits>10</numhits><time>1710</time>
</ATIREsearch>
<ATIREsearch>
D:fidel->fidel
D:fidela->fidel
D:fidelag->fidel
D:fidelan->fidel
D:fidelat->fidel
D:fidelatis->fidel
D:fidele->fidel
D:fideled->fidel
D:fidelement->fidel
D:fidelen->fidel
D:fidelened->fidel
D:fideler->fidel
D:fidelers->fidel
D:fideles->fidel
D:fidelety->fidel
D:fideli->fidel
D:fidelia->fidel
D:fidelian->fidel
D:fidelianat->fidel
D:fidelians->fidel
D:fidelic->fidel
D:fidelicant->fidel
D:fidelice->fidel
D:fidelife->fidel
D:fidelific->fidel
D:fidelify->fidel
D:fideling->fidel
D:fidelion->fidel
D:fidelique->fidel
D:fidelis->fidel
D:fidelisant->fidel
D:fidelisation->fidel
D:fidelise->fidel
D:fidelisent->fidel
D:fideliser->fidel
D:fidelises->fidel
D:fidelism->fidel
D:fidelist->fidel
D:fidelitie->fidel
D:fidelities->fidel
D:fidelitious->fidel
D:fidelity->fidel
D:fidelityagent->fidel
D:fidelitye->fidel
D:fidelityifs->fidel
D:fidelitys->fidel
D:fidelium->fidel
D:fideliz->fidel
D:fidelizan->fidel
D:fidelization->fidel
D:fidelize->fidel
D:fidelizer->fidel
D:fidell->fidel
D:fidellanan->fidel
D:fidelle->fidel
D:fidellement->fidel
D:fidelles->fidel
D:fidelling->fidel
D:fidellis->fidel
D:fidellity->fidel
D:fidelliz->fidel
D:fidelly->fidel
D:fidelment->fidel
D:fidelor->fidel
D:fidels->fidel
D:fidelty->fidel
D:fidelus->fidel
D:castro->castro
D:castroa->castro
D:castroane->castro
D:castroated->castro
D:castroating->castro
D:castroe->castro
D:castroes->castro
D:castroi->castro
D:castrois->castro
D:castroish->castro
D:castroism->castro
D:castroist->castro
D:castroists->castro
D:castros->castro
D:castrosante->castro
D:castrosat->castro
D:castroth->castro
<query> fidel castro</query><numhits>10</numhits><time>731</time>
</ATIREsearch>
<ATIREsearch>
Q:benefits->benefit
D:benefit->benefit
D:benefita->benefit
D:benefitable->benefit
D:benefitage->benefit
D:benefital->benefit
D:benefitancient->benefit
D:benefitaries->benefit
D:benefitary->benefit
D:benefitat->benefit
D:benefite->benefit
D:benefited->benefit
D:benefiteds->benefit
D:benefitee->benefit
D:benefiten->benefit
D:benefitent->benefit
D:benefiter->benefit
D:benefiters->benefit
D:benefites->benefit
D:benefitful->benefit
D:benefiti->benefit
D:benefitial->benefit
D:benefitic->benefit
D:benefitical->benefit
D:benefiticary->benefit
D:benefiticial->benefit
D:benefitif->benefit
D:benefiting->benefit
D:benefitinging->benefit
D:benefitional->benefit
D:benefitis->benefit
D:benefitism->benefit
D:benefitium->benefit
D:benefitive->benefit
D:benefitized->benefit
D:benefitness->benefit
D:benefitor->benefit
D:benefitors->benefit
D:benefitory->benefit
D:benefitr->benefit
D:benefitrater->benefit
D:benefitrates->benefit
D:benefitratings->benefit
D:benefitrealisation->benefit
D:benefitree->benefit
D:benefitreisen->benefit
D:benefitring->benefit
D:benefitriver->benefit
D:benefitrs->benefit
D:benefits->benefit
D:benefitsage->benefit
D:benefitsagency->benefit
D:benefitsagent->benefit
D:benefitsal->benefit
D:benefitsale->benefit
D:benefitsales->benefit
D:benefitsalliance->benefit
D:benefitsan->benefit
D:benefitsat->benefit
D:benefitse->benefit
D:benefitsen->benefit
D:benefitses->benefit
D:benefitsfully->benefit
D:benefitshood->benefit
D:benefitsif->benefit
D:benefitsor->benefit
D:benefitsorientation->benefit
D:benefitt->benefit
D:benefittance->benefit
D:benefitte->benefit
D:benefitted->benefit
D:benefitter->benefit
D:benefitters->benefit
D:benefittial->benefit
D:benefitting->benefit
D:benefitts->benefit
D:benefitual->benefit
D:of->of
D:ofa->of
D:ofabilene->of
D:ofabilities->of
D:ofabl->of
D:ofabledating->of
D:ofacy->of
D:ofag->of
D:ofage->of
D:ofageing->of
D:ofagen->of
D:ofagent->of
D:ofager->of
D:ofages->of
D:ofaging->of
D:ofaginger->of
D:ofags->of
D:ofal->of
D:ofalan->of
D:ofale->of
D:ofalee->of
D:ofalice->of
D:ofalife->of
D:ofalion->of
D:ofallianceor->of
D:ofallied->of
D:ofally->of
D:ofals->of
D:ofan->of
D:ofanage->of
D:ofanal->of
D:ofanatic->of
D:ofanation->of
D:ofancient->of
D:ofanity->of
D:ofanizations->of
D:ofanous->of
D:ofans->of
D:ofante->of
D:ofar->of
D:ofarag->of
D:ofare->of
D:ofaren->of
D:ofarenal->of
D:ofaror->of
D:ofars->of
D:ofat->of
D:ofatal->of
D:ofate->of
D:ofaten->of
D:ofates->of
D:ofatis->of
D:ofatree->of
D:ofe->of
D:ofeale->of
D:ofean->of
D:ofeary->of
D:ofeat->of
D:ofeating->of
D:ofeature->of
D:ofeatured->of
D:ofeatures->of
D:ofed->of
D:ofeden->of
D:ofederal->of
D:ofederation->of
D:ofedor->of
D:ofee->of
D:ofeee->of
D:ofeeeee->of
D:ofeence->of
D:ofeer->of
D:ofeered->of
D:ofeerentals->of
D:ofeering->of
D:ofeers->of
D:ofees->of
D:ofeice->of
D:ofeicer->of
D:ofeif->of
D:ofeing->of
D:ofeish->of
D:ofelie->of
D:ofely->of
D:ofen->of
D:ofenag->of
D:ofenc->of
D:ofence->of
D:ofences->of
D:ofencive->of
D:ofene->of
D:ofener->of
D:ofeners->of
D:ofening->of
D:ofenis->of
D:ofens->of
D:ofent->of
D:ofente->of
D:ofenter->of
D:ofentered->of
D:ofentering->of
D:ofentities->of
D:ofently->of
D:ofeor->of
D:ofer->of
D:oferal->of
D:oferan->of
D:oferanat->of
D:oferante->of
D:oferate->of
D:oferated->of
D:oferation->of
D:ofere->of
D:ofered->of
D:oferencie->of
D:oferent->of
D:oferentes->of
D:oferic->of
D:oferice->of
D:ofering->of
D:oferings->of
D:oferion->of
D:oferis->of
D:oferise->of
D:oferised->of
D:oferized->of
D:oferlior->of
D:ofers->of
D:ofes->of
D:offul->of
D:offully->of
D:ofi->of
D:ofia->of
D:ofial->of
D:ofialmente->of
D:ofian->of
D:ofiblion->of
D:ofic->of
D:ofical->of
D:oficales->of
D:ofically->of
D:oficalmente->of
D:oficals->of
D:ofice->of
D:oficeer->of
D:oficer->of
D:oficerat->of
D:oficeres->of
D:oficers->of
D:ofices->of
D:oficial->of
D:oficialal->of
D:oficialan->of
D:oficiale->of
D:oficialen->of
D:oficiales->of
D:oficialice->of
D:oficialis->of
D:oficiality->of
D:oficially->of
D:oficialment->of
D:oficialmente->of
D:oficials->of
D:ofician->of
D:oficicial->of
D:oficingly->of
D:oficis->of
D:oficist->of
D:oficor->of
D:ofics->of
D:ofif->of
D:ofife->of
D:ofifice->of
D:ofifices->of
D:ofificial->of
D:ofifs->of
D:ofify->of
D:ofing->of
D:ofingal->of
D:ofingen->of
D:ofinger->of
D:ofion->of
D:ofions->of
D:ofis->of
D:ofise->of
D:ofiser->of
D:ofisers->of
D:ofish->of
D:ofishal->of
D:ofishally->of
D:ofishial->of
D:ofishingur->of
D:ofishly->of
D:ofisial->of
D:ofisialmente->of
D:ofism->of
D:ofismate->of
D:ofist->of
D:ofiste->of
D:ofisten->of
D:ofistore->of
D:ofistur->of
D:ofisur->of
D:ofities->of
D:ofiv->of
D:ofivan->of
D:ofive->of
D:ofiz->of
D:ofizial->of
D:ofizialean->of
D:oflie->of
D:ofliee->of
D:oflien->of
D:oflies->of
D:ofly->of
D:oflyan->of
D:oflyor->of
D:ofment->of
D:ofmental->of
D:ofmentality->of
D:ofmentally->of
D:ofmention->of
D:ofness->of
D:ofnesses->of
D:ofor->of
D:oforal->of
D:oforan->of
D:ofored->of
D:oforie->of
D:oforiental->of
D:oforion->of
D:oforor->of
D:ofors->of
D:ofous->of
D:ofously->of
D:ofs->of
D:ofsage->of
D:ofsale->of
D:ofsales->of
D:ofsan->of
D:ofsanity->of
D:ofsat->of
D:ofsatan->of
D:ofse->of
D:ofseals->of
D:ofseat->of
D:ofseats->of
D:ofsed->of
D:ofsedentary->of
D:ofsee->of
D:ofseeing->of
D:ofseized->of
D:ofsen->of
D:ofsent->of
D:ofsentences->of
D:ofsentencing->of
D:ofser->of
D:ofserene->of
D:ofserenity->of
D:ofserial->of
D:ofsers->of
D:ofses->of
D:ofship->of
D:ofships->of
D:ofsic->of
D:ofsing->of
D:ofsinger->of
D:ofsingers->of
D:ofsinging->of
D:ofsiz->of
D:ofsize->of
D:ofsizes->of
D:ofsly->of
D:ofsor->of
D:ofsors->of
D:ofth->of
D:ofual->of
D:ofum->of
D:ofur->of
D:ofuran->of
D:ofure->of
D:ofuren->of
D:ofuric->of
D:ofus->of
D:yoga->yoga
D:yogaa->yoga
D:yogaage->yoga
D:yogaal->yoga
D:yogaalive->yoga
D:yogaalliance->yoga
D:yogaat->yoga
D:yogaed->yoga
D:yogaees->yoga
D:yogaes->yoga
D:yogaful->yoga
D:yogahood->yoga
D:yogai->yoga
D:yogaia->yoga
D:yogaif->yoga
D:yogaing->yoga
D:yogaion->yoga
D:yogais->yoga
D:yogaish->yoga
D:yogamentary->yoga
D:yoganess->yoga
D:yogas->yoga
D:yogasage->yoga
D:yogasan->yoga
D:yogasanalive->yoga
D:yogasans->yoga
D:yogaseal->yoga
D:yogasean->yoga
D:yogasen->yoga
D:yogasent->yoga
D:yogasenter->yoga
D:yogasian->yoga
D:yogasiz->yoga
D:yogasize->yoga
D:yogath->yoga
<query> benefits of yoga</query><numhits>10</numhits><time>4143</time>
</ATIREsearch>
<ATIREsearch>
D:norwaies->norway
D:norway->norway
D:norwaya->norway
D:norwayan->norway
D:norwayans->norway
D:norwaye->norway
D:norwayeden->norway
D:norwayes->norway
D:norwayi->norway
D:norwayish->norway
D:norwayization->norway
D:norwayness->norway
D:norways->norway
D:norwaysealed->norway
D:norwaysings->norway
Q:spruce->spruc
D:spruc->spruc
D:spruca->spruc
D:sprucan->spruc
D:sprucance->spruc
D:spruce->spruc
D:spruced->spruc
D:sprucedale->spruc
D:sprucee->spruc
D:spruceing->spruc
D:sprucely->spruc
D:sprucen->spruc
D:spruceness->spruc
D:spruceor->spruc
D:sprucer->spruc
D:sprucers->spruc
D:spruces->spruc
D:spruceship->spruc
D:spruci->spruc
D:sprucifer->spruc
D:sprucifying->spruc
D:sprucing->spruc
D:sprucory->spruc
<query> norway spruce</query><numhits>10</numhits><time>656</time>
</ATIREsearch>
<ATIREsearch>
Q:sangre->sangr
D:sangr->sangr
D:sangra->sangr
D:sangral->sangr
D:sangralee->sangr
D:sangran->sangr
D:sangrante->sangr
D:sangrantes->sangr
D:sangrar->sangr
D:sangraran->sangr
D:sangre->sangr
D:sangreal->sangr
D:sangrean->sangr
D:sangreat->sangr
D:sangred->sangr
D:sangree->sangr
D:sangreee->sangr
D:sangreeee->sangr
D:sangreeeee->sangr
D:sangreeeeee->sangr
D:sangreeeeeee->sangr
D:sangreeeeeeeee->sangr
D:sangreeeeeeeeeeeee->sangr
D:sangreeeeeeeeeeeeeee->sangr
D:sangreeeeeeeeeeeeeeeeeeeeeeeee->sangr
D:sangrees->sangr
D:sangren->sangr
D:sangrene->sangr
D:sangrent->sangr
D:sangrereal->sangr
D:sangres->sangr
D:sangri->sangr
D:sangria->sangr
D:sangrial->sangr
D:sangrian->sangr
D:sangrice->sangr
D:sangris->sangr
D:sangror->sangr
D:sangrouse->sangr
D:sangrul->sangr
D:sangrur->sangr
D:sangrure->sangr
D:sangrus->sangr
D:de->de
D:cristo->cristo
D:cristoa->cristo
D:cristoe->cristo
D:cristoi->cristo
D:cristos->cristo
D:cristosal->cristo
D:cristoul->cristo
Q:mountains->mountain
D:mountain->mountain
D:mountaina->mountain
D:mountainagency->mountain
D:mountainalive->mountain
D:mountainaries->mountain
D:mountainary->mountain
D:mountainat->mountain
D:mountaine->mountain
D:mountaineater->mountain
D:mountained->mountain
D:mountainee->mountain
D:mountaineee->mountain
D:mountaineeeeeeeer->mountain
D:mountaineeer->mountain
D:mountaineeering->mountain
D:mountaineeing->mountain
D:mountaineer->mountain
D:mountaineerabilene->mountain
D:mountaineeral->mountain
D:mountaineered->mountain
D:mountaineereing->mountain
D:mountaineerer->mountain
D:mountaineerers->mountain
D:mountaineering->mountain
D:mountaineerings->mountain
D:mountaineers->mountain
D:mountainees->mountain
D:mountaineity->mountain
D:mountainen->mountain
D:mountaineous->mountain
D:mountainer->mountain
D:mountainere->mountain
D:mountainerer->mountain
D:mountainering->mountain
D:mountainers->mountain
D:mountaines->mountain
D:mountainful->mountain
D:mountainfuls->mountain
D:mountainhood->mountain
D:mountaini->mountain
D:mountainia->mountain
D:mountainians->mountain
D:mountainical->mountain
D:mountaining->mountain
D:mountainis->mountain
D:mountainish->mountain
D:mountainism->mountain
D:mountainist->mountain
D:mountainists->mountain
D:mountainium->mountain
D:mountainized->mountain
D:mountainly->mountain
D:mountainn->mountain
D:mountainnat->mountain
D:mountainnaturals->mountain
D:mountainnature->mountain
D:mountainneer->mountain
D:mountainneering->mountain
D:mountainner->mountain
D:mountainnering->mountain
D:mountainners->mountain
D:mountainniceness->mountain
D:mountainns->mountain
D:mountainous->mountain
D:mountainouse->mountain
D:mountainously->mountain
D:mountainousness->mountain
D:mountainousnesses->mountain
D:mountains->mountain
D:mountainsage->mountain
D:mountainsages->mountain
D:mountainsat->mountain
D:mountainser->mountain
D:mountainses->mountain
D:mountainsful->mountain
D:mountainship->mountain
D:mountainsif->mountain
D:mountainus->mountain
<query> sangre de cristo mountains</query><numhits>10</numhits><time>1951</time>
</ATIREsearch>
<ATIREsearch>
Q:history->hist
D:hist->hist
D:hista->hist
D:histability->hist
D:histable->hist
D:histag->hist
D:histage->hist
D:histal->hist
D:histalean->hist
D:histaloran->hist
D:histan->hist
D:histance->hist
D:histanis->hist
D:histanore->hist
D:histant->hist
D:histar->hist
D:histare->hist
D:histarer->hist
D:histarical->hist
D:histarically->hist
D:histaricly->hist
D:histarics->hist
D:histarious->hist
D:histary->hist
D:histat->hist
D:histatan->hist
D:histate->hist
D:histated->hist
D:histates->hist
D:histatic->hist
D:histation->hist
D:histats->hist
D:histe->hist
D:histeary->hist
D:histed->hist
D:histeds->hist
D:histeer->hist
D:histeical->hist
D:histen->hist
D:histene->hist
D:histent->hist
D:hister->hist
D:histeree->hist
D:histerialane->hist
D:histerian->hist
D:histeric->hist
D:histerical->hist
D:histerically->hist
D:histericals->hist
D:histericly->hist
D:histerics->hist
D:histeris->hist
D:histers->hist
D:histes->hist
D:histi->hist
D:histia->hist
D:histic->hist
D:histical->hist
D:histicated->hist
D:histication->hist
D:histing->hist
D:histings->hist
D:histion->hist
D:histionic->hist
D:histionics->hist
D:hististeis->hist
D:histor->hist
D:historal->hist
D:historally->hist
D:historan->hist
D:historans->hist
D:historates->hist
D:histore->hist
D:historeally->hist
D:historee->hist
D:historeic->hist
D:historeis->hist
D:histores->hist
D:historial->hist
D:historiale->hist
D:historialeer->hist
D:historiales->hist
D:historialis->hist
D:historialism->hist
D:historialistic->hist
D:historiality->hist
D:historially->hist
D:historials->hist
D:historian->hist
D:historianatural->hist
D:historianism->hist
D:historianisms->hist
D:historians->hist
D:historianship->hist
D:historiated->hist
D:historiation->hist
D:historiator->hist
D:historic->hist
D:historical->hist
D:historicalal->hist
D:historicale->hist
D:historicales->hist
D:historicalish->hist
D:historicalism->hist
D:historicalist->hist
D:historicalists->hist
D:historicality->hist
D:historicalizing->hist
D:historically->hist
D:historicallyoriented->hist
D:historicalness->hist
D:historicals->hist
D:historican->hist
D:historicans->hist
D:historicat->hist
D:historice->hist
D:historices->hist
D:historicial->hist
D:historicially->hist
D:historician->hist
D:historicians->hist
D:historicical->hist
D:historicing->hist
D:historicis->hist
D:historicisation->hist
D:historicise->hist
D:historicised->hist
D:historiciser->hist
D:historicises->hist
D:historicising->hist
D:historicism->hist
D:historicisme->hist
D:historicisms->hist
D:historicist->hist
D:historiciste->hist
D:historicistes->hist
D:historicistic->hist
D:historicists->hist
D:historicities->hist
D:historicity->hist
D:historicization->hist
D:historicizations->hist
D:historicize->hist
D:historicized->hist
D:historicizers->hist
D:historicizes->hist
D:historicizing->hist
D:historicly->hist
D:historicness->hist
D:historics->hist
D:historicships->hist
D:historie->hist
D:historieal->hist
D:historieans->hist
D:historied->hist
D:historiee->hist
D:historiees->hist
D:historieis->hist
D:historien->hist
D:historiene->hist
D:historiens->hist
D:historier->hist
D:histories->hist
D:historiese->hist
D:historification->hist
D:historiian->hist
D:historiic->hist
D:historiical->hist
D:historiis->hist
D:historing->hist
D:historion->hist
D:historionic->hist
D:historionics->hist
D:historions->hist
D:historiorant->hist
D:historious->hist
D:historis->hist
D:historisal->hist
D:historisation->hist
D:historise->hist
D:historiser->hist
D:historiseren->hist
D:historish->hist
D:historishe->hist
D:historisher->hist
D:historishes->hist
D:historising->hist
D:historisity->hist
D:historisization->hist
D:historisize->hist
D:historisized->hist
D:historisizing->hist
D:historism->hist
D:historisme->hist
D:historisms->hist
D:historist->hist
D:historistic->hist
D:histority->hist
D:historival->hist
D:historivale->hist
D:historization->hist
D:historize->hist
D:historized->hist
D:historizers->hist
D:historizes->hist
D:historizing->hist
D:historizised->hist
D:historizising->hist
D:historment->hist
D:histormentors->hist
D:histororical->hist
D:historory->hist
D:histors->hist
D:history->hist
D:historyabilene->hist
D:historyability->hist
D:historyage->hist
D:historyagent->hist
D:historyal->hist
D:historyale->hist
D:historyalive->hist
D:historyan->hist
D:historyancient->hist
D:historyanual->hist
D:historyat->hist
D:historye->hist
D:historyed->hist
D:historyeee->hist
D:historyenabled->hist
D:historyes->hist
D:historyic->hist
D:historyical->hist
D:historyically->hist
D:historyif->hist
D:historying->hist
D:historyis->hist
D:historyish->hist
D:historyishere->hist
D:historyiv->hist
D:historyliens->hist
D:historyor->hist
D:historys->hist
D:historyship->hist
D:historyurs->hist
D:histr->hist
D:histragic->hist
D:histre->hist
D:histree->hist
D:histrene->hist
D:histres->hist
D:histrial->hist
D:histrian->hist
D:histrians->hist
D:histric->hist
D:histrical->hist
D:histrically->hist
D:histricis->hist
D:histring->hist
D:histrion->hist
D:histrionalis->hist
D:histrionen->hist
D:histriones->hist
D:histrionic->hist
D:histrionical->hist
D:histrionically->hist
D:histrionicism->hist
D:histrionicity->hist
D:histrionics->hist
D:histrionis->hist
D:histrionism->hist
D:histrionize->hist
D:histrions->hist
D:histris->hist
D:histrive->hist
D:histrorian->hist
D:histrorians->hist
D:histroric->hist
D:histrorical->hist
D:histrorically->hist
D:histrories->hist
D:histrory->hist
D:histrousers->hist
D:hists->hist
D:histship->hist
D:histsize->hist
D:histsizes->hist
D:histsoric->hist
D:histsorical->hist
D:histsorically->hist
D:histsory->hist
D:histt->hist
D:histtable->hist
D:histting->hist
D:histtis->hist
D:histtorical->hist
D:histtory->hist
D:histtr->hist
D:histtre->hist
D:histum->hist
D:histus->hist
D:of->of
D:ofa->of
D:ofabilene->of
D:ofabilities->of
D:ofabl->of
D:ofabledating->of
D:ofacy->of
D:ofag->of
D:ofage->of
D:ofageing->of
D:ofagen->of
D:ofagent->of
D:ofager->of
D:ofages->of
D:ofaging->of
D:ofaginger->of
D:ofags->of
D:ofal->of
D:ofalan->of
D:ofale->of
D:ofalee->of
D:ofalice->of
D:ofalife->of
D:ofalion->of
D:ofallianceor->of
D:ofallied->of
D:ofally->of
D:ofals->of
D:ofan->of
D:ofanage->of
D:ofanal->of
D:ofanatic->of
D:ofanation->of
D:ofancient->of
D:ofanity->of
D:ofanizations->of
D:ofanous->of
D:ofans->of
D:ofante->of
D:ofar->of
D:ofarag->of
D:ofare->of
D:ofaren->of
D:ofarenal->of
D:ofaror->of
D:ofars->of
D:ofat->of
D:ofatal->of
D:ofate->of
D:ofaten->of
D:ofates->of
D:ofatis->of
D:ofatree->of
D:ofe->of
D:ofeale->of
D:ofean->of
D:ofeary->of
D:ofeat->of
D:ofeating->of
D:ofeature->of
D:ofeatured->of
D:ofeatures->of
D:ofed->of
D:ofeden->of
D:ofederal->of
D:ofederation->of
D:ofedor->of
D:ofee->of
D:ofeee->of
D:ofeeeee->of
D:ofeence->of
D:ofeer->of
D:ofeered->of
D:ofeerentals->of
D:ofeering->of
D:ofeers->of
D:ofees->of
D:ofeice->of
D:ofeicer->of
D:ofeif->of
D:ofeing->of
D:ofeish->of
D:ofelie->of
D:ofely->of
D:ofen->of
D:ofenag->of
D:ofenc->of
D:ofence->of
D:ofences->of
D:ofencive->of
D:ofene->of
D:ofener->of
D:ofeners->of
D:ofening->of
D:ofenis->of
D:ofens->of
D:ofent->of
D:ofente->of
D:ofenter->of
D:ofentered->of
D:ofentering->of
D:ofentities->of
D:ofently->of
D:ofeor->of
D:ofer->of
D:oferal->of
D:oferan->of
D:oferanat->of
D:oferante->of
D:oferate->of
D:oferated->of
D:oferation->of
D:ofere->of
D:ofered->of
D:oferencie->of
D:oferent->of
D:oferentes->of
D:oferic->of
D:oferice->of
D:ofering->of
D:oferings->of
D:oferion->of
D:oferis->of
D:oferise->of
D:oferised->of
D:oferized->of
D:oferlior->of
D:ofers->of
D:ofes->of
D:offul->of
D:offully->of
D:ofi->of
D:ofia->of
D:ofial->of
D:ofialmente->of
D:ofian->of
D:ofiblion->of
D:ofic->of
D:ofical->of
D:oficales->of
D:ofically->of
D:oficalmente->of
D:oficals->of
D:ofice->of
D:oficeer->of
D:oficer->of
D:oficerat->of
D:oficeres->of
D:oficers->of
D:ofices->of
D:oficial->of
D:oficialal->of
D:oficialan->of
D:oficiale->of
D:oficialen->of
D:oficiales->of
D:oficialice->of
D:oficialis->of
D:oficiality->of
D:oficially->of
D:oficialment->of
D:oficialmente->of
D:oficials->of
D:ofician->of
D:oficicial->of
D:oficingly->of
D:oficis->of
D:oficist->of
D:oficor->of
D:ofics->of
D:ofif->of
D:ofife->of
D:ofifice->of
D:ofifices->of
D:ofificial->of
D:ofifs->of
D:ofify->of
D:ofing->of
D:ofingal->of
D:ofingen->of
D:ofinger->of
D:ofion->of
D:ofions->of
D:ofis->of
D:ofise->of
D:ofiser->of
D:ofisers->of
D:ofish->of
D:ofishal->of
D:ofishally->of
D:ofishial->of
D:ofishingur->of
D:ofishly->of
D:ofisial->of
D:ofisialmente->of
D:ofism->of
D:ofismate->of
D:ofist->of
D:ofiste->of
D:ofisten->of
D:ofistore->of
D:ofistur->of
D:ofisur->of
D:ofities->of
D:ofiv->of
D:ofivan->of
D:ofive->of
D:ofiz->of
D:ofizial->of
D:ofizialean->of
D:oflie->of
D:ofliee->of
D:oflien->of
D:oflies->of
D:ofly->of
D:oflyan->of
D:oflyor->of
D:ofment->of
D:ofmental->of
D:ofmentality->of
D:ofmentally->of
D:ofmention->of
D:ofness->of
D:ofnesses->of
D:ofor->of
D:oforal->of
D:oforan->of
D:ofored->of
D:oforie->of
D:oforiental->of
D:oforion->of
D:oforor->of
D:ofors->of
D:ofous->of
D:ofously->of
D:ofs->of
D:ofsage->of
D:ofsale->of
D:ofsales->of
D:ofsan->of
D:ofsanity->of
D:ofsat->of
D:ofsatan->of
D:ofse->of
D:ofseals->of
D:ofseat->of
D:ofseats->of
D:ofsed->of
D:ofsedentary->of
D:ofsee->of
D:ofseeing->of
D:ofseized->of
D:ofsen->of
D:ofsent->of
D:ofsentences->of
D:ofsentencing->of
D:ofser->of
D:ofserene->of
D:ofserenity->of
D:ofserial->of
D:ofsers->of
D:ofses->of
D:ofship->of
D:ofships->of
D:ofsic->of
D:ofsing->of
D:ofsinger->of
D:ofsingers->of
D:ofsinging->of
D:ofsiz->of
D:ofsize->of
D:ofsizes->of
D:ofsly->of
D:ofsor->of
D:ofsors->of
D:ofth->of
D:ofual->of
D:ofum->of
D:ofur->of
D:ofuran->of
D:ofure->of
D:ofuren->of
D:ofuric->of
D:ofus->of
D:the->the
Q:electronic->electron
D:electron->electron
D:electrona->electron
D:electronal->electron
D:electronat->electron
D:electronation->electron
D:electronative->electron
D:electronature->electron
D:electrone->electron
D:electroneer->electron
D:electroneering->electron
D:electroneers->electron
D:electronen->electron
D:electroners->electron
D:electrones->electron
D:electroneural->electron
D:electroni->electron
D:electronia->electron
D:electronial->electron
D:electronially->electron
D:electronian->electron
D:electronic->electron
D:electronicag->electron
D:electronical->electron
D:electronicalife->electron
D:electronicalists->electron
D:electronicalized->electron
D:electronically->electron
D:electronicallyat->electron
D:electronicallyor->electron
D:electronicals->electron
D:electronican->electron
D:electronicat->electron
D:electronicated->electron
D:electronicator->electron
D:electronicats->electron
D:electronice->electron
D:electroniceden->electron
D:electronicely->electron
D:electronicen->electron
D:electronices->electron
D:electroniceur->electron
D:electronicially->electron
D:electronician->electron
D:electronicians->electron
D:electronicic->electron
D:electronicics->electron
D:electronicis->electron
D:electronicise->electron
D:electronicised->electron
D:electronicish->electron
D:electronicism->electron
D:electronicist->electron
D:electronicists->electron
D:electronicity->electron
D:electronicization->electron
D:electronicize->electron
D:electronicized->electron
D:electronicizing->electron
D:electronicly->electron
D:electronicness->electron
D:electronicor->electron
D:electronicore->electron
D:electronics->electron
D:electronif->electron
D:electronificate->electron
D:electronification->electron
D:electronified->electron
D:electronifies->electron
D:electronifs->electron
D:electronify->electron
D:electronifying->electron
D:electroning->electron
D:electronion->electron
D:electroniqu->electron
D:electronique->electron
D:electroniquement->electron
D:electroniques->electron
D:electronis->electron
D:electronisally->electron
D:electronisant->electron
D:electronise->electron
D:electronised->electron
D:electronish->electron
D:electronishe->electron
D:electronism->electron
D:electronist->electron
D:electronium->electron
D:electroniv->electron
D:electronivally->electron
D:electronivs->electron
D:electronizally->electron
D:electronization->electron
D:electronize->electron
D:electronized->electron
D:electronizer->electron
D:electronizing->electron
D:electronizs->electron
D:electronn->electron
D:electronness->electron
D:electronnic->electron
D:electronnically->electron
D:electronnics->electron
D:electronnis->electron
D:electrons->electron
D:electronul->electron
D:electronum->electron
D:electronus->electron
Q:medical->medic
D:medic->medic
D:medica->medic
D:medicabilis->medic
D:medicable->medic
D:medicably->medic
D:medicag->medic
D:medicage->medic
D:medicagenic->medic
D:medicagion->medic
D:medical->medic
D:medicalagent->medic
D:medicalat->medic
D:medicale->medic
D:medicaled->medic
D:medicalement->medic
D:medicalenabler->medic
D:medicaler->medic
D:medicales->medic
D:medicalif->medic
D:medicalife->medic
D:medicalions->medic
D:medicalis->medic
D:medicalisation->medic
D:medicalise->medic
D:medicalised->medic
D:medicalisees->medic
D:medicalisering->medic
D:medicalises->medic
D:medicalising->medic
D:medicalism->medic
D:medicalisms->medic
D:medicalist->medic
D:medicalistes->medic
D:medicalistic->medic
D:medicalists->medic
D:medicalities->medic
D:medicality->medic
D:medicalive->medic
D:medicalization->medic
D:medicalizations->medic
D:medicalize->medic
D:medicalized->medic
D:medicalizers->medic
D:medicalizes->medic
D:medicalizing->medic
D:medically->medic
D:medicallyorientated->medic
D:medicalment->medic
D:medicalmente->medic
D:medicalmentor->medic
D:medicalness->medic
D:medicals->medic
D:medicalur->medic
D:medican->medic
D:medicanal->medic
D:medicanalife->medic
D:medicancat->medic
D:medicancy->medic
D:medicane->medic
D:medicanes->medic
D:medicanments->medic
D:medicans->medic
D:medicant->medic
D:medicante->medic
D:medicantion->medic
D:medicants->medic
D:medicar->medic
D:medicare->medic
D:medicarean->medic
D:medicared->medic
D:medicaree->medic
D:medicareer->medic
D:medicarementor->medic
D:medicarer->medic
D:medicares->medic
D:medicaring->medic
D:medicarion->medic
D:medicars->medic
D:medicat->medic
D:medicatable->medic
D:medicatably->medic
D:medicatan->medic
D:medicatation->medic
D:medicatations->medic
D:medicate->medic
D:medicated->medic
D:medicatedly->medic
D:medicateds->medic
D:medicateing->medic
D:medicater->medic
D:medicates->medic
D:medicateur->medic
D:medicating->medic
D:medicatings->medic
D:medication->medic
D:medicational->medic
D:medicationan->medic
D:medicationat->medic
D:medicationation->medic
D:medicatione->medic
D:medicationed->medic
D:medicationes->medic
D:medicationif->medic
D:medicationis->medic
D:medications->medic
D:medicatis->medic
D:medicative->medic
D:medicator->medic
D:medicators->medic
D:medicatory->medic
D:medicatre->medic
D:medicatrion->medic
D:medicatris->medic
D:medicats->medic
D:medice->medic
D:mediceal->medic
D:medicean->medic
D:mediceane->medic
D:mediceations->medic
D:mediced->medic
D:medicedion->medic
D:medicee->medic
D:mediceee->medic
D:mediceer->medic
D:mediceis->medic
D:medicen->medic
D:medicenal->medic
D:medicenalan->medic
D:medicence->medic
D:medicene->medic
D:medicenes->medic
D:medicens->medic
D:medicent->medic
D:medicenter->medic
D:medicenters->medic
D:medicentes->medic
D:medicentr->medic
D:medicentral->medic
D:medicentre->medic
D:medicentres->medic
D:medicer->medic
D:medicerer->medic
D:medicerly->medic
D:medices->medic
D:medicetien->medic
D:medici->medic
D:medicia->medic
D:medicial->medic
D:medicially->medic
D:medician->medic
D:medicianal->medic
D:medicianalis->medic
D:mediciane->medic
D:medicians->medic
D:medicical->medic
D:medicically->medic
D:medicications->medic
D:medicice->medic
D:medicicenter->medic
D:medicif->medic
D:medicife->medic
D:medicing->medic
D:medicinge->medic
D:medicion->medic
D:medicional->medic
D:medicionales->medic
D:medicione->medic
D:mediciones->medic
D:medicions->medic
D:medicis->medic
D:medicise->medic
D:mediciser->medic
D:medicism->medic
D:medicist->medic
D:medicistions->medic
D:medicistr->medic
D:medicitie->medic
D:medicity->medic
D:medicive->medic
D:medicl->medic
D:mediclal->medic
D:mediclancer->medic
D:mediclane->medic
D:medicle->medic
D:mediclean->medic
D:medicler->medic
D:mediclient->medic
D:mediclife->medic
D:mediclorians->medic
D:medicloriens->medic
D:medicment->medic
D:medicor->medic
D:medicoracy->medic
D:medicoral->medic
D:medicore->medic
D:medicority->medic
D:medics->medic
D:medicsal->medic
D:medicsation->medic
D:medicse->medic
D:medicsee->medic
D:medicsely->medic
D:medicser->medic
D:medicual->medic
D:medicul->medic
D:mediculat->medic
D:mediculous->medic
D:medicum->medic
D:medicur->medic
D:medicure->medic
D:medicures->medic
D:medicus->medic
D:record->record
D:recorda->record
D:recordabilene->record
D:recordabilis->record
D:recordability->record
D:recordabl->record
D:recordable->record
D:recordables->record
D:recordably->record
D:recordage->record
D:recordal->record
D:recordales->record
D:recordality->record
D:recordals->record
D:recordan->record
D:recordance->record
D:recordans->record
D:recordant->record
D:recordante->record
D:recordantur->record
D:recordanual->record
D:recordar->record
D:recordaran->record
D:recordare->record
D:recordareis->record
D:recordarentur->record
D:recordarer->record
D:recordarian->record
D:recordaris->record
D:recordat->record
D:recordate->record
D:recordation->record
D:recordatione->record
D:recordationes->record
D:recordationis->record
D:recordations->record
D:recordatory->record
D:recordatr->record
D:recordats->record
D:recordatur->record
D:recordd->record
D:recorddate->record
D:recorddatingee->record
D:recordde->record
D:recorddeal->record
D:recorddeals->record
D:recordded->record
D:recordder->record
D:recorddes->record
D:recordding->record
D:recorddisable->record
D:recordds->record
D:recordduration->record
D:recorde->record
D:recordeal->record
D:recordeals->record
D:recorded->record
D:recordedan->record
D:recordedat->record
D:recordede->record
D:recordeded->record
D:recordeding->record
D:recordedings->record
D:recordeditie->record
D:recordedness->record
D:recordeds->record
D:recordee->record
D:recordeer->record
D:recordees->record
D:recordeing->record
D:recordeis->record
D:recorden->record
D:recordenable->record
D:recordenabled->record
D:recordentur->record
D:recorder->record
D:recordere->record
D:recordered->record
D:recorderers->record
D:recorderes->record
D:recorderif->record
D:recordering->record
D:recorderis->record
D:recorderist->record
D:recorders->record
D:recordership->record
D:recorderships->record
D:recordes->record
D:recordeur->record
D:recordeurs->record
D:recordi->record
D:recordia->record
D:recordian->record
D:recordic->record
D:recordical->record
D:recordif->record
D:recordify->record
D:recording->record
D:recordingan->record
D:recordinger->record
D:recordinging->record
D:recordingings->record
D:recordingis->record
D:recordingist->record
D:recordingly->record
D:recordings->record
D:recordis->record
D:recordish->record
D:recordismag->record
D:recordist->record
D:recordists->record
D:recordium->record
D:recordivity->record
D:recordization->record
D:recordized->record
D:recordly->record
D:recordment->record
D:recordness->record
D:recordor->record
D:recordorating->record
D:recordous->record
D:records->record
D:recordsage->record
D:recordsal->record
D:recordsale->record
D:recordsales->record
D:recordsan->record
D:recordse->record
D:recordseal->record
D:recordsed->record
D:recordsenter->record
D:recordser->record
D:recordserializer->record
D:recordses->record
D:recordship->record
D:recordsif->record
D:recordsing->record
D:recordsings->record
D:recordsize->record
D:recordsor->record
D:recordul->record
D:recordulated->record
D:recordum->record
D:recordus->record
<query> history of the electronic medical record</query><numhits>10</numhits><time>10296</time>
</ATIREsearch>
<ATIREsearch>
Q:educational->educ
D:educ->educ
D:educa->educ
D:educabilities->educ
D:educability->educ
D:educable->educ
D:educables->educ
D:educably->educ
D:educacien->educ
D:educagion->educ
D:educagional->educ
D:educal->educ
D:educalan->educ
D:educalane->educ
D:educalion->educ
D:educality->educ
D:educan->educ
D:educanement->educ
D:educanion->educ
D:educanis->educ
D:educans->educ
D:educant->educ
D:educantional->educ
D:educants->educ
D:educantur->educ
D:educar->educ
D:educare->educ
D:educared->educ
D:educarede->educ
D:educareers->educ
D:educarer->educ
D:educarers->educ
D:educares->educ
D:educaring->educ
D:educarion->educ
D:educarional->educ
D:educat->educ
D:educatability->educ
D:educatable->educ
D:educatate->educ
D:educatated->educ
D:educatating->educ
D:educatation->educ
D:educatational->educ
D:educatator->educ
D:educatators->educ
D:educate->educ
D:educateable->educ
D:educated->educ
D:educatede->educ
D:educatedeating->educ
D:educateded->educ
D:educatedif->educ
D:educateding->educ
D:educatedly->educ
D:educatedness->educ
D:educatednesses->educ
D:educateds->educ
D:educatee->educ
D:educatees->educ
D:educateing->educ
D:educateion->educ
D:educately->educ
D:educater->educ
D:educaterer->educ
D:educatering->educ
D:educaters->educ
D:educates->educ
D:educateur->educ
D:educateurs->educ
D:educatian->educ
D:educatianal->educ
D:educatic->educ
D:educatice->educ
D:educatif->educ
D:educatifs->educ
D:educating->educ
D:educatingeric->educ
D:education->educ
D:educationable->educ
D:educational->educ
D:educationalagencies->educ
D:educationalal->educ
D:educationale->educ
D:educationalis->educ
D:educationalisation->educ
D:educationalism->educ
D:educationalist->educ
D:educationalists->educ
D:educationality->educ
D:educationalize->educ
D:educationalized->educ
D:educationalizing->educ
D:educationalliance->educ
D:educationally->educ
D:educationalor->educ
D:educationals->educ
D:educationan->educ
D:educationanal->educ
D:educationary->educ
D:educationat->educ
D:educationate->educ
D:educationation->educ
D:educatione->educ
D:educationeal->educ
D:educationed->educ
D:educationen->educ
D:educationenter->educ
D:educationer->educ
D:educationers->educ
D:educationes->educ
D:educationial->educ
D:educationif->educ
D:educationing->educ
D:educationional->educ
D:educationis->educ
D:educationism->educ
D:educationist->educ
D:educationistic->educ
D:educationists->educ
D:educationly->educ
D:educationment->educ
D:educationor->educ
D:educations->educ
D:educationship->educ
D:educatis->educ
D:educativ->educ
D:educative->educ
D:educativeione->educ
D:educatively->educ
D:educatives->educ
D:educator->educ
D:educatoral->educ
D:educatorater->educ
D:educatore->educ
D:educatores->educ
D:educatorial->educ
D:educatorially->educ
D:educatoris->educ
D:educatorist->educ
D:educators->educ
D:educatory->educ
D:educatr->educ
D:educatred->educ
D:educatres->educ
D:educatrice->educ
D:educatrices->educ
D:educatrion->educ
D:educatrional->educ
D:educatror->educ
D:educatrs->educ
D:educats->educ
D:educatur->educ
D:educature->educ
D:educatures->educ
D:educaturs->educ
D:educe->educ
D:educeation->educ
D:educeational->educ
D:educed->educ
D:educen->educ
D:educens->educ
D:educente->educ
D:educenter->educ
D:educentes->educ
D:educentral->educ
D:educentre->educ
D:educentres->educ
D:educentric->educ
D:educentricity->educ
D:educentrism->educ
D:educer->educ
D:educere->educ
D:educerent->educ
D:educeres->educ
D:educers->educ
D:educes->educ
D:educible->educ
D:educicion->educ
D:educif->educ
D:educing->educ
D:educion->educ
D:educional->educ
D:educis->educ
D:educise->educ
D:educities->educ
D:educity->educ
D:educl->educ
D:educlational->educ
D:educle->educ
D:educlean->educ
D:educlede->educ
D:educlic->educ
D:educor->educ
D:educore->educ
D:educs->educ
D:educsan->educ
D:educsate->educ
D:educsated->educ
D:educsation->educ
D:educsational->educ
D:educt->educ
D:eductal->educ
D:eductalis->educ
D:eductate->educ
D:eductated->educ
D:eductating->educ
D:eductation->educ
D:eductational->educ
D:eductationial->educ
D:eductator->educ
D:eductators->educ
D:educte->educ
D:educted->educ
D:eductedat->educ
D:educteur->educ
D:eductice->educ
D:eductif->educ
D:eductifs->educ
D:educting->educ
D:eduction->educ
D:eductional->educ
D:eductionally->educ
D:eductione->educ
D:eductionism->educ
D:eductions->educ
D:eductis->educ
D:eductive->educ
D:eductively->educ
D:eductives->educ
D:eductivism->educ
D:eductor->educ
D:eductors->educ
D:eductory->educ
D:eductr->educ
D:educts->educ
D:educul->educ
D:educulation->educ
D:educum->educ
D:educurate->educ
D:educus->educ
Q:advantages->adv
D:adv->adv
D:adva->adv
D:advable->adv
D:advacy->adv
D:advage->adv
D:advagent->adv
D:adval->adv
D:advalable->adv
D:advalean->adv
D:advalens->adv
D:advalise->adv
D:advalor->adv
D:advalore->adv
D:advan->adv
D:advanagages->adv
D:advanage->adv
D:advanageous->adv
D:advanages->adv
D:advanance->adv
D:advananced->adv
D:advanantage->adv
D:advanat->adv
D:advanatage->adv
D:advanatageous->adv
D:advanatages->adv
D:advanate->adv
D:advanc->adv
D:advancable->adv
D:advance->adv
D:advanceabilene->adv
D:advanceability->adv
D:advanceable->adv
D:advanceagent->adv
D:advanceal->adv
D:advanced->adv
D:advancedage->adv
D:advancedate->adv
D:advancede->adv
D:advanceded->adv
D:advanceden->adv
D:advancedental->adv
D:advancedentist->adv
D:advancedere->adv
D:advancedes->adv
D:advancedif->adv
D:advancedis->adv
D:advancedish->adv
D:advancedistance->adv
D:advancediv->adv
D:advancedly->adv
D:advancedment->adv
D:advancedments->adv
D:advancedness->adv
D:advanceds->adv
D:advancedshiping->adv
D:advanceduring->adv
D:advancee->adv
D:advanceee->adv
D:advanceeeeeeeeeeeee->adv
D:advanceement->adv
D:advanceent->adv
D:advanceents->adv
D:advanceer->adv
D:advancees->adv
D:advancehood->adv
D:advanceif->adv
D:advanceing->adv
D:advanceion->adv
D:advanceions->adv
D:advanceis->adv
D:advanceity->adv
D:advancely->adv
D:advancement->adv
D:advancementat->adv
D:advancemente->adv
D:advancementes->adv
D:advancementive->adv
D:advancementoring->adv
D:advancementreally->adv
D:advancements->adv
D:advancen->adv
D:advancenational->adv
D:advanceneering->adv
D:advancenent->adv
D:advanceness->adv
D:advancenment->adv
D:advancent->adv
D:advanceor->adv
D:advanceors->adv
D:advanceous->adv
D:advancer->adv
D:advancereal->adv
D:advancereally->adv
D:advancers->adv
D:advances->adv
D:advanceship->adv
D:advanceshiping->adv
D:advancial->adv
D:advancian->adv
D:advancied->adv
D:advanciement->adv
D:advancient->adv
D:advancier->adv
D:advancies->adv
D:advanciing->adv
D:advanciis->adv
D:advanciment->adv
D:advancing->adv
D:advancingage->adv
D:advancingis->adv
D:advancingly->adv
D:advancings->adv
D:advancis->adv
D:advancity->adv
D:advancive->adv
D:advancment->adv
D:advancments->adv
D:advancous->adv
D:advancs->adv
D:advancure->adv
D:advancy->adv
D:advancyment->adv
D:advancys->adv
D:advane->adv
D:advaned->adv
D:advanee->adv
D:advanees->adv
D:advanement->adv
D:advanements->adv
D:advanes->adv
D:advanicing->adv
D:advaning->adv
D:advanis->adv
D:advanish->adv
D:advanment->adv
D:advanments->adv
D:advanous->adv
D:advans->adv
D:advant->adv
D:advantag->adv
D:advantagable->adv
D:advantage->adv
D:advantageable->adv
D:advantageag->adv
D:advantageal->adv
D:advantaged->adv
D:advantagedable->adv
D:advantagede->adv
D:advantageds->adv
D:advantagee->adv
D:advantageeous->adv
D:advantagees->adv
D:advantageis->adv
D:advantagely->adv
D:advantagement->adv
D:advantagen->adv
D:advantagene->adv
D:advantagenously->adv
D:advantageous->adv
D:advantageouse->adv
D:advantageouser->adv
D:advantageously->adv
D:advantageousness->adv
D:advantageousnesses->adv
D:advantager->adv
D:advantagere->adv
D:advantagered->adv
D:advantagers->adv
D:advantages->adv
D:advantaging->adv
D:advantagings->adv
D:advantagis->adv
D:advantagizing->adv
D:advantagous->adv
D:advantagously->adv
D:advantags->adv
D:advantal->adv
D:advantalife->adv
D:advantan->adv
D:advantance->adv
D:advantanced->adv
D:advantane->adv
D:advantantage->adv
D:advantantages->adv
D:advantatage->adv
D:advantatages->adv
D:advantate->adv
D:advantateous->adv
D:advantates->adv
D:advante->adv
D:advanteage->adv
D:advanteageous->adv
D:advanteages->adv
D:advanted->adv
D:advantement->adv
D:advanter->adv
D:advanterous->adv
D:advantes->adv
D:advantian->adv
D:advantic->adv
D:advantics->adv
D:advanting->adv
D:advantis->adv
D:advantisement->adv
D:advantismedical->adv
D:advantist->adv
D:advantitious->adv
D:advantiv->adv
D:advantive->adv
D:advantor->adv
D:advantous->adv
D:advantrage->adv
D:advantrics->adv
D:advants->adv
D:advantually->adv
D:advantur->adv
D:advanture->adv
D:advantureeee->adv
D:advantureous->adv
D:advanturer->adv
D:advantures->adv
D:advanturous->adv
D:advar->adv
D:advarage->adv
D:advare->adv
D:advarede->adv
D:advarer->adv
D:advarians->adv
D:advariant->adv
D:advarion->adv
D:advaris->adv
D:advarly->adv
D:advars->adv
D:advary->adv
D:advaryur->adv
D:advat->adv
D:advatage->adv
D:advatageous->adv
D:advatageously->adv
D:advatages->adv
D:advatagous->adv
D:advatanages->adv
D:advatantage->adv
D:advatantages->adv
D:advate->adv
D:advater->adv
D:advatic->adv
D:advaticement->adv
D:advatise->adv
D:advatiseing->adv
D:advatisement->adv
D:advatisements->adv
D:advatiser->adv
D:advatisers->adv
D:advatising->adv
D:advatisment->adv
D:advatist->adv
D:advativ->adv
D:advatr->adv
D:advats->adv
D:advatur->adv
D:advature->adv
D:adve->adv
D:adveag->adv
D:adveage->adv
D:adveal->adv
D:adveance->adv
D:adveanced->adv
D:adveancement->adv
D:adveances->adv
D:adveantage->adv
D:adveantageous->adv
D:adveantages->adv
D:adveanture->adv
D:adveantures->adv
D:adveatage->adv
D:adved->adv
D:advedes->adv
D:adveeeeenture->adv
D:adveent->adv
D:adveenture->adv
D:adveenturee->adv
D:adveentures->adv
D:advees->adv
D:adveeur->adv
D:adveice->adv
D:adven->adv
D:advenage->adv
D:advenant->adv
D:advenatage->adv
D:advenature->adv
D:advence->adv
D:advenced->adv
D:advencement->adv
D:advencements->adv
D:advencer->adv
D:advencers->adv
D:advences->adv
D:advencial->adv
D:advencially->adv
D:advencis->adv
D:advencment->adv
D:advene->adv
D:advenement->adv
D:advenen->adv
D:advenentures->adv
D:advener->adv
D:advenerat->adv
D:advenere->adv
D:adveneror->adv
D:advenerous->adv
D:advening->adv
D:advenis->adv
D:advenist->adv
D:advenor->adv
D:advenorous->adv
D:advenous->adv
D:advens->adv
D:advent->adv
D:adventage->adv
D:adventageous->adv
D:adventages->adv
D:adventagous->adv
D:advental->adv
D:adventale->adv
D:adventality->adv
D:adventally->adv
D:adventan->adv
D:adventante->adv
D:adventantes->adv
D:adventarious->adv
D:adventate->adv
D:advente->adv
D:advented->adv
D:adventeer->adv
D:adventeers->adv
D:adventently->adv
D:adventer->adv
D:adventere->adv
D:adventereous->adv
D:adventerer->adv
D:adventerers->adv
D:adventeres->adv
D:adventering->adv
D:adventerous->adv
D:adventers->adv
D:adventerurs->adv
D:adventes->adv
D:adventeur->adv
D:adventeure->adv
D:adventful->adv
D:advential->adv
D:adventian->adv
D:adventic->adv
D:adventice->adv
D:adventices->adv
D:adventing->adv
D:advention->adv
D:adventioneers->adv
D:adventions->adv
D:adventis->adv
D:adventish->adv
D:adventising->adv
D:adventism->adv
D:adventisments->adv
D:adventisms->adv
D:adventist->adv
D:adventiste->adv
D:adventisten->adv
D:adventister->adv
D:adventistes->adv
D:adventistic->adv
D:adventistism->adv
D:adventists->adv
D:adventitiis->adv
D:adventitious->adv
D:adventitiously->adv
D:adventitiousness->adv
D:adventitiousnesses->adv
D:adventity->adv
D:adventityis->adv
D:adventitys->adv
D:adventive->adv
D:adventives->adv
D:adventivisation->adv
D:adventlied->adv
D:advently->adv
D:adventor->adv
D:adventore->adv
D:adventores->adv
D:adventoris->adv
D:adventorous->adv
D:adventors->adv
D:adventory->adv
D:adventous->adv
D:adventr->adv
D:adventrans->adv
D:adventre->adv
D:adventreise->adv
D:adventres->adv
D:adventrise->adv
D:adventrisen->adv
D:adventrising->adv
D:adventrous->adv
D:adventrouse->adv
D:adventrure->adv
D:adventrurer->adv
D:adventrures->adv
D:adventrurous->adv
D:advents->adv
D:adventship->adv
D:adventual->adv
D:adventually->adv
D:adventur->adv
D:adventurability->adv
D:adventurable->adv
D:adventurage->adv
D:adventural->adv
D:adventuralist->adv
D:adventuralize->adv
D:adventurally->adv
D:adventurat->adv
D:adventuratee->adv
D:adventure->adv
D:adventurealive->adv
D:adventurealliance->adv
D:adventurean->adv
D:adventured->adv
D:adventuredan->adv
D:adventuredates->adv
D:adventuredating->adv
D:adventureden->adv
D:adventuredial->adv
D:adventurediane->adv
D:adventuredive->adv
D:adventuredivers->adv
D:adventuredives->adv
D:adventurediving->adv
D:adventureds->adv
D:adventureduration->adv
D:adventuree->adv
D:adventureeating->adv
D:adventureee->adv
D:adventureeee->adv
D:adventureeeee->adv
D:adventureeeeee->adv
D:adventureeeeeee->adv
D:adventureeeeeeee->adv
D:adventureeeeeeeeee->adv
D:adventureeeeeeeeeeeee->adv
D:adventureeeeeeeeeeeeeeeee->adv
D:adventureeeeeeeeeeeeeeeeeeeeee->adv
D:adventureeeeeeeeeeeeeeeeeeeeeeeeeeee->adv
D:adventureeeeeeeeeeeeeeeeer->adv
D:adventureeeer->adv
D:adventureeing->adv
D:adventureentities->adv
D:adventureer->adv
D:adventurees->adv
D:adventureful->adv
D:adventureing->adv
D:adventureion->adv
D:adventureions->adv
D:adventureis->adv
D:adventureish->adv
D:adventureishere->adv
D:adventureism->adv
D:adventureisme->adv
D:adventureist->adv
D:adventurely->adv
D:adventurement->adv
D:adventurenc->adv
D:adventurene->adv
D:adventureness->adv
D:adventurent->adv
D:adventurents->adv
D:adventureous->adv
D:adventurer->adv
D:adventurerating->adv
D:adventurerats->adv
D:adventurere->adv
D:adventurereality->adv
D:adventurered->adv
D:adventurereisen->adv
D:adventurerental->adv
D:adventurerentals->adv
D:adventurerents->adv
D:adventurerer->adv
D:adventurererers->adv
D:adventurerers->adv
D:adventureres->adv
D:adventurerism->adv
D:adventurerous->adv
D:adventurerousness->adv
D:adventurers->adv
D:adventures->adv
D:adventureship->adv
D:adventuring->adv
D:adventurings->adv
D:adventurion->adv
D:adventurish->adv
D:adventurism->adv
D:adventurisms->adv
D:adventurist->adv
D:adventuristic->adv
D:adventuristically->adv
D:adventurists->adv
D:adventurize->adv
D:adventurizing->adv
D:adventurly->adv
D:adventuror->adv
D:adventurors->adv
D:adventurous->adv
D:adventurousally->adv
D:adventurousan->adv
D:adventurouse->adv
D:adventurouser->adv
D:adventurouses->adv
D:adventurously->adv
D:adventurousness->adv
D:adventurousnesses->adv
D:adventurs->adv
D:adventurure->adv
D:adventurures->adv
D:advenur->adv
D:advenure->adv
D:advenureer->adv
D:advenurer->adv
D:advenurers->adv
D:advenures->adv
D:advenurous->adv
D:adver->adv
D:adverag->adv
D:adverage->adv
D:adveraged->adv
D:adverageous->adv
D:adveraging->adv
D:adverags->adv
D:adveraries->adv
D:adverary->adv
D:adveratise->adv
D:adveratised->adv
D:adveratising->adv
D:advere->adv
D:adveree->adv
D:adverely->adv
D:adverence->adv
D:adverener->adv
D:adveres->adv
D:adverial->adv
D:adverise->adv
D:adverised->adv
D:adveriseing->adv
D:adverisement->adv
D:adverisements->adv
D:adveriser->adv
D:adverisers->adv
D:adverises->adv
D:adverising->adv
D:adverisity->adv
D:adverisment->adv
D:adverisors->adv
D:adveriste->adv
D:adveristement->adv
D:adveristements->adv
D:adveristers->adv
D:adveristing->adv
D:adveristise->adv
D:adveristment->adv
D:adverity->adv
D:adverize->adv
D:adverizements->adv
D:adverizer->adv
D:adverizing->adv
D:adverlying->adv
D:adverment->adv
D:advers->adv
D:adves->adv
D:adveures->adv
D:advi->adv
D:advia->adv
D:advial->adv
D:advian->adv
D:advic->adv
D:advicable->adv
D:advicacy->adv
D:advical->adv
D:advicat->adv
D:advicate->adv
D:advicated->adv
D:advicates->adv
D:advicating->adv
D:advicator->adv
D:advice->adv
D:adviceable->adv
D:adviceal->adv
D:advicean->adv
D:adviceat->adv
D:adviced->adv
D:advicedate->adv
D:advicedating->adv
D:advicede->adv
D:adviceds->adv
D:advicee->adv
D:adviceee->adv
D:adviceeee->adv
D:adviceeeee->adv
D:advicees->adv
D:adviceful->adv
D:adviceif->adv
D:adviceing->adv
D:adviceis->adv
D:adviceisme->adv
D:adviceisters->adv
D:advicely->adv
D:advicement->adv
D:advicementors->adv
D:advicen->adv
D:advicenator->adv
D:advicenators->adv
D:adviceor->adv
D:advicer->adv
D:advicerated->adv
D:advicerating->adv
D:adviceratings->adv
D:advicere->adv
D:advicereal->adv
D:advicereality->adv
D:advicereally->adv
D:adviceree->adv
D:advicers->adv
D:advices->adv
D:advicice->adv
D:advicing->adv
D:advicis->adv
D:advicor->adv
D:advicorial->adv
D:advicories->adv
D:advicors->adv
D:advicory->adv
D:advicous->adv
D:advics->adv
D:advife->adv
D:advifed->adv
D:advifers->adv
D:advifes->adv
D:advifs->adv
D:adving->adv
D:advion->adv
D:advique->adv
D:adviques->adv
D:advis->adv
D:advisability->adv
D:advisabilitys->adv
D:advisabl->adv
D:advisable->adv
D:advisableness->adv
D:advisablenessant->adv
D:advisablenessed->adv
D:advisablenessing->adv
D:advisables->adv
D:advisablity->adv
D:advisably->adv
D:advisal->adv
D:advisale->adv
D:advisals->adv
D:advisant->adv
D:advisaries->adv
D:advisary->adv
D:advisatory->adv
D:advise->adv
D:adviseability->adv
D:adviseable->adv
D:advised->adv
D:adviseded->adv
D:advisedly->adv
D:advisedment->adv
D:advisedness->adv
D:advisednesses->adv
D:adviseds->adv
D:advisee->adv
D:adviseence->adv
D:adviseer->adv
D:advisees->adv
D:adviseing->adv
D:advisely->adv
D:advisement->adv
D:advisementage->adv
D:advisements->adv
D:advisen->adv
D:advisenes->adv
D:adviseor->adv
D:adviseore->adv
D:adviser->adv
D:adviseralliance->adv
D:advisere->adv
D:advisereal->adv
D:adviseren->adv
D:adviseres->adv
D:adviserials->adv
D:advisering->adv
D:adviserings->adv
D:adviseris->adv
D:adviserly->adv
D:advisers->adv
D:advisership->adv
D:adviserships->adv
D:advises->adv
D:adviseur->adv
D:adviseure->adv
D:adviseurs->adv
D:advish->adv
D:advishe->adv
D:advishes->adv
D:advishor->adv
D:advising->adv
D:advisinged->adv
D:advisingly->adv
D:advisings->adv
D:advisman->adv
D:advisment->adv
D:advisments->adv
D:advisor->adv
D:advisoragency->adv
D:advisoral->adv
D:advisoran->adv
D:advisorary->adv
D:advisorat->adv
D:advisorate->adv
D:advisore->adv
D:advisored->adv
D:advisoren->adv
D:advisores->adv
D:advisorfully->adv
D:advisorial->adv
D:advisorials->adv
D:advisorie->adv
D:advisories->adv
D:advisorif->adv
D:advisorily->adv
D:advisoring->adv
D:advisoris->adv
D:advisorly->adv
D:advisorness->adv
D:advisors->adv
D:advisorship->adv
D:advisorships->adv
D:advisory->adv
D:advisorys->adv
D:advist->adv
D:advisted->adv
D:advistic->adv
D:advisting->adv
D:advistise->adv
D:advistised->adv
D:advistising->adv
D:advistment->adv
D:advistor->adv
D:advistors->adv
D:advistory->adv
D:advisur->adv
D:advivanic->adv
D:advive->adv
D:advives->adv
D:adviz->adv
D:advizable->adv
D:advize->adv
D:advized->adv
D:advizement->adv
D:advizer->adv
D:advizing->adv
D:advizor->adv
D:advizory->adv
D:advor->adv
D:advorate->adv
D:advore->adv
D:advories->adv
D:advousor->adv
D:advs->adv
D:advsable->adv
D:advsal->adv
D:advsales->adv
D:advsance->adv
D:advsanced->adv
D:advsancement->adv
D:advsances->adv
D:advsantageous->adv
D:advse->adv
D:advsed->adv
D:advsee->adv
D:advsent->adv
D:advser->adv
D:advsere->adv
D:advsers->adv
D:advses->adv
D:advship->adv
D:advsing->adv
D:advsment->adv
D:advsor->adv
D:advsories->adv
D:advsors->adv
D:advsory->adv
D:advul->adv
D:advum->adv
D:advur->adv
D:advus->adv
D:of->of
D:ofa->of
D:ofabilene->of
D:ofabilities->of
D:ofabl->of
D:ofabledating->of
D:ofacy->of
D:ofag->of
D:ofage->of
D:ofageing->of
D:ofagen->of
D:ofagent->of
D:ofager->of
D:ofages->of
D:ofaging->of
D:ofaginger->of
D:ofags->of
D:ofal->of
D:ofalan->of
D:ofale->of
D:ofalee->of
D:ofalice->of
D:ofalife->of
D:ofalion->of
D:ofallianceor->of
D:ofallied->of
D:ofally->of
D:ofals->of
D:ofan->of
D:ofanage->of
D:ofanal->of
D:ofanatic->of
D:ofanation->of
D:ofancient->of
D:ofanity->of
D:ofanizations->of
D:ofanous->of
D:ofans->of
D:ofante->of
D:ofar->of
D:ofarag->of
D:ofare->of
D:ofaren->of
D:ofarenal->of
D:ofaror->of
D:ofars->of
D:ofat->of
D:ofatal->of
D:ofate->of
D:ofaten->of
D:ofates->of
D:ofatis->of
D:ofatree->of
D:ofe->of
D:ofeale->of
D:ofean->of
D:ofeary->of
D:ofeat->of
D:ofeating->of
D:ofeature->of
D:ofeatured->of
D:ofeatures->of
D:ofed->of
D:ofeden->of
D:ofederal->of
D:ofederation->of
D:ofedor->of
D:ofee->of
D:ofeee->of
D:ofeeeee->of
D:ofeence->of
D:ofeer->of
D:ofeered->of
D:ofeerentals->of
D:ofeering->of
D:ofeers->of
D:ofees->of
D:ofeice->of
D:ofeicer->of
D:ofeif->of
D:ofeing->of
D:ofeish->of
D:ofelie->of
D:ofely->of
D:ofen->of
D:ofenag->of
D:ofenc->of
D:ofence->of
D:ofences->of
D:ofencive->of
D:ofene->of
D:ofener->of
D:ofeners->of
D:ofening->of
D:ofenis->of
D:ofens->of
D:ofent->of
D:ofente->of
D:ofenter->of
D:ofentered->of
D:ofentering->of
D:ofentities->of
D:ofently->of
D:ofeor->of
D:ofer->of
D:oferal->of
D:oferan->of
D:oferanat->of
D:oferante->of
D:oferate->of
D:oferated->of
D:oferation->of
D:ofere->of
D:ofered->of
D:oferencie->of
D:oferent->of
D:oferentes->of
D:oferic->of
D:oferice->of
D:ofering->of
D:oferings->of
D:oferion->of
D:oferis->of
D:oferise->of
D:oferised->of
D:oferized->of
D:oferlior->of
D:ofers->of
D:ofes->of
D:offul->of
D:offully->of
D:ofi->of
D:ofia->of
D:ofial->of
D:ofialmente->of
D:ofian->of
D:ofiblion->of
D:ofic->of
D:ofical->of
D:oficales->of
D:ofically->of
D:oficalmente->of
D:oficals->of
D:ofice->of
D:oficeer->of
D:oficer->of
D:oficerat->of
D:oficeres->of
D:oficers->of
D:ofices->of
D:oficial->of
D:oficialal->of
D:oficialan->of
D:oficiale->of
D:oficialen->of
D:oficiales->of
D:oficialice->of
D:oficialis->of
D:oficiality->of
D:oficially->of
D:oficialment->of
D:oficialmente->of
D:oficials->of
D:ofician->of
D:oficicial->of
D:oficingly->of
D:oficis->of
D:oficist->of
D:oficor->of
D:ofics->of
D:ofif->of
D:ofife->of
D:ofifice->of
D:ofifices->of
D:ofificial->of
D:ofifs->of
D:ofify->of
D:ofing->of
D:ofingal->of
D:ofingen->of
D:ofinger->of
D:ofion->of
D:ofions->of
D:ofis->of
D:ofise->of
D:ofiser->of
D:ofisers->of
D:ofish->of
D:ofishal->of
D:ofishally->of
D:ofishial->of
D:ofishingur->of
D:ofishly->of
D:ofisial->of
D:ofisialmente->of
D:ofism->of
D:ofismate->of
D:ofist->of
D:ofiste->of
D:ofisten->of
D:ofistore->of
D:ofistur->of
D:ofisur->of
D:ofities->of
D:ofiv->of
D:ofivan->of
D:ofive->of
D:ofiz->of
D:ofizial->of
D:ofizialean->of
D:oflie->of
D:ofliee->of
D:oflien->of
D:oflies->of
D:ofly->of
D:oflyan->of
D:oflyor->of
D:ofment->of
D:ofmental->of
D:ofmentality->of
D:ofmentally->of
D:ofmention->of
D:ofness->of
D:ofnesses->of
D:ofor->of
D:oforal->of
D:oforan->of
D:ofored->of
D:oforie->of
D:oforiental->of
D:oforion->of
D:oforor->of
D:ofors->of
D:ofous->of
D:ofously->of
D:ofs->of
D:ofsage->of
D:ofsale->of
D:ofsales->of
D:ofsan->of
D:ofsanity->of
D:ofsat->of
D:ofsatan->of
D:ofse->of
D:ofseals->of
D:ofseat->of
D:ofseats->of
D:ofsed->of
D:ofsedentary->of
D:ofsee->of
D:ofseeing->of
D:ofseized->of
D:ofsen->of
D:ofsent->of
D:ofsentences->of
D:ofsentencing->of
D:ofser->of
D:ofserene->of
D:ofserenity->of
D:ofserial->of
D:ofsers->of
D:ofses->of
D:ofship->of
D:ofships->of
D:ofsic->of
D:ofsing->of
D:ofsinger->of
D:ofsingers->of
D:ofsinging->of
D:ofsiz->of
D:ofsize->of
D:ofsizes->of
D:ofsly->of
D:ofsor->of
D:ofsors->of
D:ofth->of
D:ofual->of
D:ofum->of
D:ofur->of
D:ofuran->of
D:ofure->of
D:ofuren->of
D:ofuric->of
D:ofus->of
D:social->social
D:sociala->social
D:socialabilities->social
D:socialability->social
D:socialable->social
D:socialableness->social
D:socialables->social
D:socialably->social
D:socialagencies->social
D:socialagency->social
D:socialagent->social
D:socialalist->social
D:socialalities->social
D:socialally->social
D:socialance->social
D:socialane->social
D:socialar->social
D:socialary->social
D:socialat->social
D:socialate->social
D:socialation->social
D:socialator->social
D:socialators->social
D:sociale->social
D:socialeater->social
D:socialed->social
D:socialee->social
D:socialeist->social
D:socialement->social
D:socialen->social
D:socialenabler->social
D:socialens->social
D:socialent->social
D:socialentities->social
D:socialentity->social
D:socialentr->social
D:socialer->social
D:socialere->social
D:socialers->social
D:sociales->social
D:socialhood->social
D:sociali->social
D:socialia->social
D:socialial->social
D:socialialism->social
D:socialialist->social
D:socialiality->social
D:socialibility->social
D:socialible->social
D:socialication->social
D:socialice->social
D:socialicing->social
D:socialicis->social
D:socialife->social
D:socialify->social
D:socialing->social
D:socialional->social
D:socialis->social
D:socialisable->social
D:socialisante->social
D:socialisat->social
D:socialisating->social
D:socialisation->social
D:socialisations->social
D:socialise->social
D:socialised->social
D:socialisee->social
D:socialisen->social
D:socialiser->social
D:socialiserede->social
D:socialiseren->social
D:socialisering->social
D:socialisers->social
D:socialises->social
D:socialish->social
D:socialisic->social
D:socialising->social
D:socialisingal->social
D:socialisism->social
D:socialism->social
D:socialisme->social
D:socialismen->social
D:socialismes->social
D:socialismismagic->social
D:socialismization->social
D:socialismoriented->social
D:socialisms->social
D:socialist->social
D:socialistalliance->social
D:socialiste->social
D:socialisted->social
D:socialisten->social
D:socialister->social
D:socialisters->social
D:socialistes->social
D:socialistic->social
D:socialistical->social
D:socialistically->social
D:socialistics->social
D:socialisting->social
D:socialistist->social
D:socialististic->social
D:socialistoriented->social
D:socialistr->social
D:socialistrealism->social
D:socialists->social
D:socialistship->social
D:socialities->social
D:sociality->social
D:socialium->social
D:socialive->social
D:socializ->social
D:socializable->social
D:socializan->social
D:socializat->social
D:socializate->social
D:socializating->social
D:socialization->social
D:socializational->social
D:socializationings->social
D:socializationists->social
D:socializations->social
D:socializator->social
D:socialize->social
D:socializeagency->social
D:socialized->social
D:socializeding->social
D:socializeds->social
D:socializee->social
D:socializees->social
D:socializeing->social
D:socializen->social
D:socializer->social
D:socializers->social
D:socializes->social
D:socializic->social
D:socializing->social
D:socializings->social
D:socializism->social
D:sociall->social
D:socialle->social
D:sociallean->social
D:socialleeee->social
D:socialleisured->social
D:sociallement->social
D:sociallens->social
D:sociallie->social
D:sociallife->social
D:sociallifers->social
D:socialling->social
D:sociallis->social
D:sociallise->social
D:sociallised->social
D:sociallising->social
D:sociallism->social
D:sociallist->social
D:sociallists->social
D:sociallity->social
D:sociallive->social
D:socialliving->social
D:sociallization->social
D:sociallize->social
D:sociallized->social
D:sociallizing->social
D:sociallly->social
D:socially->social
D:sociallyoriented->social
D:sociallys->social
D:sociallyurs->social
D:socialmente->social
D:socialmention->social
D:socialmentions->social
D:socialness->social
D:socials->social
D:socialsages->social
D:socialsale->social
D:socialsanity->social
D:socialsante->social
D:socialsatanist->social
D:socialsaturation->social
D:socialse->social
D:socialsee->social
D:socialseer->social
D:socialsenate->social
D:socialser->social
D:socialsing->social
D:socialtie->social
D:socialties->social
D:socialty->social
D:socialtye->social
D:socialul->social
D:socialus->social
Q:networking->network
D:network->network
D:networka->network
D:networkability->network
D:networkabl->network
D:networkable->network
D:networkagent->network
D:networkal->network
D:networkalliance->network
D:networkallies->network
D:networkan->network
D:networkare->network
D:networkat->network
D:networkator->network
D:networkats->network
D:networke->network
D:networked->network
D:networkederive->network
D:networkedness->network
D:networken->network
D:networkenabled->network
D:networkenabling->network
D:networkentity->network
D:networker->network
D:networkeric->network
D:networkering->network
D:networkerly->network
D:networkers->network
D:networkes->network
D:networkfully->network
D:networki->network
D:networkia->network
D:networkian->network
D:networkians->network
D:networkice->network
D:networkif->network
D:networkification->network
D:networking->network
D:networkingate->network
D:networkinge->network
D:networkingenabled->network
D:networkingly->network
D:networkingor->network
D:networkings->network
D:networkis->network
D:networkisation->network
D:networkish->network
D:networkism->network
D:networkists->network
D:networkization->network
D:networkized->network
D:networkizing->network
D:networkly->network
D:networkness->network
D:networkor->network
D:networkoral->network
D:networkoriented->network
D:networks->network
D:networksalary->network
D:networksan->network
D:networkse->network
D:networksed->network
D:networksee->network
D:networkserializer->network
D:networksing->network
D:networksize->network
D:networksor->network
D:networksurat->network
D:networkur->network
D:networkus->network
Q:sites->site
D:site->site
D:sitea->site
D:siteabilene->site
D:siteable->site
D:siteage->site
D:siteagent->site
D:siteal->site
D:sitealan->site
D:sitealive->site
D:sitealizer->site
D:sitealliance->site
D:sitean->site
D:siteat->site
D:siteation->site
D:sitee->site
D:siteeation->site
D:siteee->site
D:siteeee->site
D:siteeeee->site
D:siteeeeee->site
D:siteeeeeeee->site
D:siteeeeeeeee->site
D:siteeeeeeeeeeeeeee->site
D:siteeeeeeeeeeeeeeeee->site
D:siteencore->site
D:siteenter->site
D:siteer->site
D:sitees->site
D:siteful->site
D:sitei->site
D:siteia->site
D:siteic->site
D:siteif->site
D:siteing->site
D:siteingeneral->site
D:siteings->site
D:siteis->site
D:siteist->site
D:sitelier->site
D:sitely->site
D:sitement->site
D:sitemention->site
D:sitementioning->site
D:sitementor->site
D:siteness->site
D:siteor->site
D:sites->site
D:sitesage->site
D:sitesal->site
D:sitesalary->site
D:sitesale->site
D:sitesales->site
D:sitesalive->site
D:sitesan->site
D:sitesanity->site
D:sitesat->site
D:sitese->site
D:siteseal->site
D:sitesealants->site
D:siteseals->site
D:sitesee->site
D:siteseeing->site
D:siteseeings->site
D:siteseer->site
D:siteseers->site
D:siteseing->site
D:sitesen->site
D:sitesent->site
D:siteser->site
D:sitesian->site
D:sitesif->site
D:sitesize->site
D:sitesly->site
D:sitesor->site
D:sitesore->site
D:sitesure->site
D:siteth->site
D:siteul->site
D:siteur->site
D:siteus->site
<query> educational advantages of social networking sites</query><numhits>10</numhits><time>8950</time>
</ATIREsearch>
<ATIREsearch>
Q:flowering->flow
D:flow->flow
D:flowa->flow
D:flowabil->flow
D:flowability->flow
D:flowable->flow
D:flowables->flow
D:flowably->flow
D:flowage->flow
D:flowages->flow
D:flowal->flow
D:flowan->flow
D:flowanalizer->flow
D:flowant->flow
D:flowar->flow
D:floware->flow
D:flowars->flow
D:flowat->flow
D:flowater->flow
D:flowating->flow
D:flowatree->flow
D:flowe->flow
D:floweable->flow
D:floweater->flow
D:flowed->flow
D:flowedness->flow
D:flowee->flow
D:floweeeeeeeeer->flow
D:floweeeeeeer->flow
D:floweeeeeer->flow
D:floweeeeeers->flow
D:floweeeeers->flow
D:floweeeers->flow
D:floweeer->flow
D:floweeers->flow
D:floweer->flow
D:floweeres->flow
D:floweering->flow
D:floweers->flow
D:flowees->flow
D:floweing->flow
D:flowelie->flow
D:flowen->flow
D:flowence->flow
D:flowencentric->flow
D:flowent->flow
D:flowently->flow
D:flower->flow
D:flowerage->flow
D:floweragent->flow
D:flowerageous->flow
D:floweral->flow
D:flowerat->flow
D:floweratelier->flow
D:flowere->flow
D:flowereager->flow
D:flowereater->flow
D:flowereaters->flow
D:flowered->flow
D:flowerede->flow
D:flowereds->flow
D:floweree->flow
D:flowereing->flow
D:floweren->flow
D:flowerer->flow
D:flowerering->flow
D:flowerers->flow
D:floweres->flow
D:flowerful->flow
D:flowerfully->flow
D:flowerhood->flow
D:flowerian->flow
D:floweriferous->flow
D:flowerific->flow
D:flowering->flow
D:floweringly->flow
D:flowerings->flow
D:flowerion->flow
D:floweris->flow
D:flowerise->flow
D:flowerised->flow
D:flowerish->flow
D:flowerishes->flow
D:flowerist->flow
D:floweristan->flow
D:floweristic->flow
D:flowerists->flow
D:flowerity->flow
D:floweriv->flow
D:flowerize->flow
D:flowerized->flow
D:flowerizer->flow
D:flowerlilies->flow
D:flowerlily->flow
D:flowerly->flow
D:flowerlyed->flow
D:flowerness->flow
D:flowerous->flow
D:flowers->flow
D:flowership->flow
D:flowerships->flow
D:flowes->flow
D:floweur->flow
D:flowful->flow
D:flowhood->flow
D:flowhoods->flow
D:flowi->flow
D:flowible->flow
D:flowic->flow
D:flowice->flow
D:flowif->flow
D:flowing->flow
D:flowingant->flow
D:flowinge->flow
D:flowingly->flow
D:flowingness->flow
D:flowingnesses->flow
D:flowings->flow
D:flowis->flow
D:flowise->flow
D:flowish->flow
D:flowism->flow
D:flowists->flow
D:flowity->flow
D:flowiz->flow
D:flowize->flow
D:flowlier->flow
D:flowliness->flow
D:flowly->flow
D:flowlyness->flow
D:flowness->flow
D:flowor->flow
D:floworientation->flow
D:flows->flow
D:flowsale->flow
D:flowsallyurs->flow
D:flowsan->flow
D:flowsat->flow
D:flowsation->flow
D:flowse->flow
D:flowseal->flow
D:flowsen->flow
D:flowsens->flow
D:flowsent->flow
D:flowser->flow
D:flowseris->flow
D:flowsers->flow
D:flowses->flow
D:flowship->flow
D:flowsic->flow
D:flowsing->flow
D:flowul->flow
D:flowur->flow
D:flowurs->flow
Q:plants->plant
D:planc->plant
D:plancable->plant
D:plancal->plant
D:plancan->plant
D:plancat->plant
D:plance->plant
D:planced->plant
D:planceer->plant
D:plancement->plant
D:plancental->plant
D:plancentation->plant
D:plancenter->plant
D:plancer->plant
D:plances->plant
D:plancic->plant
D:plancie->plant
D:plancier->plant
D:plancing->plant
D:plancis->plant
D:plancity->plant
D:plancor->plant
D:plancs->plant
D:plancy->plant
D:plant->plant
D:planta->plant
D:plantability->plant
D:plantabl->plant
D:plantable->plant
D:plantables->plant
D:plantablities->plant
D:plantacious->plant
D:plantag->plant
D:plantagant->plant
D:plantage->plant
D:plantagen->plant
D:plantagenant->plant
D:plantagenat->plant
D:plantagencies->plant
D:plantagene->plant
D:plantagenent->plant
D:plantagenents->plant
D:plantagener->plant
D:plantagenic->plant
D:plantagenist->plant
D:plantagenous->plant
D:plantagent->plant
D:plantagents->plant
D:plantager->plant
D:plantages->plant
D:plantagian->plant
D:plantagion->plant
D:plantal->plant
D:plantalism->plant
D:plantality->plant
D:plantan->plant
D:plantanal->plant
D:plantanative->plant
D:plantanator->plant
D:plantane->plant
D:plantanen->plant
D:plantanes->plant
D:plantanous->plant
D:plantans->plant
D:plantant->plant
D:plantantes->plant
D:plantantion->plant
D:plantantions->plant
D:plantar->plant
D:plantaran->plant
D:plantare->plant
D:plantareis->plant
D:plantaren->plant
D:plantares->plant
D:plantarian->plant
D:plantaric->plant
D:plantarice->plant
D:plantaries->plant
D:plantarion->plant
D:plantaris->plant
D:plantarly->plant
D:plantars->plant
D:plantary->plant
D:plantat->plant
D:plantatation->plant
D:plantatations->plant
D:plantate->plant
D:plantated->plant
D:plantation->plant
D:plantational->plant
D:plantatione->plant
D:plantationeers->plant
D:plantationer->plant
D:plantationing->plant
D:plantationism->plant
D:plantations->plant
D:plantative->plant
D:plantator->plant
D:plantatree->plant
D:plantatrion->plant
D:plantatur->plant
D:plante->plant
D:planteable->plant
D:plantean->plant
D:planteary->plant
D:planteat->plant
D:planteate->plant
D:planteater->plant
D:planteaters->plant
D:planteating->plant
D:planted->plant
D:plantede->plant
D:planteded->plant
D:planteding->plant
D:plantedness->plant
D:planteds->plant
D:plantee->plant
D:planteer->plant
D:planteers->plant
D:plantees->plant
D:planteis->plant
D:plantelys->plant
D:planten->plant
D:plantenance->plant
D:plantence->plant
D:plantene->plant
D:plantener->plant
D:plantenes->plant
D:plantens->plant
D:plantent->plant
D:planteous->plant
D:planter->plant
D:planterary->plant
D:planterat->plant
D:planteren->plant
D:planteric->plant
D:plantering->plant
D:planteringen->plant
D:planteristics->plant
D:planters->plant
D:plantership->plant
D:plantes->plant
D:planteur->plant
D:planteurs->plant
D:planthood->plant
D:planti->plant
D:plantia->plant
D:plantian->plant
D:plantians->plant
D:plantic->plant
D:plantically->plant
D:plantics->plant
D:plantif->plant
D:plantife->plant
D:plantific->plant
D:plantification->plant
D:plantifs->plant
D:plantify->plant
D:planting->plant
D:plantinge->plant
D:plantinger->plant
D:plantingian->plant
D:plantingis->plant
D:plantingor->plant
D:plantings->plant
D:plantion->plant
D:plantions->plant
D:plantique->plant
D:plantiques->plant
D:plantis->plant
D:plantish->plant
D:plantishly->plant
D:plantism->plant
D:plantists->plant
D:plantium->plant
D:plantiv->plant
D:plantive->plant
D:plantivity->plant
D:plantivore->plant
D:plantivores->plant
D:plantivorous->plant
D:plantizen->plant
D:plantlilies->plant
D:plantly->plant
D:plantmentor->plant
D:plantor->plant
D:plantors->plant
D:plantory->plant
D:plantous->plant
D:plantouse->plant
D:plantr->plant
D:plantrageous->plant
D:plantrant->plant
D:plantrating->plant
D:plantration->plant
D:plantre->plant
D:plantree->plant
D:plantrees->plant
D:plantrers->plant
D:plantres->plant
D:plantris->plant
D:plantrs->plant
D:plants->plant
D:plantsage->plant
D:plantsale->plant
D:plantsales->plant
D:plantsan->plant
D:plantsat->plant
D:plantsation->plant
D:plantsee->plant
D:plantser->plant
D:plantses->plant
D:plantship->plant
D:plantships->plant
D:plantsing->plant
D:plantsize->plant
D:plantsmentioned->plant
D:plantsor->plant
D:plantt->plant
D:planttation->plant
D:plantted->plant
D:plantting->plant
D:planttion->plant
D:planttree->plant
D:planttrees->plant
D:plantts->plant
D:plantule->plant
D:plantum->plant
D:plantur->plant
D:planturales->plant
D:plantus->plant
<query> flowering plants</query><numhits>10</numhits><time>1174</time>
</ATIREsearch>
<ATIREsearch>
D:how->how
D:to->to
D:tie->tie
D:a->a
Q:windsor->wind
D:wind->wind
D:winda->wind
D:windability->wind
D:windable->wind
D:windag->wind
D:windage->wind
D:windaged->wind
D:windages->wind
D:windal->wind
D:windale->wind
D:windals->wind
D:windan->wind
D:windanc->wind
D:windance->wind
D:windancer->wind
D:windancers->wind
D:windane->wind
D:windar->wind
D:windare->wind
D:windat->wind
D:windate->wind
D:windates->wind
D:windation->wind
D:windatrian->wind
D:windd->wind
D:winddan->wind
D:winddance->wind
D:winddancer->wind
D:winddancers->wind
D:winddancing->wind
D:windde->wind
D:winddeal->wind
D:winddealer->wind
D:winddeer->wind
D:windding->wind
D:winddor->wind
D:windds->wind
D:winde->wind
D:windeals->wind
D:windean->wind
D:windeat->wind
D:windeater->wind
D:windeaters->wind
D:winded->wind
D:windede->wind
D:windeded->wind
D:windedly->wind
D:windedness->wind
D:windee->wind
D:windeee->wind
D:windeeeeeeeeee->wind
D:windeeeeeeeeeee->wind
D:windeeeeeeeeeeeeeeeeeeeeeeeeeeeeeee->wind
D:windeers->wind
D:windees->wind
D:windeing->wind
D:windeis->wind
D:windeisen->wind
D:windely->wind
D:winden->wind
D:windenc->wind
D:windene->wind
D:windened->wind
D:windener->wind
D:windening->wind
D:windens->wind
D:windent->wind
D:windentist->wind
D:windeor->wind
D:winder->wind
D:windere->wind
D:windered->wind
D:winderee->wind
D:windereere->wind
D:winderen->wind
D:winderens->wind
D:winderes->wind
D:winderful->wind
D:winderfully->wind
D:winderif->wind
D:windering->wind
D:winderizing->wind
D:winderly->wind
D:winderness->wind
D:winderor->wind
D:winderous->wind
D:winders->wind
D:windes->wind
D:windful->wind
D:windfuls->wind
D:windhood->wind
D:windhoods->wind
D:windi->wind
D:windia->wind
D:windial->wind
D:windialer->wind
D:windian->wind
D:windianal->wind
D:windians->wind
D:windic->wind
D:windicate->wind
D:windicated->wind
D:windication->wind
D:windications->wind
D:windicator->wind
D:windicators->wind
D:windice->wind
D:windices->wind
D:windif->wind
D:windification->wind
D:windified->wind
D:windify->wind
D:winding->wind
D:windinge->wind
D:windinged->wind
D:windinger->wind
D:windingfully->wind
D:windingism->wind
D:windingly->wind
D:windings->wind
D:windis->wind
D:windish->wind
D:windishagency->wind
D:windisher->wind
D:windishores->wind
D:windisman->wind
D:windist->wind
D:windiv->wind
D:windive->wind
D:windiver->wind
D:windivers->wind
D:windiz->wind
D:windlied->wind
D:windlier->wind
D:windlily->wind
D:windly->wind
D:windment->wind
D:windness->wind
D:windnesse->wind
D:windor->wind
D:windore->wind
D:windors->wind
D:windous->wind
D:winds->wind
D:windsage->wind
D:windsan->wind
D:windsanity->wind
D:windsant->wind
D:windsat->wind
D:windseal->wind
D:windsealing->wind
D:windseer->wind
D:windsen->wind
D:windsenator->wind
D:windsenators->wind
D:windser->wind
D:windship->wind
D:windships->wind
D:windsical->wind
D:windsing->wind
D:windsinger->wind
D:windsingers->wind
D:windsinging->wind
D:windsize->wind
D:windsor->wind
D:windsore->wind
D:windsoreats->wind
D:windsored->wind
D:windsorian->wind
D:windsorians->wind
D:windsoring->wind
D:windsorish->wind
D:windsorized->wind
D:windsors->wind
D:windsorship->wind
D:windsory->wind
D:windsur->wind
D:windsurance->wind
D:windsure->wind
D:windsuring->wind
D:windth->wind
D:windul->wind
D:windum->wind
D:windur->wind
D:winduring->wind
D:windurs->wind
D:windus->wind
D:winj->wind
D:winjan->wind
D:winje->wind
D:winjen->wind
D:winjer->wind
D:winjers->wind
D:winjes->wind
D:winjing->wind
D:winjings->wind
D:winjor->wind
D:winjs->wind
D:winjuris->wind
D:knot->knot
D:knota->knot
D:knotability->knot
D:knotable->knot
D:knotag->knot
D:knotage->knot
D:knotalice->knot
D:knotan->knot
D:knotane->knot
D:knotanes->knot
D:knotare->knot
D:knotation->knot
D:knotations->knot
D:knote->knot
D:knoted->knot
D:knoten->knot
D:knotens->knot
D:knoter->knot
D:knoters->knot
D:knotes->knot
D:knoti->knot
D:knotia->knot
D:knotian->knot
D:knotic->knot
D:knotical->knot
D:knotice->knot
D:knoticed->knot
D:knotices->knot
D:knotification->knot
D:knotifier->knot
D:knotify->knot
D:knoting->knot
D:knotingale->knot
D:knotion->knot
D:knotions->knot
D:knotish->knot
D:knotist->knot
D:knotness->knot
D:knotor->knot
D:knotorious->knot
D:knotr->knot
D:knotrageous->knot
D:knots->knot
D:knotsen->knot
D:knotsure->knot
D:knott->knot
D:knottable->knot
D:knottage->knot
D:knottal->knot
D:knottan->knot
D:knotte->knot
D:knotted->knot
D:knottedly->knot
D:knottedness->knot
D:knottee->knot
D:knotten->knot
D:knottence->knot
D:knotter->knot
D:knotters->knot
D:knottes->knot
D:knotting->knot
D:knottingly->knot
D:knottings->knot
D:knottis->knot
D:knottr->knot
D:knotts->knot
D:knotur->knot
D:knoture->knot
<query> how to tie a windsor knot</query><numhits>10</numhits><time>8796</time>
</ATIREsearch>
<ATIREsearch>
Q:recycling->recyc
D:recyc->recyc
D:recyca->recyc
D:recycable->recyc
D:recycables->recyc
D:recycal->recyc
D:recycalable->recyc
D:recycaled->recyc
D:recycaling->recyc
D:recyce->recyc
D:recyced->recyc
D:recycer->recyc
D:recycers->recyc
D:recycing->recyc
D:recycl->recyc
D:recyclabile->recyc
D:recyclability->recyc
D:recyclabl->recyc
D:recyclablable->recyc
D:recyclable->recyc
D:recyclables->recyc
D:recyclablity->recyc
D:recyclably->recyc
D:recyclage->recyc
D:recyclages->recyc
D:recyclant->recyc
D:recyclate->recyc
D:recyclated->recyc
D:recyclates->recyc
D:recyclation->recyc
D:recyclative->recyc
D:recycle->recyc
D:recycleability->recyc
D:recycleable->recyc
D:recycleables->recyc
D:recycleabls->recyc
D:recyclean->recyc
D:recycleatee->recyc
D:recycled->recyc
D:recyclede->recyc
D:recycledly->recyc
D:recycledness->recyc
D:recycleds->recyc
D:recyclee->recyc
D:recycleeee->recyc
D:recyclees->recyc
D:recycleing->recyc
D:recyclely->recyc
D:recyclement->recyc
D:recyclen->recyc
D:recyclenative->recyc
D:recyclenator->recyc
D:recyclene->recyc
D:recyclent->recyc
D:recycler->recyc
D:recyclerate->recyc
D:recyclere->recyc
D:recycleren->recyc
D:recyclers->recyc
D:recycles->recyc
D:recycleur->recyc
D:recycleurs->recyc
D:recyclic->recyc
D:recyclicable->recyc
D:recyclical->recyc
D:recyclicity->recyc
D:recyclie->recyc
D:recycliing->recyc
D:recycling->recyc
D:recyclingable->recyc
D:recyclingis->recyc
D:recyclingoriented->recyc
D:recyclings->recyc
D:recyclion->recyc
D:recyclism->recyc
D:recyclist->recyc
D:recyclists->recyc
D:recyclization->recyc
D:recyclizations->recyc
D:recyclize->recyc
D:recyclized->recyc
D:recycllied->recyc
D:recyclly->recyc
D:recyclore->recyc
D:recyclous->recyc
D:recycls->recyc
D:recycly->recyc
D:recyclyed->recyc
D:recyclyer->recyc
D:recyclying->recyc
D:lead->lead
D:leada->lead
D:leadable->lead
D:leadag->lead
D:leadage->lead
D:leadagency->lead
D:leadagent->lead
D:leadagentur->lead
D:leadagenturen->lead
D:leadager->lead
D:leadagers->lead
D:leadale->lead
D:leadalliance->lead
D:leadan->lead
D:leadance->lead
D:leadant->lead
D:leadar->lead
D:leadarship->lead
D:leadat->lead
D:leadd->lead
D:leaddancer->lead
D:leaddate->lead
D:leadder->lead
D:leadders->lead
D:leaddership->lead
D:leadding->lead
D:leadds->lead
D:leade->lead
D:leadeal->lead
D:leadean->lead
D:leaded->lead
D:leadeding->lead
D:leadee->lead
D:leadeer->lead
D:leadeers->lead
D:leadeership->lead
D:leadeing->lead
D:leaden->lead
D:leadened->lead
D:leadening->lead
D:leadenly->lead
D:leadenness->lead
D:leadens->lead
D:leadent->lead
D:leadenter->lead
D:leadentity->lead
D:leader->lead
D:leaderability->lead
D:leaderable->lead
D:leaderacy->lead
D:leaderalanis->lead
D:leaderan->lead
D:leaderat->lead
D:leaderation->lead
D:leadere->lead
D:leadered->lead
D:leaderee->lead
D:leaderene->lead
D:leaderer->lead
D:leaderership->lead
D:leaderes->lead
D:leadereship->lead
D:leaderful->lead
D:leaderfully->lead
D:leaderif->lead
D:leaderific->lead
D:leadering->lead
D:leaderis->lead
D:leaderise->lead
D:leaderish->lead
D:leaderism->lead
D:leaderisme->lead
D:leaderist->lead
D:leaderistics->lead
D:leaderized->lead
D:leaderlily->lead
D:leaderliness->lead
D:leaderly->lead
D:leaderous->lead
D:leaders->lead
D:leadership->lead
D:leadershipalliance->lead
D:leadershipe->lead
D:leadershiped->lead
D:leadershiping->lead
D:leadershipis->lead
D:leadershipmentor->lead
D:leaderships->lead
D:leadershipship->lead
D:leades->lead
D:leadeship->lead
D:leadeur->lead
D:leadeurs->lead
D:leadi->lead
D:leadia->lead
D:leadif->lead
D:leading->lead
D:leadingabilene->lead
D:leadingage->lead
D:leadingagent->lead
D:leadingages->lead
D:leadingal->lead
D:leadingally->lead
D:leadinge->lead
D:leadinged->lead
D:leadinger->lead
D:leadingic->lead
D:leadinging->lead
D:leadingly->lead
D:leadingor->lead
D:leadings->lead
D:leadingship->lead
D:leadis->lead
D:leadism->lead
D:leadium->lead
D:leadiv->lead
D:leadly->lead
D:leadlyentes->lead
D:leadness->lead
D:leador->lead
D:leadore->lead
D:leadoree->lead
D:leadores->lead
D:leads->lead
D:leadsagents->lead
D:leadsale->lead
D:leadsan->lead
D:leadse->lead
D:leadseal->lead
D:leadsee->lead
D:leadsentence->lead
D:leadser->lead
D:leadsers->lead
D:leadsership->lead
D:leadseur->lead
D:leadship->lead
D:leadsice->lead
D:leadsing->lead
D:leadsinger->lead
D:leadsingers->lead
D:leadsize->lead
D:leadsship->lead
D:leadsure->lead
D:leadth->lead
D:leadum->lead
D:leadur->lead
D:leadus->lead
D:acid->acid
D:acida->acid
D:acidage->acid
D:acidal->acid
D:acidale->acid
D:acidalian->acid
D:acidalic->acid
D:acidalliance->acid
D:acidan->acid
D:acidance->acid
D:acidant->acid
D:acidar->acid
D:acidaran->acid
D:acidat->acid
D:acidate->acid
D:acidated->acid
D:acidation->acid
D:acidator->acid
D:acidd->acid
D:aciddeals->acid
D:aciddent->acid
D:aciddentally->acid
D:aciddently->acid
D:aciddents->acid
D:acidder->acid
D:aciddor->acid
D:acidds->acid
D:acide->acid
D:acideater->acid
D:acideaters->acid
D:acided->acid
D:acidee->acid
D:aciden->acid
D:acidens->acid
D:acident->acid
D:acidental->acid
D:acidentalee->acid
D:acidentally->acid
D:acidentalmente->acid
D:acidente->acid
D:acidentes->acid
D:acidential->acid
D:acidentially->acid
D:acidently->acid
D:acidents->acid
D:acider->acid
D:acides->acid
D:acidi->acid
D:acidia->acid
D:acidial->acid
D:acidian->acid
D:acidians->acid
D:acidic->acid
D:acidical->acid
D:acidically->acid
D:acidication->acid
D:acidice->acid
D:acidicication->acid
D:acidicice->acid
D:acidicification->acid
D:acidicity->acid
D:acidiclies->acid
D:acidicly->acid
D:acidicness->acid
D:acidics->acid
D:acidif->acid
D:acidifaciens->acid
D:acidifed->acid
D:acidifer->acid
D:acidiferous->acid
D:acidiferously->acid
D:acidifiable->acid
D:acidifiant->acid
D:acidific->acid
D:acidificante->acid
D:acidificantes->acid
D:acidificat->acid
D:acidification->acid
D:acidifications->acid
D:acidifie->acid
D:acidified->acid
D:acidifier->acid
D:acidifiers->acid
D:acidifies->acid
D:acidifing->acid
D:acidifist->acid
D:acidify->acid
D:acidifyer->acid
D:acidifying->acid
D:acidifys->acid
D:aciding->acid
D:acidis->acid
D:acidisation->acid
D:acidise->acid
D:acidised->acid
D:acidish->acid
D:acidising->acid
D:acidism->acid
D:acidities->acid
D:acidity->acid
D:acidityif->acid
D:acidityion->acid
D:acidium->acid
D:acidization->acid
D:acidize->acid
D:acidized->acid
D:acidizer->acid
D:acidizing->acid
D:acidly->acid
D:acidness->acid
D:acidnesses->acid
D:acidor->acid
D:acids->acid
D:acidsentence->acid
D:acidsize->acid
D:acidual->acid
D:acidualation->acid
D:acidul->acid
D:acidulant->acid
D:acidulante->acid
D:acidulantes->acid
D:acidulants->acid
D:acidulate->acid
D:acidulated->acid
D:acidulates->acid
D:acidulating->acid
D:acidulation->acid
D:acidulations->acid
D:acidulator->acid
D:acidule->acid
D:acidulee->acid
D:acidulees->acid
D:acidulent->acid
D:acidulents->acid
D:aciduler->acid
D:acidules->acid
D:acidulous->acid
D:acidulously->acid
D:acidulousness->acid
D:acidum->acid
D:acidur->acid
D:acidurance->acid
D:acidurans->acid
D:aciduric->acid
D:acidus->acid
D:acij->acid
D:acijan->acid
D:acision->acid
Q:batteries->battery
D:batterie->battery
D:batteried->battery
D:batterieds->battery
D:batteriee->battery
D:batteriees->battery
D:batterieis->battery
D:batterien->battery
D:batteriene->battery
D:batterier->battery
D:batteriers->battery
D:batteries->battery
D:batteriese->battery
D:batteriesor->battery
D:batterily->battery
D:battery->battery
D:batterya->battery
D:batteryan->battery
D:batterye->battery
D:batteryeater->battery
D:batteryer->battery
D:batteryes->battery
D:batterying->battery
D:batteryis->battery
D:batteryliion->battery
D:batteryor->battery
D:batterys->battery
D:batteryse->battery
D:batterysee->battery
D:batterysens->battery
D:batteryship->battery
D:batterysize->battery
D:batteryus->battery
<query> recycling lead acid batteries</query><numhits>10</numhits><time>2540</time>
</ATIREsearch>
<ATIREsearch>
Q:altitude->altitud
D:altitud->altitud
D:altitudal->altitud
D:altitudanal->altitud
D:altitudde->altitud
D:altitude->altitud
D:altituded->altitud
D:altitudeds->altitud
D:altitudee->altitud
D:altitudeis->altitud
D:altitudere->altitud
D:altituders->altitud
D:altitudes->altitud
D:altitudi->altitud
D:altitudians->altitud
Q:sickness->sick
D:sick->sick
D:sicka->sick
D:sickability->sick
D:sickabillys->sick
D:sickag->sick
D:sickage->sick
D:sickal->sick
D:sickan->sick
D:sickatating->sick
D:sickation->sick
D:sickations->sick
D:sicke->sick
D:sicked->sick
D:sickeded->sick
D:sickeder->sick
D:sickees->sick
D:sickeing->sick
D:sickely->sick
D:sicken->sick
D:sickened->sick
D:sickenedmentality->sick
D:sickeneing->sick
D:sickenen->sick
D:sickener->sick
D:sickeners->sick
D:sickenes->sick
D:sickeness->sick
D:sickenesse->sick
D:sickenesses->sick
D:sickening->sick
D:sickeningly->sick
D:sickeningness->sick
D:sickenly->sick
D:sickens->sick
D:sickent->sick
D:sicker->sick
D:sickerer->sick
D:sickering->sick
D:sickerish->sick
D:sickerly->sick
D:sickerness->sick
D:sickers->sick
D:sickes->sick
D:sickety->sick
D:sickful->sick
D:sicki->sick
D:sickic->sick
D:sicking->sick
D:sickinge->sick
D:sickingen->sick
D:sickinger->sick
D:sickingly->sick
D:sickings->sick
D:sickish->sick
D:sickishly->sick
D:sickishness->sick
D:sickishnesses->sick
D:sickist->sick
D:sickity->sick
D:sicklie->sick
D:sicklied->sick
D:sicklier->sick
D:sicklies->sick
D:sicklily->sick
D:sickliness->sick
D:sicklinesses->sick
D:sickly->sick
D:sicklyalive->sick
D:sicklyent->sick
D:sicklyish->sick
D:sicklyness->sick
D:sicklynesses->sick
D:sickmentally->sick
D:sickness->sick
D:sicknesse->sick
D:sicknesser->sick
D:sicknessers->sick
D:sicknesses->sick
D:sicknessing->sick
D:sicknessor->sick
D:sickor->sick
D:sicks->sick
D:sicksation->sick
D:sicksean->sick
D:sicksens->sick
D:sicksent->sick
D:sickser->sick
D:sickserenity->sick
D:sicksers->sick
D:sicksic->sick
D:sicksore->sick
D:sickth->sick
D:sickum->sick
D:sickur->sick
D:sickure->sick
D:sickus->sick
<query> altitude sickness</query><numhits>10</numhits><time>764</time>
</ATIREsearch>
<ATIREsearch>
Q:medical->medic
D:medic->medic
D:medica->medic
D:medicabilis->medic
D:medicable->medic
D:medicably->medic
D:medicag->medic
D:medicage->medic
D:medicagenic->medic
D:medicagion->medic
D:medical->medic
D:medicalagent->medic
D:medicalat->medic
D:medicale->medic
D:medicaled->medic
D:medicalement->medic
D:medicalenabler->medic
D:medicaler->medic
D:medicales->medic
D:medicalif->medic
D:medicalife->medic
D:medicalions->medic
D:medicalis->medic
D:medicalisation->medic
D:medicalise->medic
D:medicalised->medic
D:medicalisees->medic
D:medicalisering->medic
D:medicalises->medic
D:medicalising->medic
D:medicalism->medic
D:medicalisms->medic
D:medicalist->medic
D:medicalistes->medic
D:medicalistic->medic
D:medicalists->medic
D:medicalities->medic
D:medicality->medic
D:medicalive->medic
D:medicalization->medic
D:medicalizations->medic
D:medicalize->medic
D:medicalized->medic
D:medicalizers->medic
D:medicalizes->medic
D:medicalizing->medic
D:medically->medic
D:medicallyorientated->medic
D:medicalment->medic
D:medicalmente->medic
D:medicalmentor->medic
D:medicalness->medic
D:medicals->medic
D:medicalur->medic
D:medican->medic
D:medicanal->medic
D:medicanalife->medic
D:medicancat->medic
D:medicancy->medic
D:medicane->medic
D:medicanes->medic
D:medicanments->medic
D:medicans->medic
D:medicant->medic
D:medicante->medic
D:medicantion->medic
D:medicants->medic
D:medicar->medic
D:medicare->medic
D:medicarean->medic
D:medicared->medic
D:medicaree->medic
D:medicareer->medic
D:medicarementor->medic
D:medicarer->medic
D:medicares->medic
D:medicaring->medic
D:medicarion->medic
D:medicars->medic
D:medicat->medic
D:medicatable->medic
D:medicatably->medic
D:medicatan->medic
D:medicatation->medic
D:medicatations->medic
D:medicate->medic
D:medicated->medic
D:medicatedly->medic
D:medicateds->medic
D:medicateing->medic
D:medicater->medic
D:medicates->medic
D:medicateur->medic
D:medicating->medic
D:medicatings->medic
D:medication->medic
D:medicational->medic
D:medicationan->medic
D:medicationat->medic
D:medicationation->medic
D:medicatione->medic
D:medicationed->medic
D:medicationes->medic
D:medicationif->medic
D:medicationis->medic
D:medications->medic
D:medicatis->medic
D:medicative->medic
D:medicator->medic
D:medicators->medic
D:medicatory->medic
D:medicatre->medic
D:medicatrion->medic
D:medicatris->medic
D:medicats->medic
D:medice->medic
D:mediceal->medic
D:medicean->medic
D:mediceane->medic
D:mediceations->medic
D:mediced->medic
D:medicedion->medic
D:medicee->medic
D:mediceee->medic
D:mediceer->medic
D:mediceis->medic
D:medicen->medic
D:medicenal->medic
D:medicenalan->medic
D:medicence->medic
D:medicene->medic
D:medicenes->medic
D:medicens->medic
D:medicent->medic
D:medicenter->medic
D:medicenters->medic
D:medicentes->medic
D:medicentr->medic
D:medicentral->medic
D:medicentre->medic
D:medicentres->medic
D:medicer->medic
D:medicerer->medic
D:medicerly->medic
D:medices->medic
D:medicetien->medic
D:medici->medic
D:medicia->medic
D:medicial->medic
D:medicially->medic
D:medician->medic
D:medicianal->medic
D:medicianalis->medic
D:mediciane->medic
D:medicians->medic
D:medicical->medic
D:medicically->medic
D:medicications->medic
D:medicice->medic
D:medicicenter->medic
D:medicif->medic
D:medicife->medic
D:medicing->medic
D:medicinge->medic
D:medicion->medic
D:medicional->medic
D:medicionales->medic
D:medicione->medic
D:mediciones->medic
D:medicions->medic
D:medicis->medic
D:medicise->medic
D:mediciser->medic
D:medicism->medic
D:medicist->medic
D:medicistions->medic
D:medicistr->medic
D:medicitie->medic
D:medicity->medic
D:medicive->medic
D:medicl->medic
D:mediclal->medic
D:mediclancer->medic
D:mediclane->medic
D:medicle->medic
D:mediclean->medic
D:medicler->medic
D:mediclient->medic
D:mediclife->medic
D:mediclorians->medic
D:medicloriens->medic
D:medicment->medic
D:medicor->medic
D:medicoracy->medic
D:medicoral->medic
D:medicore->medic
D:medicority->medic
D:medics->medic
D:medicsal->medic
D:medicsation->medic
D:medicse->medic
D:medicsee->medic
D:medicsely->medic
D:medicser->medic
D:medicual->medic
D:medicul->medic
D:mediculat->medic
D:mediculous->medic
D:medicum->medic
D:medicur->medic
D:medicure->medic
D:medicures->medic
D:medicus->medic
D:care->care
D:carea->care
D:careabilene->care
D:careable->care
D:careables->care
D:careage->care
D:careageants->care
D:careagencies->care
D:careagency->care
D:careagencys->care
D:careagent->care
D:careagents->care
D:careager->care
D:careagis->care
D:careal->care
D:careale->care
D:carealers->care
D:carealive->care
D:carealliance->care
D:careallies->care
D:careally->care
D:carean->care
D:careanage->care
D:careance->care
D:careane->care
D:careant->care
D:careat->care
D:careated->care
D:careating->care
D:careation->care
D:careative->care
D:careats->care
D:careatural->care
D:careatures->care
D:caree->care
D:careeat->care
D:careeats->care
D:careee->care
D:careeee->care
D:careeeee->care
D:careeeeee->care
D:careeeeeee->care
D:careeeeeeee->care
D:careeeeeeeee->care
D:careeeeeeeeee->care
D:careeeeeeeeeee->care
D:careeeeeeeeeeee->care
D:careeeeeeeeeeeee->care
D:careeeeeeeeeeeeee->care
D:careeeeeeeeeeeeeee->care
D:careeeeeeeeeeeeeeeeeeeeeeeeeeee->care
D:careeeeeeeeer->care
D:careeeeefully->care
D:careeeees->care
D:careeeer->care
D:careeees->care
D:careeeful->care
D:careeer->care
D:careeering->care
D:careeers->care
D:careees->care
D:careeful->care
D:careefully->care
D:careeing->care
D:careely->care
D:careenc->care
D:careentals->care
D:careente->care
D:careentree->care
D:careeor->care
D:career->care
D:careerability->care
D:careerage->care
D:careeragent->care
D:careeragories->care
D:careeral->care
D:careeralan->care
D:careeralism->care
D:careeralliance->care
D:careerat->care
D:careere->care
D:careerealism->care
D:careered->care
D:careeredal->care
D:careerencore->care
D:careerentrance->care
D:careerer->care
D:careerers->care
D:careeres->care
D:careerful->care
D:careerhood->care
D:careerical->care
D:careerif->care
D:careering->care
D:careeris->care
D:careerise->care
D:careerish->care
D:careerism->care
D:careerisms->care
D:careerist->care
D:careeristic->care
D:careeristics->care
D:careerists->care
D:careerment->care
D:careermentor->care
D:careermentorship->care
D:careeror->care
D:careerorientation->care
D:careeroriented->care
D:careers->care
D:careership->care
D:careerships->care
D:carees->care
D:careeur->care
D:careful->care
D:carefule->care
D:carefuleness->care
D:carefuler->care
D:carefulif->care
D:carefullie->care
D:carefullied->care
D:carefully->care
D:carefullyif->care
D:carefullys->care
D:carefulness->care
D:carefulnesses->care
D:carefulnessly->care
D:carefuls->care
D:carei->care
D:careia->care
D:careif->care
D:careing->care
D:careinge->care
D:careingly->care
D:careingness->care
D:careings->care
D:careis->care
D:careise->care
D:careisen->care
D:careiser->care
D:careish->care
D:careisians->care
D:careism->care
D:careismatic->care
D:careists->care
D:careity->care
D:careium->care
D:careiz->care
D:carelie->care
D:carelien->care
D:carely->care
D:carelys->care
D:carement->care
D:caremental->care
D:carementran->care
D:careness->care
D:careor->care
D:careoral->care
D:careors->care
D:cares->care
D:caresalary->care
D:caresales->care
D:caresalliance->care
D:caresan->care
D:caresat->care
D:caresats->care
D:carese->care
D:careseat->care
D:careseats->care
D:caresedan->care
D:caresee->care
D:caresene->care
D:caresens->care
D:careser->care
D:caresers->care
D:careses->care
D:caresful->care
D:careship->care
D:caresian->care
D:caresing->care
D:caresiz->care
D:caresmentoring->care
D:caresure->care
D:careth->care
D:careul->care
D:careully->care
D:careum->care
D:careur->care
D:careurs->care
D:careus->care
D:and->and
D:anda->and
D:andabil->and
D:andabilities->and
D:andability->and
D:andabl->and
D:andable->and
D:andacious->and
D:andag->and
D:andagan->and
D:andagate->and
D:andage->and
D:andagean->and
D:andaged->and
D:andagencies->and
D:andagency->and
D:andagents->and
D:andages->and
D:andagis->and
D:andagor->and
D:andal->and
D:andalal->and
D:andalan->and
D:andalane->and
D:andale->and
D:andalee->and
D:andaleeee->and
D:andaleer->and
D:andalen->and
D:andalene->and
D:andaler->and
D:andales->and
D:andalic->and
D:andalican->and
D:andalician->and
D:andalicians->and
D:andalife->and
D:andalion->and
D:andalis->and
D:andalise->and
D:andalised->and
D:andalish->and
D:andalism->and
D:andaliv->and
D:andalive->and
D:andalize->and
D:andalliances->and
D:andallied->and
D:andallies->and
D:andally->and
D:andallyousee->and
D:andalous->and
D:andalouse->and
D:andalousean->and
D:andalouses->and
D:andalousian->and
D:andals->and
D:andan->and
D:andanan->and
D:andanate->and
D:andanc->and
D:andance->and
D:andancean->and
D:andanced->and
D:andancer->and
D:andancient->and
D:andane->and
D:andanes->and
D:andaniale->and
D:andanian->and
D:andanions->and
D:andanis->and
D:andanism->and
D:andans->and
D:andant->and
D:andante->and
D:andantee->and
D:andantes->and
D:andantion->and
D:andantory->and
D:andants->and
D:andar->and
D:andaral->and
D:andaran->and
D:andaraning->and
D:andarat->and
D:andare->and
D:andarean->and
D:andared->and
D:andaree->and
D:andareee->and
D:andareeee->and
D:andaren->and
D:andares->and
D:andarial->and
D:andarials->and
D:andarian->and
D:andarians->and
D:andarie->and
D:andarieal->and
D:andarien->and
D:andaries->and
D:andariese->and
D:andaring->and
D:andarion->and
D:andarious->and
D:andaris->and
D:andarist->and
D:andarization->and
D:andarmente->and
D:andarousal->and
D:andars->and
D:andary->and
D:andarys->and
D:andat->and
D:andatable->and
D:andate->and
D:andated->and
D:andatee->and
D:andates->and
D:andating->and
D:andativan->and
D:andative->and
D:andatories->and
D:andatory->and
D:andatree->and
D:andats->and
D:andature->and
D:andd->and
D:anddal->and
D:anddan->and
D:anddance->and
D:anddanceable->and
D:anddanced->and
D:anddancers->and
D:anddancing->and
D:anddanes->and
D:anddanish->and
D:anddate->and
D:anddated->and
D:anddates->and
D:anddating->and
D:andde->and
D:anddeal->and
D:anddealers->and
D:anddealing->and
D:anddean->and
D:andded->and
D:anddedicated->and
D:anddedication->and
D:anddee->and
D:anddeee->and
D:anddeetie->and
D:andden->and
D:anddent->and
D:anddental->and
D:anddents->and
D:andder->and
D:andderal->and
D:andderived->and
D:andders->and
D:anddes->and
D:anddials->and
D:anddiane->and
D:anddiced->and
D:andding->and
D:anddis->and
D:anddisabilities->and
D:anddisability->and
D:anddisabled->and
D:anddished->and
D:anddishes->and
D:anddisorientation->and
D:anddisorients->and
D:anddistance->and
D:anddistances->and
D:anddives->and
D:anddiving->and
D:anddousing->and
D:andds->and
D:anddual->and
D:anddurability->and
D:anddurable->and
D:andduration->and
D:andduring->and
D:ande->and
D:andeager->and
D:andeal->and
D:andean->and
D:andeanist->and
D:andeanists->and
D:andeanization->and
D:andeanizing->and
D:andeans->and
D:andeat->and
D:andeaten->and
D:andeating->and
D:andeats->and
D:anded->and
D:andedan->and
D:andedly->and
D:andee->and
D:andeee->and
D:andeeee->and
D:andeeeee->and
D:andeeeeeeeeeeeee->and
D:andeeeeeers->and
D:andeer->and
D:andeeral->and
D:andeerer->and
D:andeers->and
D:andees->and
D:andeis->and
D:andeity->and
D:andelie->and
D:andelier->and
D:andely->and
D:andelys->and
D:andement->and
D:andements->and
D:anden->and
D:andenable->and
D:andenabling->and
D:andenator->and
D:andencore->and
D:andene->and
D:andener->and
D:andenes->and
D:andenics->and
D:andenis->and
D:andeniste->and
D:andens->and
D:andent->and
D:andente->and
D:andenter->and
D:andentered->and
D:andentering->and
D:andentrances->and
D:andenture->and
D:andentures->and
D:andeor->and
D:ander->and
D:anderage->and
D:anderal->and
D:anderale->and
D:anderan->and
D:anderanic->and
D:anderation->and
D:andere->and
D:andereal->and
D:andered->and
D:anderen->and
D:anderenals->and
D:anderene->and
D:anderer->and
D:anderes->and
D:anderful->and
D:anderial->and
D:anderian->and
D:anderic->and
D:andering->and
D:anderinger->and
D:anderings->and
D:anderion->and
D:anderis->and
D:anderisen->and
D:anderiv->and
D:anderivative->and
D:anderlie->and
D:anderly->and
D:anderment->and
D:anderments->and
D:anderness->and
D:anders->and
D:anderual->and
D:andes->and
D:andeur->and
D:andeure->and
D:andful->and
D:andfully->and
D:andhood->and
D:andhooded->and
D:andi->and
D:andia->and
D:andial->and
D:andian->and
D:andianer->and
D:andianes->and
D:andians->and
D:andible->and
D:andic->and
D:andical->and
D:andican->and
D:andicat->and
D:andications->and
D:andicator->and
D:andice->and
D:andicent->and
D:andices->and
D:andicor->and
D:andicous->and
D:andics->and
D:andif->and
D:andifant->and
D:andife->and
D:andifer->and
D:andifes->and
D:andific->and
D:andifisher->and
D:andify->and
D:anding->and
D:andingaling->and
D:andingeneral->and
D:andinger->and
D:andings->and
D:andion->and
D:andione->and
D:andionene->and
D:andionic->and
D:andionship->and
D:andiqu->and
D:andique->and
D:andiques->and
D:andis->and
D:andisan->and
D:andise->and
D:andised->and
D:andisen->and
D:andisers->and
D:andish->and
D:andishan->and
D:andishane->and
D:andishe->and
D:andishee->and
D:andishere->and
D:andising->and
D:andisman->and
D:andist->and
D:andistante->and
D:anditie->and
D:andities->and
D:andity->and
D:andium->and
D:andiv->and
D:andival->and
D:andivan->and
D:andive->and
D:andivee->and
D:andiven->and
D:andiventures->and
D:andiver->and
D:andives->and
D:andivian->and
D:andivic->and
D:andiviv->and
D:andivory->and
D:andiz->and
D:andizan->and
D:andize->and
D:andized->and
D:andizing->and
D:andizly->and
D:andlie->and
D:andliee->and
D:andlier->and
D:andlies->and
D:andly->and
D:andment->and
D:andmental->and
D:andmentally->and
D:andmentoring->and
D:andments->and
D:andness->and
D:andor->and
D:andorable->and
D:andoral->and
D:andoran->and
D:andoranized->and
D:andorans->and
D:andorat->and
D:andore->and
D:andored->and
D:andoredan->and
D:andoree->and
D:andoren->and
D:andores->and
D:andorful->and
D:andorian->and
D:andorianality->and
D:andorianer->and
D:andorians->and
D:andoric->and
D:andorien->and
D:andorient->and
D:andorientation->and
D:andorion->and
D:andorior->and
D:andoris->and
D:andorlie->and
D:andoror->and
D:andors->and
D:andory->and
D:andous->and
D:ands->and
D:andsage->and
D:andsager->and
D:andsages->and
D:andsal->and
D:andsalable->and
D:andsalary->and
D:andsale->and
D:andsales->and
D:andsally->and
D:andsan->and
D:andsat->and
D:andsatan->and
D:andsaturated->and
D:andse->and
D:andseal->and
D:andsealed->and
D:andsealer->and
D:andseals->and
D:andsean->and
D:andseat->and
D:andsedation->and
D:andsederic->and
D:andsee->and
D:andseee->and
D:andseeee->and
D:andseeing->and
D:andsees->and
D:andseized->and
D:andseizure->and
D:andsen->and
D:andsenate->and
D:andsenator->and
D:andsenators->and
D:andsenor->and
D:andsens->and
D:andsent->and
D:andsentence->and
D:andsentences->and
D:andsentencing->and
D:andser->and
D:andseren->and
D:andserenity->and
D:andserial->and
D:andserializer->and
D:andship->and
D:andshipments->and
D:andships->and
D:andsian->and
D:andsic->and
D:andsinger->and
D:andsingers->and
D:andsize->and
D:andsizeable->and
D:andsizes->and
D:andsizing->and
D:andsor->and
D:andsore->and
D:andsores->and
D:andsur->and
D:andsure->and
D:andsurely->and
D:andth->and
D:andual->and
D:andually->and
D:andul->and
D:andulag->and
D:andulan->and
D:andulating->and
D:andule->and
D:andules->and
D:andulician->and
D:andulisian->and
D:anduls->and
D:andum->and
D:andur->and
D:andural->and
D:anduran->and
D:andurance->and
D:andure->and
D:andured->and
D:anduren->and
D:andurial->and
D:andurian->and
D:andurians->and
D:anduring->and
D:andurion->and
D:anduris->and
D:anduriz->and
D:andurs->and
D:andus->and
D:anj->and
D:anjag->and
D:anjager->and
D:anjal->and
D:anjalan->and
D:anjale->and
D:anjalee->and
D:anjaleee->and
D:anjalene->and
D:anjalic->and
D:anjalis->and
D:anjalisane->and
D:anjalise->and
D:anjalish->and
D:anjally->and
D:anjals->and
D:anjan->and
D:anjanal->and
D:anjanan->and
D:anjane->and
D:anjanee->and
D:anjanis->and
D:anjans->and
D:anjary->and
D:anjat->and
D:anjater->and
D:anjates->and
D:anje->and
D:anjeal->and
D:anjealous->and
D:anjean->and
D:anjed->and
D:anjeder->and
D:anjee->and
D:anjeeal->and
D:anjeer->and
D:anjees->and
D:anjelie->and
D:anjelier->and
D:anjelious->and
D:anjely->and
D:anjen->and
D:anjene->and
D:anjeneral->and
D:anjenic->and
D:anjens->and
D:anjer->and
D:anjere->and
D:anjeric->and
D:anjerous->and
D:anjers->and
D:anjes->and
D:anjeures->and
D:anjiale->and
D:anjian->and
D:anjianing->and
D:anjic->and
D:anjif->and
D:anjing->and
D:anjion->and
D:anjione->and
D:anjis->and
D:anjisan->and
D:anjist->and
D:anjistoric->and
D:anjiv->and
D:anjiz->and
D:anjizal->and
D:anjly->and
D:anjor->and
D:anjoran->and
D:anjore->and
D:anjorie->and
D:anjous->and
D:anjs->and
D:anjual->and
D:anjually->and
D:anjur->and
D:anjuran->and
D:anjure->and
D:anjured->and
D:anjurs->and
D:ansion->and
D:ansionen->and
D:ansionian->and
D:ansionians->and
D:ansionic->and
D:ansionion->and
D:ansionions->and
D:ansionly->and
D:ansions->and
D:ansive->and
D:ansiven->and
D:ansivity->and
D:jehovah->jehovah
D:jehovaha->jehovah
D:jehovahi->jehovah
D:jehovahis->jehovah
D:jehovahism->jehovah
D:jehovahists->jehovah
D:jehovahs->jehovah
D:s->s
Q:witnesses->witness
D:witness->witness
D:witnessa->witness
D:witnessable->witness
D:witnessably->witness
D:witnessare->witness
D:witnessat->witness
D:witnesse->witness
D:witnessed->witness
D:witnessede->witness
D:witnesseded->witness
D:witnesseds->witness
D:witnessees->witness
D:witnessen->witness
D:witnessening->witness
D:witnessential->witness
D:witnesser->witness
D:witnessers->witness
D:witnesses->witness
D:witnesshood->witness
D:witnessi->witness
D:witnessing->witness
D:witnessinged->witness
D:witnessings->witness
D:witnessis->witness
D:witnessism->witness
D:witnessness->witness
D:witnessnesses->witness
D:witnessor->witness
D:witnessth->witness
<query> medical care and jehovah s witnesses</query><numhits>10</numhits><time>8576</time>
</ATIREsearch>
<ATIREsearch>
D:pink->pink
D:pinka->pink
D:pinkabilly->pink
D:pinkag->pink
D:pinkage->pink
D:pinkagee->pink
D:pinkagen->pink
D:pinkal->pink
D:pinkalice->pink
D:pinkalicous->pink
D:pinkalion->pink
D:pinkalishous->pink
D:pinkality->pink
D:pinkalive->pink
D:pinkalizee->pink
D:pinkallie->pink
D:pinkan->pink
D:pinkanator->pink
D:pinkance->pink
D:pinkans->pink
D:pinkantre->pink
D:pinkar->pink
D:pinkarat->pink
D:pinkarate->pink
D:pinkare->pink
D:pinkaries->pink
D:pinkat->pink
D:pinke->pink
D:pinkeality->pink
D:pinked->pink
D:pinkeden->pink
D:pinkee->pink
D:pinkeeee->pink
D:pinkees->pink
D:pinken->pink
D:pinkenary->pink
D:pinkene->pink
D:pinkened->pink
D:pinkeness->pink
D:pinkening->pink
D:pinkens->pink
D:pinkentity->pink
D:pinker->pink
D:pinkerator->pink
D:pinkered->pink
D:pinkerian->pink
D:pinkering->pink
D:pinkerism->pink
D:pinkerly->pink
D:pinkers->pink
D:pinkes->pink
D:pinkety->pink
D:pinkful->pink
D:pinkfully->pink
D:pinkhood->pink
D:pinki->pink
D:pinkice->pink
D:pinkicing->pink
D:pinkicings->pink
D:pinkification->pink
D:pinkified->pink
D:pinkifish->pink
D:pinkify->pink
D:pinkifying->pink
D:pinking->pink
D:pinkis->pink
D:pinkisation->pink
D:pinkish->pink
D:pinkisher->pink
D:pinkishishishish->pink
D:pinkishly->pink
D:pinkishness->pink
D:pinkishnesses->pink
D:pinkism->pink
D:pinkismary->pink
D:pinkisme->pink
D:pinkismore->pink
D:pinkist->pink
D:pinkistan->pink
D:pinkistory->pink
D:pinkity->pink
D:pinkiv->pink
D:pinkivory->pink
D:pinkiz->pink
D:pinkization->pink
D:pinklier->pink
D:pinklies->pink
D:pinkliese->pink
D:pinklilies->pink
D:pinklily->pink
D:pinkliness->pink
D:pinkly->pink
D:pinklye->pink
D:pinkmentions->pink
D:pinkness->pink
D:pinknesse->pink
D:pinknesses->pink
D:pinknessness->pink
D:pinkous->pink
D:pinks->pink
D:pinksable->pink
D:pinksage->pink
D:pinksale->pink
D:pinksales->pink
D:pinksals->pink
D:pinksan->pink
D:pinksant->pink
D:pinksat->pink
D:pinksatan->pink
D:pinkse->pink
D:pinkseal->pink
D:pinksealent->pink
D:pinkseals->pink
D:pinkseat->pink
D:pinkseats->pink
D:pinksee->pink
D:pinksen->pink
D:pinkser->pink
D:pinkserenity->pink
D:pinkship->pink
D:pinkships->pink
D:pinksian->pink
D:pinksical->pink
D:pinksinger->pink
D:pinksingers->pink
D:pinksings->pink
D:pinksity->pink
D:pinksize->pink
D:pinksizes->pink
D:pinkul->pink
D:pinkulator->pink
D:pinkulous->pink
D:pinkum->pink
D:pinkus->pink
Q:slime->slim
D:slim->slim
D:slima->slim
D:slimable->slim
D:slimag->slim
D:slimage->slim
D:slimages->slim
D:sliman->slim
D:slimane->slim
D:slimanizing->slim
D:slimants->slim
D:slimar->slim
D:slimarous->slim
D:slimary->slim
D:slimate->slim
D:slimatee->slim
D:slimatic->slim
D:slimatics->slim
D:slime->slim
D:slimeage->slim
D:slimed->slim
D:slimee->slim
D:slimeeee->slim
D:slimeeeee->slim
D:slimeeeeeeee->slim
D:slimeeeeeeeeeeeeeeeeeeeeee->slim
D:slimees->slim
D:slimeish->slim
D:slimeist->slim
D:slimely->slim
D:slimementality->slim
D:slimen->slim
D:slimene->slim
D:slimeness->slim
D:slimeorion->slim
D:slimer->slim
D:slimere->slim
D:slimerishis->slim
D:slimers->slim
D:slimes->slim
D:slimful->slim
D:slimhood->slim
D:slimi->slim
D:slimia->slim
D:slimif->slim
D:slimify->slim
D:sliming->slim
D:sliminge->slim
D:slimingor->slim
D:slimings->slim
D:slimis->slim
D:slimish->slim
D:slimist->slim
D:slimiz->slim
D:slimizer->slim
D:slimlie->slim
D:slimliness->slim
D:slimly->slim
D:slimm->slim
D:slimmagic->slim
D:slimmale->slim
D:slimman->slim
D:slimmat->slim
D:slimmate->slim
D:slimmatic->slim
D:slimmatics->slim
D:slimme->slim
D:slimmed->slim
D:slimmedical->slim
D:slimmeds->slim
D:slimmeeee->slim
D:slimmen->slim
D:slimmens->slim
D:slimmer->slim
D:slimmering->slim
D:slimmers->slim
D:slimmes->slim
D:slimmifer->slim
D:slimming->slim
D:slimmingeats->slim
D:slimminging->slim
D:slimmingis->slim
D:slimmingly->slim
D:slimmings->slim
D:slimmish->slim
D:slimmity->slim
D:slimmouse->slim
D:slimms->slim
D:slimness->slim
D:slimnesses->slim
D:slimor->slim
D:slimorish->slim
D:slimouse->slim
D:slims->slim
D:slimsat->slim
D:slimsational->slim
D:slimseal->slim
D:slimsens->slim
D:slimship->slim
D:slimsize->slim
D:slimsly->slim
D:slimth->slim
D:slimul->slim
D:slimulation->slim
D:slimulator->slim
D:slimurians->slim
D:slimus->slim
D:in->in
D:ina->in
D:inabil->in
D:inabile->in
D:inabilene->in
D:inabilitie->in
D:inabilities->in
D:inability->in
D:inabilitys->in
D:inabl->in
D:inablative->in
D:inable->in
D:inabled->in
D:inabler->in
D:inablers->in
D:inables->in
D:inabliity->in
D:inabling->in
D:inablities->in
D:inablity->in
D:inably->in
D:inag->in
D:inagalur->in
D:inagan->in
D:inagate->in
D:inage->in
D:inageants->in
D:inaged->in
D:inagee->in
D:inagen->in
D:inagenary->in
D:inagencies->in
D:inagency->in
D:inagencys->in
D:inagent->in
D:inagents->in
D:inages->in
D:inagiceat->in
D:inagif->in
D:inaging->in
D:inagist->in
D:inagivity->in
D:inagualable->in
D:inagural->in
D:inaguraling->in
D:inagurally->in
D:inagurate->in
D:inagurated->in
D:inagurates->in
D:inagurating->in
D:inaguration->in
D:inagurational->in
D:inagurations->in
D:inagure->in
D:inaguree->in
D:inagurual->in
D:inagururation->in
D:inal->in
D:inalal->in
D:inalan->in
D:inalater->in
D:inalation->in
D:inalatore->in
D:inalatorie->in
D:inale->in
D:inaleable->in
D:inalee->in
D:inalen->in
D:inalenable->in
D:inaler->in
D:inalers->in
D:inalian->in
D:inalianable->in
D:inalice->in
D:inaling->in
D:inalion->in
D:inalis->in
D:inalisan->in
D:inalise->in
D:inalising->in
D:inalisme->in
D:inalist->in
D:inalists->in
D:inality->in
D:inalive->in
D:inalize->in
D:inalized->in
D:inalizing->in
D:inalliance->in
D:inallienable->in
D:inally->in
D:inals->in
D:inan->in
D:inanacies->in
D:inanage->in
D:inanal->in
D:inanan->in
D:inanance->in
D:inananities->in
D:inanate->in
D:inanator->in
D:inanc->in
D:inance->in
D:inanced->in
D:inancer->in
D:inances->in
D:inancial->in
D:inancially->in
D:inancials->in
D:inancient->in
D:inancier->in
D:inanciers->in
D:inancing->in
D:inancs->in
D:inancy->in
D:inane->in
D:inanely->in
D:inaneness->in
D:inanenly->in
D:inaner->in
D:inanes->in
D:inanicion->in
D:inanis->in
D:inanisme->in
D:inanisms->in
D:inanitiate->in
D:inanitiation->in
D:inanitie->in
D:inanities->in
D:inanity->in
D:inanly->in
D:inans->in
D:inant->in
D:inante->in
D:inantly->in
D:inantor->in
D:inants->in
D:inanual->in
D:inanuran->in
D:inar->in
D:inarable->in
D:inarage->in
D:inaral->in
D:inaran->in
D:inare->in
D:inareal->in
D:inareality->in
D:inared->in
D:inaree->in
D:inares->in
D:inarial->in
D:inarian->in
D:inarians->in
D:inariants->in
D:inarily->in
D:inaring->in
D:inarion->in
D:inaris->in
D:inarisan->in
D:inarishian->in
D:inariv->in
D:inarization->in
D:inarly->in
D:inars->in
D:inarual->in
D:inary->in
D:inaryal->in
D:inat->in
D:inatal->in
D:inatalation->in
D:inatan->in
D:inatance->in
D:inatances->in
D:inatant->in
D:inatantan->in
D:inatantly->in
D:inate->in
D:inateate->in
D:inated->in
D:inatee->in
D:inately->in
D:inateness->in
D:inatent->in
D:inatention->in
D:inatentive->in
D:inatentiveness->in
D:inater->in
D:inaterantionalizing->in
D:inateration->in
D:inaterative->in
D:inaterlieren->in
D:inates->in
D:inatial->in
D:inatialization->in
D:inatialize->in
D:inatials->in
D:inating->in
D:inatingiveis->in
D:ination->in
D:inational->in
D:inationality->in
D:inations->in
D:inatis->in
D:inative->in
D:inatives->in
D:inatment->in
D:inator->in
D:inatorer->in
D:inators->in
D:inatory->in
D:inatrance->in
D:inatree->in
D:inatrice->in
D:inats->in
D:inatur->in
D:inatural->in
D:inaturalist->in
D:inaturate->in
D:inature->in
D:inatures->in
D:ine->in
D:ineag->in
D:ineagan->in
D:ineage->in
D:ineages->in
D:ineal->in
D:inealal->in
D:inean->in
D:ineans->in
D:ineant->in
D:inearyal->in
D:ineat->in
D:ineater->in
D:ineatial->in
D:ineatialization->in
D:ineation->in
D:ined->in
D:inedable->in
D:inedal->in
D:inedale->in
D:inede->in
D:ineded->in
D:ineden->in
D:inedentors->in
D:inederal->in
D:inedes->in
D:inedian->in
D:inedians->in
D:inedic->in
D:inedicabilis->in
D:inedicated->in
D:inedicator->in
D:inedices->in
D:inedione->in
D:inedis->in
D:inedly->in
D:ineds->in
D:inee->in
D:ineeal->in
D:ineee->in
D:ineeee->in
D:ineeeee->in
D:ineeeeee->in
D:ineeeeeeeeeeeeeeeeee->in
D:ineeeeees->in
D:ineeeees->in
D:ineeees->in
D:ineeeral->in
D:ineees->in
D:ineer->in
D:ineeral->in
D:ineereal->in
D:ineerial->in
D:ineering->in
D:ineers->in
D:ineerual->in
D:inees->in
D:ineial->in
D:ineian->in
D:ineians->in
D:ineicator->in
D:ineice->in
D:ineing->in
D:ineis->in
D:ineist->in
D:inelie->in
D:inelior->in
D:inelious->in
D:inely->in
D:inelyal->in
D:inement->in
D:inements->in
D:inen->in
D:inenable->in
D:inenabled->in
D:inenc->in
D:inence->in
D:inences->in
D:inene->in
D:inener->in
D:inenes->in
D:ineness->in
D:inens->in
D:inent->in
D:inental->in
D:inentals->in
D:inente->in
D:inented->in
D:inenten->in
D:inenter->in
D:inentered->in
D:inentical->in
D:inentification->in
D:inenting->in
D:inentingen->in
D:inentings->in
D:inention->in
D:inentional->in
D:inentionalizing->in
D:inentionally->in
D:inentions->in
D:inentity->in
D:inentive->in
D:inentives->in
D:inently->in
D:inentor->in
D:inentory->in
D:inents->in
D:inentured->in
D:ineor->in
D:ineoral->in
D:ineory->in
D:ineous->in
D:iner->in
D:ineral->in
D:inerale->in
D:inerales->in
D:ineralize->in
D:ineralized->in
D:inerals->in
D:ineran->in
D:inerancy->in
D:inerane->in
D:inerant->in
D:ineraries->in
D:inerary->in
D:inerat->in
D:inerate->in
D:ineration->in
D:inerative->in
D:inere->in
D:inereal->in
D:inered->in
D:inereeal->in
D:inereial->in
D:inerely->in
D:inerency->in
D:inerenship->in
D:inerent->in
D:inerente->in
D:inerentemente->in
D:inerentes->in
D:inerers->in
D:ineres->in
D:inereual->in
D:inerial->in
D:ineric->in
D:inering->in
D:ineris->in
D:inerized->in
D:inerly->in
D:inerment->in
D:inerness->in
D:iners->in
D:inerual->in
D:inerural->in
D:ines->in
D:inetiative->in
D:inetie->in
D:inety->in
D:ineual->in
D:ineualities->in
D:ineuality->in
D:ineur->in
D:ineural->in
D:ineurance->in
D:ineurances->in
D:ineure->in
D:ineurence->in
D:inful->in
D:infulance->in
D:infulanced->in
D:infulances->in
D:infulat->in
D:infulation->in
D:infule->in
D:infulence->in
D:infulenced->in
D:infulencers->in
D:infulences->in
D:infulencing->in
D:infulential->in
D:infulenting->in
D:infulis->in
D:infully->in
D:inhood->in
D:ini->in
D:inia->in
D:inial->in
D:inialantic->in
D:inialation->in
D:inializater->in
D:inialization->in
D:inialize->in
D:inialized->in
D:inializer->in
D:inializes->in
D:inializing->in
D:inially->in
D:inian->in
D:inianeural->in
D:inians->in
D:inibility->in
D:inic->in
D:inical->in
D:inicals->in
D:inican->in
D:inicans->in
D:inicat->in
D:inicate->in
D:inicated->in
D:inicates->in
D:inicating->in
D:inication->in
D:inications->in
D:inicative->in
D:inicator->in
D:inicators->in
D:inice->in
D:inicence->in
D:inicent->in
D:inicentally->in
D:inicenter->in
D:inicentives->in
D:inicents->in
D:inicere->in
D:inices->in
D:iniceties->in
D:inicety->in
D:inicial->in
D:iniciale->in
D:iniciales->in
D:inicialice->in
D:inicialisation->in
D:inicializable->in
D:inicialize->in
D:inicialized->in
D:inicializes->in
D:inicializing->in
D:inicially->in
D:inicialment->in
D:inicialmente->in
D:inicials->in
D:inician->in
D:inicing->in
D:inicion->in
D:inicis->in
D:inicist->in
D:inicistes->in
D:inicity->in
D:inicore->in
D:inics->in
D:inif->in
D:inifant->in
D:inifat->in
D:inife->in
D:inifee->in
D:inifer->in
D:inifes->in
D:inifial->in
D:inification->in
D:inifie->in
D:inifien->in
D:inifieneure->in
D:inifif->in
D:inifity->in
D:inifor->in
D:iniforis->in
D:inifors->in
D:inify->in
D:inifye->in
D:ining->in
D:iningatan->in
D:ininge->in
D:iningen->in
D:ininger->in
D:inings->in
D:inion->in
D:inionat->in
D:inione->in
D:inions->in
D:iniqu->in
D:inique->in
D:iniquely->in
D:iniquement->in
D:iniqueness->in
D:iniques->in
D:iniquis->in
D:iniquitie->in
D:iniquities->in
D:iniquitious->in
D:iniquity->in
D:iniquitys->in
D:iniquous->in
D:inis->in
D:inisan->in
D:inisance->in
D:inisane->in
D:inisatif->in
D:inise->in
D:inisen->in
D:inisene->in
D:inisent->in
D:iniser->in
D:iniserable->in
D:inises->in
D:inish->in
D:inishal->in
D:inishals->in
D:inishative->in
D:inishe->in
D:inished->in
D:inishee->in
D:inisheer->in
D:inisher->in
D:inishere->in
D:inishers->in
D:inishes->in
D:inishial->in
D:inishials->in
D:inishing->in
D:inisial->in
D:inisialer->in
D:inisiales->in
D:inisials->in
D:inisian->in
D:inisians->in
D:inisife->in
D:inising->in
D:inism->in
D:inismag->in
D:inismean->in
D:inismor->in
D:inismore->in
D:inisms->in
D:inist->in
D:inistal->in
D:inistance->in
D:inistances->in
D:inistantaneously->in
D:inistate->in
D:inistated->in
D:inistatr->in
D:iniste->in
D:inisteal->in
D:inisted->in
D:inistee->in
D:inistent->in
D:inister->in
D:inisterial->in
D:inistering->in
D:inisters->in
D:inistials->in
D:inistian->in
D:inisting->in
D:inistismizene->in
D:inistore->in
D:inistories->in
D:inistr->in
D:inistrat->in
D:inistration->in
D:inistrations->in
D:inistrative->in
D:inistrator->in
D:inistrators->in
D:inistre->in
D:inistries->in
D:inistrife->in
D:inistring->in
D:inistrings->in
D:inistry->in
D:inists->in
D:inisurance->in
D:initiant->in
D:initianted->in
D:initianten->in
D:initiantion->in
D:initiantive->in
D:initiants->in
D:initiantur->in
D:initiary->in
D:initiat->in
D:initiatable->in
D:initiatally->in
D:initiatated->in
D:initiatates->in
D:initiatation->in
D:initiate->in
D:initiated->in
D:initiateded->in
D:initiatedor->in
D:initiateds->in
D:initiatee->in
D:initiatees->in
D:initiateion->in
D:initiately->in
D:initiater->in
D:initiaters->in
D:initiates->in
D:initiateship->in
D:initiateur->in
D:initiateurs->in
D:initiatial->in
D:initiatialisation->in
D:initiatialization->in
D:initiatialize->in
D:initiatially->in
D:initiatian->in
D:initiatic->in
D:initiatically->in
D:initiatices->in
D:initiatics->in
D:initiatif->in
D:initiating->in
D:initiation->in
D:initiational->in
D:initiationary->in
D:initiationen->in
D:initiationis->in
D:initiations->in
D:initiatism->in
D:initiativ->in
D:initiativate->in
D:initiative->in
D:initiativean->in
D:initiatived->in
D:initiativeee->in
D:initiativees->in
D:initiatively->in
D:initiativen->in
D:initiativeness->in
D:initiativer->in
D:initiativers->in
D:initiatives->in
D:initiativism->in
D:initiativists->in
D:initiativity->in
D:initiativs->in
D:initiatization->in
D:initiatizer->in
D:initiatizes->in
D:initiatly->in
D:initiator->in
D:initiatore->in
D:initiatoren->in
D:initiatorial->in
D:initiatoric->in
D:initiatories->in
D:initiatorily->in
D:initiators->in
D:initiatory->in
D:initiatred->in
D:initiatrice->in
D:initiatrices->in
D:initiats->in
D:initie->in
D:initiealization->in
D:initieated->in
D:initied->in
D:initiee->in
D:initiees->in
D:initien->in
D:initient->in
D:initier->in
D:initierat->in
D:initierats->in
D:initiere->in
D:initierede->in
D:initieren->in
D:initieres->in
D:initiering->in
D:initieringen->in
D:inities->in
D:initiial->in
D:initiialisation->in
D:initiialization->in
D:initiialize->in
D:initiially->in
D:initiials->in
D:initiing->in
D:initiingness->in
D:initiings->in
D:initiis->in
D:initiivan->in
D:initiivat->in
D:initiizes->in
D:initily->in
D:initiual->in
D:initiualization->in
D:initiualize->in
D:inity->in
D:inityal->in
D:inityalization->in
D:inityial->in
D:initys->in
D:inium->in
D:iniums->in
D:iniv->in
D:inival->in
D:inivan->in
D:inivation->in
D:inivational->in
D:inivations->in
D:inivative->in
D:inivatives->in
D:inivator->in
D:inivators->in
D:inive->in
D:inived->in
D:iniven->in
D:iniveous->in
D:iniver->in
D:iniverity->in
D:inives->in
D:inivis->in
D:inivitiatives->in
D:inivorous->in
D:inivory->in
D:inivs->in
D:iniz->in
D:inizan->in
D:inizations->in
D:inize->in
D:inized->in
D:inizen->in
D:inizer->in
D:iniziale->in
D:inizialization->in
D:inizialize->in
D:inizialized->in
D:inizializers->in
D:inizializing->in
D:inizialmente->in
D:inizing->in
D:inizion->in
D:inlie->in
D:inlied->in
D:inlien->in
D:inliens->in
D:inlier->in
D:inliers->in
D:inlies->in
D:inlilies->in
D:inly->in
D:inlyed->in
D:inlying->in
D:inlys->in
D:inmence->in
D:inment->in
D:inmental->in
D:inmentioned->in
D:inmentionence->in
D:inmentioning->in
D:inn->in
D:innabilene->in
D:innabilis->in
D:innability->in
D:innable->in
D:innables->in
D:innag->in
D:innage->in
D:innages->in
D:innagural->in
D:innagurate->in
D:innagurated->in
D:innagurates->in
D:innaguration->in
D:innagurators->in
D:innal->in
D:innale->in
D:innalif->in
D:innalife->in
D:innalive->in
D:innaliving->in
D:innally->in
D:innan->in
D:innane->in
D:innanee->in
D:innanely->in
D:innanen->in
D:innaneness->in
D:innanities->in
D:innanity->in
D:innant->in
D:innante->in
D:innantes->in
D:innary->in
D:innat->in
D:innatant->in
D:innate->in
D:innated->in
D:innately->in
D:innateness->in
D:innatention->in
D:innatentive->in
D:innatentiveness->in
D:innates->in
D:innatic->in
D:innational->in
D:innations->in
D:innatism->in
D:innatist->in
D:innatists->in
D:innative->in
D:innativism->in
D:innativity->in
D:innatore->in
D:innators->in
D:innatreeeeee->in
D:innatur->in
D:innatural->in
D:innaturale->in
D:innaturalis->in
D:innaturalism->in
D:innaturally->in
D:innaturalmente->in
D:innature->in
D:innatures->in
D:inne->in
D:inneal->in
D:innealan->in
D:innean->in
D:inneans->in
D:inneat->in
D:inneats->in
D:inned->in
D:innee->in
D:inneee->in
D:inneeee->in
D:inneeeee->in
D:inneeist->in
D:inneer->in
D:inneeral->in
D:innees->in
D:inneist->in
D:inneity->in
D:innen->in
D:innens->in
D:innent->in
D:innente->in
D:innentions->in
D:innentors->in
D:innents->in
D:innenturen->in
D:inner->in
D:innerage->in
D:inneral->in
D:inneralice->in
D:inneran->in
D:innerancy->in
D:inneranists->in
D:innerant->in
D:innerantist->in
D:innerantly->in
D:innerary->in
D:innere->in
D:innereal->in
D:innered->in
D:innereds->in
D:innereiserer->in
D:inneren->in
D:innerent->in
D:innerente->in
D:innerer->in
D:innererer->in
D:innereriz->in
D:inneres->in
D:innerial->in
D:innering->in
D:inneringen->in
D:innerings->in
D:innerise->in
D:innerish->in
D:innerism->in
D:innerly->in
D:innerlying->in
D:innerlyly->in
D:innermentalist->in
D:innerness->in
D:innerorat->in
D:inners->in
D:innerual->in
D:innes->in
D:inness->in
D:innesse->in
D:innessence->in
D:innesses->in
D:innety->in
D:inneural->in
D:inniales->in
D:innially->in
D:innians->in
D:innic->in
D:innice->in
D:innicence->in
D:innicent->in
D:innicents->in
D:innicial->in
D:innicially->in
D:innicials->in
D:innicor->in
D:innif->in
D:innifer->in
D:innificantly->in
D:inning->in
D:inningen->in
D:inninger->in
D:inningers->in
D:innings->in
D:innion->in
D:innionis->in
D:innions->in
D:innis->in
D:innise->in
D:innisen->in
D:innisent->in
D:innisful->in
D:innish->in
D:innisheer->in
D:innisher->in
D:innisian->in
D:innismere->in
D:innismish->in
D:innismore->in
D:innister->in
D:innistor->in
D:innistr->in
D:innistree->in
D:innisture->in
D:innitiate->in
D:innitiated->in
D:innitiates->in
D:innitiating->in
D:innitiation->in
D:innitiativ->in
D:innitiative->in
D:innitiatives->in
D:innitiator->in
D:innitiators->in
D:innities->in
D:innity->in
D:inniv->in
D:innivated->in
D:innivating->in
D:innivation->in
D:innivations->in
D:innivative->in
D:innivity->in
D:inniz->in
D:innized->in
D:innment->in
D:innness->in
D:innor->in
D:innoral->in
D:innorat->in
D:innoration->in
D:innorative->in
D:innore->in
D:innoreal->in
D:innored->in
D:innorisic->in
D:inns->in
D:innual->in
D:innually->in
D:innur->in
D:innural->in
D:innurance->in
D:innure->in
D:innured->in
D:innuring->in
D:innurs->in
D:inor->in
D:inoraganic->in
D:inoral->in
D:inorality->in
D:inoran->in
D:inorance->in
D:inorantes->in
D:inorat->in
D:inorated->in
D:inore->in
D:inoreal->in
D:inoreality->in
D:inored->in
D:inoreder->in
D:inoree->in
D:inoreful->in
D:inoren->in
D:inorerat->in
D:inores->in
D:inorial->in
D:inorian->in
D:inorians->in
D:inorien->in
D:inorient->in
D:inorientation->in
D:inoring->in
D:inorities->in
D:inority->in
D:inors->in
D:inorual->in
D:inoryal->in
D:inous->in
D:inouse->in
D:inousent->in
D:inouses->in
D:ins->in
D:insabilene->in
D:insability->in
D:insable->in
D:insaciate->in
D:insag->in
D:insage->in
D:insagency->in
D:insagent->in
D:insal->in
D:insalan->in
D:insalante->in
D:insalary->in
D:insalate->in
D:insalated->in
D:insalating->in
D:insalation->in
D:insalations->in
D:insale->in
D:insaled->in
D:insalely->in
D:insalenly->in
D:insales->in
D:insality->in
D:insalivate->in
D:insalivated->in
D:insalivates->in
D:insalivation->in
D:insalivations->in
D:insally->in
D:insalment->in
D:insalments->in
D:insan->in
D:insanabile->in
D:insanabilis->in
D:insanability->in
D:insanabilmente->in
D:insanable->in
D:insanableness->in
D:insanably->in
D:insanal->in
D:insanally->in
D:insanananity->in
D:insanant->in
D:insanate->in
D:insanatic->in
D:insanation->in
D:insanatised->in
D:insanatized->in
D:insanc->in
D:insance->in
D:insancenes->in
D:insances->in
D:insancy->in
D:insane->in
D:insanealicat->in
D:insanealice->in
D:insanean->in
D:insaneanteater->in
D:insaneantics->in
D:insaned->in
D:insanedan->in
D:insanedisabled->in
D:insanediver->in
D:insanee->in
D:insaneee->in
D:insaneeee->in
D:insaneeeee->in
D:insaneeeeee->in
D:insaneeeeeee->in
D:insaneeeeeeee->in
D:insaneeeeeeeee->in
D:insaneeeeeeeeee->in
D:insaneeeeeeeeeee->in
D:insaneeeeeeeeeeeee->in
D:insaneeeeeeeeeeeeeeeeee->in
D:insaneeeeeeeeeeeeeeeeeeeeeeeeeeeeeeee->in
D:insaneeeeeeely->in
D:insaneeeeely->in
D:insaneely->in
D:insaneer->in
D:insaneeric->in
D:insanefully->in
D:insaneif->in
D:insaneish->in
D:insaneisme->in
D:insaneity->in
D:insanelily->in
D:insanely->in
D:insanelyurs->in
D:insanementality->in
D:insanen->in
D:insanenator->in
D:insanene->in
D:insaneness->in
D:insanenly->in
D:insaneous->in
D:insaner->in
D:insanerantings->in
D:insanerationality->in
D:insanerator->in
D:insanereagan->in
D:insanerealities->in
D:insanereality->in
D:insanerealization->in
D:insanerer->in
D:insanerism->in
D:insanes->in
D:insaneties->in
D:insanety->in
D:insanialeisure->in
D:insanian->in
D:insanic->in
D:insanical->in
D:insanif->in
D:insanificant->in
D:insaningly->in
D:insanis->in
D:insanish->in
D:insanism->in
D:insanist->in
D:insanistan->in
D:insanitie->in
D:insanities->in
D:insanity->in
D:insanityat->in
D:insanitye->in
D:insanityis->in
D:insanityismentality->in
D:insanityness->in
D:insanitys->in
D:insanliens->in
D:insanly->in
D:insans->in
D:insant->in
D:insantance->in
D:insantaneous->in
D:insantaneously->in
D:insante->in
D:insantely->in
D:insantence->in
D:insantity->in
D:insantive->in
D:insantly->in
D:insantrans->in
D:insants->in
D:insat->in
D:insatability->in
D:insatable->in
D:insatalation->in
D:insatance->in
D:insatances->in
D:insatanic->in
D:insatanity->in
D:insatant->in
D:insatantly->in
D:insate->in
D:insater->in
D:insaterlieren->in
D:insation->in
D:insationable->in
D:insatis->in
D:insatisable->in
D:insatity->in
D:insatitys->in
D:insats->in
D:insatur->in
D:insaturable->in
D:insaturated->in
D:insaturation->in
D:insature->in
D:insatured->in
D:insaturees->in
D:insatures->in
D:inse->in
D:inseal->in
D:insealant->in
D:insealate->in
D:insealation->in
D:insealators->in
D:insealing->in
D:insean->in
D:inseant->in
D:inseat->in
D:inseated->in
D:inseats->in
D:insed->in
D:insedate->in
D:insede->in
D:insedence->in
D:insedent->in
D:insedentary->in
D:insedently->in
D:inseder->in
D:insederat->in
D:insedere->in
D:insee->in
D:inseeing->in
D:inseer->in
D:inseis->in
D:inseliing->in
D:insely->in
D:insement->in
D:insen->in
D:insenately->in
D:insenature->in
D:insenc->in
D:insence->in
D:insenced->in
D:insencere->in
D:insencerity->in
D:insences->in
D:insencish->in
D:insencure->in
D:insenely->in
D:insenic->in
D:insenity->in
D:insens->in
D:insent->in
D:insentative->in
D:insented->in
D:insentence->in
D:insentencing->in
D:insential->in
D:insentice->in
D:insentif->in
D:insentis->in
D:insentiv->in
D:insentive->in
D:insentively->in
D:insentiver->in
D:insentives->in
D:insentivising->in
D:insentivity->in
D:insentivize->in
D:insentivs->in
D:insently->in
D:insents->in
D:insentualization->in
D:inser->in
D:inserable->in
D:inseral->in
D:inserance->in
D:inserances->in
D:inserant->in
D:inserantur->in
D:inserat->in
D:inserate->in
D:inseraten->in
D:inserating->in
D:inseration->in
D:inserational->in
D:inserator->in
D:inserats->in
D:inseratur->in
D:insere->in
D:insered->in
D:inseree->in
D:inserees->in
D:inserence->in
D:inserenity->in
D:inserens->in
D:inserent->in
D:inserentant->in
D:inserente->in
D:inserenten->in
D:inserentur->in
D:inserer->in
D:inserere->in
D:insererentur->in
D:inseres->in
D:inserial->in
D:inserice->in
D:insering->in
D:inserion->in
D:inserions->in
D:inseris->in
D:inseriste->in
D:inserivate->in
D:inserlieren->in
D:inserment->in
D:inseror->in
D:insers->in
D:inses->in
D:insety->in
D:inseur->in
D:inseurance->in
D:inseurances->in
D:inseure->in
D:inseurence->in
D:inship->in
D:inshipment->in
D:inships->in
D:insian->in
D:insiane->in
D:insianity->in
D:insians->in
D:insic->in
D:insical->in
D:insication->in
D:insications->in
D:insicator->in
D:insice->in
D:insiced->in
D:insicer->in
D:insicere->in
D:insicerety->in
D:insicion->in
D:insicional->in
D:insicions->in
D:insicive->in
D:insicor->in
D:insicore->in
D:insicored->in
D:insicors->in
D:insicur->in
D:insicure->in
D:insicured->in
D:insicurities->in
D:insicurity->in
D:insif->in
D:insife->in
D:insifer->in
D:insificant->in
D:insificent->in
D:insifics->in
D:insing->in
D:insingen->in
D:insinger->in
D:insingerat->in
D:insingerate->in
D:insingers->in
D:insingurat->in
D:insish->in
D:insism->in
D:insitiative->in
D:insitiency->in
D:insity->in
D:insize->in
D:insized->in
D:insizers->in
D:insizes->in
D:insizing->in
D:insizion->in
D:inslie->in
D:insmental->in
D:insor->in
D:insoral->in
D:insorance->in
D:insorances->in
D:insore->in
D:insored->in
D:insorence->in
D:insoreness->in
D:insoric->in
D:insors->in
D:insous->in
D:insualation->in
D:insualative->in
D:insuale->in
D:insur->in
D:insurabilities->in
D:insurability->in
D:insurabl->in
D:insurable->in
D:insurables->in
D:insurablitily->in
D:insurablity->in
D:insurably->in
D:insuragencies->in
D:insurally->in
D:insuran->in
D:insuranance->in
D:insuranc->in
D:insurancance->in
D:insurancances->in
D:insurancane->in
D:insurance->in
D:insuranceabilene->in
D:insuranceage->in
D:insuranceageants->in
D:insuranceagenc->in
D:insuranceagencies->in
D:insuranceagency->in
D:insuranceagencys->in
D:insuranceagent->in
D:insuranceagents->in
D:insuranceal->in
D:insurancealife->in
D:insurancealliance->in
D:insurancean->in
D:insuranceance->in
D:insuranceans->in
D:insuranceat->in
D:insuranced->in
D:insurancedating->in
D:insurancede->in
D:insurancedeals->in
D:insurancededicated->in
D:insurancedental->in
D:insurancederive->in
D:insurancederiver->in
D:insurancederiving->in
D:insurancedes->in
D:insurancedisability->in
D:insurancedisablity->in
D:insurancedive->in
D:insurancediver->in
D:insurancediving->in
D:insuranceds->in
D:insurancee->in
D:insuranceee->in
D:insuranceeran->in
D:insuranceering->in
D:insuranceerive->in
D:insuranceeriver->in
D:insuranceeriving->in
D:insuranceers->in
D:insurancees->in
D:insuranceif->in
D:insuranceing->in
D:insuranceion->in
D:insuranceis->in
D:insurancely->in
D:insurancemental->in
D:insurancen->in
D:insurancenat->in
D:insurancenation->in
D:insurancenational->in
D:insurancenationally->in
D:insurancenatural->in
D:insurancenc->in
D:insurancene->in
D:insuranceness->in
D:insurancenic->in
D:insurancenice->in
D:insurancenly->in
D:insurancens->in
D:insurancenter->in
D:insurancentre->in
D:insurancentres->in
D:insuranceor->in
D:insuranceore->in
D:insurancer->in
D:insurancerance->in
D:insurancerat->in
D:insurancerate->in
D:insurancerated->in
D:insuranceratedeals->in
D:insuranceraters->in
D:insurancerates->in
D:insurancerating->in
D:insuranceratings->in
D:insurancere->in
D:insurancereal->in
D:insurancerental->in
D:insurancerenters->in
D:insurancerican->in
D:insurancerive->in
D:insuranceriver->in
D:insuranceriving->in
D:insurancers->in
D:insurances->in
D:insuranceually->in
D:insurancies->in
D:insuranciis->in
D:insurancing->in
D:insurancis->in
D:insurancous->in
D:insurancs->in
D:insurancy->in
D:insurancys->in
D:insurane->in
D:insuraned->in
D:insuranee->in
D:insuranence->in
D:insuranes->in
D:insuraning->in
D:insurans->in
D:insurant->in
D:insurantate->in
D:insurante->in
D:insurantes->in
D:insurants->in
D:insurat->in
D:insuration->in
D:insurative->in
D:insuratization->in
D:insure->in
D:insureabilene->in
D:insureable->in
D:insureageants->in
D:insureal->in
D:insureance->in
D:insureanced->in
D:insureances->in
D:insureants->in
D:insured->in
D:insuredating->in
D:insurede->in
D:insuredeal->in
D:insuredeals->in
D:insuredental->in
D:insuredentity->in
D:insuredes->in
D:insuredisability->in
D:insuredisablity->in
D:insuredness->in
D:insureds->in
D:insuree->in
D:insureence->in
D:insureer->in
D:insureers->in
D:insurees->in
D:insureice->in
D:insureing->in
D:insuren->in
D:insurenatural->in
D:insurenc->in
D:insurence->in
D:insurenceabilene->in
D:insurenceagent->in
D:insurenceal->in
D:insurenced->in
D:insurencedating->in
D:insurencede->in
D:insurencedeal->in
D:insurencedental->in
D:insurencedes->in
D:insurencedisability->in
D:insurencedisablity->in
D:insurencee->in
D:insurencenc->in
D:insurencene->in
D:insurenceor->in
D:insurencer->in
D:insurencerate->in
D:insurencerated->in
D:insurencerates->in
D:insurencerating->in
D:insurenceratings->in
D:insurencerental->in
D:insurences->in
D:insurencs->in
D:insurency->in
D:insurene->in
D:insureness->in
D:insurens->in
D:insurent->in
D:insurente->in
D:insurenters->in
D:insurents->in
D:insureor->in
D:insurer->in
D:insurerance->in
D:insurerate->in
D:insurerated->in
D:insurerates->in
D:insurerating->in
D:insureratings->in
D:insurere->in
D:insurered->in
D:insurerental->in
D:insurerer->in
D:insurerers->in
D:insureres->in
D:insurerif->in
D:insurers->in
D:insures->in
D:insureship->in
D:insureshipment->in
D:insurety->in
D:insurial->in
D:insurice->in
D:insuring->in
D:insurish->in
D:insurity->in
D:insurment->in
D:insuror->in
D:insurors->in
D:insurs->in
D:insurur->in
D:insururance->in
D:insurured->in
D:insurures->in
D:insururing->in
D:inth->in
D:inual->in
D:inually->in
D:inul->in
D:inulal->in
D:inulan->in
D:inulat->in
D:inulate->in
D:inulated->in
D:inulating->in
D:inulation->in
D:inule->in
D:inulen->in
D:inulingan->in
D:inuls->in
D:inum->in
D:inur->in
D:inurable->in
D:inural->in
D:inuran->in
D:inuranc->in
D:inurance->in
D:inurances->in
D:inurat->in
D:inuration->in
D:inure->in
D:inureal->in
D:inured->in
D:inuredness->in
D:inureee->in
D:inurees->in
D:inurely->in
D:inurement->in
D:inurements->in
D:inurence->in
D:inurer->in
D:inurere->in
D:inurers->in
D:inures->in
D:inurial->in
D:inuring->in
D:inurion->in
D:inurists->in
D:inurment->in
D:inurs->in
D:inurual->in
D:inus->in
D:ground->ground
D:grounda->ground
D:groundabilene->ground
D:groundable->ground
D:groundage->ground
D:groundages->ground
D:groundal->ground
D:groundale->ground
D:groundan->ground
D:groundant->ground
D:groundants->ground
D:groundar->ground
D:groundat->ground
D:groundater->ground
D:groundates->ground
D:groundation->ground
D:groundations->ground
D:groundd->ground
D:groundde->ground
D:grounddes->ground
D:groundds->ground
D:grounde->ground
D:groundeat->ground
D:grounded->ground
D:groundede->ground
D:groundeded->ground
D:groundededed->ground
D:groundedededed->ground
D:groundedly->ground
D:groundedness->ground
D:groundeds->ground
D:grounden->ground
D:groundeness->ground
D:groundentity->ground
D:grounder->ground
D:grounders->ground
D:groundes->ground
D:groundi->ground
D:groundia->ground
D:groundians->ground
D:groundif->ground
D:groundify->ground
D:grounding->ground
D:groundingat->ground
D:groundingness->ground
D:groundings->ground
D:groundion->ground
D:groundis->ground
D:groundish->ground
D:groundism->ground
D:groundly->ground
D:groundment->ground
D:groundness->ground
D:groundor->ground
D:groundorientation->ground
D:grounds->ground
D:groundsably->ground
D:groundsan->ground
D:groundseat->ground
D:groundsee->ground
D:groundser->ground
D:groundship->ground
D:groundsif->ground
D:groundsize->ground
D:groundsment->ground
D:groundsure->ground
D:groundul->ground
D:groundum->ground
D:groundus->ground
D:beef->beef
D:beefa->beef
D:beefag->beef
D:beefage->beef
D:beefal->beef
D:beefan->beef
D:beefanator->beef
D:beefancy->beef
D:beefans->beef
D:beefater->beef
D:beefe->beef
D:beefeat->beef
D:beefeate->beef
D:beefeated->beef
D:beefeateer->beef
D:beefeater->beef
D:beefeatere->beef
D:beefeaters->beef
D:beefeating->beef
D:beefed->beef
D:beefee->beef
D:beefen->beef
D:beefening->beef
D:beefens->beef
D:beefer->beef
D:beeferater->beef
D:beeferer->beef
D:beefers->beef
D:beefi->beef
D:beefical->beef
D:beeficate->beef
D:beeficating->beef
D:beeficial->beef
D:beefification->beef
D:beefing->beef
D:beefinger->beef
D:beefingly->beef
D:beefis->beef
D:beefish->beef
D:beefism->beef
D:beefist->beef
D:beefity->beef
D:beefive->beef
D:beeflies->beef
D:beefly->beef
D:beeflys->beef
D:beefment->beef
D:beefness->beef
D:beefor->beef
D:beefore->beef
D:beeforee->beef
D:beefors->beef
D:beefs->beef
D:beefsan->beef
D:beefth->beef
D:beefur->beef
D:beefus->beef
<query> pink slime in ground beef</query><numhits>10</numhits><time>4982</time>
</ATIREsearch>
<ATIREsearch>
D:how->how
D:to->to
D:find->find
D:finda->find
D:findabile->find
D:findability->find
D:findable->find
D:findableness->find
D:findables->find
D:findablity->find
D:findably->find
D:findage->find
D:findagency->find
D:findagent->find
D:findagentat->find
D:findagents->find
D:findal->find
D:findalan->find
D:findale->find
D:findalis->find
D:findally->find
D:findals->find
D:findan->find
D:findanagency->find
D:findanagent->find
D:findance->find
D:findancial->find
D:findancient->find
D:findanent->find
D:findar->find
D:findarealator->find
D:findarent->find
D:findarian->find
D:findars->find
D:findat->find
D:findate->find
D:findatur->find
D:findd->find
D:finddate->find
D:finddates->find
D:findde->find
D:finddeal->find
D:finddealer->find
D:finddeals->find
D:finddeeat->find
D:findden->find
D:finddentis->find
D:finddentist->find
D:findder->find
D:findding->find
D:finddings->find
D:finddist->find
D:finddistance->find
D:finddistances->find
D:finddiv->find
D:findds->find
D:finde->find
D:findeal->find
D:findeater->find
D:finded->find
D:findee->find
D:findeer->find
D:findees->find
D:findeifen->find
D:findeing->find
D:findeinge->find
D:findeings->find
D:findeis->find
D:findeisen->find
D:findeizen->find
D:findely->find
D:finden->find
D:findenis->find
D:findens->find
D:findent->find
D:findenter->find
D:findentering->find
D:findentities->find
D:findentity->find
D:finder->find
D:findere->find
D:findered->find
D:finderen->find
D:finderers->find
D:finderic->find
D:findering->find
D:finderings->find
D:finderis->find
D:finderish->find
D:finderist->find
D:finderiv->find
D:finderly->find
D:findermentalism->find
D:finderous->find
D:finders->find
D:findes->find
D:findi->find
D:findia->find
D:findian->find
D:findians->find
D:findibility->find
D:findic->find
D:findication->find
D:findicator->find
D:findicators->find
D:findices->find
D:findif->find
D:findify->find
D:finding->find
D:findingable->find
D:findingagency->find
D:findingalice->find
D:findingan->find
D:findingarie->find
D:findinge->find
D:findingeden->find
D:findingian->find
D:findinging->find
D:findingis->find
D:findinglily->find
D:findingly->find
D:findingmentors->find
D:findingness->find
D:findingor->find
D:findingorion->find
D:findings->find
D:findion->find
D:findis->find
D:findise->find
D:findish->find
D:findished->find
D:findishly->find
D:findism->find
D:findist->find
D:findity->find
D:findiv->find
D:findivan->find
D:findiver->find
D:findivers->find
D:findlien->find
D:findly->find
D:findness->find
D:findor->find
D:findorable->find
D:findore->find
D:findors->find
D:findory->find
D:findous->find
D:finds->find
D:findsable->find
D:findsalary->find
D:findsales->find
D:findsan->find
D:findse->find
D:findseee->find
D:findsen->find
D:findser->find
D:findserenity->find
D:findserial->find
D:findshipments->find
D:findsice->find
D:findsing->find
D:findsings->find
D:findsize->find
D:findsor->find
D:findth->find
D:findual->find
D:findul->find
D:findum->find
D:findur->find
D:findus->find
D:finj->find
D:finjag->find
D:finjager->find
D:finjal->find
D:finjalife->find
D:finjan->find
D:finjance->find
D:finjancial->find
D:finjancing->find
D:finjane->find
D:finjans->find
D:finje->find
D:finjen->find
D:finjer->find
D:finjing->find
D:finjish->find
D:finjiste->find
D:finsione->find
D:the->the
D:mean->mean
D:meana->mean
D:meanable->mean
D:meanage->mean
D:meanagement->mean
D:meanager->mean
D:meanaging->mean
D:meanagment->mean
D:meanal->mean
D:meanan->mean
D:meanance->mean
D:meanar->mean
D:meanary->mean
D:meanarys->mean
D:meanat->mean
D:meanator->mean
D:meane->mean
D:meaned->mean
D:meaneds->mean
D:meanee->mean
D:meaneers->mean
D:meanees->mean
D:meaneing->mean
D:meanely->mean
D:meanelye->mean
D:meanen->mean
D:meanent->mean
D:meaner->mean
D:meanered->mean
D:meanering->mean
D:meanerings->mean
D:meaners->mean
D:meanes->mean
D:meanful->mean
D:meanfully->mean
D:meani->mean
D:meania->mean
D:meanial->mean
D:meanians->mean
D:meanic->mean
D:meanice->mean
D:meanicing->mean
D:meanicingly->mean
D:meanicures->mean
D:meanif->mean
D:meaning->mean
D:meaningability->mean
D:meaningats->mean
D:meaninge->mean
D:meaningeal->mean
D:meaninged->mean
D:meaningful->mean
D:meaningfule->mean
D:meaningfuler->mean
D:meaningfully->mean
D:meaningfulmentality->mean
D:meaningfulness->mean
D:meaningfuls->mean
D:meaninging->mean
D:meaningingful->mean
D:meaningism->mean
D:meaningist->mean
D:meaningliness->mean
D:meaningly->mean
D:meaningness->mean
D:meanings->mean
D:meanion->mean
D:meanis->mean
D:meanish->mean
D:meanising->mean
D:meanist->mean
D:meanistee->mean
D:meanister->mean
D:meanities->mean
D:meanium->mean
D:meanive->mean
D:meaniz->mean
D:meanized->mean
D:meanly->mean
D:meanlye->mean
D:meanlyness->mean
D:meann->mean
D:meannan->mean
D:meanne->mean
D:meannen->mean
D:meannes->mean
D:meanness->mean
D:meannesse->mean
D:meannesses->mean
D:meannice->mean
D:meanning->mean
D:meanningful->mean
D:meannings->mean
D:meannis->mean
D:meanns->mean
D:meannual->mean
D:meannually->mean
D:meanor->mean
D:meanore->mean
D:meanorise->mean
D:meanors->mean
D:means->mean
D:meansal->mean
D:meansan->mean
D:meanse->mean
D:meansean->mean
D:meansen->mean
D:meanses->mean
D:meanship->mean
D:meansif->mean
D:meansing->mean
D:meansure->mean
D:meansureale->mean
D:meansured->mean
D:meansurement->mean
D:meansurements->mean
D:meansures->mean
D:meanth->mean
D:meanual->mean
D:meanul->mean
D:meanum->mean
D:meanur->mean
D:meanure->mean
D:meanus->mean
<query> how to find the mean</query><numhits>10</numhits><time>11100</time>
</ATIREsearch>
Total elapsed time including startup and shutdown 05:29.789 minutes
Kernel: 2.000 seconds
  User: 296.800 seconds
