ATIRE Version 0.5 alpha (64-bit DEBUGGING-build)
Written (w) 2008-2014 Andrew Trotman, University of Otago
<ATIREsearch>
Q:raspberry->raspberri
D:raspberri->raspberri
D:raspberrial->raspberri
D:raspberrie->raspberri
D:raspberried->raspberri
D:raspberries->raspberri
D:raspberris->raspberri
D:raspberry->raspberri
D:raspberrying->raspberri
D:raspberrys->raspberri
D:pi->pi
D:pieds->pi
D:piing->pi
<query> raspberry pi</query><numhits>10</numhits><time>762</time>
</ATIREsearch>
<ATIREsearch>
D:uss->uss
D:usse->uss
D:ussed->uss
D:usseful->uss
D:ussefulness->uss
D:ussely->uss
D:usses->uss
D:ussing->uss
D:ussness->uss
D:carl->carl
D:carle->carl
D:carled->carl
D:carleli->carl
D:carlely->carl
D:carles->carl
D:carling->carl
D:carlings->carl
D:carlness->carl
D:carls->carl
D:vinson->vinson
D:vinsone->vinson
D:vinsonizer->vinson
D:vinsons->vinson
<query> uss carl vinson</query><numhits>10</numhits><time>1274</time>
</ATIREsearch>
<ATIREsearch>
Q:reviews->review
D:review->review
D:reviewability->review
D:reviewable->review
D:reviewables->review
D:reviewably->review
D:reviewal->review
D:reviewalli->review
D:reviewals->review
D:reviewant->review
D:reviewe->review
D:revieweable->review
D:reviewed->review
D:revieweds->review
D:revieweer->review
D:revieweers->review
D:revieweing->review
D:reviewence->review
D:reviewer->review
D:reviewering->review
D:reviewerly->review
D:reviewerness->review
D:reviewers->review
D:reviewes->review
D:reviewing->review
D:reviewings->review
D:reviewitis->review
D:reviewity->review
D:reviewness->review
D:reviews->review
D:of->of
D:offed->of
D:offedly->of
D:offeds->of
D:offing->of
D:offings->of
D:offul->of
D:offully->of
D:ofness->of
D:ofnesses->of
D:ofs->of
D:les->les
D:lesness->les
Q:miserables->miser
D:miser->miser
D:miserabilities->miser
D:miserability->miser
D:miserable->miser
D:miserablelies->miser
D:miserablely->miser
D:miserableness->miser
D:miserablenesses->miser
D:miserables->miser
D:miserablis->miser
D:miserably->miser
D:miseral->miser
D:miserant->miser
D:miserate->miser
D:miserated->miser
D:miserating->miser
D:miseration->miser
D:miserator->miser
D:misere->miser
D:misereable->miser
D:misereably->miser
D:misered->miser
D:miserer->miser
D:miseres->miser
D:miserible->miser
D:miseriblely->miser
D:miseribles->miser
D:miseribly->miser
D:miseric->miser
D:misering->miser
D:miseritis->miser
D:miserives->miser
D:miserlis->miser
D:miserly->miser
D:miserous->miser
D:misers->miser
<query> reviews of les miserables</query><numhits>10</numhits><time>5618</time>
</ATIREsearch>
<ATIREsearch>
Q:rules->rule
D:rule->rule
D:ruled->rule
D:ruleds->rule
D:rulee->rule
D:ruleed->rule
D:rulees->rule
D:ruleing->rule
D:ruleings->rule
D:rulely->rule
D:ruleness->rule
D:rules->rule
D:ruling->rule
D:rulingly->rule
D:rulings->rule
D:of->of
D:offed->of
D:offedly->of
D:offeds->of
D:offing->of
D:offings->of
D:offul->of
D:offully->of
D:ofness->of
D:ofnesses->of
D:ofs->of
D:golf->golf
D:golfe->golf
D:golfed->golf
D:golfes->golf
D:golffing->golf
D:golfing->golf
D:golfingly->golf
D:golfings->golf
D:golfness->golf
D:golfs->golf
<query> rules of golf</query><numhits>10</numhits><time>4359</time>
</ATIREsearch>
<ATIREsearch>
Q:average->averag
D:averag->averag
D:averagable->averag
D:average->averag
D:averageable->averag
D:averageal->averag
D:averaged->averag
D:averageds->averag
D:averageing->averag
D:averagely->averag
D:averageness->averag
D:averagenesses->averag
D:averager->averag
D:averagered->averag
D:averagers->averag
D:averages->averag
D:averagged->averag
D:averagging->averag
D:averaging->averag
D:averagings->averag
D:averagly->averag
D:averagness->averag
D:averagous->averag
D:averags->averag
Q:charitable->charit
D:charit->charit
D:charitability->charit
D:charitable->charit
D:charitableness->charit
D:charitables->charit
D:charitably->charit
D:charital->charit
D:charitate->charit
D:charitative->charit
D:charite->charit
D:chariteer->charit
D:chariter->charit
D:chariters->charit
D:charites->charit
D:charitibility->charit
D:charitible->charit
D:charitibly->charit
D:chariting->charit
D:charition->charit
D:charitities->charit
D:charitity->charit
D:charitive->charit
D:charitly->charit
D:charits->charit
Q:donation->donat
D:donat->donat
D:donatable->donat
D:donatal->donat
D:donatate->donat
D:donatated->donat
D:donatating->donat
D:donatation->donat
D:donatations->donat
D:donate->donat
D:donateables->donat
D:donated->donat
D:donateds->donat
D:donateing->donat
D:donateli->donat
D:donately->donat
D:donater->donat
D:donaters->donat
D:donates->donat
D:donaticed->donat
D:donating->donat
D:donation->donat
D:donational->donat
D:donationed->donat
D:donationing->donat
D:donations->donat
D:donatism->donat
D:donative->donat
D:donatives->donat
D:donator->donat
D:donators->donat
D:donats->donat
D:donatted->donat
<query> average charitable donation</query><numhits>10</numhits><time>1651</time>
</ATIREsearch>
<ATIREsearch>
D:wind->wind
D:windding->wind
D:winde->wind
D:winded->wind
D:windedly->wind
D:windeing->wind
D:windely->wind
D:windes->wind
D:windful->wind
D:windfuls->wind
D:winding->wind
D:windingly->wind
D:windings->wind
D:windli->wind
D:windlied->wind
D:windlis->wind
D:windly->wind
D:windness->wind
D:winds->wind
D:power->power
D:powerability->power
D:powerable->power
D:poweral->power
D:powerallies->power
D:powerally->power
D:powerant->power
D:powerants->power
D:powerate->power
D:powerated->power
D:powerating->power
D:poweratings->power
D:poweration->power
D:powerator->power
D:powere->power
D:powereality->power
D:powered->power
D:poweredly->power
D:powereds->power
D:powereful->power
D:powereing->power
D:powerer->power
D:powerered->power
D:powererful->power
D:powerering->power
D:powerers->power
D:poweres->power
D:powerful->power
D:powerfully->power
D:powerfulness->power
D:powerfuls->power
D:poweric->power
D:powering->power
D:poweringly->power
D:powerings->power
D:powerism->power
D:powerize->power
D:powerized->power
D:powerizer->power
D:powerizers->power
D:powerizing->power
D:powerli->power
D:powerlies->power
D:powerly->power
D:powerment->power
D:powerness->power
D:powerred->power
D:powerring->power
D:powers->power
<query> wind power</query><numhits>10</numhits><time>2019</time>
</ATIREsearch>
<ATIREsearch>
D:bph->bph
D:treatment->treatment
D:treatmental->treatment
D:treatmentallied->treatment
D:treatmente->treatment
D:treatmented->treatment
D:treatmentent->treatment
D:treatmenting->treatment
D:treatmentment->treatment
D:treatmentments->treatment
D:treatments->treatment
<query> bph treatment</query><numhits>10</numhits><time>798</time>
</ATIREsearch>
<ATIREsearch>
D:doctor->doctor
D:doctorability->doctor
D:doctorable->doctor
D:doctoral->doctor
D:doctorally->doctor
D:doctorals->doctor
D:doctorant->doctor
D:doctorants->doctor
D:doctorate->doctor
D:doctorated->doctor
D:doctorateness->doctor
D:doctorates->doctor
D:doctorating->doctor
D:doctoration->doctor
D:doctore->doctor
D:doctored->doctor
D:doctorers->doctor
D:doctores->doctor
D:doctoric->doctor
D:doctoring->doctor
D:doctorings->doctor
D:doctorism->doctor
D:doctoritis->doctor
D:doctorize->doctor
D:doctorized->doctor
D:doctorli->doctor
D:doctorly->doctor
D:doctorness->doctor
D:doctorred->doctor
D:doctors->doctor
D:zhivago->zhivago
D:zhivagoed->zhivago
D:zhivagoes->zhivago
D:zhivagos->zhivago
<query> doctor zhivago</query><numhits>10</numhits><time>760</time>
</ATIREsearch>
<ATIREsearch>
D:land->land
D:landded->land
D:landding->land
D:lande->land
D:landed->land
D:landeds->land
D:landelies->land
D:landely->land
D:landes->land
D:landful->land
D:landfulness->land
D:landfuls->land
D:landing->land
D:landings->land
D:landli->land
D:landly->land
D:landlying->land
D:landness->land
D:lands->land
D:surveyor->surveyor
D:surveyores->surveyor
D:surveyoring->surveyor
D:surveyors->surveyor
<query> land surveyor</query><numhits>10</numhits><time>1138</time>
</ATIREsearch>
<ATIREsearch>
D:golf->golf
D:golfe->golf
D:golfed->golf
D:golfes->golf
D:golffing->golf
D:golfing->golf
D:golfingly->golf
D:golfings->golf
D:golfness->golf
D:golfs->golf
D:gps->gps
<query> golf gps</query><numhits>10</numhits><time>714</time>
</ATIREsearch>
<ATIREsearch>
D:what->what
D:whatlies->what
D:whatly->what
D:whatness->what
D:whatnesses->what
D:whats->what
D:whatted->what
D:whatting->what
D:is->is
D:isful->is
D:isfully->is
D:isness->is
D:madagascar->madagascar
D:madagascare->madagascar
D:madagascars->madagascar
D:known->known
D:knowne->known
D:knowned->known
D:knowning->known
D:knowningly->known
D:knownli->known
D:knownly->known
D:knownness->known
D:knowns->known
D:for->for
D:forful->for
D:forfully->for
D:forli->for
D:forlied->for
D:forlies->for
D:forlis->for
D:forly->for
D:forlyed->for
D:forness->for
D:forred->for
D:fors->for
<query> what is madagascar known for</query><numhits>10</numhits><time>8006</time>
</ATIREsearch>
<ATIREsearch>
D:home->home
D:homed->home
D:homeds->home
D:homee->home
D:homeed->home
D:homees->home
D:homeful->home
D:homefully->home
D:homefulness->home
D:homeing->home
D:homeings->home
D:homeli->home
D:homelies->home
D:homely->home
D:homelys->home
D:homeness->home
D:homes->home
D:homing->home
D:homings->home
D:theater->theater
D:theatere->theater
D:theatereality->theater
D:theaterer->theater
D:theateres->theater
D:theaterful->theater
D:theaterical->theater
D:theaterically->theater
D:theaterics->theater
D:theatering->theater
D:theaterization->theater
D:theaters->theater
Q:systems->system
D:system->system
D:systemability->system
D:systemal->system
D:systemate->system
D:systemated->system
D:systemates->system
D:systemation->system
D:systemations->system
D:systemative->system
D:systemator->system
D:systeme->system
D:systemed->system
D:systemeering->system
D:systemer->system
D:systemering->system
D:systemes->system
D:systemfully->system
D:systemic->system
D:systemical->system
D:systemically->system
D:systemicity->system
D:systemicly->system
D:systemics->system
D:systeming->system
D:systemism->system
D:systemity->system
D:systemization->system
D:systemizations->system
D:systemize->system
D:systemized->system
D:systemizer->system
D:systemizers->system
D:systemizes->system
D:systemizing->system
D:systemli->system
D:systemly->system
D:systemmed->system
D:systemness->system
D:systems->system
<query> home theater systems</query><numhits>10</numhits><time>3656</time>
</ATIREsearch>
<ATIREsearch>
D:carpal->carpal
D:carpale->carpal
D:carpales->carpal
D:carpals->carpal
D:tunnel->tunnel
D:tunnelable->tunnel
D:tunnelator->tunnel
D:tunnele->tunnel
D:tunneled->tunnel
D:tunneler->tunnel
D:tunnelers->tunnel
D:tunneles->tunnel
D:tunnelful->tunnel
D:tunneling->tunnel
D:tunnelings->tunnel
D:tunnelization->tunnel
D:tunnelized->tunnel
D:tunnell->tunnel
D:tunnelled->tunnel
D:tunneller->tunnel
D:tunnellers->tunnel
D:tunnelling->tunnel
D:tunnellings->tunnel
D:tunnells->tunnel
D:tunnelous->tunnel
D:tunnels->tunnel
Q:syndrome->syndrom
D:syndrom->syndrom
D:syndromal->syndrom
D:syndrome->syndrom
D:syndromed->syndrom
D:syndromer->syndrom
D:syndromering->syndrom
D:syndromers->syndrom
D:syndromes->syndrom
D:syndromic->syndrom
D:syndromically->syndrom
D:syndroming->syndrom
D:syndromized->syndrom
D:syndroms->syndrom
<query> carpal tunnel syndrome</query><numhits>10</numhits><time>1184</time>
</ATIREsearch>
<ATIREsearch>
Q:capital->capit
D:capit->capit
D:capitable->capit
D:capital->capit
D:capitaled->capit
D:capitaling->capit
D:capitalism->capit
D:capitalisms->capit
D:capitalitis->capit
D:capitalization->capit
D:capitalizations->capit
D:capitalize->capit
D:capitalized->capit
D:capitalizeing->capit
D:capitalizer->capit
D:capitalizers->capit
D:capitalizes->capit
D:capitalizing->capit
D:capitally->capit
D:capitalness->capit
D:capitals->capit
D:capitance->capit
D:capitancy->capit
D:capitant->capit
D:capitate->capit
D:capitated->capit
D:capitates->capit
D:capitating->capit
D:capitation->capit
D:capitations->capit
D:capitative->capit
D:capitator->capit
D:capitators->capit
D:capite->capit
D:capiteal->capit
D:capiter->capit
D:capites->capit
D:capiting->capit
D:capitings->capit
D:capition->capit
D:capitioning->capit
D:capitions->capit
D:capitism->capit
D:capititis->capit
D:capitive->capit
D:capitives->capit
D:capitivity->capit
D:capitization->capit
D:capitize->capit
D:capitli->capit
D:capitous->capit
D:capits->capit
Q:gains->gain
D:gain->gain
D:gaine->gain
D:gained->gain
D:gaineds->gain
D:gainefully->gain
D:gaineing->gain
D:gainely->gain
D:gaines->gain
D:gainful->gain
D:gainfully->gain
D:gainfulness->gain
D:gainfulnesses->gain
D:gaining->gain
D:gainings->gain
D:gainly->gain
D:gainned->gain
D:gainness->gain
D:gainning->gain
D:gains->gain
D:tax->tax
D:taxe->tax
D:taxed->tax
D:taxeds->tax
D:taxeing->tax
D:taxes->tax
D:taxing->tax
D:taxingly->tax
D:taxings->tax
D:taxs->tax
D:rate->rate
D:rated->rate
D:ratedly->rate
D:rateds->rate
D:ratee->rate
D:rateed->rate
D:ratees->rate
D:rateful->rate
D:ratefully->rate
D:rateing->rate
D:rateings->rate
D:rateli->rate
D:ratelis->rate
D:rately->rate
D:rateness->rate
D:rates->rate
D:rating->rate
D:ratings->rate
<query> capital gains tax rate</query><numhits>10</numhits><time>3128</time>
</ATIREsearch>
<ATIREsearch>
D:maryland->maryland
D:marylande->maryland
D:marylander->maryland
D:marylandering->maryland
D:marylanders->maryland
D:marylandize->maryland
D:marylands->maryland
Q:department->depart
D:depart->depart
D:departable->depart
D:departal->depart
D:departance->depart
D:departate->depart
D:departation->depart
D:departations->depart
D:departe->depart
D:departed->depart
D:departedly->depart
D:departeds->depart
D:departeents->depart
D:departement->depart
D:departements->depart
D:departent->depart
D:departents->depart
D:departer->depart
D:departers->depart
D:departes->depart
D:departing->depart
D:departings->depart
D:departion->depart
D:departive->depart
D:department->depart
D:departmented->depart
D:departmentful->depart
D:departments->depart
D:departs->depart
D:departted->depart
D:of->of
D:offed->of
D:offedly->of
D:offeds->of
D:offing->of
D:offings->of
D:offul->of
D:offully->of
D:ofness->of
D:ofnesses->of
D:ofs->of
Q:natural->natur
D:natur->natur
D:naturability->natur
D:natural->natur
D:naturaled->natur
D:naturalful->natur
D:naturaling->natur
D:naturalism->natur
D:naturalisms->natur
D:naturalities->natur
D:naturality->natur
D:naturalization->natur
D:naturalizations->natur
D:naturalize->natur
D:naturalized->natur
D:naturalizer->natur
D:naturalizers->natur
D:naturalizes->natur
D:naturalizing->natur
D:naturalli->natur
D:naturallies->natur
D:naturally->natur
D:naturallying->natur
D:naturallys->natur
D:naturalness->natur
D:naturalnesses->natur
D:naturals->natur
D:naturated->natur
D:naturating->natur
D:naturation->natur
D:nature->natur
D:natureal->natur
D:natureality->natur
D:naturealization->natur
D:naturealizer->natur
D:natureally->natur
D:natureals->natur
D:natured->natur
D:naturedly->natur
D:natureer->natur
D:natureful->natur
D:natureism->natur
D:natureitis->natur
D:naturely->natur
D:naturements->natur
D:naturence->natur
D:natureness->natur
D:naturent->natur
D:naturer->natur
D:natures->natur
D:naturicity->natur
D:naturics->natur
D:naturing->natur
D:naturism->natur
D:naturisms->natur
D:naturity->natur
D:naturization->natur
D:naturize->natur
D:naturized->natur
D:naturizer->natur
D:naturli->natur
D:naturlis->natur
D:naturly->natur
D:naturlys->natur
D:naturous->natur
D:naturring->natur
D:naturs->natur
Q:resources->resourc
D:resourc->resourc
D:resource->resourc
D:resourceable->resourc
D:resourceables->resourc
D:resourced->resourc
D:resourceds->resourc
D:resourceful->resourc
D:resourcefully->resourc
D:resourcefulness->resourc
D:resourcefulnesses->resourc
D:resourcefuls->resourc
D:resourceing->resourc
D:resourceize->resourc
D:resourcement->resourc
D:resourceness->resourc
D:resourcer->resourc
D:resourcers->resourc
D:resources->resourc
D:resourcful->resourc
D:resourcfulness->resourc
D:resourcing->resourc
D:resourcings->resourc
D:resourcism->resourc
D:resourcities->resourc
D:resourcs->resourc
<query> maryland department of natural resources</query><numhits>10</numhits><time>7185</time>
</ATIREsearch>
<ATIREsearch>
Q:nicolas->nicola
D:nicola->nicola
D:nicolae->nicola
D:nicolaes->nicola
D:nicolaism->nicola
D:nicolaity->nicola
D:nicolas->nicola
D:cage->cage
D:caged->cage
D:cageds->cage
D:cagee->cage
D:cagees->cage
D:cageful->cage
D:cageing->cage
D:cagely->cage
D:cages->cage
D:caging->cage
D:cagings->cage
Q:movies->movi
D:movi->movi
D:movie->movi
D:movied->movi
D:movieds->movi
D:movieing->movi
D:movieings->movi
D:moviely->movi
D:movieness->movi
D:movies->movi
D:moviing->movi
D:movis->movi
D:movy->movi
D:movying->movi
D:movys->movi
<query> nicolas cage movies</query><numhits>10</numhits><time>1846</time>
</ATIREsearch>
<ATIREsearch>
Q:kids->kid
D:kid->kid
D:kidded->kid
D:kidding->kid
D:kiddingly->kid
D:kiddings->kid
D:kidli->kid
D:kidlies->kid
D:kidly->kid
D:kidness->kid
D:kids->kid
D:earth->earth
D:earthe->earth
D:earthed->earth
D:earthely->earth
D:earthes->earth
D:earthful->earth
D:earthfully->earth
D:earthing->earth
D:earthings->earth
D:earthli->earth
D:earthlies->earth
D:earthliing->earth
D:earthly->earth
D:earthlys->earth
D:earthness->earth
D:earths->earth
D:day->day
D:daye->day
D:dayed->day
D:dayeds->day
D:dayeli->day
D:dayely->day
D:dayes->day
D:dayful->day
D:daying->day
D:dayness->day
D:days->day
Q:activities->activ
D:activ->activ
D:activable->activ
D:activables->activ
D:actival->activ
D:activally->activ
D:activance->activ
D:activant->activ
D:activanting->activ
D:activants->activ
D:activate->activ
D:activated->activ
D:activateds->activ
D:activateing->activ
D:activately->activ
D:activates->activ
D:activating->activ
D:activatings->activ
D:activation->activ
D:activational->activ
D:activationed->activ
D:activations->activ
D:activative->activ
D:activatives->activ
D:activator->activ
D:activators->activ
D:active->activ
D:activeabilities->activ
D:activeal->activ
D:activeate->activ
D:activeated->activ
D:activeates->activ
D:activeation->activ
D:actived->activ
D:activeds->activ
D:activeer->activ
D:activeities->activ
D:activeity->activ
D:activeive->activ
D:activeli->activ
D:actively->activ
D:activement->activ
D:activeness->activ
D:activenesses->activ
D:activent->activ
D:activer->activ
D:activered->activ
D:activering->activ
D:activerings->activ
D:activerly->activ
D:actives->activ
D:activic->activ
D:activicates->activ
D:activications->activ
D:activicity->activ
D:activing->activ
D:activingly->activ
D:activism->activ
D:activisming->activ
D:activisms->activ
D:activiti->activ
D:activitied->activ
D:activities->activ
D:activitiness->activ
D:activitis->activ
D:activity->activ
D:activityed->activ
D:activitying->activ
D:activitys->activ
D:activive->activ
D:activively->activ
D:activives->activ
D:activivities->activ
D:activivity->activ
D:activization->activ
D:activize->activ
D:activized->activ
D:activizer->activ
D:activizing->activ
D:activness->activ
D:activs->activ
<query> kids earth day activities</query><numhits>10</numhits><time>3719</time>
</ATIREsearch>
<ATIREsearch>
D:solar->solar
D:solarance->solar
D:solarant->solar
D:solarate->solar
D:solarator->solar
D:solare->solar
D:solared->solar
D:solarer->solar
D:solares->solar
D:solaric->solar
D:solaricity->solar
D:solarics->solar
D:solaring->solar
D:solarism->solar
D:solarismed->solar
D:solarisms->solar
D:solariti->solar
D:solaritis->solar
D:solarity->solar
D:solarization->solar
D:solarizations->solar
D:solarize->solar
D:solarized->solar
D:solarizer->solar
D:solarizes->solar
D:solarizing->solar
D:solarly->solar
D:solarous->solar
D:solars->solar
D:water->water
D:waterable->water
D:wateral->water
D:waterant->water
D:waterate->water
D:waterative->water
D:watere->water
D:watered->water
D:watereds->water
D:watereing->water
D:waterent->water
D:waterer->water
D:waterered->water
D:waterering->water
D:waterers->water
D:wateres->water
D:waterful->water
D:waterfuls->water
D:waterical->water
D:watering->water
D:wateringly->water
D:waterings->water
D:waterism->water
D:wateritis->water
D:waterive->water
D:waterization->water
D:waterize->water
D:waterized->water
D:waterli->water
D:waterlies->water
D:waterlis->water
D:waterly->water
D:waterment->water
D:waterness->water
D:waterous->water
D:waterousness->water
D:waterred->water
D:waterring->water
D:waters->water
Q:fountains->fountain
D:fountain->fountain
D:fountainal->fountain
D:fountaine->fountain
D:fountained->fountain
D:fountaineer->fountain
D:fountaineering->fountain
D:fountaineers->fountain
D:fountainer->fountain
D:fountainers->fountain
D:fountaines->fountain
D:fountaining->fountain
D:fountainizing->fountain
D:fountainli->fountain
D:fountainous->fountain
D:fountains->fountain
<query> solar water fountains</query><numhits>10</numhits><time>1659</time>
</ATIREsearch>
<ATIREsearch>
D:what->what
D:whatlies->what
D:whatly->what
D:whatness->what
D:whatnesses->what
D:whats->what
D:whatted->what
D:whatting->what
D:was->was
D:wasfully->was
D:wasness->was
D:the->the
D:theing->the
D:theings->the
D:name->name
D:named->name
D:namedly->name
D:nameds->name
D:namee->name
D:nameed->name
D:namees->name
D:nameful->name
D:namefully->name
D:nameing->name
D:nameings->name
D:nameli->name
D:namelis->name
D:namely->name
D:nameness->name
D:names->name
D:naming->name
D:namingly->name
D:namings->name
D:of->of
D:offed->of
D:offedly->of
D:offeds->of
D:offing->of
D:offings->of
D:offul->of
D:offully->of
D:ofness->of
D:ofnesses->of
D:ofs->of
Q:elvis->elvi
D:elvi->elvi
D:elvie->elvi
D:elvies->elvi
D:elvis->elvi
D:elvy->elvi
D:elvys->elvi
D:presley->presley
D:presleyism->presley
D:presleys->presley
D:s->s
D:home->home
D:homed->home
D:homeds->home
D:homee->home
D:homeed->home
D:homees->home
D:homeful->home
D:homefully->home
D:homefulness->home
D:homeing->home
D:homeings->home
D:homeli->home
D:homelies->home
D:homely->home
D:homelys->home
D:homeness->home
D:homes->home
D:homing->home
D:homings->home
<query> what was the name of elvis presley s home</query><numhits>10</numhits><time>17086</time>
</ATIREsearch>
<ATIREsearch>
D:nba->nba
D:nbaed->nba
Q:records->record
D:record->record
D:recordability->record
D:recordable->record
D:recordables->record
D:recordably->record
D:recordal->record
D:recordality->record
D:recordals->record
D:recordance->record
D:recordant->record
D:recordate->record
D:recordation->record
D:recordations->record
D:recordded->record
D:recordding->record
D:recorde->record
D:recordeal->record
D:recordeals->record
D:recorded->record
D:recordeds->record
D:recordeer->record
D:recordeing->record
D:recordeli->record
D:recorder->record
D:recordered->record
D:recordering->record
D:recorders->record
D:recordes->record
D:recordic->record
D:recordical->record
D:recording->record
D:recordingly->record
D:recordings->record
D:recorditis->record
D:recordivity->record
D:recordization->record
D:recordized->record
D:recordly->record
D:recordment->record
D:recordness->record
D:recordous->record
D:records->record
<query> nba records</query><numhits>10</numhits><time>1278</time>
</ATIREsearch>
<ATIREsearch>
Q:electoral->elector
D:elector->elector
D:electoral->elector
D:electoralism->elector
D:electorality->elector
D:electorally->elector
D:electorals->elector
D:electorate->elector
D:electorates->elector
D:electore->elector
D:electored->elector
D:electores->elector
D:electoric->elector
D:electorical->elector
D:electoricity->elector
D:electorics->elector
D:electorism->elector
D:electors->elector
Q:college->colleg
D:colleg->colleg
D:collegal->colleg
D:collegalli->colleg
D:collegant->colleg
D:collegate->colleg
D:collegation->colleg
D:collegative->colleg
D:college->colleg
D:collegeal->colleg
D:collegeality->colleg
D:collegeant->colleg
D:collegeate->colleg
D:collegeated->colleg
D:colleged->colleg
D:collegeds->colleg
D:collegeic->colleg
D:collegeing->colleg
D:collegeness->colleg
D:collegent->colleg
D:collegently->colleg
D:collegeous->colleg
D:colleger->colleg
D:collegerings->colleg
D:collegers->colleg
D:colleges->colleg
D:collegic->colleg
D:colleging->colleg
D:collegous->colleg
D:collegs->colleg
Q:results->result
D:result->result
D:resultable->result
D:resultables->result
D:resultance->result
D:resultancy->result
D:resultant->result
D:resultanting->result
D:resultantly->result
D:resultants->result
D:resultate->result
D:resultated->result
D:resultates->result
D:resultating->result
D:resultation->result
D:resultations->result
D:resultative->result
D:resultativeness->result
D:resultatives->result
D:resultativity->result
D:resulte->result
D:resulted->result
D:resultedly->result
D:resulteds->result
D:resultent->result
D:resulter->result
D:resultes->result
D:resultful->result
D:resultfulness->result
D:resultic->result
D:resultics->result
D:resulting->result
D:resultingly->result
D:resultings->result
D:resultion->result
D:resultions->result
D:resultive->result
D:resultively->result
D:resultlis->result
D:resultly->result
D:resultness->result
D:results->result
D:resultted->result
D:resultting->result
<query> electoral college 2008 results</query><numhits>10</numhits><time>3124</time>
</ATIREsearch>
<ATIREsearch>
D:male->male
D:maled->male
D:malee->male
D:maleed->male
D:malees->male
D:maleful->male
D:maleing->male
D:maleli->male
D:malely->male
D:maleness->male
D:malenesses->male
D:males->male
D:maling->male
D:malingly->male
D:malings->male
Q:menopause->menopaus
D:menopaus->menopaus
D:menopausal->menopaus
D:menopausally->menopaus
D:menopausalness->menopaus
D:menopausals->menopaus
D:menopause->menopaus
D:menopauseal->menopaus
D:menopaused->menopaus
D:menopauser->menopaus
D:menopausers->menopaus
D:menopauses->menopaus
D:menopausic->menopaus
D:menopausical->menopaus
D:menopausing->menopaus
<query> male menopause</query><numhits>10</numhits><time>1406</time>
</ATIREsearch>
<ATIREsearch>
D:usda->usda
D:usdaed->usda
D:usdas->usda
D:food->food
D:foode->food
D:fooded->food
D:foodes->food
D:foodful->food
D:fooding->food
D:foodings->food
D:foodlies->food
D:foodly->food
D:foodness->food
D:foods->food
D:pyramid->pyramid
D:pyramidal->pyramid
D:pyramidalism->pyramid
D:pyramidality->pyramid
D:pyramidalization->pyramid
D:pyramidalizations->pyramid
D:pyramidalized->pyramid
D:pyramidallis->pyramid
D:pyramidally->pyramid
D:pyramidals->pyramid
D:pyramidded->pyramid
D:pyramide->pyramid
D:pyramided->pyramid
D:pyramident->pyramid
D:pyramider->pyramid
D:pyramiders->pyramid
D:pyramides->pyramid
D:pyramidic->pyramid
D:pyramidical->pyramid
D:pyramidically->pyramid
D:pyramiding->pyramid
D:pyramidings->pyramid
D:pyramidism->pyramid
D:pyramidization->pyramid
D:pyramidize->pyramid
D:pyramidized->pyramid
D:pyramids->pyramid
<query> usda food pyramid</query><numhits>10</numhits><time>1231</time>
</ATIREsearch>
<ATIREsearch>
Q:making->make
D:make->make
D:maked->make
D:makedly->make
D:makeds->make
D:makee->make
D:makeed->make
D:makeeli->make
D:makeely->make
D:makees->make
D:makeing->make
D:makeings->make
D:makeli->make
D:makelis->make
D:makely->make
D:makeness->make
D:makes->make
D:making->make
D:makingly->make
D:makings->make
D:chicken->chicken
D:chickenability->chicken
D:chickenal->chicken
D:chickenant->chicken
D:chickenator->chicken
D:chickenators->chicken
D:chickene->chicken
D:chickened->chicken
D:chickeneer->chicken
D:chickeneers->chicken
D:chickeneing->chicken
D:chickener->chicken
D:chickeners->chicken
D:chickening->chicken
D:chickenism->chicken
D:chickenitis->chicken
D:chickenity->chicken
D:chickenization->chicken
D:chickenize->chicken
D:chickenized->chicken
D:chickenizing->chicken
D:chickenly->chicken
D:chickenness->chicken
D:chickens->chicken
D:soup->soup
D:soupe->soup
D:souped->soup
D:soupes->soup
D:soupful->soup
D:souping->soup
D:soupness->soup
D:soupped->soup
D:soupping->soup
D:soups->soup
D:from->from
D:fromly->from
D:fromlying->from
D:fromming->from
D:froms->from
D:scratch->scratch
D:scratche->scratch
D:scratched->scratch
D:scratcheing->scratch
D:scratches->scratch
D:scratching->scratch
D:scratchingly->scratch
D:scratchings->scratch
D:scratchli->scratch
D:scratchness->scratch
D:scratchnesses->scratch
D:scratchs->scratch
<query> making chicken soup from scratch</query><numhits>10</numhits><time>5624</time>
</ATIREsearch>
<ATIREsearch>
D:black->black
D:blacke->black
D:blacked->black
D:blackeds->black
D:blackely->black
D:blackeness->black
D:blackes->black
D:blackful->black
D:blackfully->black
D:blacking->black
D:blackingly->black
D:blackings->black
D:blackli->black
D:blacklies->black
D:blacklis->black
D:blackly->black
D:blacklying->black
D:blacklys->black
D:blackness->black
D:blacknesses->black
D:blacks->black
D:and->and
D:andded->and
D:andding->and
D:ande->and
D:anded->and
D:andedly->and
D:andeli->and
D:andelis->and
D:andely->and
D:andelys->and
D:andful->and
D:andfully->and
D:anding->and
D:andings->and
D:andli->and
D:andlies->and
D:andly->and
D:andness->and
D:ands->and
D:gold->gold
D:goldding->gold
D:golde->gold
D:golded->gold
D:goldeings->gold
D:goldeli->gold
D:goldeness->gold
D:goldes->gold
D:goldful->gold
D:golding->gold
D:goldings->gold
D:goldli->gold
D:goldlies->gold
D:goldlis->gold
D:goldly->gold
D:goldlys->gold
D:goldness->gold
D:golds->gold
<query> black and gold</query><numhits>10</numhits><time>5092</time>
</ATIREsearch>
<ATIREsearch>
Q:traverse->travers
D:traversability->travers
D:traversable->travers
D:traversables->travers
D:traversal->travers
D:traversally->travers
D:traversals->travers
D:traversant->travers
D:traversate->travers
D:traverse->travers
D:traverseable->travers
D:traversed->travers
D:traverseing->travers
D:traversely->travers
D:traversement->travers
D:traversements->travers
D:traversent->travers
D:traverser->travers
D:traversers->travers
D:traverses->travers
D:traversibility->travers
D:traversible->travers
D:traversing->travers
D:traversings->travers
D:traversion->travers
D:traversity->travers
Q:city->citi
D:citi->citi
D:citie->citi
D:citied->citi
D:cities->citi
D:citiing->citi
D:citiings->citi
D:citiness->citi
D:citis->citi
D:city->citi
D:cityed->citi
D:cityeds->citi
D:citying->citi
D:citys->citi
<query> traverse city</query><numhits>10</numhits><time>1317</time>
</ATIREsearch>
<ATIREsearch>
D:i->i
D:will->will
D:wille->will
D:willed->will
D:willeful->will
D:willes->will
D:willful->will
D:willfully->will
D:willfulness->will
D:willfulnesses->will
D:willfuls->will
D:willing->will
D:willingly->will
D:willings->will
D:willness->will
D:wills->will
Q:survive->surviv
D:surviv->surviv
D:survivability->surviv
D:survivable->surviv
D:survivables->surviv
D:survivably->surviv
D:survival->surviv
D:survivaled->surviv
D:survivaling->surviv
D:survivalism->surviv
D:survivalitis->surviv
D:survivality->surviv
D:survivals->surviv
D:survivance->surviv
D:survivances->surviv
D:survivancy->surviv
D:survivant->surviv
D:survivants->surviv
D:survive->surviv
D:surviveability->surviv
D:surviveable->surviv
D:surviveal->surviv
D:survived->surviv
D:surviveence->surviv
D:surviveer->surviv
D:surviveing->surviv
D:survivency->surviv
D:survivent->surviv
D:surviver->surviv
D:survivered->surviv
D:survivers->surviv
D:survives->surviv
D:survivibility->surviv
D:surviving->surviv
Q:lyrics->lyric
D:lyric->lyric
D:lyrical->lyric
D:lyricality->lyric
D:lyricalizer->lyric
D:lyricallies->lyric
D:lyrically->lyric
D:lyricalness->lyric
D:lyricalnesses->lyric
D:lyricals->lyric
D:lyrication->lyric
D:lyricator->lyric
D:lyrice->lyric
D:lyriced->lyric
D:lyricer->lyric
D:lyricers->lyric
D:lyrices->lyric
D:lyricful->lyric
D:lyricing->lyric
D:lyricings->lyric
D:lyricism->lyric
D:lyricisms->lyric
D:lyricity->lyric
D:lyricization->lyric
D:lyricize->lyric
D:lyricized->lyric
D:lyricizes->lyric
D:lyricizing->lyric
D:lyricly->lyric
D:lyricness->lyric
D:lyrics->lyric
<query> i will survive lyrics</query><numhits>10</numhits><time>4714</time>
</ATIREsearch>
<ATIREsearch>
D:hawaiian->hawaiian
D:hawaiianation->hawaiian
D:hawaiianer->hawaiian
D:hawaiianers->hawaiian
D:hawaiianism->hawaiian
D:hawaiianization->hawaiian
D:hawaiianize->hawaiian
D:hawaiianized->hawaiian
D:hawaiianly->hawaiian
D:hawaiianness->hawaiian
D:hawaiians->hawaiian
D:volcano->volcano
D:volcanoe->volcano
D:volcanoed->volcano
D:volcanoes->volcano
D:volcanoic->volcano
D:volcanoism->volcano
D:volcanos->volcano
Q:observatories->observatori
D:observatori->observatori
D:observatorial->observatori
D:observatorie->observatori
D:observatories->observatori
D:observatoris->observatori
D:observatory->observatori
D:observatorys->observatori
<query> hawaiian volcano observatories</query><numhits>10</numhits><time>908</time>
</ATIREsearch>
<ATIREsearch>
D:beef->beef
D:beefe->beef
D:beefed->beef
D:beefing->beef
D:beefingly->beef
D:beefness->beef
D:beefs->beef
D:stroganoff->stroganoff
D:stroganoffs->stroganoff
Q:recipe->recip
D:recip->recip
D:recipal->recip
D:recipals->recip
D:recipants->recip
D:recipator->recip
D:recipe->recip
D:recipeant->recip
D:recipeants->recip
D:reciped->recip
D:recipeds->recip
D:recipeer->recip
D:recipeiced->recip
D:recipeicing->recip
D:recipely->recip
D:recipent->recip
D:recipents->recip
D:reciper->recip
D:recipers->recip
D:recipes->recip
D:recipical->recip
D:recipicate->recip
D:recipicates->recip
D:recipicating->recip
D:recipics->recip
D:reciping->recip
D:recips->recip
<query> beef stroganoff recipe</query><numhits>10</numhits><time>1972</time>
</ATIREsearch>
<ATIREsearch>
D:world->world
D:worlde->world
D:worlded->world
D:worldeli->world
D:worldely->world
D:worldes->world
D:worldful->world
D:worlding->world
D:worldings->world
D:worldli->world
D:worldlies->world
D:worldly->world
D:worldlys->world
D:worldness->world
D:worlds->world
D:s->s
D:biggest->biggest
D:biggestal->biggest
D:biggested->biggest
D:biggesting->biggest
D:biggestly->biggest
D:biggestness->biggest
D:biggests->biggest
D:dog->dog
D:dogful->dog
D:dogged->dog
D:doggedly->dog
D:doggeds->dog
D:dogging->dog
D:doggingly->dog
D:dogli->dog
D:dogly->dog
D:dogness->dog
D:dogs->dog
<query> world s biggest dog</query><numhits>10</numhits><time>4595</time>
</ATIREsearch>
<ATIREsearch>
D:what->what
D:whatlies->what
D:whatly->what
D:whatness->what
D:whatnesses->what
D:whats->what
D:whatted->what
D:whatting->what
D:are->are
D:ared->are
D:areds->are
D:aree->are
D:areed->are
D:areeing->are
D:arees->are
D:areful->are
D:arefully->are
D:areing->are
D:areings->are
D:areli->are
D:arelies->are
D:arelis->are
D:arely->are
D:arelying->are
D:arelys->are
D:areness->are
D:ares->are
D:aring->are
D:aringly->are
D:arings->are
D:the->the
D:theing->the
D:theings->the
D:seven->seven
D:sevenal->seven
D:sevenality->seven
D:sevenant->seven
D:sevenants->seven
D:sevenate->seven
D:sevenation->seven
D:sevenator->seven
D:sevene->seven
D:seveneant->seven
D:sevened->seven
D:seveneer->seven
D:sevener->seven
D:seveners->seven
D:sevenes->seven
D:sevenic->seven
D:sevening->seven
D:sevenism->seven
D:seveniti->seven
D:sevenities->seven
D:sevenity->seven
D:sevenize->seven
D:sevenlies->seven
D:sevenly->seven
D:sevenness->seven
D:sevenning->seven
D:sevens->seven
Q:deadly->dead
D:dead->dead
D:deadding->dead
D:deade->dead
D:deaded->dead
D:deadely->dead
D:deades->dead
D:deadful->dead
D:deadfully->dead
D:deadfulness->dead
D:deadfuls->dead
D:deading->dead
D:deadingly->dead
D:deadings->dead
D:deadli->dead
D:deadlies->dead
D:deadly->dead
D:deadlying->dead
D:deadlys->dead
D:deadness->dead
D:deadnesses->dead
D:deads->dead
Q:sins->sin
D:sin->sin
D:sinful->sin
D:sinfullies->sin
D:sinfully->sin
D:sinfulness->sin
D:sinfuls->sin
D:sinli->sin
D:sinlis->sin
D:sinly->sin
D:sinned->sin
D:sinness->sin
D:sinning->sin
D:sinningly->sin
D:sinnings->sin
D:sins->sin
<query> what are the seven deadly sins</query><numhits>10</numhits><time>9948</time>
</ATIREsearch>
<ATIREsearch>
Q:hurricane->hurrican
D:hurrican->hurrican
D:hurricanation->hurrican
D:hurricane->hurrican
D:hurricaneally->hurrican
D:hurricaned->hurrican
D:hurricaner->hurrican
D:hurricanered->hurrican
D:hurricanes->hurrican
D:hurricanic->hurrican
D:hurricaning->hurrican
D:hurricanizing->hurrican
D:hurricans->hurrican
Q:irene->iren
D:iren->iren
D:irenable->iren
D:irene->iren
D:irened->iren
D:ireneic->iren
D:ireneing->iren
D:ireneism->iren
D:irenelis->iren
D:irener->iren
D:ireners->iren
D:irenes->iren
D:irenic->iren
D:irenical->iren
D:irenicality->iren
D:irenically->iren
D:irenics->iren
D:irening->iren
D:irenism->iren
D:irens->iren
Q:flooding->flood
D:flood->flood
D:floodded->flood
D:floodding->flood
D:floode->flood
D:flooded->flood
D:floodeds->flood
D:floodes->flood
D:flooding->flood
D:floodings->flood
D:floodli->flood
D:floods->flood
D:in->in
D:inful->in
D:infully->in
D:inli->in
D:inlied->in
D:inlies->in
D:inlis->in
D:inly->in
D:inlyed->in
D:inlying->in
D:inlys->in
D:inned->in
D:inness->in
D:innesses->in
D:ins->in
Q:manville->manvill
D:manville->manvill
D:manvilles->manvill
D:nj->nj
<query> hurricane irene flooding in manville nj</query><numhits>10</numhits><time>5245</time>
</ATIREsearch>
<ATIREsearch>
D:hair->hair
D:haire->hair
D:haired->hair
D:haireds->hair
D:haires->hair
D:hairful->hair
D:hairing->hair
D:hairings->hair
D:hairli->hair
D:hairly->hair
D:hairness->hair
D:hairred->hair
D:hairrings->hair
D:hairs->hair
D:dye->dye
D:dyeing->dye
D:dyeings->dye
D:dyes->dye
<query> hair dye</query><numhits>10</numhits><time>875</time>
</ATIREsearch>
<ATIREsearch>
D:dark->dark
D:darke->dark
D:darked->dark
D:darkeing->dark
D:darkely->dark
D:darkelys->dark
D:darkeness->dark
D:darkes->dark
D:darkful->dark
D:darking->dark
D:darkings->dark
D:darkli->dark
D:darklies->dark
D:darklis->dark
D:darkly->dark
D:darklys->dark
D:darkness->dark
D:darknessed->dark
D:darknesses->dark
D:darks->dark
Q:chocolate->chocol
D:chocol->chocol
D:chocolant->chocol
D:chocolate->chocol
D:chocolated->chocol
D:chocolately->chocol
D:chocolatelying->chocol
D:chocolateness->chocol
D:chocolates->chocol
D:chocolating->chocol
D:chocolation->chocol
D:chocolations->chocol
D:chocole->chocol
D:chocoler->chocol
D:chocoles->chocol
D:chocolic->chocol
D:chocolics->chocol
D:chocolity->chocol
D:chocolive->chocol
D:chocolized->chocol
D:chocolizing->chocol
D:chocoll->chocol
D:chocollate->chocol
D:chocollates->chocol
D:health->health
D:healthe->health
D:healthed->health
D:healthely->health
D:healthful->health
D:healthfully->health
D:healthfulness->health
D:healthfulnesses->health
D:healthing->health
D:healthly->health
D:healthness->health
D:healths->health
Q:benefits->benefit
D:benefit->benefit
D:benefitable->benefit
D:benefital->benefit
D:benefite->benefit
D:benefited->benefit
D:benefiteds->benefit
D:benefitent->benefit
D:benefiter->benefit
D:benefiters->benefit
D:benefites->benefit
D:benefitful->benefit
D:benefitic->benefit
D:benefitical->benefit
D:benefiting->benefit
D:benefitional->benefit
D:benefitism->benefit
D:benefitive->benefit
D:benefitized->benefit
D:benefitness->benefit
D:benefits->benefit
D:benefitted->benefit
D:benefitting->benefit
<query> dark chocolate health benefits</query><numhits>10</numhits><time>3129</time>
</ATIREsearch>
<ATIREsearch>
D:ham->ham
D:hamful->ham
D:hamfully->ham
D:hamfulness->ham
D:hamli->ham
D:hamlis->ham
D:hamly->ham
D:hammed->ham
D:hamming->ham
D:hammings->ham
D:hamness->ham
D:hams->ham
D:radio->radio
D:radioe->radio
D:radioed->radio
D:radioes->radio
D:radioing->radio
D:radioness->radio
D:radios->radio
<query> ham radio</query><numhits>10</numhits><time>1109</time>
</ATIREsearch>
<ATIREsearch>
Q:symptoms->symptom
D:symptom->symptom
D:symptomal->symptom
D:symptomate->symptom
D:symptomates->symptom
D:symptomative->symptom
D:symptome->symptom
D:symptomed->symptom
D:symptomeering->symptom
D:symptomer->symptom
D:symptomes->symptom
D:symptomic->symptom
D:symptomization->symptom
D:symptomize->symptom
D:symptomized->symptom
D:symptomizes->symptom
D:symptomizing->symptom
D:symptoms->symptom
D:of->of
D:offed->of
D:offedly->of
D:offeds->of
D:offing->of
D:offings->of
D:offul->of
D:offully->of
D:ofness->of
D:ofnesses->of
D:ofs->of
D:mad->mad
D:madded->mad
D:maddeds->mad
D:madding->mad
D:maddingly->mad
D:maddings->mad
D:madful->mad
D:madli->mad
D:madlis->mad
D:madly->mad
D:madlys->mad
D:madness->mad
D:madnesses->mad
D:madnessing->mad
D:mads->mad
D:cow->cow
D:cowe->cow
D:cowed->cow
D:cowedly->cow
D:cowely->cow
D:cowes->cow
D:cowful->cow
D:cowing->cow
D:cowings->cow
D:cowness->cow
D:cows->cow
Q:disease->diseas
D:disease->diseas
D:diseased->diseas
D:diseasedly->diseas
D:diseaseer->diseas
D:diseaseful->diseas
D:diseasement->diseas
D:diseaseous->diseas
D:diseaser->diseas
D:diseasers->diseas
D:diseases->diseas
D:diseasic->diseas
D:diseasing->diseas
D:diseasion->diseas
D:diseasism->diseas
D:in->in
D:inful->in
D:infully->in
D:inli->in
D:inlied->in
D:inlies->in
D:inlis->in
D:inly->in
D:inlyed->in
D:inlying->in
D:inlys->in
D:inned->in
D:inness->in
D:innesses->in
D:ins->in
Q:humans->human
D:human->human
D:humanability->human
D:humanable->human
D:humanal->human
D:humanalities->human
D:humanality->human
D:humanate->human
D:humanated->human
D:humanation->human
D:humanator->human
D:humane->human
D:humaneating->human
D:humaned->human
D:humaneered->human
D:humaneering->human
D:humaneity->human
D:humanely->human
D:humaneness->human
D:humanenesses->human
D:humaner->human
D:humaners->human
D:humanes->human
D:humanful->human
D:humanic->human
D:humanical->human
D:humanicity->human
D:humanics->human
D:humaning->human
D:humanism->human
D:humanisms->human
D:humaniti->human
D:humanities->human
D:humanitis->human
D:humanity->human
D:humanitys->human
D:humanive->human
D:humanization->human
D:humanizations->human
D:humanize->human
D:humanized->human
D:humanizer->human
D:humanizers->human
D:humanizes->human
D:humanizing->human
D:humanizingly->human
D:humanizings->human
D:humanlies->human
D:humanly->human
D:humanness->human
D:humannesses->human
D:humanous->human
D:humanously->human
D:humans->human
<query> symptoms of mad cow disease in humans</query><numhits>10</numhits><time>9816</time>
</ATIREsearch>
<ATIREsearch>
D:lump->lump
D:lumpe->lump
D:lumped->lump
D:lumpes->lump
D:lumpful->lump
D:lumpfuls->lump
D:lumping->lump
D:lumpingly->lump
D:lumpings->lump
D:lumpped->lump
D:lumps->lump
D:in->in
D:inful->in
D:infully->in
D:inli->in
D:inlied->in
D:inlies->in
D:inlis->in
D:inly->in
D:inlyed->in
D:inlying->in
D:inlys->in
D:inned->in
D:inness->in
D:innesses->in
D:ins->in
D:throat->throat
D:throate->throat
D:throated->throat
D:throatedly->throat
D:throateds->throat
D:throates->throat
D:throatful->throat
D:throatfuls->throat
D:throating->throat
D:throatness->throat
D:throats->throat
<query> lump in throat</query><numhits>10</numhits><time>4264</time>
</ATIREsearch>
<ATIREsearch>
Q:george->georg
D:georg->georg
D:george->georg
D:georged->georg
D:georgeds->georg
D:georgeli->georg
D:georgelis->georg
D:georgely->georg
D:georgeness->georg
D:georges->georg
D:georging->georg
D:georgli->georg
D:georglis->georg
D:georgly->georg
D:georgs->georg
D:bush->bush
D:bushe->bush
D:bushed->bush
D:bushedly->bush
D:busheds->bush
D:bushely->bush
D:bushes->bush
D:bushful->bush
D:bushing->bush
D:bushingly->bush
D:bushings->bush
D:bushli->bush
D:bushlied->bush
D:bushlies->bush
D:bushly->bush
D:bushness->bush
D:bushs->bush
D:sr->sr
D:bio->bio
D:bioed->bio
D:bioing->bio
D:bios->bio
<query> george bush sr bio</query><numhits>10</numhits><time>1786</time>
</ATIREsearch>
<ATIREsearch>
D:frank->frank
D:franke->frank
D:franked->frank
D:frankeful->frank
D:frankely->frank
D:frankes->frank
D:frankful->frank
D:frankfully->frank
D:franking->frank
D:frankingly->frank
D:frankings->frank
D:frankli->frank
D:franklis->frank
D:frankly->frank
D:franklys->frank
D:frankness->frank
D:franks->frank
D:lloyd->lloyd
D:lloyde->lloyd
D:lloyded->lloyd
D:lloydes->lloyd
D:lloyding->lloyd
D:lloyds->lloyd
D:wright->wright
D:wrighte->wright
D:wrighted->wright
D:wrightful->wright
D:wrighting->wright
D:wrightings->wright
D:wrightly->wright
D:wrightness->wright
D:wrights->wright
D:wrightting->wright
Q:biography->biographi
D:biographi->biographi
D:biographial->biographi
D:biographie->biographi
D:biographied->biographi
D:biographies->biographi
D:biographis->biographi
D:biography->biographi
D:biographying->biographi
D:biographys->biographi
<query> frank lloyd wright biography</query><numhits>10</numhits><time>1344</time>
</ATIREsearch>
<ATIREsearch>
Q:presidential->presidenti
D:presidenti->presidenti
D:presidentiable->presidenti
D:presidentiables->presidenti
D:presidential->presidenti
D:presidentialed->presidenti
D:presidentialism->presidenti
D:presidentiality->presidenti
D:presidentialization->presidenti
D:presidentialized->presidenti
D:presidentializing->presidenti
D:presidentially->presidenti
D:presidentialness->presidenti
D:presidentials->presidenti
D:presidentie->presidenti
D:presidentieal->presidenti
D:presidentied->presidenti
D:presidentiing->presidenti
D:presidentious->presidenti
D:presidentis->presidenti
D:presidenty->presidenti
D:presidentys->presidenti
Q:middle->middl
D:middl->middl
D:middle->middl
D:middled->middl
D:middleness->middl
D:middles->middl
D:middling->middl
D:middlingly->middl
D:middlings->middl
D:middls->middl
Q:names->name
D:name->name
D:named->name
D:namedly->name
D:nameds->name
D:namee->name
D:nameed->name
D:namees->name
D:nameful->name
D:namefully->name
D:nameing->name
D:nameings->name
D:nameli->name
D:namelis->name
D:namely->name
D:nameness->name
D:names->name
D:naming->name
D:namingly->name
D:namings->name
<query> presidential middle names</query><numhits>10</numhits><time>2449</time>
</ATIREsearch>
<ATIREsearch>
D:what->what
D:whatlies->what
D:whatly->what
D:whatness->what
D:whatnesses->what
D:whats->what
D:whatted->what
D:whatting->what
D:is->is
D:isful->is
D:isfully->is
D:isness->is
D:a->a
D:wiki->wiki
D:wikie->wiki
D:wikied->wiki
D:wikies->wiki
D:wikiful->wiki
D:wikiing->wiki
D:wikiness->wiki
D:wikis->wiki
D:wiky->wiki
D:wikying->wiki
<query> what is a wiki</query><numhits>10</numhits><time>7497</time>
</ATIREsearch>
<ATIREsearch>
D:cannellini->cannellini
D:cannellinis->cannellini
Q:beans->bean
D:bean->bean
D:beane->bean
D:beaned->bean
D:beanes->bean
D:beanful->bean
D:beaning->bean
D:beanings->bean
D:beanly->bean
D:beanned->bean
D:beanning->bean
D:beans->bean
<query> cannellini beans</query><numhits>10</numhits><time>1195</time>
</ATIREsearch>
<ATIREsearch>
D:afghanistan->afghanistan
D:afghanistanes->afghanistan
D:afghanistanism->afghanistan
D:afghanistanization->afghanistan
D:afghanistans->afghanistan
D:flag->flag
D:flagged->flag
D:flaggeds->flag
D:flagging->flag
D:flaggingly->flag
D:flaggings->flag
D:flagly->flag
D:flagness->flag
D:flags->flag
<query> afghanistan flag</query><numhits>10</numhits><time>700</time>
</ATIREsearch>
<ATIREsearch>
D:old->old
D:olde->old
D:olded->old
D:oldeness->old
D:oldes->old
D:oldful->old
D:olding->old
D:oldings->old
D:oldly->old
D:oldness->old
D:oldnesses->old
D:olds->old
D:town->town
D:towne->town
D:towned->town
D:townely->town
D:townes->town
D:townful->town
D:towning->town
D:townli->town
D:townly->town
D:townness->town
D:towns->town
Q:scottsdale->scottsdal
D:scottsdal->scottsdal
D:scottsdale->scottsdal
D:scottsdaled->scottsdal
D:scottsdaleds->scottsdal
D:scottsdales->scottsdal
D:scottsdalls->scottsdal
D:scottsdals->scottsdal
<query> old town scottsdale</query><numhits>10</numhits><time>1585</time>
</ATIREsearch>
<ATIREsearch>
D:roosevelt->roosevelt
D:roosevelte->roosevelt
D:roosevelts->roosevelt
D:island->island
D:islandable->island
D:islandal->island
D:islande->island
D:islanded->island
D:islandeds->island
D:islandeer->island
D:islander->island
D:islanderness->island
D:islanders->island
D:islandes->island
D:islandic->island
D:islandicing->island
D:islandics->island
D:islanding->island
D:islandism->island
D:islandive->island
D:islandization->island
D:islandized->island
D:islandness->island
D:islands->island
<query> roosevelt island</query><numhits>10</numhits><time>991</time>
</ATIREsearch>
<ATIREsearch>
D:civil->civil
D:civilally->civil
D:civilation->civil
D:civilations->civil
D:civile->civil
D:civiled->civil
D:civilement->civil
D:civiler->civil
D:civiles->civil
D:civilication->civil
D:civiliced->civil
D:civiling->civil
D:civilism->civil
D:civilities->civil
D:civilitis->civil
D:civility->civil
D:civilitys->civil
D:civilization->civil
D:civilizations->civil
D:civilize->civil
D:civilized->civil
D:civilizedly->civil
D:civilizer->civil
D:civilizers->civil
D:civilizes->civil
D:civilizing->civil
D:civill->civil
D:civiller->civil
D:civillity->civil
D:civillization->civil
D:civillizations->civil
D:civillized->civil
D:civilness->civil
D:civils->civil
D:war->war
D:warful->war
D:warfully->war
D:warli->war
D:warlied->war
D:warlies->war
D:warlis->war
D:warly->war
D:warlys->war
D:warness->war
D:warred->war
D:warreds->war
D:warring->war
D:warringly->war
D:warrings->war
D:wars->war
Q:battles->battl
D:battl->battl
D:battle->battl
D:battled->battl
D:battleful->battl
D:battleing->battl
D:battleness->battl
D:battles->battl
D:battling->battl
D:battlings->battl
D:battls->battl
D:in->in
D:inful->in
D:infully->in
D:inli->in
D:inlied->in
D:inlies->in
D:inlis->in
D:inly->in
D:inlyed->in
D:inlying->in
D:inlys->in
D:inned->in
D:inness->in
D:innesses->in
D:ins->in
D:south->south
D:southe->south
D:southed->south
D:southely->south
D:southes->south
D:southing->south
D:southings->south
D:southly->south
D:southness->south
D:souths->south
D:carolina->carolina
D:carolinaal->carolina
D:carolinae->carolina
D:carolinaed->carolina
D:carolinaent->carolina
D:carolinaer->carolina
D:carolinaes->carolina
D:carolinas->carolina
<query> civil war battles in south carolina</query><numhits>10</numhits><time>6941</time>
</ATIREsearch>
<ATIREsearch>
D:rain->rain
D:raine->rain
D:rained->rain
D:raineds->rain
D:raineing->rain
D:raineli->rain
D:raines->rain
D:rainful->rain
D:rainfully->rain
D:raining->rain
D:rainings->rain
D:rainly->rain
D:rainned->rain
D:rainning->rain
D:rains->rain
D:man->man
D:manful->man
D:manfully->man
D:manfulness->man
D:manli->man
D:manlies->man
D:manlis->man
D:manly->man
D:manlys->man
D:manned->man
D:manness->man
D:manning->man
D:manningly->man
D:mannings->man
D:mans->man
<query> rain man</query><numhits>10</numhits><time>1705</time>
</ATIREsearch>
<ATIREsearch>
Q:eggs->egg
D:egg->egg
D:egge->egg
D:egges->egg
D:eggli->egg
D:eggly->egg
D:egglys->egg
D:eggness->egg
D:eggs->egg
D:shelf->shelf
D:shelfe->shelf
D:shelfed->shelf
D:shelfes->shelf
D:shelfful->shelf
D:shelfing->shelf
D:shelfness->shelf
D:shelfs->shelf
D:life->life
D:lifed->life
D:lifeds->life
D:lifee->life
D:lifeed->life
D:lifees->life
D:lifeful->life
D:lifefully->life
D:lifeing->life
D:lifeings->life
D:lifeli->life
D:lifely->life
D:lifeness->life
D:lifes->life
D:lifing->life
<query> eggs shelf life</query><numhits>10</numhits><time>1964</time>
</ATIREsearch>
<ATIREsearch>
Q:occupational->occup
D:occup->occup
D:occupability->occup
D:occupable->occup
D:occupal->occup
D:occupals->occup
D:occupance->occup
D:occupancies->occup
D:occupancy->occup
D:occupant->occup
D:occupants->occup
D:occupate->occup
D:occupated->occup
D:occupates->occup
D:occupating->occup
D:occupation->occup
D:occupational->occup
D:occupationalism->occup
D:occupationally->occup
D:occupationals->occup
D:occupations->occup
D:occupative->occup
D:occupator->occup
D:occupators->occup
D:occupe->occup
D:occuped->occup
D:occupeer->occup
D:occupeing->occup
D:occupencies->occup
D:occupency->occup
D:occupent->occup
D:occupents->occup
D:occuper->occup
D:occupers->occup
D:occupes->occup
D:occuping->occup
D:occupism->occup
D:occups->occup
D:therapist->therapist
D:therapiste->therapist
D:therapistes->therapist
D:therapistic->therapist
D:therapists->therapist
<query> occupational therapist</query><numhits>10</numhits><time>1007</time>
</ATIREsearch>
<ATIREsearch>
D:ford->ford
D:forde->ford
D:forded->ford
D:fordes->ford
D:fording->ford
D:fordings->ford
D:fordlied->ford
D:fordly->ford
D:fords->ford
Q:edge->edg
D:edg->edg
D:edge->edg
D:edged->edg
D:edgedly->edg
D:edgeds->edg
D:edgeful->edg
D:edgefulness->edg
D:edgeing->edg
D:edgeings->edg
D:edgeli->edg
D:edgely->edg
D:edgeness->edg
D:edges->edg
D:edgged->edg
D:edging->edg
D:edgingly->edg
D:edgings->edg
D:edgli->edg
D:edglis->edg
D:edgly->edg
D:edgs->edg
Q:problems->problem
D:problem->problem
D:problemate->problem
D:problemating->problem
D:problemation->problem
D:problemative->problem
D:problemator->problem
D:probleme->problem
D:problemed->problem
D:problemer->problem
D:problemes->problem
D:problemful->problem
D:problemic->problem
D:problemical->problem
D:probleming->problem
D:problemization->problem
D:problemize->problem
D:problemizing->problem
D:problemli->problem
D:problemly->problem
D:problemmed->problem
D:problemming->problem
D:problemness->problem
D:problemous->problem
D:problems->problem
<query> ford edge problems</query><numhits>10</numhits><time>1731</time>
</ATIREsearch>
<ATIREsearch>
Q:identifying->identifi
D:identifi->identifi
D:identifiability->identifi
D:identifiable->identifi
D:identifiableness->identifi
D:identifiables->identifi
D:identifiably->identifi
D:identifiant->identifi
D:identifiants->identifi
D:identifiation->identifi
D:identifie->identifi
D:identifieable->identifi
D:identified->identifi
D:identifieds->identifi
D:identifieing->identifi
D:identifient->identifi
D:identifier->identifi
D:identifiering->identifi
D:identifiers->identifi
D:identifies->identifi
D:identifiication->identifi
D:identifiications->identifi
D:identifiing->identifi
D:identify->identifi
D:identifyed->identifi
D:identifying->identifi
D:identifyingly->identifi
D:identifys->identifi
D:spider->spider
D:spiderabilities->spider
D:spiderability->spider
D:spiderable->spider
D:spiderant->spider
D:spiderants->spider
D:spiderator->spider
D:spidere->spider
D:spidereality->spider
D:spidereating->spider
D:spidered->spider
D:spiderer->spider
D:spiderers->spider
D:spideres->spider
D:spiderful->spider
D:spideric->spider
D:spiderical->spider
D:spidering->spider
D:spiderings->spider
D:spiderism->spider
D:spiderisms->spider
D:spiderize->spider
D:spiderized->spider
D:spiderizing->spider
D:spiderliing->spider
D:spiderly->spider
D:spiderness->spider
D:spiderous->spider
D:spiderring->spider
D:spiders->spider
Q:bites->bite
D:bite->bite
D:bited->bite
D:bitee->bite
D:biteed->bite
D:bitees->bite
D:biteful->bite
D:bitefulness->bite
D:bitefuls->bite
D:biteing->bite
D:biteli->bite
D:bitely->bite
D:bites->bite
D:biting->bite
D:bitingly->bite
D:bitings->bite
<query> identifying spider bites</query><numhits>10</numhits><time>1291</time>
</ATIREsearch>
<ATIREsearch>
Q:history->histori
D:histori->histori
D:historiables->histori
D:historial->histori
D:historialism->histori
D:historiality->histori
D:historiallis->histori
D:historially->histori
D:historials->histori
D:historiated->histori
D:historiation->histori
D:historiator->histori
D:historie->histori
D:historieal->histori
D:historied->histori
D:historier->histori
D:histories->histori
D:historiful->histori
D:historiic->histori
D:historiical->histori
D:historious->histori
D:historis->histori
D:history->histori
D:historyed->histori
D:historying->histori
D:historys->histori
D:of->of
D:offed->of
D:offedly->of
D:offeds->of
D:offing->of
D:offings->of
D:offul->of
D:offully->of
D:ofness->of
D:ofnesses->of
D:ofs->of
Q:orcas->orca
D:orca->orca
D:orcae->orca
D:orcas->orca
D:island->island
D:islandable->island
D:islandal->island
D:islande->island
D:islanded->island
D:islandeds->island
D:islandeer->island
D:islander->island
D:islanderness->island
D:islanders->island
D:islandes->island
D:islandic->island
D:islandicing->island
D:islandics->island
D:islanding->island
D:islandism->island
D:islandive->island
D:islandization->island
D:islandized->island
D:islandness->island
D:islands->island
<query> history of orcas island</query><numhits>10</numhits><time>4756</time>
</ATIREsearch>
<ATIREsearch>
D:tooth->tooth
D:toothe->tooth
D:toothed->tooth
D:tootheds->tooth
D:toothes->tooth
D:toothful->tooth
D:toothfully->tooth
D:toothing->tooth
D:toothly->tooth
D:toothness->tooth
D:tooths->tooth
D:abscess->abscess
D:abscessal->abscess
D:abscessation->abscess
D:abscessations->abscess
D:abscesse->abscess
D:abscessed->abscess
D:abscesses->abscess
D:abscessing->abscess
D:abscession->abscess
D:abscessive->abscess
<query> tooth abscess</query><numhits>10</numhits><time>643</time>
</ATIREsearch>
<ATIREsearch>
D:barrett->barrett
D:barrette->barrett
D:barretter->barrett
D:barretters->barrett
D:barrettes->barrett
D:barrettized->barrett
D:barretts->barrett
D:s->s
D:esophagus->esophagus
D:esophaguses->esophagus
<query> barrett s esophagus</query><numhits>10</numhits><time>3118</time>
</ATIREsearch>
<ATIREsearch>
Q:teddy->teddi
D:teddi->teddi
D:teddie->teddi
D:teddieness->teddi
D:teddies->teddi
D:teddiness->teddi
D:teddis->teddi
D:teddy->teddi
D:teddys->teddi
Q:bears->bear
D:bear->bear
D:beare->bear
D:beared->bear
D:beareful->bear
D:beareing->bear
D:bearely->bear
D:beares->bear
D:bearing->bear
D:bearingly->bear
D:bearings->bear
D:bearli->bear
D:bearly->bear
D:bearlys->bear
D:bearness->bear
D:bearred->bear
D:bearring->bear
D:bearrings->bear
D:bears->bear
<query> teddy bears</query><numhits>10</numhits><time>1144</time>
</ATIREsearch>
<ATIREsearch>
D:patron->patron
D:patronal->patron
D:patronally->patron
D:patronals->patron
D:patronate->patron
D:patronating->patron
D:patrone->patron
D:patroned->patron
D:patroner->patron
D:patrones->patron
D:patronic->patron
D:patronicing->patron
D:patronics->patron
D:patroning->patron
D:patronism->patron
D:patroniti->patron
D:patronization->patron
D:patronizations->patron
D:patronize->patron
D:patronized->patron
D:patronizer->patron
D:patronizers->patron
D:patronizes->patron
D:patronizing->patron
D:patronizingly->patron
D:patronizinglys->patron
D:patronly->patron
D:patronness->patron
D:patronnesses->patron
D:patronous->patron
D:patrons->patron
D:saint->saint
D:sainte->saint
D:sainted->saint
D:sainteds->saint
D:saintes->saint
D:saintful->saint
D:saintfully->saint
D:sainting->saint
D:saintli->saint
D:saintlies->saint
D:saintly->saint
D:saintness->saint
D:saints->saint
D:of->of
D:offed->of
D:offedly->of
D:offeds->of
D:offing->of
D:offings->of
D:offul->of
D:offully->of
D:ofness->of
D:ofnesses->of
D:ofs->of
D:mental->mental
D:mentalality->mental
D:mentalallis->mental
D:mentale->mental
D:mentalement->mental
D:mentaler->mental
D:mentales->mental
D:mentalic->mental
D:mentalics->mental
D:mentalism->mental
D:mentalisms->mental
D:mentaliti->mental
D:mentalities->mental
D:mentality->mental
D:mentalitys->mental
D:mentalization->mental
D:mentalizations->mental
D:mentalize->mental
D:mentalized->mental
D:mentalizer->mental
D:mentalizes->mental
D:mentalizing->mental
D:mentall->mental
D:mentallating->mental
D:mentalled->mental
D:mentaller->mental
D:mentallers->mental
D:mentallic->mental
D:mentallics->mental
D:mentalling->mental
D:mentallis->mental
D:mentallities->mental
D:mentallity->mental
D:mentally->mental
D:mentalment->mental
D:mentalness->mental
D:mentals->mental
Q:illness->ill
D:ill->ill
D:ille->ill
D:illed->ill
D:illedly->ill
D:illeli->ill
D:illeness->ill
D:illenesses->ill
D:illes->ill
D:illful->ill
D:illfully->ill
D:illfulness->ill
D:illing->ill
D:illingly->ill
D:illings->ill
D:illness->ill
D:illnessed->ill
D:illnesses->ill
D:illnessing->ill
D:ills->ill
<query> patron saint of mental illness</query><numhits>10</numhits><time>5452</time>
</ATIREsearch>
<ATIREsearch>
Q:holes->hole
D:hole->hole
D:holed->hole
D:holee->hole
D:holeeful->hole
D:holees->hole
D:holeful->hole
D:holefully->hole
D:holeing->hole
D:holely->hole
D:holeness->hole
D:holes->hole
D:holing->hole
D:holings->hole
D:by->by
D:byed->by
D:bying->by
Q:louis->loui
D:loui->loui
D:louied->loui
D:louies->loui
D:louis->loui
D:sachar->sachar
D:sachare->sachar
D:sacharness->sachar
D:sachars->sachar
<query> holes by louis sachar</query><numhits>10</numhits><time>3998</time>
</ATIREsearch>
<ATIREsearch>
D:hip->hip
D:hipness->hip
D:hipnesses->hip
D:hipped->hip
D:hipping->hip
D:hippings->hip
D:hips->hip
D:roof->roof
D:roofe->roof
D:roofed->roof
D:roofes->roof
D:rooffed->roof
D:rooffing->roof
D:roofing->roof
D:roofings->roof
D:roofs->roof
<query> hip roof</query><numhits>10</numhits><time>835</time>
</ATIREsearch>
<ATIREsearch>
Q:carpenter->carpent
D:carpent->carpent
D:carpente->carpent
D:carpented->carpent
D:carpenteer->carpent
D:carpenter->carpent
D:carpentered->carpent
D:carpentering->carpent
D:carpenterli->carpent
D:carpenterly->carpent
D:carpenters->carpent
D:carpentes->carpent
D:carpenting->carpent
D:carpents->carpent
D:bee->bee
D:beeing->bee
D:beeings->bee
D:bees->bee
<query> carpenter bee</query><numhits>10</numhits><time>1222</time>
</ATIREsearch>
<ATIREsearch>
D:the->the
D:theing->the
D:theings->the
D:american->american
D:americanable->american
D:americanallies->american
D:americanallis->american
D:americane->american
D:americaned->american
D:americaneer->american
D:americaneers->american
D:americaner->american
D:americaners->american
D:americanes->american
D:americanic->american
D:americanicity->american
D:americanics->american
D:americaning->american
D:americanism->american
D:americanisms->american
D:americanitis->american
D:americanity->american
D:americanization->american
D:americanizations->american
D:americanize->american
D:americanized->american
D:americanizer->american
D:americanizers->american
D:americanizes->american
D:americanizing->american
D:americanli->american
D:americanly->american
D:americanned->american
D:americanness->american
D:americans->american
Q:revolutionary->revolutionari
D:revolutionari->revolutionari
D:revolutionarie->revolutionari
D:revolutionaries->revolutionari
D:revolutionariness->revolutionari
D:revolutionarinesses->revolutionari
D:revolutionaris->revolutionari
D:revolutionary->revolutionari
D:revolutionarys->revolutionari
<query> the american revolutionary</query><numhits>10</numhits><time>5874</time>
</ATIREsearch>
<ATIREsearch>
D:folk->folk
D:folke->folk
D:folked->folk
D:folkes->folk
D:folking->folk
D:folkly->folk
D:folkness->folk
D:folks->folk
Q:remedies->remedi
D:remedi->remedi
D:remediabilities->remedi
D:remediability->remedi
D:remediable->remedi
D:remediableness->remedi
D:remediables->remedi
D:remediably->remedi
D:remedial->remedi
D:remediality->remedi
D:remedialize->remedi
D:remedially->remedi
D:remedials->remedi
D:remediance->remedi
D:remediant->remedi
D:remediate->remedi
D:remediated->remedi
D:remediates->remedi
D:remediating->remedi
D:remediation->remedi
D:remediational->remedi
D:remediations->remedi
D:remediative->remedi
D:remediator->remedi
D:remediators->remedi
D:remedie->remedi
D:remedieal->remedi
D:remedied->remedi
D:remedieds->remedi
D:remedience->remedi
D:remedient->remedi
D:remedier->remedi
D:remediering->remedi
D:remedies->remedi
D:remedious->remedi
D:remedis->remedi
D:remedy->remedi
D:remedyed->remedi
D:remedying->remedi
D:remedys->remedi
D:sore->sore
D:sored->sore
D:soree->sore
D:soreed->sore
D:soreely->sore
D:sorefully->sore
D:soreing->sore
D:soreli->sore
D:sorely->sore
D:sorelys->sore
D:soreness->sore
D:sorenesses->sore
D:sores->sore
D:soring->sore
D:soringly->sore
D:sorings->sore
D:throat->throat
D:throate->throat
D:throated->throat
D:throatedly->throat
D:throateds->throat
D:throates->throat
D:throatful->throat
D:throatfuls->throat
D:throating->throat
D:throatness->throat
D:throats->throat
<query> folk remedies sore throat</query><numhits>10</numhits><time>2292</time>
</ATIREsearch>
<ATIREsearch>
Q:balding->bald
D:bald->bald
D:balde->bald
D:balded->bald
D:baldeds->bald
D:baldeli->bald
D:baldeness->bald
D:baldes->bald
D:balding->bald
D:baldings->bald
D:baldly->bald
D:baldness->bald
D:baldnesses->bald
D:balds->bald
D:cure->cure
D:cured->cure
D:cureds->cure
D:curee->cure
D:cureed->cure
D:curees->cure
D:cureing->cure
D:curely->cure
D:cureness->cure
D:cures->cure
D:curing->cure
D:curings->cure
<query> balding cure</query><numhits>10</numhits><time>855</time>
</ATIREsearch>
<ATIREsearch>
Q:evidence->evid
D:evid->evid
D:evidal->evid
D:evidance->evid
D:evidances->evid
D:evidant->evid
D:evidants->evid
D:evidding->evid
D:evide->evid
D:evideance->evid
D:evided->evid
D:evideence->evid
D:evideent->evid
D:evideently->evid
D:evidely->evid
D:evidement->evid
D:evidence->evid
D:evidences->evid
D:evidenci->evid
D:evidencies->evid
D:evidencis->evid
D:evidency->evid
D:evident->evid
D:evidented->evid
D:evidently->evid
D:evidentness->evid
D:evidentnesses->evid
D:evidents->evid
D:evider->evid
D:evides->evid
D:evids->evid
D:for->for
D:forful->for
D:forfully->for
D:forli->for
D:forlied->for
D:forlies->for
D:forlis->for
D:forly->for
D:forlyed->for
D:forness->for
D:forred->for
D:fors->for
Q:evolution->evolut
D:evolut->evolut
D:evolutation->evolut
D:evolutations->evolut
D:evolute->evolut
D:evoluted->evolut
D:evoluter->evolut
D:evoluters->evolut
D:evolutes->evolut
D:evolutic->evolut
D:evoluting->evolut
D:evolution->evolut
D:evolutional->evolut
D:evolutionally->evolut
D:evolutioned->evolut
D:evolutioning->evolut
D:evolutions->evolut
D:evolutism->evolut
D:evolutive->evolut
D:evolutively->evolut
D:evolutives->evolut
D:evolutivity->evolut
<query> evidence for evolution</query><numhits>10</numhits><time>3522</time>
</ATIREsearch>
<ATIREsearch>
D:tribe->tribe
D:tribed->tribe
D:tribee->tribe
D:tribeful->tribe
D:tribelis->tribe
D:tribely->tribe
D:tribeness->tribe
D:tribes->tribe
D:tribing->tribe
Q:formerly->former
D:former->former
D:formerally->former
D:formere->former
D:formereal->former
D:formered->former
D:formerely->former
D:formerent->former
D:formerer->former
D:formering->former
D:formerlies->former
D:formerly->former
D:formerlys->former
D:formerness->former
D:formers->former
Q:living->live
D:live->live
D:lived->live
D:liveds->live
D:livee->live
D:liveed->live
D:liveeds->live
D:livees->live
D:liveful->live
D:livefully->live
D:liveing->live
D:liveings->live
D:liveli->live
D:livelied->live
D:livelies->live
D:lively->live
D:livelys->live
D:liveness->live
D:livenesses->live
D:lives->live
D:living->live
D:livingly->live
D:livings->live
D:in->in
D:inful->in
D:infully->in
D:inli->in
D:inlied->in
D:inlies->in
D:inlis->in
D:inly->in
D:inlyed->in
D:inlying->in
D:inlys->in
D:inned->in
D:inness->in
D:innesses->in
D:ins->in
D:alabama->alabama
D:alabamaal->alabama
D:alabamae->alabama
D:alabamaed->alabama
D:alabamaent->alabama
D:alabamaing->alabama
D:alabamas->alabama
<query> tribe formerly living in alabama</query><numhits>10</numhits><time>6073</time>
</ATIREsearch>
<ATIREsearch>
D:tornado->tornado
D:tornadoe->tornado
D:tornadoed->tornado
D:tornadoer->tornado
D:tornadoes->tornado
D:tornadoing->tornado
D:tornados->tornado
<query> f5 tornado</query><numhits>10</numhits><time>394</time>
</ATIREsearch>
<ATIREsearch>
Q:symptoms->symptom
D:symptom->symptom
D:symptomal->symptom
D:symptomate->symptom
D:symptomates->symptom
D:symptomative->symptom
D:symptome->symptom
D:symptomed->symptom
D:symptomeering->symptom
D:symptomer->symptom
D:symptomes->symptom
D:symptomic->symptom
D:symptomization->symptom
D:symptomize->symptom
D:symptomized->symptom
D:symptomizes->symptom
D:symptomizing->symptom
D:symptoms->symptom
D:of->of
D:offed->of
D:offedly->of
D:offeds->of
D:offing->of
D:offings->of
D:offul->of
D:offully->of
D:ofness->of
D:ofnesses->of
D:ofs->of
D:heart->heart
D:hearte->heart
D:hearted->heart
D:heartedly->heart
D:hearteds->heart
D:hearteli->heart
D:heartely->heart
D:heartes->heart
D:heartful->heart
D:heartfully->heart
D:heartfulness->heart
D:heartfuls->heart
D:hearting->heart
D:heartingly->heart
D:heartings->heart
D:heartli->heart
D:heartlies->heart
D:heartlis->heart
D:heartly->heart
D:heartlys->heart
D:heartness->heart
D:hearts->heart
D:heartted->heart
D:attack->attack
D:attackability->attack
D:attackable->attack
D:attackal->attack
D:attackative->attack
D:attacke->attack
D:attacked->attack
D:attackeds->attack
D:attacker->attack
D:attackering->attack
D:attackers->attack
D:attackes->attack
D:attackful->attack
D:attacking->attack
D:attackingly->attack
D:attackings->attack
D:attackive->attack
D:attackly->attack
D:attackment->attack
D:attackments->attack
D:attackness->attack
D:attacks->attack
<query> symptoms of heart attack</query><numhits>10</numhits><time>4878</time>
</ATIREsearch>
<ATIREsearch>
D:feliz->feliz
D:felize->feliz
D:felizes->feliz
D:felizing->feliz
D:felizs->feliz
D:navidad->navidad
D:navidade->navidad
D:navidades->navidad
D:navidads->navidad
Q:lyrics->lyric
D:lyric->lyric
D:lyrical->lyric
D:lyricality->lyric
D:lyricalizer->lyric
D:lyricallies->lyric
D:lyrically->lyric
D:lyricalness->lyric
D:lyricalnesses->lyric
D:lyricals->lyric
D:lyrication->lyric
D:lyricator->lyric
D:lyrice->lyric
D:lyriced->lyric
D:lyricer->lyric
D:lyricers->lyric
D:lyrices->lyric
D:lyricful->lyric
D:lyricing->lyric
D:lyricings->lyric
D:lyricism->lyric
D:lyricisms->lyric
D:lyricity->lyric
D:lyricization->lyric
D:lyricize->lyric
D:lyricized->lyric
D:lyricizes->lyric
D:lyricizing->lyric
D:lyricly->lyric
D:lyricness->lyric
D:lyrics->lyric
<query> feliz navidad lyrics</query><numhits>10</numhits><time>874</time>
</ATIREsearch>
<ATIREsearch>
Q:benefits->benefit
D:benefit->benefit
D:benefitable->benefit
D:benefital->benefit
D:benefite->benefit
D:benefited->benefit
D:benefiteds->benefit
D:benefitent->benefit
D:benefiter->benefit
D:benefiters->benefit
D:benefites->benefit
D:benefitful->benefit
D:benefitic->benefit
D:benefitical->benefit
D:benefiting->benefit
D:benefitional->benefit
D:benefitism->benefit
D:benefitive->benefit
D:benefitized->benefit
D:benefitness->benefit
D:benefits->benefit
D:benefitted->benefit
D:benefitting->benefit
D:of->of
D:offed->of
D:offedly->of
D:offeds->of
D:offing->of
D:offings->of
D:offul->of
D:offully->of
D:ofness->of
D:ofnesses->of
D:ofs->of
Q:running->run
D:run->run
D:runli->run
D:runly->run
D:runned->run
D:running->run
D:runningly->run
D:runnings->run
D:runs->run
<query> benefits of running</query><numhits>10</numhits><time>4771</time>
</ATIREsearch>
<ATIREsearch>
Q:marshall->marshal
D:marshal->marshal
D:marshalable->marshal
D:marshalate->marshal
D:marshale->marshal
D:marshaled->marshal
D:marshaler->marshal
D:marshalers->marshal
D:marshales->marshal
D:marshaling->marshal
D:marshalings->marshal
D:marshalize->marshal
D:marshall->marshal
D:marshallability->marshal
D:marshallable->marshal
D:marshallate->marshal
D:marshalled->marshal
D:marshaller->marshal
D:marshallers->marshal
D:marshalli->marshal
D:marshalling->marshal
D:marshallings->marshal
D:marshallis->marshal
D:marshallism->marshal
D:marshallized->marshal
D:marshalls->marshal
D:marshally->marshal
D:marshals->marshal
Q:county->counti
D:counti->counti
D:countie->counti
D:countied->counti
D:counties->counti
D:countiing->counti
D:countiness->counti
D:countis->counti
D:county->counti
D:countying->counti
D:countys->counti
Q:schools->school
D:school->school
D:schoole->school
D:schooled->school
D:schooles->school
D:schoolful->school
D:schooling->school
D:schoolings->school
D:schoolness->school
D:schools->school
<query> marshall county schools</query><numhits>10</numhits><time>2869</time>
</ATIREsearch>
<ATIREsearch>
D:sun->sun
D:sunful->sun
D:sunfully->sun
D:sunli->sun
D:sunlies->sun
D:sunlis->sun
D:sunly->sun
D:sunlys->sun
D:sunned->sun
D:sunnedly->sun
D:sunness->sun
D:sunning->sun
D:sunningly->sun
D:sunnings->sun
D:suns->sun
D:tzu->tzu
D:tzued->tzu
<query> sun tzu</query><numhits>10</numhits><time>866</time>
</ATIREsearch>
<ATIREsearch>
D:halloween->halloween
D:halloweene->halloween
D:halloweened->halloween
D:halloweener->halloween
D:halloweeners->halloween
D:halloweenes->halloween
D:halloweening->halloween
D:halloweenism->halloween
D:halloweenity->halloween
D:halloweenize->halloween
D:halloweenness->halloween
D:halloweenous->halloween
D:halloweens->halloween
Q:activities->activ
D:activ->activ
D:activable->activ
D:activables->activ
D:actival->activ
D:activally->activ
D:activance->activ
D:activant->activ
D:activanting->activ
D:activants->activ
D:activate->activ
D:activated->activ
D:activateds->activ
D:activateing->activ
D:activately->activ
D:activates->activ
D:activating->activ
D:activatings->activ
D:activation->activ
D:activational->activ
D:activationed->activ
D:activations->activ
D:activative->activ
D:activatives->activ
D:activator->activ
D:activators->activ
D:active->activ
D:activeabilities->activ
D:activeal->activ
D:activeate->activ
D:activeated->activ
D:activeates->activ
D:activeation->activ
D:actived->activ
D:activeds->activ
D:activeer->activ
D:activeities->activ
D:activeity->activ
D:activeive->activ
D:activeli->activ
D:actively->activ
D:activement->activ
D:activeness->activ
D:activenesses->activ
D:activent->activ
D:activer->activ
D:activered->activ
D:activering->activ
D:activerings->activ
D:activerly->activ
D:actives->activ
D:activic->activ
D:activicates->activ
D:activications->activ
D:activicity->activ
D:activing->activ
D:activingly->activ
D:activism->activ
D:activisming->activ
D:activisms->activ
D:activiti->activ
D:activitied->activ
D:activities->activ
D:activitiness->activ
D:activitis->activ
D:activity->activ
D:activityed->activ
D:activitying->activ
D:activitys->activ
D:activive->activ
D:activively->activ
D:activives->activ
D:activivities->activ
D:activivity->activ
D:activization->activ
D:activize->activ
D:activized->activ
D:activizer->activ
D:activizing->activ
D:activness->activ
D:activs->activ
D:for->for
D:forful->for
D:forfully->for
D:forli->for
D:forlied->for
D:forlies->for
D:forlis->for
D:forly->for
D:forlyed->for
D:forness->for
D:forred->for
D:fors->for
Q:middle->middl
D:middl->middl
D:middle->middl
D:middled->middl
D:middleness->middl
D:middles->middl
D:middling->middl
D:middlingly->middl
D:middlings->middl
D:middls->middl
D:school->school
D:schoole->school
D:schooled->school
D:schooles->school
D:schoolful->school
D:schooling->school
D:schoolings->school
D:schoolness->school
D:schools->school
<query> halloween activities for middle school</query><numhits>10</numhits><time>5757</time>
</ATIREsearch>
<ATIREsearch>
Q:dreams->dream
D:dream->dream
D:dreame->dream
D:dreamed->dream
D:dreameds->dream
D:dreameness->dream
D:dreames->dream
D:dreamful->dream
D:dreamfully->dream
D:dreamfulness->dream
D:dreaming->dream
D:dreamingly->dream
D:dreamings->dream
D:dreamli->dream
D:dreamlies->dream
D:dreamly->dream
D:dreammed->dream
D:dreamming->dream
D:dreamness->dream
D:dreams->dream
Q:interpretation->interpret
D:interpret->interpret
D:interpretabilities->interpret
D:interpretability->interpret
D:interpretable->interpret
D:interpretableness->interpret
D:interpretables->interpret
D:interpretably->interpret
D:interpretal->interpret
D:interpretant->interpret
D:interpretants->interpret
D:interpretate->interpret
D:interpretated->interpret
D:interpretates->interpret
D:interpretating->interpret
D:interpretation->interpret
D:interpretational->interpret
D:interpretationalism->interpret
D:interpretationality->interpret
D:interpretationally->interpret
D:interpretationed->interpret
D:interpretations->interpret
D:interpretative->interpret
D:interpretatively->interpret
D:interpretatives->interpret
D:interpretator->interpret
D:interpretators->interpret
D:interprete->interpret
D:interpreteable->interpret
D:interpreteation->interpret
D:interpreteations->interpret
D:interpreted->interpret
D:interpreteer->interpret
D:interpreteers->interpret
D:interpretent->interpret
D:interpreter->interpret
D:interpretered->interpret
D:interpretering->interpret
D:interpreters->interpret
D:interpretes->interpret
D:interpretible->interpret
D:interpretic->interpret
D:interpretics->interpret
D:interpreting->interpret
D:interpretings->interpret
D:interpretion->interpret
D:interpretions->interpret
D:interpretism->interpret
D:interpretive->interpret
D:interpretively->interpret
D:interpretives->interpret
D:interprets->interpret
D:interpretted->interpret
D:interpretting->interpret
<query> dreams interpretation</query><numhits>10</numhits><time>1296</time>
</ATIREsearch>
<ATIREsearch>
D:wilson->wilson
D:wilsonal->wilson
D:wilsonate->wilson
D:wilsonator->wilson
D:wilsone->wilson
D:wilsonents->wilson
D:wilsoner->wilson
D:wilsonic->wilson
D:wilsonics->wilson
D:wilsoning->wilson
D:wilsonism->wilson
D:wilsonisms->wilson
D:wilsonized->wilson
D:wilsons->wilson
D:s->s
Q:disease->diseas
D:disease->diseas
D:diseased->diseas
D:diseasedly->diseas
D:diseaseer->diseas
D:diseaseful->diseas
D:diseasement->diseas
D:diseaseous->diseas
D:diseaser->diseas
D:diseasers->diseas
D:diseases->diseas
D:diseasic->diseas
D:diseasing->diseas
D:diseasion->diseas
D:diseasism->diseas
<query> wilson s disease</query><numhits>10</numhits><time>3405</time>
</ATIREsearch>
<ATIREsearch>
D:golf->golf
D:golfe->golf
D:golfed->golf
D:golfes->golf
D:golffing->golf
D:golfing->golf
D:golfingly->golf
D:golfings->golf
D:golfness->golf
D:golfs->golf
Q:instruction->instruct
D:instruct->instruct
D:instructability->instruct
D:instructable->instruct
D:instructables->instruct
D:instructably->instruct
D:instructation->instruct
D:instructe->instruct
D:instructed->instruct
D:instructer->instruct
D:instructers->instruct
D:instructes->instruct
D:instructible->instruct
D:instructibles->instruct
D:instructing->instruct
D:instructings->instruct
D:instruction->instruct
D:instructional->instruct
D:instructionalism->instruct
D:instructionally->instruct
D:instructionals->instruct
D:instructioning->instruct
D:instructions->instruct
D:instructive->instruct
D:instructively->instruct
D:instructiveness->instruct
D:instructives->instruct
D:instructment->instruct
D:instructments->instruct
D:instructs->instruct
<query> golf instruction</query><numhits>10</numhits><time>1236</time>
</ATIREsearch>
<ATIREsearch>
D:uss->uss
D:usse->uss
D:ussed->uss
D:usseful->uss
D:ussefulness->uss
D:ussely->uss
D:usses->uss
D:ussing->uss
D:ussness->uss
D:cole->cole
D:coled->cole
D:colee->cole
D:colees->cole
D:coleful->cole
D:coleing->cole
D:coleings->cole
D:colely->cole
D:coles->cole
D:coling->cole
D:colings->cole
<query> uss cole</query><numhits>10</numhits><time>984</time>
</ATIREsearch>
<ATIREsearch>
D:how->how
D:howed->how
D:howefully->how
D:howeli->how
D:howely->how
D:howes->how
D:howful->how
D:howfully->how
D:howing->how
D:howings->how
D:howness->how
D:hows->how
D:has->has
D:hasfully->has
D:hasness->has
D:african->african
D:africanation->african
D:africane->african
D:africaneers->african
D:africaneity->african
D:africaner->african
D:africaners->african
D:africanes->african
D:africanic->african
D:africanicity->african
D:africanism->african
D:africanisms->african
D:africanities->african
D:africanity->african
D:africanization->african
D:africanizations->african
D:africanize->african
D:africanized->african
D:africanizes->african
D:africanizing->african
D:africanness->african
D:africans->african
D:american->american
D:americanable->american
D:americanallies->american
D:americanallis->american
D:americane->american
D:americaned->american
D:americaneer->american
D:americaneers->american
D:americaner->american
D:americaners->american
D:americanes->american
D:americanic->american
D:americanicity->american
D:americanics->american
D:americaning->american
D:americanism->american
D:americanisms->american
D:americanitis->american
D:americanity->american
D:americanization->american
D:americanizations->american
D:americanize->american
D:americanized->american
D:americanizer->american
D:americanizers->american
D:americanizes->american
D:americanizing->american
D:americanli->american
D:americanly->american
D:americanned->american
D:americanness->american
D:americans->american
D:music->music
D:musicability->music
D:musicable->music
D:musical->music
D:musicalism->music
D:musicalities->music
D:musicality->music
D:musicalization->music
D:musicalizations->music
D:musicalize->music
D:musicalized->music
D:musicalizer->music
D:musicalizes->music
D:musicalizing->music
D:musicalli->music
D:musicallies->music
D:musically->music
D:musicalness->music
D:musicalnesses->music
D:musicals->music
D:musicant->music
D:musicanted->music
D:musicants->music
D:musicate->music
D:musicated->music
D:musication->music
D:musicator->music
D:musice->music
D:musiced->music
D:musiceds->music
D:musiceer->music
D:musicent->music
D:musicer->music
D:musicers->music
D:musices->music
D:musicical->music
D:musicically->music
D:musicing->music
D:musicings->music
D:musicism->music
D:musicisms->music
D:musicity->music
D:musicly->music
D:musicness->music
D:musics->music
Q:influence->influenc
D:influenc->influenc
D:influencable->influenc
D:influencables->influenc
D:influencal->influenc
D:influencant->influenc
D:influence->influenc
D:influenceability->influenc
D:influenceable->influenc
D:influenceables->influenc
D:influenced->influenc
D:influenceds->influenc
D:influenceful->influenc
D:influenceing->influenc
D:influenceiveness->influenc
D:influencement->influenc
D:influencence->influenc
D:influencent->influenc
D:influencer->influenc
D:influencers->influenc
D:influences->influenc
D:influenci->influenc
D:influencible->influenc
D:influencical->influenc
D:influencied->influenc
D:influencies->influenc
D:influencing->influenc
D:influencings->influenc
D:influencism->influenc
D:influencive->influenc
D:influencs->influenc
D:influency->influenc
Q:history->histori
D:histori->histori
D:historiables->histori
D:historial->histori
D:historialism->histori
D:historiality->histori
D:historiallis->histori
D:historially->histori
D:historials->histori
D:historiated->histori
D:historiation->histori
D:historiator->histori
D:historie->histori
D:historieal->histori
D:historied->histori
D:historier->histori
D:histories->histori
D:historiful->histori
D:historiic->histori
D:historiical->histori
D:historious->histori
D:historis->histori
D:history->histori
D:historyed->histori
D:historying->histori
D:historys->histori
<query> how has african american music influence history</query><numhits>10</numhits><time>6168</time>
</ATIREsearch>
<ATIREsearch>
Q:bewitched->bewitch
D:bewitch->bewitch
D:bewitche->bewitch
D:bewitched->bewitch
D:bewitcher->bewitch
D:bewitchered->bewitch
D:bewitchers->bewitch
D:bewitches->bewitch
D:bewitchful->bewitch
D:bewitching->bewitch
D:bewitchingly->bewitch
D:bewitchings->bewitch
D:bewitchment->bewitch
D:bewitchments->bewitch
D:cast->cast
D:caste->cast
D:casted->cast
D:casteds->cast
D:casteli->cast
D:castelis->cast
D:castely->cast
D:castes->cast
D:castful->cast
D:casting->cast
D:castings->cast
D:castli->cast
D:castly->cast
D:castlys->cast
D:castness->cast
D:casts->cast
D:castted->cast
D:castting->cast
D:casttings->cast
<query> bewitched cast</query><numhits>10</numhits><time>1293</time>
</ATIREsearch>
<ATIREsearch>
D:mister->mister
D:misterable->mister
D:misteral->mister
D:misterant->mister
D:misterants->mister
D:misterate->mister
D:misterational->mister
D:mistere->mister
D:mistered->mister
D:mistereous->mister
D:misterer->mister
D:misteres->mister
D:mistering->mister
D:misterli->mister
D:misterlies->mister
D:misterly->mister
D:misterlys->mister
D:misterous->mister
D:misterously->mister
D:misterred->mister
D:misterreds->mister
D:misters->mister
Q:rogers->roger
D:roger->roger
D:rogerable->roger
D:rogerant->roger
D:rogere->roger
D:rogered->roger
D:rogereli->roger
D:rogerer->roger
D:rogerers->roger
D:rogeres->roger
D:rogeric->roger
D:rogering->roger
D:rogerism->roger
D:rogerly->roger
D:rogerness->roger
D:rogerred->roger
D:rogers->roger
<query> mister rogers</query><numhits>10</numhits><time>945</time>
</ATIREsearch>
<ATIREsearch>
D:game->game
D:gamed->game
D:gameds->game
D:gamee->game
D:gameed->game
D:gameely->game
D:gamees->game
D:gameful->game
D:gamefully->game
D:gamefulness->game
D:gameing->game
D:gameingly->game
D:gameli->game
D:gamelis->game
D:gamely->game
D:gameness->game
D:gamenesses->game
D:games->game
D:gaming->game
D:gamingly->game
D:gamings->game
Q:theory->theori
D:theori->theori
D:theorie->theori
D:theoried->theori
D:theories->theori
D:theoris->theori
D:theory->theori
D:theorys->theori
<query> game theory</query><numhits>10</numhits><time>1912</time>
</ATIREsearch>
<ATIREsearch>
D:view->view
D:viewe->view
D:viewed->view
D:vieweds->view
D:vieweing->view
D:viewes->view
D:viewful->view
D:viewfully->view
D:viewing->view
D:viewings->view
D:viewness->view
D:views->view
D:my->my
D:myed->my
D:myeds->my
D:mying->my
D:internet->internet
D:internetable->internet
D:internetal->internet
D:internetally->internet
D:internetants->internet
D:internetation->internet
D:internetational->internet
D:internete->internet
D:interneted->internet
D:internetedly->internet
D:interneteer->internet
D:interneteering->internet
D:internetely->internet
D:interneter->internet
D:interneters->internet
D:internetes->internet
D:internetful->internet
D:internetic->internet
D:internetical->internet
D:internetically->internet
D:interneticals->internet
D:internetics->internet
D:interneting->internet
D:internetingly->internet
D:internetion->internet
D:internetional->internet
D:internetionally->internet
D:internetism->internet
D:internetisms->internet
D:internetitis->internet
D:internetive->internet
D:internetivity->internet
D:internetization->internet
D:internetize->internet
D:internetized->internet
D:internetizes->internet
D:internetizing->internet
D:internetly->internet
D:internetness->internet
D:internets->internet
D:internetted->internet
D:internettedly->internet
D:internetting->internet
D:internettingly->internet
D:internettings->internet
Q:history->histori
D:histori->histori
D:historiables->histori
D:historial->histori
D:historialism->histori
D:historiality->histori
D:historiallis->histori
D:historially->histori
D:historials->histori
D:historiated->histori
D:historiation->histori
D:historiator->histori
D:historie->histori
D:historieal->histori
D:historied->histori
D:historier->histori
D:histories->histori
D:historiful->histori
D:historiic->histori
D:historiical->histori
D:historious->histori
D:historis->histori
D:history->histori
D:historyed->histori
D:historying->histori
D:historys->histori
<query> view my internet history</query><numhits>10</numhits><time>4818</time>
</ATIREsearch>
<ATIREsearch>
Q:ketogenic->ketogen
D:ketogen->ketogen
D:ketogenic->ketogen
D:ketogenically->ketogen
D:ketogenics->ketogen
D:diet->diet
D:diete->diet
D:dieted->diet
D:dietes->diet
D:dieting->diet
D:dietingly->diet
D:dietings->diet
D:dietly->diet
D:diets->diet
D:dietted->diet
D:dietting->diet
<query> ketogenic diet</query><numhits>10</numhits><time>869</time>
</ATIREsearch>
<ATIREsearch>
D:nasa->nasa
D:nasae->nasa
D:nasas->nasa
Q:interplanetary->interplanetari
D:interplanetari->interplanetari
D:interplanetarie->interplanetari
D:interplanetaries->interplanetari
D:interplanetaris->interplanetari
D:interplanetary->interplanetari
Q:missions->mission
D:mission->mission
D:missionable->mission
D:missional->mission
D:missionalism->mission
D:missionality->mission
D:missionalize->mission
D:missionalizing->mission
D:missionally->mission
D:missionals->mission
D:missionant->mission
D:missionate->mission
D:missionators->mission
D:missione->mission
D:missioned->mission
D:missioneds->mission
D:missioneer->mission
D:missionent->mission
D:missioner->mission
D:missionering->mission
D:missioners->mission
D:missiones->mission
D:missioning->mission
D:missionism->mission
D:missionization->mission
D:missionizations->mission
D:missionize->mission
D:missionized->mission
D:missionizer->mission
D:missionizers->mission
D:missionizes->mission
D:missionizing->mission
D:missionned->mission
D:missionous->mission
D:missions->mission
<query> nasa interplanetary missions</query><numhits>10</numhits><time>1604</time>
</ATIREsearch>
<ATIREsearch>
Q:hayrides->hayrid
D:hayrid->hayrid
D:hayride->hayrid
D:hayrider->hayrid
D:hayriders->hayrid
D:hayrides->hayrid
D:hayriding->hayrid
D:in->in
D:inful->in
D:infully->in
D:inli->in
D:inlied->in
D:inlies->in
D:inlis->in
D:inly->in
D:inlyed->in
D:inlying->in
D:inlys->in
D:inned->in
D:inness->in
D:innesses->in
D:ins->in
D:pa->pa
D:paed->pa
D:paeds->pa
D:paing->pa
D:paingly->pa
D:paings->pa
<query> hayrides in pa</query><numhits>10</numhits><time>4352</time>
</ATIREsearch>
<ATIREsearch>
D:where->where
D:whered->where
D:wheree->where
D:wherees->where
D:whereing->where
D:wherely->where
D:whereness->where
D:wherenesses->where
D:wheres->where
D:whering->where
D:to->to
D:toed->to
D:toeds->to
D:toing->to
D:toings->to
D:find->find
D:findding->find
D:finddings->find
D:finde->find
D:finded->find
D:findeing->find
D:findeings->find
D:findeli->find
D:findely->find
D:findes->find
D:finding->find
D:findingly->find
D:findings->find
D:findli->find
D:findly->find
D:findness->find
D:finds->find
D:morel->morel
D:morelation->morel
D:morele->morel
D:moreleds->morel
D:moreleli->morel
D:morelent->morel
D:morelers->morel
D:moreles->morel
D:moreling->morel
D:morelive->morel
D:morell->morel
D:morellic->morel
D:morelling->morel
D:morells->morel
D:morels->morel
Q:mushrooms->mushroom
D:mushroom->mushroom
D:mushroome->mushroom
D:mushroomed->mushroom
D:mushroomeds->mushroom
D:mushroomer->mushroom
D:mushroomers->mushroom
D:mushroomes->mushroom
D:mushroomic->mushroom
D:mushrooming->mushroom
D:mushroomism->mushroom
D:mushroomity->mushroom
D:mushroomization->mushroom
D:mushroomize->mushroom
D:mushroomized->mushroom
D:mushroomness->mushroom
D:mushrooms->mushroom
<query> where to find morel mushrooms</query><numhits>10</numhits><time>6613</time>
</ATIREsearch>
<ATIREsearch>
D:magnesium->magnesium
D:magnesiumize->magnesium
D:magnesiums->magnesium
D:rich->rich
D:riche->rich
D:riched->rich
D:richeds->rich
D:richeli->rich
D:richely->rich
D:richeness->rich
D:riches->rich
D:richful->rich
D:riching->rich
D:richings->rich
D:richli->rich
D:richly->rich
D:richness->rich
D:richnesses->rich
D:richnessing->rich
D:richs->rich
Q:foods->food
D:food->food
D:foode->food
D:fooded->food
D:foodes->food
D:foodful->food
D:fooding->food
D:foodings->food
D:foodlies->food
D:foodly->food
D:foodness->food
D:foods->food
<query> magnesium rich foods</query><numhits>10</numhits><time>1997</time>
</ATIREsearch>
<ATIREsearch>
D:common->common
D:commonable->common
D:commonal->common
D:commonalism->common
D:commonalities->common
D:commonality->common
D:commonalitys->common
D:commonalize->common
D:commonally->common
D:commone->common
D:commoned->common
D:commoneers->common
D:commonely->common
D:commonent->common
D:commonents->common
D:commoner->common
D:commoners->common
D:commonication->common
D:commonications->common
D:commonicator->common
D:commoning->common
D:commoningly->common
D:commonism->common
D:commonities->common
D:commonity->common
D:commonization->common
D:commonize->common
D:commonized->common
D:commonizer->common
D:commonizes->common
D:commonizing->common
D:commonlies->common
D:commonly->common
D:commonness->common
D:commonnesses->common
D:commons->common
D:schizophrenia->schizophrenia
D:schizophrenias->schizophrenia
Q:drugs->drug
D:drug->drug
D:drugged->drug
D:drugging->drug
D:druggings->drug
D:drugli->drug
D:drugly->drug
D:drugness->drug
D:drugs->drug
<query> common schizophrenia drugs</query><numhits>10</numhits><time>1904</time>
</ATIREsearch>
<ATIREsearch>
D:carotid->carotid
D:carotidal->carotid
D:carotide->carotid
D:carotides->carotid
D:carotids->carotid
Q:cavernous->cavern
D:cavern->cavern
D:cavernal->cavern
D:cavernation->cavern
D:caverne->cavern
D:caverned->cavern
D:caverner->cavern
D:caverners->cavern
D:cavernes->cavern
D:caverning->cavern
D:cavernism->cavern
D:cavernitis->cavern
D:cavernous->cavern
D:cavernously->cavern
D:cavernousness->cavern
D:caverns->cavern
D:fistula->fistula
D:fistulae->fistula
D:fistulaes->fistula
D:fistulas->fistula
D:treatment->treatment
D:treatmental->treatment
D:treatmentallied->treatment
D:treatmente->treatment
D:treatmented->treatment
D:treatmentent->treatment
D:treatmenting->treatment
D:treatmentment->treatment
D:treatmentments->treatment
D:treatments->treatment
<query> carotid cavernous fistula treatment</query><numhits>10</numhits><time>2212</time>
</ATIREsearch>
<ATIREsearch>
D:fidel->fidel
D:fidele->fidel
D:fideled->fidel
D:fidelement->fidel
D:fideler->fidel
D:fidelers->fidel
D:fideles->fidel
D:fidelic->fidel
D:fideling->fidel
D:fidelism->fidel
D:fideliti->fidel
D:fidelities->fidel
D:fidelity->fidel
D:fidelitys->fidel
D:fidelization->fidel
D:fidelize->fidel
D:fidelizer->fidel
D:fidell->fidel
D:fidellement->fidel
D:fidelling->fidel
D:fidellity->fidel
D:fidelment->fidel
D:fidels->fidel
D:castro->castro
D:castroe->castro
D:castroes->castro
D:castros->castro
<query> fidel castro</query><numhits>10</numhits><time>999</time>
</ATIREsearch>
<ATIREsearch>
Q:benefits->benefit
D:benefit->benefit
D:benefitable->benefit
D:benefital->benefit
D:benefite->benefit
D:benefited->benefit
D:benefiteds->benefit
D:benefitent->benefit
D:benefiter->benefit
D:benefiters->benefit
D:benefites->benefit
D:benefitful->benefit
D:benefitic->benefit
D:benefitical->benefit
D:benefiting->benefit
D:benefitional->benefit
D:benefitism->benefit
D:benefitive->benefit
D:benefitized->benefit
D:benefitness->benefit
D:benefits->benefit
D:benefitted->benefit
D:benefitting->benefit
D:of->of
D:offed->of
D:offedly->of
D:offeds->of
D:offing->of
D:offings->of
D:offul->of
D:offully->of
D:ofness->of
D:ofnesses->of
D:ofs->of
D:yoga->yoga
D:yogaed->yoga
D:yogaes->yoga
D:yogaful->yoga
D:yogaing->yoga
D:yoganess->yoga
D:yogas->yoga
<query> benefits of yoga</query><numhits>10</numhits><time>4396</time>
</ATIREsearch>
<ATIREsearch>
D:norway->norway
D:norwaye->norway
D:norwayes->norway
D:norwayization->norway
D:norwayness->norway
D:norways->norway
D:spruce->spruce
D:spruced->spruce
D:sprucee->spruce
D:spruceing->spruce
D:sprucely->spruce
D:spruceness->spruce
D:spruces->spruce
D:sprucing->spruce
<query> norway spruce</query><numhits>10</numhits><time>809</time>
</ATIREsearch>
<ATIREsearch>
Q:sangre->sangr
D:sangr->sangr
D:sangre->sangr
D:sangred->sangr
D:sangres->sangr
D:de->de
D:deing->de
D:deings->de
D:cristo->cristo
D:cristoe->cristo
D:cristos->cristo
Q:mountains->mountain
D:mountain->mountain
D:mountaine->mountain
D:mountained->mountain
D:mountaineer->mountain
D:mountaineered->mountain
D:mountaineering->mountain
D:mountaineerings->mountain
D:mountaineers->mountain
D:mountaineity->mountain
D:mountaineous->mountain
D:mountainer->mountain
D:mountainering->mountain
D:mountainerring->mountain
D:mountainers->mountain
D:mountaines->mountain
D:mountainful->mountain
D:mountainfuls->mountain
D:mountainical->mountain
D:mountaining->mountain
D:mountainism->mountain
D:mountainized->mountain
D:mountainly->mountain
D:mountainous->mountain
D:mountainously->mountain
D:mountainousness->mountain
D:mountainousnesses->mountain
D:mountains->mountain
<query> sangre de cristo mountains</query><numhits>10</numhits><time>2428</time>
</ATIREsearch>
<ATIREsearch>
Q:history->histori
D:histori->histori
D:historiables->histori
D:historial->histori
D:historialism->histori
D:historiality->histori
D:historiallis->histori
D:historially->histori
D:historials->histori
D:historiated->histori
D:historiation->histori
D:historiator->histori
D:historie->histori
D:historieal->histori
D:historied->histori
D:historier->histori
D:histories->histori
D:historiful->histori
D:historiic->histori
D:historiical->histori
D:historious->histori
D:historis->histori
D:history->histori
D:historyed->histori
D:historying->histori
D:historys->histori
D:of->of
D:offed->of
D:offedly->of
D:offeds->of
D:offing->of
D:offings->of
D:offul->of
D:offully->of
D:ofness->of
D:ofnesses->of
D:ofs->of
D:the->the
D:theing->the
D:theings->the
Q:electronic->electron
D:electron->electron
D:electronal->electron
D:electronation->electron
D:electronative->electron
D:electrone->electron
D:electroneer->electron
D:electroneering->electron
D:electroneers->electron
D:electroners->electron
D:electrones->electron
D:electronic->electron
D:electronical->electron
D:electronicalli->electron
D:electronically->electron
D:electronicals->electron
D:electronicated->electron
D:electronicator->electron
D:electronicity->electron
D:electronicly->electron
D:electronicness->electron
D:electronics->electron
D:electroning->electron
D:electronism->electron
D:electronization->electron
D:electronize->electron
D:electronized->electron
D:electronizer->electron
D:electronizing->electron
D:electronness->electron
D:electrons->electron
Q:medical->medic
D:medic->medic
D:medicable->medic
D:medicably->medic
D:medical->medic
D:medicaled->medic
D:medicalism->medic
D:medicalisms->medic
D:medicalities->medic
D:medicality->medic
D:medicalization->medic
D:medicalizations->medic
D:medicalize->medic
D:medicalized->medic
D:medicalizers->medic
D:medicalizes->medic
D:medicalizing->medic
D:medically->medic
D:medicalness->medic
D:medicals->medic
D:medicancy->medic
D:medicant->medic
D:medicants->medic
D:medicate->medic
D:medicated->medic
D:medicatedly->medic
D:medicateds->medic
D:medicateing->medic
D:medicates->medic
D:medicating->medic
D:medicatings->medic
D:medication->medic
D:medicational->medic
D:medicationed->medic
D:medications->medic
D:medicative->medic
D:medicator->medic
D:medicators->medic
D:medice->medic
D:mediceal->medic
D:mediceations->medic
D:mediced->medic
D:mediceer->medic
D:medicence->medic
D:medicent->medic
D:medicer->medic
D:medicerly->medic
D:medices->medic
D:medicical->medic
D:medicically->medic
D:medicications->medic
D:medicing->medic
D:medicism->medic
D:mediciti->medic
D:medicity->medic
D:medicive->medic
D:medicment->medic
D:medics->medic
D:record->record
D:recordability->record
D:recordable->record
D:recordables->record
D:recordably->record
D:recordal->record
D:recordality->record
D:recordals->record
D:recordance->record
D:recordant->record
D:recordate->record
D:recordation->record
D:recordations->record
D:recordded->record
D:recordding->record
D:recorde->record
D:recordeal->record
D:recordeals->record
D:recorded->record
D:recordeds->record
D:recordeer->record
D:recordeing->record
D:recordeli->record
D:recorder->record
D:recordered->record
D:recordering->record
D:recorders->record
D:recordes->record
D:recordic->record
D:recordical->record
D:recording->record
D:recordingly->record
D:recordings->record
D:recorditis->record
D:recordivity->record
D:recordization->record
D:recordized->record
D:recordly->record
D:recordment->record
D:recordness->record
D:recordous->record
D:records->record
<query> history of the electronic medical record</query><numhits>10</numhits><time>10745</time>
</ATIREsearch>
<ATIREsearch>
Q:educational->educ
D:educ->educ
D:educabilities->educ
D:educability->educ
D:educable->educ
D:educables->educ
D:educably->educ
D:educal->educ
D:educality->educ
D:educant->educ
D:educants->educ
D:educate->educ
D:educated->educ
D:educatedly->educ
D:educateds->educ
D:educateing->educ
D:educately->educ
D:educates->educ
D:educating->educ
D:education->educ
D:educational->educ
D:educationalism->educ
D:educationality->educ
D:educationally->educ
D:educationals->educ
D:educationed->educ
D:educationing->educ
D:educations->educ
D:educative->educ
D:educatively->educ
D:educatives->educ
D:educator->educ
D:educators->educ
D:educe->educ
D:educeation->educ
D:educeational->educ
D:educed->educ
D:educer->educ
D:educers->educ
D:educes->educ
D:educible->educ
D:educing->educ
D:educiti->educ
D:educities->educ
D:educity->educ
D:educs->educ
Q:advantages->advantag
D:advantag->advantag
D:advantagable->advantag
D:advantage->advantag
D:advantageable->advantag
D:advantageal->advantag
D:advantaged->advantag
D:advantageds->advantag
D:advantageive->advantag
D:advantagely->advantag
D:advantagement->advantag
D:advantageous->advantag
D:advantageously->advantag
D:advantageousness->advantag
D:advantageousnesses->advantag
D:advantager->advantag
D:advantagered->advantag
D:advantagers->advantag
D:advantages->advantag
D:advantaging->advantag
D:advantagings->advantag
D:advantagizing->advantag
D:advantagous->advantag
D:advantagously->advantag
D:advantags->advantag
D:of->of
D:offed->of
D:offedly->of
D:offeds->of
D:offing->of
D:offings->of
D:offul->of
D:offully->of
D:ofness->of
D:ofnesses->of
D:ofs->of
D:social->social
D:socialabilities->social
D:socialability->social
D:socialable->social
D:socialableness->social
D:socialables->social
D:socialably->social
D:socialalities->social
D:socialally->social
D:socialance->social
D:socialate->social
D:socialation->social
D:socialator->social
D:socialators->social
D:sociale->social
D:socialed->social
D:socialement->social
D:socialent->social
D:socialer->social
D:socialers->social
D:sociales->social
D:socialibility->social
D:socialible->social
D:socialication->social
D:socialicing->social
D:socialing->social
D:socialism->social
D:socialisms->social
D:socialities->social
D:socialitis->social
D:sociality->social
D:socialive->social
D:socialization->social
D:socializationings->social
D:socializations->social
D:socialize->social
D:socialized->social
D:socializeds->social
D:socializeing->social
D:socializer->social
D:socializers->social
D:socializes->social
D:socializing->social
D:socializings->social
D:sociall->social
D:sociallement->social
D:socialling->social
D:sociallis->social
D:sociallism->social
D:sociallity->social
D:sociallive->social
D:sociallization->social
D:sociallize->social
D:sociallized->social
D:sociallizing->social
D:socially->social
D:sociallys->social
D:socialness->social
D:socials->social
Q:networking->network
D:network->network
D:networkability->network
D:networkable->network
D:networkal->network
D:networkallies->network
D:networkator->network
D:networke->network
D:networked->network
D:networker->network
D:networkering->network
D:networkerly->network
D:networkers->network
D:networkes->network
D:networkfully->network
D:networking->network
D:networkingly->network
D:networkings->network
D:networkism->network
D:networkization->network
D:networkized->network
D:networkizing->network
D:networkly->network
D:networkness->network
D:networks->network
Q:sites->site
D:site->site
D:sited->site
D:sitedly->site
D:siteds->site
D:sitee->site
D:sitees->site
D:siteful->site
D:siteing->site
D:siteings->site
D:siteli->site
D:sitelis->site
D:sitely->site
D:siteness->site
D:sites->site
D:siting->site
D:sitings->site
<query> educational advantages of social networking sites</query><numhits>10</numhits><time>7964</time>
</ATIREsearch>
<ATIREsearch>
Q:flowering->flower
D:flower->flower
D:floweral->flower
D:flowere->flower
D:flowered->flower
D:flowereds->flower
D:flowereing->flower
D:flowerer->flower
D:flowerering->flower
D:flowerers->flower
D:floweres->flower
D:flowerful->flower
D:flowerfully->flower
D:flowering->flower
D:floweringly->flower
D:flowerings->flower
D:floweritis->flower
D:flowerity->flower
D:flowerize->flower
D:flowerized->flower
D:flowerizer->flower
D:flowerli->flower
D:flowerly->flower
D:flowerlyed->flower
D:flowerness->flower
D:flowerous->flower
D:flowerred->flower
D:flowerring->flower
D:flowers->flower
Q:plants->plant
D:plant->plant
D:plante->plant
D:planted->plant
D:planteds->plant
D:plantelys->plant
D:plantes->plant
D:planting->plant
D:plantings->plant
D:plantly->plant
D:plants->plant
D:plantted->plant
D:plantting->plant
<query> flowering plants</query><numhits>10</numhits><time>1058</time>
</ATIREsearch>
<ATIREsearch>
D:how->how
D:howed->how
D:howefully->how
D:howeli->how
D:howely->how
D:howes->how
D:howful->how
D:howfully->how
D:howing->how
D:howings->how
D:howness->how
D:hows->how
D:to->to
D:toed->to
D:toeds->to
D:toing->to
D:toings->to
D:tie->tie
D:tied->tie
D:tieing->tie
D:tieings->tie
D:ties->tie
D:a->a
D:windsor->windsor
D:windsore->windsor
D:windsored->windsor
D:windsoring->windsor
D:windsorized->windsor
D:windsors->windsor
D:knot->knot
D:knotness->knot
D:knots->knot
D:knotted->knot
D:knottedly->knot
D:knotting->knot
D:knottingly->knot
D:knottings->knot
<query> how to tie a windsor knot</query><numhits>10</numhits><time>9037</time>
</ATIREsearch>
<ATIREsearch>
Q:recycling->recycl
D:recycl->recycl
D:recyclability->recycl
D:recyclable->recycl
D:recyclables->recycl
D:recyclably->recycl
D:recyclant->recycl
D:recyclate->recycl
D:recyclated->recycl
D:recyclates->recycl
D:recyclation->recycl
D:recyclative->recycl
D:recycle->recycl
D:recycleability->recycl
D:recycleable->recycl
D:recycleables->recycl
D:recycled->recycl
D:recycledly->recycl
D:recycleds->recycl
D:recycleing->recycl
D:recyclely->recycl
D:recyclement->recycl
D:recyclent->recycl
D:recycler->recycl
D:recyclers->recycl
D:recycles->recycl
D:recyclible->recycl
D:recyclibles->recycl
D:recyclic->recycl
D:recyclical->recycl
D:recyclicity->recycl
D:recycling->recycl
D:recyclings->recycl
D:recyclism->recycl
D:recyclization->recycl
D:recyclizations->recycl
D:recyclize->recycl
D:recyclized->recycl
D:recyclled->recycl
D:recyclling->recycl
D:recyclous->recycl
D:recycls->recycl
D:lead->lead
D:leadding->lead
D:leade->lead
D:leaded->lead
D:leadeing->lead
D:leades->lead
D:leading->lead
D:leadingly->lead
D:leadings->lead
D:leadli->lead
D:leadly->lead
D:leadness->lead
D:leads->lead
D:acid->acid
D:acidal->acid
D:acidance->acid
D:acidant->acid
D:acidate->acid
D:acidated->acid
D:acidation->acid
D:acidator->acid
D:acide->acid
D:acided->acid
D:acident->acid
D:acidently->acid
D:acidents->acid
D:acider->acid
D:acides->acid
D:acidic->acid
D:acidical->acid
D:acidically->acid
D:acidication->acid
D:acidicity->acid
D:acidicli->acid
D:acidiclies->acid
D:acidicly->acid
D:acidicness->acid
D:acidics->acid
D:aciding->acid
D:acidism->acid
D:acidities->acid
D:acidity->acid
D:acidization->acid
D:acidize->acid
D:acidized->acid
D:acidizer->acid
D:acidizing->acid
D:acidli->acid
D:acidly->acid
D:acidness->acid
D:acidnesses->acid
D:acids->acid
Q:batteries->batteri
D:batteri->batteri
D:batterial->batteri
D:batterie->batteri
D:batteried->batteri
D:batterieds->batteri
D:batterier->batteri
D:batteriers->batteri
D:batteries->batteri
D:batteris->batteri
D:battery->batteri
D:batterying->batteri
D:batterys->batteri
<query> recycling lead acid batteries</query><numhits>10</numhits><time>2536</time>
</ATIREsearch>
<ATIREsearch>
Q:altitude->altitud
D:altitud->altitud
D:altitudal->altitud
D:altitude->altitud
D:altituded->altitud
D:altitudeds->altitud
D:altituders->altitud
D:altitudes->altitud
Q:sickness->sick
D:sick->sick
D:sicke->sick
D:sicked->sick
D:sickeing->sick
D:sickely->sick
D:sickeness->sick
D:sickenesses->sick
D:sickes->sick
D:sickful->sick
D:sicking->sick
D:sickingly->sick
D:sickings->sick
D:sicklied->sick
D:sicklies->sick
D:sickly->sick
D:sickness->sick
D:sicknesses->sick
D:sicknessing->sick
D:sicks->sick
<query> altitude sickness</query><numhits>10</numhits><time>930</time>
</ATIREsearch>
<ATIREsearch>
Q:medical->medic
D:medic->medic
D:medicable->medic
D:medicably->medic
D:medical->medic
D:medicaled->medic
D:medicalism->medic
D:medicalisms->medic
D:medicalities->medic
D:medicality->medic
D:medicalization->medic
D:medicalizations->medic
D:medicalize->medic
D:medicalized->medic
D:medicalizers->medic
D:medicalizes->medic
D:medicalizing->medic
D:medically->medic
D:medicalness->medic
D:medicals->medic
D:medicancy->medic
D:medicant->medic
D:medicants->medic
D:medicate->medic
D:medicated->medic
D:medicatedly->medic
D:medicateds->medic
D:medicateing->medic
D:medicates->medic
D:medicating->medic
D:medicatings->medic
D:medication->medic
D:medicational->medic
D:medicationed->medic
D:medications->medic
D:medicative->medic
D:medicator->medic
D:medicators->medic
D:medice->medic
D:mediceal->medic
D:mediceations->medic
D:mediced->medic
D:mediceer->medic
D:medicence->medic
D:medicent->medic
D:medicer->medic
D:medicerly->medic
D:medices->medic
D:medicical->medic
D:medicically->medic
D:medicications->medic
D:medicing->medic
D:medicism->medic
D:mediciti->medic
D:medicity->medic
D:medicive->medic
D:medicment->medic
D:medics->medic
D:care->care
D:cared->care
D:careds->care
D:caree->care
D:careed->care
D:careeds->care
D:careeful->care
D:careefully->care
D:careeing->care
D:careely->care
D:carees->care
D:careful->care
D:carefullied->care
D:carefully->care
D:carefullys->care
D:carefulness->care
D:carefulnesses->care
D:carefuls->care
D:careing->care
D:careingly->care
D:careings->care
D:careli->care
D:carelis->care
D:carely->care
D:carelys->care
D:careness->care
D:cares->care
D:caring->care
D:caringly->care
D:carings->care
D:and->and
D:andded->and
D:andding->and
D:ande->and
D:anded->and
D:andedly->and
D:andeli->and
D:andelis->and
D:andely->and
D:andelys->and
D:andful->and
D:andfully->and
D:anding->and
D:andings->and
D:andli->and
D:andlies->and
D:andly->and
D:andness->and
D:ands->and
D:jehovah->jehovah
D:jehovahism->jehovah
D:jehovahs->jehovah
D:s->s
Q:witnesses->wit
D:wit->wit
D:witful->wit
D:witfully->wit
D:witfulness->wit
D:witli->wit
D:witly->wit
D:witness->wit
D:witnessed->wit
D:witnesseds->wit
D:witnesses->wit
D:witnessing->wit
D:witnessings->wit
D:wits->wit
D:witted->wit
D:wittedly->wit
D:witting->wit
D:wittingly->wit
D:wittings->wit
<query> medical care and jehovah s witnesses</query><numhits>10</numhits><time>8805</time>
</ATIREsearch>
<ATIREsearch>
D:pink->pink
D:pinke->pink
D:pinked->pink
D:pinkeness->pink
D:pinkes->pink
D:pinkful->pink
D:pinkfully->pink
D:pinking->pink
D:pinkli->pink
D:pinklies->pink
D:pinkly->pink
D:pinkness->pink
D:pinknesses->pink
D:pinks->pink
D:slime->slime
D:slimed->slime
D:slimee->slime
D:slimees->slime
D:slimely->slime
D:slimeness->slime
D:slimes->slime
D:sliming->slime
D:slimings->slime
D:in->in
D:inful->in
D:infully->in
D:inli->in
D:inlied->in
D:inlies->in
D:inlis->in
D:inly->in
D:inlyed->in
D:inlying->in
D:inlys->in
D:inned->in
D:inness->in
D:innesses->in
D:ins->in
D:ground->ground
D:grounde->ground
D:grounded->ground
D:groundedly->ground
D:groundeds->ground
D:groundeness->ground
D:groundes->ground
D:grounding->ground
D:groundings->ground
D:groundly->ground
D:groundness->ground
D:grounds->ground
D:beef->beef
D:beefe->beef
D:beefed->beef
D:beefing->beef
D:beefingly->beef
D:beefness->beef
D:beefs->beef
<query> pink slime in ground beef</query><numhits>10</numhits><time>5060</time>
</ATIREsearch>
<ATIREsearch>
D:how->how
D:howed->how
D:howefully->how
D:howeli->how
D:howely->how
D:howes->how
D:howful->how
D:howfully->how
D:howing->how
D:howings->how
D:howness->how
D:hows->how
D:to->to
D:toed->to
D:toeds->to
D:toing->to
D:toings->to
D:find->find
D:findding->find
D:finddings->find
D:finde->find
D:finded->find
D:findeing->find
D:findeings->find
D:findeli->find
D:findely->find
D:findes->find
D:finding->find
D:findingly->find
D:findings->find
D:findli->find
D:findly->find
D:findness->find
D:finds->find
D:the->the
D:theing->the
D:theings->the
D:mean->mean
D:meane->mean
D:meaned->mean
D:meaneds->mean
D:meaneing->mean
D:meanely->mean
D:meanes->mean
D:meanful->mean
D:meanfully->mean
D:meaning->mean
D:meaningly->mean
D:meanings->mean
D:meanly->mean
D:meanness->mean
D:meannesses->mean
D:meanning->mean
D:meannings->mean
D:means->mean
<query> how to find the mean</query><numhits>10</numhits><time>11624</time>
</ATIREsearch>
Total elapsed time including startup and shutdown 05:34.689 minutes
Kernel: 1.780 seconds
  User: 321.500 seconds
