ATIRE Version 0.5 alpha (64-bit DEBUGGING-build)
Written (w) 2008-2014 Andrew Trotman, University of Otago
<ATIREsearch>
D:raspberried->raspberry
D:raspberries->raspberry
D:raspberry->raspberry
D:raspberryade->raspberry
D:raspberrying->raspberry
D:raspberryish->raspberry
D:raspberrylike->raspberry
D:pi->pi
D:piing->pi
D:pion->pi
D:pionic->pi
D:pionium->pi
D:pions->pi
D:pis->pi
D:pith->pi
D:pithed->pi
D:pithful->pi
D:pithily->pi
D:pithiness->pi
D:pithing->pi
D:pithsome->pi
D:pithy->pi
<query> raspberry pi</query><numhits>10</numhits><time>596</time>
</ATIREsearch>
<ATIREsearch>
Q:uss->us
D:us->us
D:usian->us
D:usians->us
D:usie->us
D:usies->us
D:usness->us
D:uss->us
D:usself->us
D:ussie->us
D:ussies->us
D:usward->us
D:carl->carl
D:carled->carl
D:carls->carl
D:vinson->vinson
<query> uss carl vinson</query><numhits>10</numhits><time>2375</time>
</ATIREsearch>
<ATIREsearch>
Q:reviews->review
D:review->review
D:reviewability->review
D:reviewable->review
D:reviewage->review
D:reviewal->review
D:reviewals->review
D:reviewed->review
D:reviewee->review
D:reviewees->review
D:reviewer->review
D:reviewerese->review
D:revieweress->review
D:reviewers->review
D:reviewest->review
D:revieweth->review
D:reviewing->review
D:reviewings->review
D:reviewish->review
D:reviews->review
D:of->of
D:ofer->of
D:ofers->of
D:ofs->of
D:les->les
D:lesdar->les
D:leses->les
D:less->les
D:lessed->les
D:lessen->les
D:lessened->les
D:lessener->les
D:lesseneth->les
D:lessening->les
D:lessenings->les
D:lesser->les
D:lesserness->les
D:lessers->les
D:lessing->les
D:lessingian->les
D:lessness->les
Q:miserables->miserable
D:miserabilism->miserable
D:miserabilist->miserable
D:miserabilists->miserable
D:miserability->miserable
D:miserable->miserable
D:miserableness->miserable
D:miserablenesses->miserable
D:miserables->miserable
D:miserablist->miserable
D:miserablists->miserable
D:miserably->miserable
<query> reviews of les miserables</query><numhits>10</numhits><time>5272</time>
</ATIREsearch>
<ATIREsearch>
Q:rules->rule
D:rulable->rule
D:rule->rule
D:ruled->rule
D:ruler->rule
D:rulered->rule
D:ruleress->rule
D:rulers->rule
D:rulership->rule
D:rulerships->rule
D:rules->rule
D:rulest->rule
D:rulez->rule
D:ruling->rule
D:rulingly->rule
D:rulings->rule
D:of->of
D:ofer->of
D:ofers->of
D:ofs->of
D:golf->golf
D:golfaholic->golf
D:golfaholics->golf
D:golfdom->golf
D:golfed->golf
D:golfer->golf
D:golfers->golf
D:golfiana->golf
D:golfing->golf
D:golfings->golf
D:golflike->golf
D:golfspeak->golf
D:golfwear->golf
D:golfwise->golf
D:golfy->golf
<query> rules of golf</query><numhits>10</numhits><time>4215</time>
</ATIREsearch>
<ATIREsearch>
D:average->average
D:averageable->average
D:averaged->average
D:averagely->average
D:averageness->average
D:averager->average
D:averagers->average
D:averages->average
D:averaging->average
D:averagings->average
D:charitable->charitable
D:charitableness->charitable
D:charitably->charitable
D:donation->donation
D:donations->donation
D:donationware->donation
D:dono->donation
D:donos->donation
<query> average charitable donation</query><numhits>10</numhits><time>1146</time>
</ATIREsearch>
<ATIREsearch>
D:wind->wind
D:windable->wind
D:windage->wind
D:windages->wind
D:winded->wind
D:windedly->wind
D:windedness->wind
D:winder->wind
D:windered->wind
D:windering->wind
D:winders->wind
D:windest->wind
D:windeth->wind
D:windies->wind
D:windily->wind
D:windiness->wind
D:windinesses->wind
D:winding->wind
D:windingly->wind
D:windings->wind
D:windle->wind
D:windled->wind
D:windlike->wind
D:windling->wind
D:windlings->wind
D:windmeter->wind
D:windmeters->wind
D:windproof->wind
D:windproofed->wind
D:windproofing->wind
D:winds->wind
D:windsome->wind
D:windster->wind
D:windward->wind
D:windwardly->wind
D:windwardmost->wind
D:windwardness->wind
D:windwards->wind
D:windwise->wind
D:windy->wind
D:power->power
D:powerable->power
D:powered->power
D:powerful->power
D:powerfully->power
D:powerfulness->power
D:powering->power
D:powerish->power
D:powerism->power
D:poweroid->power
D:powers->power
D:powersome->power
<query> wind power</query><numhits>10</numhits><time>1572</time>
</ATIREsearch>
<ATIREsearch>
D:bph->bph
D:bphs->bph
Q:treatment->treat
D:treat->treat
D:treatability->treat
D:treatable->treat
D:treatableness->treat
D:treatably->treat
D:treated->treat
D:treater->treat
D:treaters->treat
D:treatest->treat
D:treateth->treat
D:treating->treat
D:treatings->treat
D:treatment->treat
D:treatments->treat
D:treats->treat
D:treature->treat
D:treatures->treat
<query> bph treatment</query><numhits>10</numhits><time>778</time>
</ATIREsearch>
<ATIREsearch>
D:doctor->doctor
D:doctorable->doctor
D:doctordom->doctor
D:doctored->doctor
D:doctorers->doctor
D:doctorese->doctor
D:doctoress->doctor
D:doctoresses->doctor
D:doctorhood->doctor
D:doctorial->doctor
D:doctorially->doctor
D:doctoring->doctor
D:doctorings->doctor
D:doctorish->doctor
D:doctorishness->doctor
D:doctorlike->doctor
D:doctorly->doctor
D:doctors->doctor
D:doctorship->doctor
D:doctorships->doctor
D:doctorspeak->doctor
D:doctress->doctor
D:doctresses->doctor
D:doctrices->doctor
D:doctrix->doctor
D:zhivago->zhivago
<query> doctor zhivago</query><numhits>10</numhits><time>608</time>
</ATIREsearch>
<ATIREsearch>
D:land->land
D:landable->land
D:landed->land
D:lander->land
D:landers->land
D:landest->land
D:landeth->land
D:landful->land
D:landing->land
D:landings->land
D:landish->land
D:landlike->land
D:landly->land
D:landman->land
D:landmen->land
D:landocracy->land
D:landocrat->land
D:lands->land
D:landscape->land
D:landscaped->land
D:landscaper->land
D:landscapers->land
D:landscapes->land
D:landscapey->land
D:landscaping->land
D:landscapism->land
D:landscapist->land
D:landscapists->land
D:landside->land
D:landsides->land
D:landsman->land
D:landsmen->land
D:landward->land
Q:surveyor->survey
D:survey->survey
D:surveyability->survey
D:surveyable->survey
D:surveyal->survey
D:surveyance->survey
D:surveyances->survey
D:surveyed->survey
D:surveyee->survey
D:surveyees->survey
D:surveyest->survey
D:surveying->survey
D:surveyings->survey
D:surveyor->survey
D:surveyors->survey
D:surveyorship->survey
D:surveyorships->survey
D:surveys->survey
<query> land surveyor</query><numhits>10</numhits><time>1385</time>
</ATIREsearch>
<ATIREsearch>
D:golf->golf
D:golfaholic->golf
D:golfaholics->golf
D:golfdom->golf
D:golfed->golf
D:golfer->golf
D:golfers->golf
D:golfiana->golf
D:golfing->golf
D:golfings->golf
D:golflike->golf
D:golfspeak->golf
D:golfwear->golf
D:golfwise->golf
D:golfy->golf
Q:gps->gp
D:gp->gp
D:gps->gp
D:gpsed->gp
D:gpses->gp
D:gpsing->gp
<query> golf gps</query><numhits>10</numhits><time>672</time>
</ATIREsearch>
<ATIREsearch>
D:what->what
D:whatcha->what
D:whatchoo->what
D:whatness->what
D:whatnesses->what
D:whats->what
D:whatth->what
D:is->is
D:isness->is
D:isses->is
D:madagascan->madagascar
D:madagascans->madagascar
D:madagascar->madagascar
D:madagascarian->madagascar
D:madagascarians->madagascar
D:madagascars->madagascar
Q:known->know
D:know->know
D:knowability->know
D:knowable->know
D:knowableness->know
D:knowably->know
D:knowbie->know
D:knowbies->know
D:knowbot->know
D:knowbots->know
D:knowed->know
D:knower->know
D:knowers->know
D:knowest->know
D:knoweth->know
D:knowing->know
D:knowingly->know
D:knowingness->know
D:knowingnesses->know
D:knowings->know
D:known->know
D:knownness->know
D:knowns->know
D:knows->know
D:knowsome->know
D:for->for
<query> what is madagascar known for</query><numhits>10</numhits><time>8410</time>
</ATIREsearch>
<ATIREsearch>
D:home->home
D:homed->home
D:homeful->home
D:homefulness->home
D:homelet->home
D:homelets->home
D:homelike->home
D:homelikeness->home
D:homelily->home
D:homeliness->home
D:homeling->home
D:homelings->home
D:homely->home
D:homeness->home
D:homepreneur->home
D:homepreneurs->home
D:homer->home
D:homered->home
D:homerian->home
D:homeric->home
D:homering->home
D:homerism->home
D:homerisms->home
D:homers->home
D:homes->home
D:homescape->home
D:homescapes->home
D:homester->home
D:homesters->home
D:homeward->home
D:homewards->home
D:homeware->home
D:homewares->home
D:homey->home
D:homeyness->home
D:homeys->home
D:homie->home
D:homies->home
D:homing->home
D:homish->home
D:homishness->home
D:homy->home
D:theater->theater
D:theaterland->theater
D:theaterlike->theater
D:theaters->theater
D:theaterwide->theater
Q:systems->system
D:system->system
D:systematic->system
D:systematically->system
D:systematicist->system
D:systematicists->system
D:systematicities->system
D:systematicity->system
D:systematicness->system
D:systematics->system
D:systematizable->system
D:systematization->system
D:systematizations->system
D:systematize->system
D:systematized->system
D:systematizer->system
D:systematizers->system
D:systematizing->system
D:systemed->system
D:systemic->system
D:systemical->system
D:systemically->system
D:systemicity->system
D:systemin->system
D:systemise->system
D:systemised->system
D:systemising->system
D:systemizable->system
D:systemization->system
D:systemizations->system
D:systemize->system
D:systemized->system
D:systemizer->system
D:systemizers->system
D:systemizing->system
D:systemness->system
D:systemoid->system
D:systems->system
D:systemwide->system
D:systemwise->system
<query> home theater systems</query><numhits>10</numhits><time>3301</time>
</ATIREsearch>
<ATIREsearch>
D:carpal->carpal
D:carpals->carpal
D:tunnel->tunnel
D:tunnelable->tunnel
D:tunneled->tunnel
D:tunneler->tunnel
D:tunnelers->tunnel
D:tunneling->tunnel
D:tunnelings->tunnel
D:tunnelled->tunnel
D:tunneller->tunnel
D:tunnellers->tunnel
D:tunnellike->tunnel
D:tunnelling->tunnel
D:tunnellings->tunnel
D:tunnelly->tunnel
D:tunnels->tunnel
D:syndromal->syndrome
D:syndrome->syndrome
D:syndromed->syndrome
D:syndromes->syndrome
D:syndromic->syndrome
D:syndromically->syndrome
<query> carpal tunnel syndrome</query><numhits>10</numhits><time>780</time>
</ATIREsearch>
<ATIREsearch>
D:capital->capital
D:capitaled->capital
D:capitalism->capital
D:capitalisms->capital
D:capitalistic->capital
D:capitalistically->capital
D:capitalitis->capital
D:capitalizable->capital
D:capitalization->capital
D:capitalizations->capital
D:capitalize->capital
D:capitalized->capital
D:capitalizer->capital
D:capitalizers->capital
D:capitalizing->capital
D:capitally->capital
D:capitalness->capital
D:capitals->capital
D:capitonym->capital
D:capitonyms->capital
Q:gains->gain
D:gain->gain
D:gainable->gain
D:gainand->gain
D:gained->gain
D:gainer->gain
D:gainers->gain
D:gaineth->gain
D:gainful->gain
D:gainfully->gain
D:gainfulness->gain
D:gaining->gain
D:gainings->gain
D:gainliness->gain
D:gainly->gain
D:gains->gain
D:gainsome->gain
D:gainwise->gain
D:tax->tax
D:taxability->tax
D:taxable->tax
D:taxableness->tax
D:taxables->tax
D:taxably->tax
D:taxaholic->tax
D:taxaholics->tax
D:taxation->tax
D:taxational->tax
D:taxations->tax
D:taxed->tax
D:taxee->tax
D:taxees->tax
D:taxer->tax
D:taxers->tax
D:taxest->tax
D:taxeth->tax
D:taxing->tax
D:taxingly->tax
D:taxings->tax
D:taxocracy->tax
D:taxocrat->tax
D:taxocrats->tax
D:taxor->tax
D:taxors->tax
D:taxwise->tax
D:ratability->rate
D:ratable->rate
D:rate->rate
D:rateable->rate
D:rated->rate
D:ratee->rate
D:ratees->rate
D:ratemeter->rate
D:ratemeters->rate
D:rater->rate
D:raters->rate
D:rates->rate
D:ratest->rate
D:rating->rate
D:ratings->rate
<query> capital gains tax rate</query><numhits>10</numhits><time>2645</time>
</ATIREsearch>
<ATIREsearch>
D:maryland->maryland
D:marylander->maryland
D:marylanders->maryland
D:marylandian->maryland
D:marylandians->maryland
D:department->department
D:departmentation->department
D:departmentize->department
D:departments->department
D:departmentwide->department
D:of->of
D:ofer->of
D:ofers->of
D:ofs->of
D:natural->natural
D:naturalesque->natural
D:naturalism->natural
D:naturalisms->natural
D:naturalist->natural
D:naturalista->natural
D:naturalistas->natural
D:naturalistic->natural
D:naturalistically->natural
D:naturalists->natural
D:naturalizable->natural
D:naturalize->natural
D:naturalized->natural
D:naturalizer->natural
D:naturalizers->natural
D:naturalizing->natural
D:naturally->natural
D:naturalness->natural
D:naturalnesses->natural
D:naturals->natural
Q:resources->resource
D:resource->resource
D:resourced->resource
D:resourceful->resource
D:resourcefully->resource
D:resourcefulness->resource
D:resourcefulnesses->resource
D:resourcement->resource
D:resourceome->resource
D:resources->resource
D:resourcing->resource
<query> maryland department of natural resources</query><numhits>10</numhits><time>5874</time>
</ATIREsearch>
<ATIREsearch>
D:nicolas->nicolas
D:cage->cage
D:cagean->cage
D:caged->cage
D:cageful->cage
D:cagelike->cage
D:cageling->cage
D:cagemate->cage
D:cagemates->cage
D:cager->cage
D:cagers->cage
D:cages->cage
D:caging->cage
D:cagings->cage
Q:movies->movie
D:movie->movie
D:moviedom->movie
D:movieholic->movie
D:movieholics->movie
D:movieize->movie
D:movieland->movie
D:movielike->movie
D:moviemania->movie
D:movies->movie
D:moviesque->movie
D:movieverse->movie
D:moviola->movie
D:moviolas->movie
<query> nicolas cage movies</query><numhits>10</numhits><time>1260</time>
</ATIREsearch>
<ATIREsearch>
Q:kids->kid
D:kid->kid
D:kidcore->kid
D:kidded->kid
D:kidder->kid
D:kidders->kid
D:kiddie->kid
D:kiddies->kid
D:kidding->kid
D:kiddingly->kid
D:kiddings->kid
D:kiddish->kid
D:kiddo->kid
D:kiddoes->kid
D:kiddom->kid
D:kiddos->kid
D:kidhood->kid
D:kidkind->kid
D:kidlet->kid
D:kidlets->kid
D:kidlike->kid
D:kidling->kid
D:kidlings->kid
D:kidly->kid
D:kidology->kid
D:kidproof->kid
D:kidproofing->kid
D:kidren->kid
D:kids->kid
D:kidsicle->kid
D:kidsman->kid
D:kidsmen->kid
D:kidspeak->kid
D:kidsy->kid
D:kidz->kid
D:earth->earth
D:earthan->earth
D:earthbound->earth
D:earthed->earth
D:earthen->earth
D:earthened->earth
D:earthenware->earth
D:earthenwares->earth
D:earther->earth
D:earthers->earth
D:earthful->earth
D:earthian->earth
D:earthians->earth
D:earthie->earth
D:earthies->earth
D:earthily->earth
D:earthiness->earth
D:earthinesses->earth
D:earthing->earth
D:earthings->earth
D:earthish->earth
D:earthism->earth
D:earthite->earth
D:earthlies->earth
D:earthlike->earth
D:earthliness->earth
D:earthlinesses->earth
D:earthling->earth
D:earthlings->earth
D:earthly->earth
D:earthness->earth
D:earths->earth
D:earthscape->earth
D:earthscapes->earth
D:earthside->earth
D:earthsiders->earth
D:earthsman->earth
D:earthward->earth
D:earthwardly->earth
D:earthwards->earth
D:earthware->earth
D:earthwares->earth
D:earthwoman->earth
D:earthwomen->earth
D:earthy->earth
D:dailies->day
D:dailiness->day
D:daily->day
D:day->day
D:dayed->day
D:dayer->day
D:dayers->day
D:dayful->day
D:daying->day
D:daylike->day
D:daylong->day
D:days->day
D:dayslong->day
D:daysman->day
D:daysmen->day
D:daysworth->day
D:dayward->day
D:daywear->day
Q:activities->act
D:act->act
D:actabilities->act
D:actability->act
D:actable->act
D:actant->act
D:actants->act
D:acted->act
D:acteme->act
D:actemes->act
D:acter->act
D:acters->act
D:actest->act
D:acteth->act
D:actimetry->act
D:action->act
D:actionability->act
D:actionable->act
D:actionably->act
D:actional->act
D:actionality->act
D:actioned->act
D:actionee->act
D:actionees->act
D:actioner->act
D:actioners->act
D:actionfest->act
D:actioning->act
D:actionism->act
D:actionist->act
D:actionists->act
D:actionize->act
D:actionized->act
D:actionizing->act
D:actionlet->act
D:actionlike->act
D:actionness->act
D:actions->act
D:actiony->act
D:actious->act
D:activable->act
D:activase->act
D:activatable->act
D:activate->act
D:activated->act
D:activater->act
D:activaters->act
D:activating->act
D:activator->act
D:activators->act
D:active->act
D:actively->act
D:activeness->act
D:activenesses->act
D:actives->act
D:activewear->act
D:activism->act
D:activisms->act
D:activist->act
D:activistic->act
D:activists->act
D:activities->act
D:activity->act
D:activize->act
D:activized->act
D:activizing->act
D:actometry->act
D:actor->act
D:actoress->act
D:actoresses->act
D:actorial->act
D:actorine->act
D:actorines->act
D:actorish->act
D:actorlike->act
D:actorly->act
D:actorness->act
D:actors->act
D:actorship->act
D:actory->act
D:actress->act
D:actresses->act
D:actressy->act
D:acts->act
<query> kids earth day activities</query><numhits>10</numhits><time>4339</time>
</ATIREsearch>
<ATIREsearch>
D:solar->solar
D:solargraph->solar
D:solargraphic->solar
D:solargraphs->solar
D:solargraphy->solar
D:solarisation->solar
D:solarisations->solar
D:solarism->solar
D:solarisms->solar
D:solarist->solar
D:solarists->solar
D:solarization->solar
D:solarizations->solar
D:solarize->solar
D:solarized->solar
D:solarizing->solar
D:solars->solar
D:water->water
D:waterable->water
D:waterage->water
D:waterages->water
D:waterborne->water
D:waterdrome->water
D:watered->water
D:waterer->water
D:waterers->water
D:waterest->water
D:watereth->water
D:waterfree->water
D:waterful->water
D:waterily->water
D:wateriness->water
D:waterinesses->water
D:watering->water
D:waterings->water
D:waterish->water
D:waterishness->water
D:waterlike->water
D:waterling->water
D:waterlings->water
D:waterly->water
D:waterman->water
D:watermanship->water
D:watermen->water
D:waterness->water
D:waterphone->water
D:waterphones->water
D:waterproof->water
D:waterproofed->water
D:waterproofer->water
D:waterproofers->water
D:waterproofing->water
D:waterproofings->water
D:waterproofness->water
D:waterproofs->water
D:waters->water
D:waterscape->water
D:waterscaped->water
D:waterscapes->water
D:waterscaping->water
D:waterside->water
D:watersides->water
D:waterward->water
D:waterwoman->water
D:waterwomen->water
D:watery->water
Q:fountains->fountain
D:fountain->fountain
D:fountained->fountain
D:fountaineer->fountain
D:fountaineers->fountain
D:fountaining->fountain
D:fountainlike->fountain
D:fountainous->fountain
D:fountains->fountain
<query> solar water fountains</query><numhits>10</numhits><time>1349</time>
</ATIREsearch>
<ATIREsearch>
D:what->what
D:whatcha->what
D:whatchoo->what
D:whatness->what
D:whatnesses->what
D:whats->what
D:whatth->what
Q:was->wa
D:wa->wa
D:was->wa
D:wast->wa
D:wasts->wa
D:the->the
D:name->name
D:nameability->name
D:nameable->name
D:nameably->name
D:named->name
D:namedness->name
D:namefag->name
D:namefags->name
D:nameling->name
D:namely->name
D:namer->name
D:namers->name
D:names->name
D:namescape->name
D:namescapes->name
D:namest->name
D:nameth->name
D:namewise->name
D:nameworthy->name
D:naming->name
D:namings->name
D:of->of
D:ofer->of
D:ofers->of
D:ofs->of
D:elvis->elvis
D:elvises->elvis
D:elvisesque->elvis
D:elvisy->elvis
D:presley->presley
D:s->s
D:home->home
D:homed->home
D:homeful->home
D:homefulness->home
D:homelet->home
D:homelets->home
D:homelike->home
D:homelikeness->home
D:homelily->home
D:homeliness->home
D:homeling->home
D:homelings->home
D:homely->home
D:homeness->home
D:homepreneur->home
D:homepreneurs->home
D:homer->home
D:homered->home
D:homerian->home
D:homeric->home
D:homering->home
D:homerism->home
D:homerisms->home
D:homers->home
D:homes->home
D:homescape->home
D:homescapes->home
D:homester->home
D:homesters->home
D:homeward->home
D:homewards->home
D:homeware->home
D:homewares->home
D:homey->home
D:homeyness->home
D:homeys->home
D:homie->home
D:homies->home
D:homing->home
D:homish->home
D:homishness->home
D:homy->home
<query> what was the name of elvis presley s home</query><numhits>10</numhits><time>16450</time>
</ATIREsearch>
<ATIREsearch>
D:nba->nba
D:nbaer->nba
D:nbaers->nba
Q:records->record
D:record->record
D:recordability->record
D:recordable->record
D:recorded->record
D:recordedness->record
D:recordee->record
D:recordees->record
D:recordest->record
D:recordeth->record
D:recording->record
D:recordings->record
D:recordist->record
D:recordists->record
D:recordlike->record
D:records->record
D:recordwise->record
<query> nba records</query><numhits>10</numhits><time>1000</time>
</ATIREsearch>
<ATIREsearch>
Q:electoral->elector
D:elector->elector
D:electoral->elector
D:electoralism->elector
D:electoralist->elector
D:electoralists->elector
D:electorally->elector
D:electorate->elector
D:electorates->elector
D:electoress->elector
D:electors->elector
D:electorship->elector
D:electress->elector
D:electresses->elector
D:college->college
D:collegelike->college
D:collegemate->college
D:collegemates->college
D:colleger->college
D:collegers->college
D:colleges->college
D:collegewide->college
D:collegey->college
Q:results->result
D:result->result
D:resultance->result
D:resulted->result
D:resulteth->result
D:resultful->result
D:resultfulness->result
D:resulting->result
D:resultingly->result
D:resultive->result
D:results->result
<query> electoral college 2008 results</query><numhits>10</numhits><time>2388</time>
</ATIREsearch>
<ATIREsearch>
D:male->male
D:maledom->male
D:maledoms->male
D:maleness->male
D:malenesses->male
D:maleocracy->male
D:males->male
D:menopausal->menopause
D:menopausally->menopause
D:menopause->menopause
D:menopaused->menopause
D:menopauses->menopause
D:menopausing->menopause
<query> male menopause</query><numhits>10</numhits><time>847</time>
</ATIREsearch>
<ATIREsearch>
D:usda->usda
D:food->food
D:foodaholic->food
D:foodaholics->food
D:fooderies->food
D:foodery->food
D:foodfest->food
D:foodfests->food
D:foodful->food
D:foodgasm->food
D:foodgasms->food
D:foodie->food
D:foodies->food
D:foodism->food
D:foodist->food
D:foodista->food
D:foodistas->food
D:foodists->food
D:foodlike->food
D:foodomics->food
D:foodophile->food
D:foodophiles->food
D:foodpreneur->food
D:foodpreneurs->food
D:foods->food
D:foodscape->food
D:foodscapes->food
D:foodware->food
D:foodwares->food
D:foodwise->food
D:foody->food
D:foodyism->food
D:pyramid->pyramid
D:pyramided->pyramid
D:pyramidic->pyramid
D:pyramidical->pyramid
D:pyramidically->pyramid
D:pyramiding->pyramid
D:pyramidism->pyramid
D:pyramidize->pyramid
D:pyramidized->pyramid
D:pyramidlike->pyramid
D:pyramidoid->pyramid
D:pyramidological->pyramid
D:pyramidologist->pyramid
D:pyramidologists->pyramid
D:pyramidology->pyramid
D:pyramids->pyramid
D:pyramidwise->pyramid
<query> usda food pyramid</query><numhits>10</numhits><time>1092</time>
</ATIREsearch>
<ATIREsearch>
Q:making->make
D:mackly->make
D:makable->make
D:make->make
D:makeability->make
D:makeable->make
D:makeables->make
D:maked->make
D:maken->make
D:maker->make
D:makers->make
D:makership->make
D:makes->make
D:makest->make
D:making->make
D:makings->make
Q:chicken->cock
D:cock->cock
D:cockaholic->cock
D:cockaludicrous->cock
D:cocked->cock
D:cockerel->cock
D:cockerels->cock
D:cockfag->cock
D:cockfags->cock
D:cockies->cock
D:cockily->cock
D:cockiness->cock
D:cockish->cock
D:cocklet->cock
D:cocklets->cock
D:cocklike->cock
D:cockocracy->cock
D:cocks->cock
D:cockscomb->cock
D:cockscombs->cock
D:cockscrow->cock
D:cocksfoot->cock
D:cocksfoots->cock
D:cockshead->cock
D:cocksicle->cock
D:cocksicles->cock
D:cocksman->cock
D:cocksmanship->cock
D:cocksmen->cock
D:cockster->cock
D:cockwad->cock
D:cockwads->cock
D:cocky->cock
D:soup->soup
D:souped->soup
D:souper->soup
D:souperism->soup
D:soupers->soup
D:soupful->soup
D:soupifying->soup
D:soupily->soup
D:soupiness->soup
D:souping->soup
D:souplike->soup
D:soups->soup
D:soupy->soup
D:from->from
D:fromward->from
D:fromwards->from
D:scratch->scratch
D:scratchability->scratch
D:scratchable->scratch
D:scratched->scratch
D:scratcher->scratch
D:scratchers->scratch
D:scratches->scratch
D:scratchest->scratch
D:scratcheth->scratch
D:scratchie->scratch
D:scratchies->scratch
D:scratchily->scratch
D:scratchiness->scratch
D:scratching->scratch
D:scratchingly->scratch
D:scratchings->scratch
D:scratchlike->scratch
D:scratchproof->scratch
D:scratchy->scratch
<query> making chicken soup from scratch</query><numhits>10</numhits><time>4630</time>
</ATIREsearch>
<ATIREsearch>
D:black->black
D:blackdar->black
D:blacked->black
D:blacken->black
D:blackened->black
D:blackener->black
D:blackeners->black
D:blackeneth->black
D:blackening->black
D:blackenings->black
D:blackenize->black
D:blackenized->black
D:blacker->black
D:blackers->black
D:blacketh->black
D:blackhood->black
D:blackian->black
D:blackies->black
D:blackified->black
D:blackify->black
D:blacking->black
D:blackings->black
D:blackish->black
D:blackishly->black
D:blackishness->black
D:blackism->black
D:blacklet->black
D:blacklets->black
D:blackly->black
D:blackness->black
D:blacknesses->black
D:blackophobic->black
D:blacks->black
D:blacksome->black
D:blackspeak->black
D:blackster->black
D:blackware->black
D:blackwash->black
D:blackwashed->black
D:blackwasher->black
D:blackwashes->black
D:blackwashing->black
D:blacky->black
D:and->and
D:anded->and
D:anding->and
D:ands->and
D:gold->gold
D:golded->gold
D:golden->gold
D:goldened->gold
D:goldening->gold
D:goldenish->gold
D:goldenly->gold
D:goldenness->gold
D:goldennesses->gold
D:goldens->gold
D:goldeny->gold
D:goldie->gold
D:goldies->gold
D:golding->gold
D:goldings->gold
D:goldish->gold
D:goldlike->gold
D:goldly->gold
D:goldness->gold
D:golds->gold
D:goldware->gold
D:goldwares->gold
D:goldy->gold
<query> black and gold</query><numhits>10</numhits><time>5006</time>
</ATIREsearch>
<ATIREsearch>
D:traversability->traverse
D:traversable->traverse
D:traversables->traverse
D:traverse->traverse
D:traversed->traverse
D:traversely->traverse
D:traverser->traverse
D:traversers->traverse
D:traverses->traverse
D:traversing->traverse
D:traversings->traverse
D:citied->city
D:cities->city
D:citification->city
D:citifications->city
D:citified->city
D:citify->city
D:citifying->city
D:city->city
D:citycentric->city
D:cityful->city
D:cityhood->city
D:cityish->city
D:citylike->city
D:citymate->city
D:citymates->city
D:cityness->city
D:cityscape->city
D:cityscapes->city
D:cityscapists->city
D:cityside->city
D:cityward->city
D:citywards->city
D:citywear->city
D:citywide->city
D:citywides->city
<query> traverse city</query><numhits>10</numhits><time>1095</time>
</ATIREsearch>
<ATIREsearch>
D:i->i
D:wilful->will
D:wilfully->will
D:wilfulness->will
D:will->will
D:willable->will
D:willed->will
D:willedness->will
D:willer->will
D:willers->will
D:willest->will
D:willeth->will
D:willied->will
D:willies->will
D:wills->will
D:willy->will
D:willying->will
D:wilsome->will
D:wilsomeness->will
D:survivability->survive
D:survivable->survive
D:survival->survive
D:survivalism->survive
D:survivalist->survive
D:survivalistic->survive
D:survivalists->survive
D:survivals->survive
D:survive->survive
D:survived->survive
D:surviver->survive
D:survivers->survive
D:survivin->survive
D:surviving->survive
D:survivor->survive
D:survivors->survive
D:survivorship->survive
D:survivorships->survive
Q:lyrics->lyre
D:lyre->lyre
D:lyres->lyre
D:lyric->lyre
D:lyrical->lyre
D:lyrically->lyre
D:lyricalness->lyre
D:lyricism->lyre
D:lyricisms->lyre
D:lyricist->lyre
D:lyricists->lyre
D:lyricization->lyre
D:lyricize->lyre
D:lyricized->lyre
D:lyricizing->lyre
D:lyrics->lyre
D:lyriferous->lyre
D:lyriform->lyre
D:lyrism->lyre
D:lyrist->lyre
D:lyrists->lyre
<query> i will survive lyrics</query><numhits>10</numhits><time>4355</time>
</ATIREsearch>
<ATIREsearch>
Q:hawaiian->hawaii
D:hawaii->hawaii
D:hawaiian->hawaii
D:hawaiianize->hawaii
D:hawaiianized->hawaii
D:hawaiianness->hawaii
D:hawaiians->hawaii
D:hawaiite->hawaii
D:hawaiites->hawaii
D:volcanic->volcano
D:volcanical->volcano
D:volcanically->volcano
D:volcanicities->volcano
D:volcanicity->volcano
D:volcanics->volcano
D:volcanism->volcano
D:volcanisms->volcano
D:volcanist->volcano
D:volcanite->volcano
D:volcanites->volcano
D:volcano->volcano
D:volcanoes->volcano
D:volcanogenic->volcano
D:volcanological->volcano
D:volcanologically->volcano
D:volcanologist->volcano
D:volcanologists->volcano
D:volcanology->volcano
D:volcanos->volcano
Q:observatories->observatory
D:observatories->observatory
D:observatory->observatory
<query> hawaiian volcano observatories</query><numhits>10</numhits><time>811</time>
</ATIREsearch>
<ATIREsearch>
D:beef->beef
D:beefburger->beef
D:beefburgers->beef
D:beefed->beef
D:beefer->beef
D:beefers->beef
D:beefily->beef
D:beefiness->beef
D:beefing->beef
D:beefish->beef
D:beefs->beef
D:beefy->beef
D:beeves->beef
D:stroganoff->stroganoff
D:stroganoffs->stroganoff
D:recipe->recipe
D:recipes->recipe
<query> beef stroganoff recipe</query><numhits>10</numhits><time>1196</time>
</ATIREsearch>
<ATIREsearch>
D:world->world
D:worldbound->world
D:worlded->world
D:worlder->world
D:worlders->world
D:worldful->world
D:worldhood->world
D:worldie->world
D:worldies->world
D:worlding->world
D:worldish->world
D:worldlet->world
D:worldlets->world
D:worldlike->world
D:worldlily->world
D:worldliness->world
D:worldlinesses->world
D:worldling->world
D:worldlings->world
D:worldly->world
D:worldmate->world
D:worldmates->world
D:worldness->world
D:worldproof->world
D:worldproofing->world
D:worlds->world
D:worldward->world
D:worldwards->world
D:worldwide->world
D:worldwidely->world
D:worldy->world
D:s->s
D:biggest->biggest
D:dog->dog
D:dogaholic->dog
D:dogaholics->dog
D:dogdom->dog
D:dogette->dog
D:dogettes->dog
D:dogged->dog
D:doggedly->dog
D:doggedness->dog
D:dogger->dog
D:doggerel->dog
D:doggerelist->dog
D:doggerels->dog
D:doggeries->dog
D:doggerman->dog
D:doggers->dog
D:doggery->dog
D:doggess->dog
D:doggesses->dog
D:doggest->dog
D:doggeth->dog
D:doggie->dog
D:doggies->dog
D:doggily->dog
D:dogginess->dog
D:dogging->dog
D:doggish->dog
D:doggishly->dog
D:doggishness->dog
D:doggo->dog
D:doggos->dog
D:doggy->dog
D:doghood->dog
D:dogitude->dog
D:dogkind->dog
D:doglet->dog
D:doglets->dog
D:doglike->dog
D:dogliness->dog
D:dogling->dog
D:doglings->dog
D:dogly->dog
D:dogman->dog
D:dogmen->dog
D:dognap->dog
D:dognapers->dog
D:dognapped->dog
D:dognapper->dog
D:dognappers->dog
D:dogness->dog
D:dogproof->dog
D:dogproofed->dog
D:dogproofing->dog
D:dogs->dog
D:dogsbodies->dog
D:dogsbody->dog
D:dogsbodying->dog
D:dogship->dog
D:dogspeak->dog
D:dogward->dog
D:dogwear->dog
D:dogwise->dog
<query> world s biggest dog</query><numhits>10</numhits><time>4402</time>
</ATIREsearch>
<ATIREsearch>
D:what->what
D:whatcha->what
D:whatchoo->what
D:whatness->what
D:whatnesses->what
D:whats->what
D:whatth->what
D:are->are
D:arean->are
D:ares->are
D:the->the
D:seven->seven
D:sevener->seven
D:seveners->seven
D:sevenfold->seven
D:sevenfoldness->seven
D:sevenish->seven
D:sevenling->seven
D:sevenlings->seven
D:sevenness->seven
D:sevens->seven
D:sevensies->seven
D:sevensome->seven
D:seventeen->seven
D:seventeenfold->seven
D:seventeenish->seven
D:seventeens->seven
D:seventies->seven
D:seventieth->seven
D:seventieths->seven
D:seventy->seven
D:seventyfold->seven
D:seventyish->seven
D:seventysomething->seven
D:seventysomethings->seven
D:sevoflurane->seven
Q:deadly->dead
D:dead->dead
D:deaded->dead
D:deaden->dead
D:deadened->dead
D:deadener->dead
D:deadeners->dead
D:deadening->dead
D:deadeningly->dead
D:deadenings->dead
D:deader->dead
D:deaders->dead
D:deadhead->dead
D:deadheaded->dead
D:deadheading->dead
D:deadheadings->dead
D:deadheadism->dead
D:deadheads->dead
D:deading->dead
D:deadish->dead
D:deadlihood->dead
D:deadlike->dead
D:deadlily->dead
D:deadliness->dead
D:deadlinesses->dead
D:deadly->dead
D:deadness->dead
D:deadnesses->dead
Q:sins->sin
D:sin->sin
D:sinful->sin
D:sinfully->sin
D:sinfulness->sin
D:sinlike->sin
D:sinned->sin
D:sinner->sin
D:sinneress->sin
D:sinnerhood->sin
D:sinners->sin
D:sinnership->sin
D:sinnest->sin
D:sinneth->sin
D:sinning->sin
D:sinningly->sin
D:sinningness->sin
D:sinnings->sin
D:sinny->sin
D:sins->sin
<query> what are the seven deadly sins</query><numhits>10</numhits><time>8852</time>
</ATIREsearch>
<ATIREsearch>
D:hurricane->hurricane
D:hurricanelike->hurricane
D:hurricaneproof->hurricane
D:hurricanes->hurricane
D:hurricanic->hurricane
D:irene->irene
D:irenes->irene
Q:flooding->flood
D:flood->flood
D:floodable->flood
D:floodage->flood
D:flooded->flood
D:flooder->flood
D:flooders->flood
D:floodest->flood
D:flooding->flood
D:floodings->flood
D:floodlet->flood
D:floodlike->flood
D:floodometer->flood
D:floodproof->flood
D:floodproofed->flood
D:floodproofing->flood
D:floods->flood
D:floody->flood
D:in->in
D:inly->in
D:innage->in
D:innages->in
D:inness->in
D:innie->in
D:innies->in
D:ins->in
D:inscape->in
D:inscapes->in
D:inss->in
D:inward->in
D:inwardly->in
D:inwardmost->in
D:inwardness->in
D:inwards->in
D:manville->manville
D:nj->nj
<query> hurricane irene flooding in manville nj</query><numhits>10</numhits><time>4467</time>
</ATIREsearch>
<ATIREsearch>
D:hair->hair
D:haired->hair
D:hairedness->hair
D:hairen->hair
D:hairful->hair
D:hairily->hair
D:hairiness->hair
D:hairinesses->hair
D:hairing->hair
D:hairings->hair
D:hairist->hair
D:hairists->hair
D:hairlet->hair
D:hairlets->hair
D:hairlike->hair
D:hairs->hair
D:hairsbreadth->hair
D:hairsbreadths->hair
D:hairwear->hair
D:hairy->hair
D:hairyness->hair
D:dyability->dye
D:dyce->dye
D:dye->dye
D:dyeability->dye
D:dyeable->dye
D:dyed->dye
D:dyeing->dye
D:dyeings->dye
D:dyer->dye
D:dyers->dye
D:dyery->dye
D:dyes->dye
D:dyest->dye
D:dyeth->dye
<query> hair dye</query><numhits>10</numhits><time>800</time>
</ATIREsearch>
<ATIREsearch>
D:dark->dark
D:darkcore->dark
D:darked->dark
D:darken->dark
D:darkened->dark
D:darkener->dark
D:darkeners->dark
D:darkenest->dark
D:darkeneth->dark
D:darkening->dark
D:darkenings->dark
D:darkey->dark
D:darkeys->dark
D:darkful->dark
D:darkie->dark
D:darking->dark
D:darkish->dark
D:darkishly->dark
D:darkishness->dark
D:darkling->dark
D:darklings->dark
D:darkly->dark
D:darkmans->dark
D:darkness->dark
D:darknesses->dark
D:darkon->dark
D:darkons->dark
D:darks->dark
D:darksome->dark
D:darksomely->dark
D:darksomeness->dark
D:darkward->dark
D:darkwards->dark
D:darkwave->dark
D:darkwaver->dark
D:darkwavers->dark
D:chocaholic->chocolate
D:chocaholics->chocolate
D:chocoholic->chocolate
D:chocoholics->chocolate
D:chocoholism->chocolate
D:chocolate->chocolate
D:chocolated->chocolate
D:chocolatelike->chocolate
D:chocolateness->chocolate
D:chocolateries->chocolate
D:chocolatery->chocolate
D:chocolates->chocolate
D:chocolatiness->chocolate
D:chocolating->chocolate
D:chocolatized->chocolate
D:chocolaty->chocolate
Q:health->whole
D:whole->whole
D:wholely->whole
D:wholeness->whole
D:wholenesses->whole
D:wholes->whole
D:wholesome->whole
D:wholesomely->whole
D:wholesomeness->whole
D:wholist->whole
D:wholistic->whole
D:wholistically->whole
D:wholly->whole
D:wholth->whole
Q:benefits->benefit
D:benefit->benefit
D:benefitable->benefit
D:benefited->benefit
D:benefiter->benefit
D:benefiters->benefit
D:benefitest->benefit
D:benefiteth->benefit
D:benefiting->benefit
D:benefits->benefit
D:benefitting->benefit
<query> dark chocolate health benefits</query><numhits>10</numhits><time>2007</time>
</ATIREsearch>
<ATIREsearch>
D:ham->ham
D:hamese->ham
D:hamfest->ham
D:hamfests->ham
D:hamite->ham
D:hamites->ham
D:hamitic->ham
D:hamlike->ham
D:hammed->ham
D:hammies->ham
D:hammily->ham
D:hamminess->ham
D:hamming->ham
D:hammy->ham
D:hams->ham
D:radio->radio
D:radioed->radio
D:radiogenic->radio
D:radioing->radio
D:radioland->radio
D:radiolike->radio
D:radioman->radio
D:radiomen->radio
D:radios->radio
D:radiothon->radio
D:radiothons->radio
<query> ham radio</query><numhits>10</numhits><time>822</time>
</ATIREsearch>
<ATIREsearch>
Q:symptoms->symptom
D:symptom->symptom
D:symptomatic->symptom
D:symptomatically->symptom
D:symptomaticity->symptom
D:symptomatics->symptom
D:symptomize->symptom
D:symptomized->symptom
D:symptomizing->symptom
D:symptomological->symptom
D:symptomologies->symptom
D:symptomology->symptom
D:symptoms->symptom
D:of->of
D:ofer->of
D:ofers->of
D:ofs->of
D:mad->mad
D:madded->mad
D:madding->mad
D:maddingly->mad
D:maddish->mad
D:maddle->mad
D:maddling->mad
D:madling->mad
D:madlings->mad
D:madly->mad
D:madman->mad
D:madmen->mad
D:madness->mad
D:madnesses->mad
D:mads->mad
D:madwoman->mad
D:madwomen->mad
D:cow->cow
D:cowdom->cow
D:cowed->cow
D:cowedly->cow
D:cowing->cow
D:cowish->cow
D:cowlet->cow
D:cowlets->cow
D:cowlike->cow
D:cowling->cow
D:cowlings->cow
D:cowman->cow
D:cowmanship->cow
D:cowmen->cow
D:cowness->cow
D:cows->cow
D:cowy->cow
D:disease->disease
D:diseased->disease
D:diseasedly->disease
D:diseasedness->disease
D:diseaseful->disease
D:diseaselike->disease
D:diseasement->disease
D:diseases->disease
D:diseaseth->disease
D:diseasing->disease
D:diseasome->disease
D:in->in
D:inly->in
D:innage->in
D:innages->in
D:inness->in
D:innie->in
D:innies->in
D:ins->in
D:inscape->in
D:inscapes->in
D:inss->in
D:inward->in
D:inwardly->in
D:inwardmost->in
D:inwardness->in
D:inwards->in
Q:humans->human
D:human->human
D:humanburger->human
D:humanburgers->human
D:humancentric->human
D:humaned->human
D:humanesque->human
D:humanhood->human
D:humanicide->human
D:humanicides->human
D:humanics->human
D:humanified->human
D:humaniform->human
D:humanify->human
D:humanifying->human
D:humaning->human
D:humanisation->human
D:humanisations->human
D:humanish->human
D:humanism->human
D:humanisms->human
D:humanitarian->human
D:humanitarianism->human
D:humanitarianisms->human
D:humanitarianist->human
D:humanitarianists->human
D:humanitarianize->human
D:humanitarianly->human
D:humanitarians->human
D:humanities->human
D:humanity->human
D:humanization->human
D:humanizations->human
D:humanize->human
D:humanized->human
D:humanizer->human
D:humanizers->human
D:humanizing->human
D:humankind->human
D:humankinds->human
D:humanlike->human
D:humanly->human
D:humanness->human
D:humannesses->human
D:humanoid->human
D:humanoids->human
D:humanosphere->human
D:humans->human
D:humansexual->human
D:humanwise->human
<query> symptoms of mad cow disease in humans</query><numhits>10</numhits><time>8535</time>
</ATIREsearch>
<ATIREsearch>
D:lump->lump
D:lumpability->lump
D:lumpectomies->lump
D:lumpectomized->lump
D:lumpectomy->lump
D:lumped->lump
D:lumpen->lump
D:lumpenism->lump
D:lumpenly->lump
D:lumpens->lump
D:lumper->lump
D:lumpers->lump
D:lumpily->lump
D:lumpiness->lump
D:lumpinesses->lump
D:lumping->lump
D:lumpingly->lump
D:lumpings->lump
D:lumpish->lump
D:lumpishly->lump
D:lumpishness->lump
D:lumplike->lump
D:lumps->lump
D:lumpsome->lump
D:lumpy->lump
D:in->in
D:inly->in
D:innage->in
D:innages->in
D:inness->in
D:innie->in
D:innies->in
D:ins->in
D:inscape->in
D:inscapes->in
D:inss->in
D:inward->in
D:inwardly->in
D:inwardmost->in
D:inwardness->in
D:inwards->in
D:throat->throat
D:throatal->throat
D:throated->throat
D:throater->throat
D:throaters->throat
D:throatful->throat
D:throatfuls->throat
D:throatily->throat
D:throatiness->throat
D:throating->throat
D:throatlet->throat
D:throats->throat
D:throaty->throat
D:throttle->throat
D:throttleable->throat
D:throttled->throat
D:throttler->throat
D:throttlers->throat
D:throttles->throat
D:throttling->throat
D:throttlings->throat
<query> lump in throat</query><numhits>10</numhits><time>3671</time>
</ATIREsearch>
<ATIREsearch>
D:george->george
D:georges->george
D:georgism->george
D:georgist->george
D:georgists->george
D:bush->bush
D:bushcraft->bush
D:bushcrafts->bush
D:busher->bush
D:bushers->bush
D:bushes->bush
D:bushful->bush
D:bushian->bush
D:bushie->bush
D:bushies->bush
D:bushily->bush
D:bushiness->bush
D:bushing->bush
D:bushings->bush
D:bushism->bush
D:bushisms->bush
D:bushist->bush
D:bushists->bush
D:bushite->bush
D:bushites->bush
D:bushlet->bush
D:bushlike->bush
D:bushly->bush
D:bushman->bush
D:bushmanship->bush
D:bushmen->bush
D:bushophile->bush
D:bushophiles->bush
D:bushtard->bush
D:bushtards->bush
D:bushy->bush
D:sr->sr
D:bio->bio
D:bios->bio
D:bioses->bio
<query> george bush sr bio</query><numhits>10</numhits><time>1408</time>
</ATIREsearch>
<ATIREsearch>
D:frank->frank
D:frankable->frank
D:franked->frank
D:franker->frank
D:frankers->frank
D:frankian->frank
D:franking->frank
D:frankings->frank
D:frankish->frank
D:frankism->frank
D:frankist->frank
D:frankists->frank
D:frankly->frank
D:frankness->frank
D:franks->frank
D:franksome->frank
D:french->frank
D:frenchcore->frank
D:frenched->frank
D:frenchery->frank
D:frenchie->frank
D:frenchies->frank
D:frenchification->frank
D:frenchified->frank
D:frenchify->frank
D:frenchifying->frank
D:frenchiness->frank
D:frenching->frank
D:frenchise->frank
D:frenchises->frank
D:frenchising->frank
D:frenchism->frank
D:frenchisms->frank
D:frenchize->frank
D:frenchized->frank
D:frenchly->frank
D:frenchman->frank
D:frenchmen->frank
D:frenchness->frank
D:frenchwise->frank
D:frenchwoman->frank
D:frenchwomen->frank
D:frenchy->frank
D:lloyd->lloyd
D:wright->wright
D:wrightian->wright
D:wrights->wright
D:biographee->biography
D:biographees->biography
D:biographer->biography
D:biographers->biography
D:biographical->biography
D:biographically->biography
D:biographied->biography
D:biographies->biography
D:biographize->biography
D:biography->biography
D:biographying->biography
<query> frank lloyd wright biography</query><numhits>10</numhits><time>1286</time>
</ATIREsearch>
<ATIREsearch>
Q:presidential->president
D:president->president
D:presidented->president
D:presidentess->president
D:presidenthood->president
D:presidentiable->president
D:presidentiables->president
D:presidential->president
D:presidentialism->president
D:presidentiality->president
D:presidentially->president
D:presidentialness->president
D:presidenting->president
D:presidentress->president
D:presidents->president
D:presidentship->president
D:presidentships->president
D:prexie->president
D:prexies->president
D:middle->middle
D:middled->middle
D:middlemost->middle
D:middleness->middle
D:middlepeople->middle
D:middleperson->middle
D:middlepersons->middle
D:middler->middle
D:middlers->middle
D:middles->middle
D:middleware->middle
D:middlewares->middle
D:middling->middle
D:middlingish->middle
D:middlingly->middle
D:middlingness->middle
D:middlings->middle
D:middlish->middle
D:midlings->middle
Q:names->name
D:name->name
D:nameability->name
D:nameable->name
D:nameably->name
D:named->name
D:namedness->name
D:namefag->name
D:namefags->name
D:nameling->name
D:namely->name
D:namer->name
D:namers->name
D:names->name
D:namescape->name
D:namescapes->name
D:namest->name
D:nameth->name
D:namewise->name
D:nameworthy->name
D:naming->name
D:namings->name
<query> presidential middle names</query><numhits>10</numhits><time>2127</time>
</ATIREsearch>
<ATIREsearch>
D:what->what
D:whatcha->what
D:whatchoo->what
D:whatness->what
D:whatnesses->what
D:whats->what
D:whatth->what
D:is->is
D:isness->is
D:isses->is
D:a->a
D:wiki->wiki
D:wikian->wiki
D:wikians->wiki
D:wikied->wiki
D:wikification->wiki
D:wikified->wiki
D:wikify->wiki
D:wikifying->wiki
D:wikiholic->wiki
D:wikiholics->wiki
D:wikiing->wiki
D:wikilike->wiki
D:wikiness->wiki
D:wikiphobia->wiki
D:wikis->wiki
D:wikisphere->wiki
D:wikiverse->wiki
<query> what is a wiki</query><numhits>10</numhits><time>7230</time>
</ATIREsearch>
<ATIREsearch>
D:cannellini->cannellini
D:cannellinis->cannellini
Q:beans->bean
D:bean->bean
D:beanburger->bean
D:beanburgers->bean
D:beaned->bean
D:beaner->bean
D:beaneries->bean
D:beaners->bean
D:beanery->bean
D:beanie->bean
D:beanied->bean
D:beanies->bean
D:beaning->bean
D:beanlike->bean
D:beans->bean
D:beany->bean
<query> cannellini beans</query><numhits>10</numhits><time>682</time>
</ATIREsearch>
<ATIREsearch>
D:afghanistan->afghanistan
D:afghanistani->afghanistan
D:afghanistanis->afghanistan
D:afghanistanism->afghanistan
D:flag->flag
D:flaggable->flag
D:flagger->flag
D:flaggers->flag
D:flagginess->flag
D:flagging->flag
D:flaggingly->flag
D:flaggings->flag
D:flaggish->flag
D:flaggy->flag
D:flaglet->flag
D:flaglets->flag
D:flaglike->flag
D:flagman->flag
D:flagmen->flag
D:flags->flag
<query> afghanistan flag</query><numhits>10</numhits><time>800</time>
</ATIREsearch>
<ATIREsearch>
D:old->old
D:oldass->old
D:oldbie->old
D:oldbies->old
D:olden->old
D:oldened->old
D:oldening->old
D:oldfag->old
D:oldfags->old
D:oldhead->old
D:oldheads->old
D:oldhood->old
D:oldie->old
D:oldies->old
D:oldified->old
D:oldify->old
D:oldifying->old
D:oldish->old
D:oldishness->old
D:oldling->old
D:oldlings->old
D:oldly->old
D:oldness->old
D:oldnesses->old
D:olds->old
D:oldster->old
D:oldsters->old
D:oldy->old
D:town->town
D:towned->town
D:towner->town
D:towners->town
D:townful->town
D:townhood->town
D:townie->town
D:townies->town
D:towniness->town
D:townish->town
D:townishly->town
D:townlet->town
D:townlets->town
D:townlike->town
D:townlings->town
D:townly->town
D:townmate->town
D:townmates->town
D:towns->town
D:townscape->town
D:townscapes->town
D:townscaping->town
D:townsfolk->town
D:township->town
D:townships->town
D:townsman->town
D:townsmen->town
D:townspeople->town
D:townsperson->town
D:townspersons->town
D:townswoman->town
D:townswomen->town
D:townward->town
D:townwards->town
D:townwear->town
D:townwide->town
D:towny->town
D:scottsdale->scottsdale
<query> old town scottsdale</query><numhits>10</numhits><time>1449</time>
</ATIREsearch>
<ATIREsearch>
D:roosevelt->roosevelt
D:rooseveltian->roosevelt
D:island->island
D:islanded->island
D:islander->island
D:islanders->island
D:islandhood->island
D:islandic->island
D:islanding->island
D:islandish->island
D:islandlike->island
D:islandness->island
D:islandress->island
D:islands->island
D:islandwide->island
D:islandy->island
<query> roosevelt island</query><numhits>10</numhits><time>808</time>
</ATIREsearch>
<ATIREsearch>
D:civil->civil
D:civilian->civil
D:civilianise->civil
D:civilianised->civil
D:civilianising->civil
D:civilianism->civil
D:civilianization->civil
D:civilianize->civil
D:civilianized->civil
D:civilianizing->civil
D:civilians->civil
D:civilise->civil
D:civilised->civil
D:civilish->civil
D:civilising->civil
D:civilities->civil
D:civility->civil
D:civilizable->civil
D:civilize->civil
D:civilized->civil
D:civilizedly->civil
D:civilizedness->civil
D:civilizee->civil
D:civilizer->civil
D:civilizers->civil
D:civilizing->civil
D:civilly->civil
D:civilness->civil
D:war->war
D:warbot->war
D:warbots->war
D:warcore->war
D:warcraft->war
D:warcrafter->war
D:warcrafters->war
D:warcrafts->war
D:wardom->war
D:warful->war
D:warfully->war
D:warism->war
D:warlike->war
D:warlikeness->war
D:warling->war
D:warlings->war
D:warly->war
D:warman->war
D:warmate->war
D:warmen->war
D:warnik->war
D:warniks->war
D:warred->war
D:warrest->war
D:warreth->war
D:warring->war
D:warrings->war
D:warrish->war
D:wars->war
D:warsome->war
D:warspeak->war
D:warwards->war
Q:battles->battle
D:battailous->battle
D:battle->battle
D:battled->battle
D:battleful->battle
D:battler->battle
D:battlers->battle
D:battles->battle
D:battlesome->battle
D:battlest->battle
D:battleth->battle
D:battleward->battle
D:battleworthy->battle
D:in->in
D:inly->in
D:innage->in
D:innages->in
D:inness->in
D:innie->in
D:innies->in
D:ins->in
D:inscape->in
D:inscapes->in
D:inss->in
D:inward->in
D:inwardly->in
D:inwardmost->in
D:inwardness->in
D:inwards->in
D:south->south
D:southed->south
D:souther->south
D:southered->south
D:southering->south
D:southerlies->south
D:southerliness->south
D:southerly->south
D:southern->south
D:southerner->south
D:southerners->south
D:southernish->south
D:southernism->south
D:southernisms->south
D:southernist->south
D:southernists->south
D:southernization->south
D:southernize->south
D:southernized->south
D:southernizing->south
D:southernliness->south
D:southernly->south
D:southernmost->south
D:southernness->south
D:southerns->south
D:southers->south
D:southie->south
D:southies->south
D:southing->south
D:southings->south
D:southly->south
D:southmost->south
D:southness->south
D:souths->south
D:southward->south
D:southwardly->south
D:southwards->south
D:carolina->carolina
<query> civil war battles in south carolina</query><numhits>10</numhits><time>5690</time>
</ATIREsearch>
<ATIREsearch>
D:rain->rain
D:rained->rain
D:rainer->rain
D:rainers->rain
D:raineth->rain
D:rainful->rain
D:rainily->rain
D:raininess->rain
D:raining->rain
D:rainings->rain
D:rainish->rain
D:rainlike->rain
D:rainproof->rain
D:rainproofed->rain
D:rainproofing->rain
D:rains->rain
D:rainscape->rain
D:rainscapes->rain
D:rainsome->rain
D:rainwear->rain
D:rainy->rain
D:man->man
D:manable->man
D:manbot->man
D:manbots->man
D:mandom->man
D:maneen->man
D:maneens->man
D:maness->man
D:manful->man
D:manfully->man
D:manfulness->man
D:manhood->man
D:manhoods->man
D:manified->man
D:manify->man
D:manifying->man
D:mankin->man
D:mankind->man
D:mankins->man
D:manlet->man
D:manlets->man
D:manlihood->man
D:manlike->man
D:manlily->man
D:manliness->man
D:manlinesses->man
D:manling->man
D:manlings->man
D:manly->man
D:manned->man
D:mannequin->man
D:mannequins->man
D:manness->man
D:mannie->man
D:manning->man
D:mannish->man
D:mannishly->man
D:mannishness->man
D:manred->man
D:mans->man
D:manscape->man
D:manscaped->man
D:manscaper->man
D:manscapers->man
D:manscapes->man
D:manscaping->man
D:manship->man
D:mansome->man
D:manspeak->man
D:mansplain->man
D:mansplained->man
D:mansplainer->man
D:mansplainers->man
D:mansplaining->man
D:mansplainy->man
D:mantastic->man
D:manward->man
D:manwards->man
D:manwise->man
<query> rain man</query><numhits>10</numhits><time>1249</time>
</ATIREsearch>
<ATIREsearch>
Q:eggs->egg
D:egg->egg
D:eggburger->egg
D:egged->egg
D:egger->egg
D:eggers->egg
D:eggery->egg
D:eggest->egg
D:eggette->egg
D:eggettes->egg
D:eggie->egg
D:eggies->egg
D:egginess->egg
D:egging->egg
D:eggings->egg
D:egglike->egg
D:eggling->egg
D:egglings->egg
D:eggman->egg
D:eggmen->egg
D:eggs->egg
D:eggwomen->egg
D:eggy->egg
D:shelf->shelf
D:shelfful->shelf
D:shelfie->shelf
D:shelflike->shelf
D:shelfmate->shelf
D:shelfmates->shelf
D:shelfward->shelf
D:shelfware->shelf
D:shelfworthy->shelf
D:shelfy->shelf
D:shelves->shelf
D:life->life
D:lifeaholic->life
D:lifeaholics->life
D:lifed->life
D:lifeful->life
D:lifelet->life
D:lifelets->life
D:lifelike->life
D:lifelikeness->life
D:lifelong->life
D:lifely->life
D:lifemanship->life
D:lifemate->life
D:lifemates->life
D:lifen->life
D:lifeness->life
D:lifening->life
D:lifer->life
D:lifers->life
D:lifes->life
D:lifescape->life
D:lifescapes->life
D:lifesome->life
D:lifesomeness->life
D:lifeward->life
D:lifeworthy->life
D:lifey->life
D:lifie->life
D:lifies->life
D:lifing->life
D:livelies->life
D:livelily->life
D:liveliness->life
D:lively->life
D:lives->life
D:livish->life
<query> eggs shelf life</query><numhits>10</numhits><time>1741</time>
</ATIREsearch>
<ATIREsearch>
Q:occupational->occupation
D:occupation->occupation
D:occupational->occupation
D:occupationalist->occupation
D:occupationally->occupation
D:occupations->occupation
Q:therapist->therapy
D:therapee->therapy
D:therapees->therapy
D:therapese->therapy
D:therapied->therapy
D:therapies->therapy
D:therapist->therapy
D:therapists->therapy
D:therapize->therapy
D:therapized->therapy
D:therapizing->therapy
D:therapy->therapy
D:therapying->therapy
<query> occupational therapist</query><numhits>10</numhits><time>739</time>
</ATIREsearch>
<ATIREsearch>
D:ford->ford
D:fordable->ford
D:forded->ford
D:forder->ford
D:forders->ford
D:fordian->ford
D:fordie->ford
D:fordies->ford
D:fording->ford
D:fordings->ford
D:fordism->ford
D:fordist->ford
D:fordistic->ford
D:fordists->ford
D:fordite->ford
D:fords->ford
D:fordson->ford
D:fordsons->ford
D:edge->edge
D:edged->edge
D:edgelet->edge
D:edgelets->edge
D:edgelike->edge
D:edger->edge
D:edgers->edge
D:edges->edge
D:edgest->edge
D:edgeth->edge
D:edgeware->edge
D:edgeways->edge
D:edgewise->edge
D:edgily->edge
D:edginess->edge
D:edginesses->edge
D:edging->edge
D:edgingly->edge
D:edgings->edge
D:edgy->edge
Q:problems->problem
D:problem->problem
D:problematic->problem
D:problematical->problem
D:problematically->problem
D:problematicness->problem
D:problematics->problem
D:problemed->problem
D:problemette->problem
D:problemise->problem
D:problemising->problem
D:problemist->problem
D:problemists->problem
D:problemize->problem
D:problemizing->problem
D:problems->problem
D:problemsome->problem
<query> ford edge problems</query><numhits>10</numhits><time>1613</time>
</ATIREsearch>
<ATIREsearch>
Q:identifying->identify
D:identifiability->identify
D:identifiable->identify
D:identifiableness->identify
D:identifiably->identify
D:identified->identify
D:identifiee->identify
D:identifiees->identify
D:identifier->identify
D:identifiers->identify
D:identify->identify
D:identifying->identify
D:spider->spider
D:spiderdom->spider
D:spidered->spider
D:spidergram->spider
D:spidergrams->spider
D:spideriness->spider
D:spidering->spider
D:spiderish->spider
D:spiderkind->spider
D:spiderlike->spider
D:spiderling->spider
D:spiderlings->spider
D:spiderly->spider
D:spiderous->spider
D:spiderphobia->spider
D:spiders->spider
D:spidership->spider
D:spiderwork->spider
D:spidery->spider
D:spidroin->spider
D:spidroins->spider
Q:bites->bite
D:bite->bite
D:biteable->bite
D:bited->bite
D:bitee->bite
D:bitees->bite
D:biteful->bite
D:bitefuls->bite
D:biteproof->bite
D:biter->bite
D:biters->bite
D:bites->bite
D:bitest->bite
D:biteth->bite
D:bitey->bite
D:biting->bite
D:bitingly->bite
D:bitingness->bite
D:bitings->bite
D:bitter->bite
D:bittered->bite
D:bitterful->bite
D:bittering->bite
D:bitterish->bite
D:bitterling->bite
D:bitterlings->bite
D:bitterly->bite
D:bitterness->bite
D:bitternesses->bite
D:bitters->bite
D:bittersome->bite
<query> identifying spider bites</query><numhits>10</numhits><time>1063</time>
</ATIREsearch>
<ATIREsearch>
D:historiaster->history
D:historicide->history
D:historied->history
D:histories->history
D:historified->history
D:historify->history
D:historifying->history
D:historiology->history
D:historize->history
D:historized->history
D:historizing->history
D:history->history
D:historying->history
D:historylike->history
D:historywise->history
D:of->of
D:ofer->of
D:ofers->of
D:ofs->of
Q:orcas->orca
D:orca->orca
D:orcas->orca
D:island->island
D:islanded->island
D:islander->island
D:islanders->island
D:islandhood->island
D:islandic->island
D:islanding->island
D:islandish->island
D:islandlike->island
D:islandness->island
D:islandress->island
D:islands->island
D:islandwide->island
D:islandy->island
<query> history of orcas island</query><numhits>10</numhits><time>4545</time>
</ATIREsearch>
<ATIREsearch>
D:tooth->tooth
D:toothed->tooth
D:toothedness->tooth
D:toothette->tooth
D:toothettes->tooth
D:toothful->tooth
D:toothily->tooth
D:toothiness->tooth
D:toothing->tooth
D:toothlet->tooth
D:toothleted->tooth
D:toothlike->tooth
D:toothly->tooth
D:toothproof->tooth
D:toothsome->tooth
D:toothsomely->tooth
D:toothsomeness->tooth
D:toothwork->tooth
D:toothy->tooth
D:abscess->abscess
D:abscessation->abscess
D:abscessations->abscess
D:abscessed->abscess
D:abscesses->abscess
D:abscessing->abscess
<query> tooth abscess</query><numhits>10</numhits><time>470</time>
</ATIREsearch>
<ATIREsearch>
D:barrett->barrett
D:s->s
D:esophagean->esophagus
D:esophagi->esophagus
D:esophagotomy->esophagus
D:esophagus->esophagus
<query> barrett s esophagus</query><numhits>10</numhits><time>2843</time>
</ATIREsearch>
<ATIREsearch>
D:teddies->teddy
D:teddy->teddy
D:teddys->teddy
Q:bears->bear
D:bear->bear
D:bearability->bear
D:bearable->bear
D:bearableness->bear
D:bearably->bear
D:beardom->bear
D:bearer->bear
D:bearers->bear
D:bearership->bear
D:bearess->bear
D:bearesses->bear
D:bearest->bear
D:beareth->bear
D:bearie->bear
D:bearies->bear
D:bearing->bear
D:bearinglike->bear
D:bearings->bear
D:bearish->bear
D:bearishly->bear
D:bearishness->bear
D:bearlet->bear
D:bearlike->bear
D:bearling->bear
D:bearlings->bear
D:bearly->bear
D:bearness->bear
D:bearproof->bear
D:bearproofed->bear
D:bearproofing->bear
D:bears->bear
D:bearship->bear
D:beary->bear
D:berth->bear
D:berthage->bear
D:berthed->bear
D:berthing->bear
D:berthings->bear
D:berths->bear
<query> teddy bears</query><numhits>10</numhits><time>814</time>
</ATIREsearch>
<ATIREsearch>
D:patron->patron
D:patronage->patron
D:patronaged->patron
D:patronages->patron
D:patronaging->patron
D:patrondom->patron
D:patroned->patron
D:patroness->patron
D:patronessed->patron
D:patronesses->patron
D:patroning->patron
D:patronise->patron
D:patronised->patron
D:patroniser->patron
D:patronisers->patron
D:patronising->patron
D:patronisingly->patron
D:patronization->patron
D:patronizations->patron
D:patronize->patron
D:patronized->patron
D:patronizer->patron
D:patronizers->patron
D:patronizing->patron
D:patronizingly->patron
D:patronly->patron
D:patrons->patron
D:patronship->patron
D:saint->saint
D:saintdom->saint
D:sainted->saint
D:saintess->saint
D:saintful->saint
D:sainthood->saint
D:sainthoods->saint
D:sainting->saint
D:saintish->saint
D:saintishly->saint
D:saintism->saint
D:saintlihood->saint
D:saintlike->saint
D:saintliness->saint
D:saintlinesses->saint
D:saintlings->saint
D:saintly->saint
D:saintology->saint
D:saints->saint
D:saintship->saint
D:saintships->saint
D:sainty->saint
D:of->of
D:ofer->of
D:ofers->of
D:ofs->of
D:mental->mental
D:mentalese->mental
D:mentaleses->mental
D:mentalisation->mental
D:mentalism->mental
D:mentalisms->mental
D:mentalist->mental
D:mentalistic->mental
D:mentalists->mental
D:mentalities->mental
D:mentality->mental
D:mentalization->mental
D:mentalizations->mental
D:mentalize->mental
D:mentalized->mental
D:mentalizing->mental
D:mentally->mental
D:mentals->mental
Q:illness->ill
D:ill->ill
D:illed->ill
D:illing->ill
D:illish->ill
D:illness->ill
D:illnesses->ill
D:ills->ill
D:illsome->ill
D:illth->ill
D:illy->ill
<query> patron saint of mental illness</query><numhits>10</numhits><time>4798</time>
</ATIREsearch>
<ATIREsearch>
Q:holes->hole
D:hole->hole
D:holeable->hole
D:holed->hole
D:holeful->hole
D:holelike->hole
D:holeproof->hole
D:holer->hole
D:holers->hole
D:holes->hole
D:holey->hole
D:holing->hole
D:holings->hole
D:holk->hole
D:holked->hole
D:holking->hole
D:holks->hole
D:holon->hole
D:holonic->hole
D:holons->hole
D:by->by
D:bys->by
D:louis->louis
D:louises->louis
D:sachar->sachar
<query> holes by louis sachar</query><numhits>10</numhits><time>3431</time>
</ATIREsearch>
<ATIREsearch>
D:hip->hip
D:hipdom->hip
D:hipification->hip
D:hiply->hip
D:hipness->hip
D:hipnesses->hip
D:hipped->hip
D:hipper->hip
D:hippers->hip
D:hipping->hip
D:hips->hip
D:hipster->hip
D:hipsterdom->hip
D:hipstered->hip
D:hipsterfication->hip
D:hipsterfy->hip
D:hipsterfying->hip
D:hipsterific->hip
D:hipstering->hip
D:hipsterish->hip
D:hipsterishly->hip
D:hipsterism->hip
D:hipsterisms->hip
D:hipsterization->hip
D:hipsterly->hip
D:hipsters->hip
D:hipstery->hip
D:hiptards->hip
D:roof->roof
D:roofer->roof
D:roofers->roof
D:roofing->roof
D:roofings->roof
D:rooflet->roof
D:rooflets->roof
D:rooflike->roof
D:roofs->roof
D:roofscape->roof
D:roofscapes->roof
D:roofward->roof
D:roofy->roof
D:rooves->roof
<query> hip roof</query><numhits>10</numhits><time>680</time>
</ATIREsearch>
<ATIREsearch>
D:carpenter->carpenter
D:carpentered->carpenter
D:carpentering->carpenter
D:carpenterly->carpenter
D:carpenters->carpenter
D:carpenting->carpenter
D:carpentress->carpenter
D:bee->bee
D:beedom->bee
D:beehood->bee
D:beeish->bee
D:beekind->bee
D:beelike->bee
D:beeling->bee
D:beelings->bee
D:beely->bee
D:beemageddon->bee
D:beeman->bee
D:beemen->bee
D:been->bee
D:beepocalypse->bee
D:bees->bee
D:beeswax->bee
D:beeswaxed->bee
D:beeswaxes->bee
D:beeswaxing->bee
D:beey->bee
<query> carpenter bee</query><numhits>10</numhits><time>1519</time>
</ATIREsearch>
<ATIREsearch>
D:the->the
Q:american->america
D:america->america
D:american->america
D:americana->america
D:americanesque->america
D:americaness->america
D:americanian->america
D:americanisation->america
D:americanisations->america
D:americanise->america
D:americanised->america
D:americaniser->america
D:americanising->america
D:americanism->america
D:americanisms->america
D:americanist->america
D:americanistic->america
D:americanists->america
D:americanitis->america
D:americanization->america
D:americanizations->america
D:americanize->america
D:americanized->america
D:americanizer->america
D:americanizers->america
D:americanizing->america
D:americanly->america
D:americanness->america
D:americanocentric->america
D:americanoid->america
D:americanophobe->america
D:americanophobia->america
D:americansky->america
D:americentric->america
Q:revolutionary->revolution
D:revolution->revolution
D:revolutional->revolution
D:revolutionalise->revolution
D:revolutionalised->revolution
D:revolutionalising->revolution
D:revolutionalize->revolution
D:revolutionalized->revolution
D:revolutionalizing->revolution
D:revolutionally->revolution
D:revolutionaries->revolution
D:revolutionarily->revolution
D:revolutionariness->revolution
D:revolutionary->revolution
D:revolutioneers->revolution
D:revolutioner->revolution
D:revolutioners->revolution
D:revolutionise->revolution
D:revolutionised->revolution
D:revolutioniser->revolution
D:revolutionising->revolution
D:revolutionism->revolution
D:revolutionist->revolution
D:revolutionists->revolution
D:revolutionize->revolution
D:revolutionized->revolution
D:revolutionizer->revolution
D:revolutionizers->revolution
D:revolutionizing->revolution
D:revolutions->revolution
<query> the american revolutionary</query><numhits>10</numhits><time>5448</time>
</ATIREsearch>
<ATIREsearch>
D:folk->folk
D:folker->folk
D:folkers->folk
D:folkie->folk
D:folkies->folk
D:folkiness->folk
D:folkish->folk
D:folkishly->folk
D:folkishness->folk
D:folklike->folk
D:folkly->folk
D:folknik->folk
D:folkniks->folk
D:folks->folk
D:folksily->folk
D:folksiness->folk
D:folkster->folk
D:folksters->folk
D:folksy->folk
D:folky->folk
Q:remedies->remedy
D:remedied->remedy
D:remedies->remedy
D:remedy->remedy
D:remedying->remedy
D:sorance->sore
D:sore->sore
D:sorely->sore
D:soreness->sore
D:sorenesses->sore
D:sores->sore
D:soring->sore
D:throat->throat
D:throatal->throat
D:throated->throat
D:throater->throat
D:throaters->throat
D:throatful->throat
D:throatfuls->throat
D:throatily->throat
D:throatiness->throat
D:throating->throat
D:throatlet->throat
D:throats->throat
D:throaty->throat
D:throttle->throat
D:throttleable->throat
D:throttled->throat
D:throttler->throat
D:throttlers->throat
D:throttles->throat
D:throttling->throat
D:throttlings->throat
<query> folk remedies sore throat</query><numhits>10</numhits><time>1386</time>
</ATIREsearch>
<ATIREsearch>
Q:balding->bald
D:bald->bald
D:balded->bald
D:balden->bald
D:baldie->bald
D:baldies->bald
D:balding->bald
D:baldish->bald
D:baldists->bald
D:baldly->bald
D:baldness->bald
D:baldnesses->bald
D:balds->bald
D:baldy->bald
D:curability->cure
D:cure->cure
D:curebie->cure
D:curebies->cure
D:cured->cure
D:curehead->cure
D:cureheads->cure
D:curer->cure
D:curers->cure
D:cures->cure
D:curest->cure
D:cureth->cure
D:curing->cure
D:curings->cure
<query> balding cure</query><numhits>10</numhits><time>601</time>
</ATIREsearch>
<ATIREsearch>
D:evidence->evidence
D:evidenced->evidence
D:evidencer->evidence
D:evidences->evidence
D:evidenceth->evidence
D:evidencing->evidence
D:for->for
D:evolution->evolution
D:evolutional->evolution
D:evolutionally->evolution
D:evolutionarily->evolution
D:evolutionary->evolution
D:evolutionise->evolution
D:evolutionism->evolution
D:evolutionisms->evolution
D:evolutionist->evolution
D:evolutionistic->evolution
D:evolutionistically->evolution
D:evolutionists->evolution
D:evolutionize->evolution
D:evolutions->evolution
D:evotards->evolution
<query> evidence for evolution</query><numhits>10</numhits><time>3295</time>
</ATIREsearch>
<ATIREsearch>
D:tribal->tribe
D:tribalesque->tribe
D:tribalism->tribe
D:tribalisms->tribe
D:tribalist->tribe
D:tribalistic->tribe
D:tribalists->tribe
D:tribality->tribe
D:tribalization->tribe
D:tribalize->tribe
D:tribalized->tribe
D:tribalizing->tribe
D:tribally->tribe
D:tribals->tribe
D:tribe->tribe
D:tribed->tribe
D:tribelet->tribe
D:tribelets->tribe
D:tribelike->tribe
D:tribes->tribe
D:tribesman->tribe
D:tribesmen->tribe
D:tribespeople->tribe
D:tribespeoples->tribe
D:tribesperson->tribe
D:tribespersons->tribe
D:tribeswoman->tribe
D:tribeswomen->tribe
D:tribing->tribe
Q:formerly->form
D:form->form
D:formabilities->form
D:formability->form
D:formable->form
D:formation->form
D:formational->form
D:formations->form
D:formed->form
D:formedness->form
D:former->form
D:formerly->form
D:formerness->form
D:formers->form
D:formest->form
D:formeth->form
D:formful->form
D:formfulness->form
D:forming->form
D:formings->form
D:formlike->form
D:forms->form
Q:living->live
D:livability->live
D:livable->live
D:livableness->live
D:livably->live
D:live->live
D:liveabilities->live
D:liveability->live
D:livecast->live
D:livecasted->live
D:livecasting->live
D:livecasts->live
D:lived->live
D:liven->live
D:livened->live
D:livener->live
D:liveners->live
D:liveness->live
D:livenesses->live
D:livening->live
D:liver->live
D:livered->live
D:liveried->live
D:liveries->live
D:livering->live
D:liverish->live
D:liverishness->live
D:liverlike->live
D:livers->live
D:livery->live
D:liveryman->live
D:liverymen->live
D:livest->live
D:liveth->live
D:liveware->live
D:livin->live
D:living->live
D:livingly->live
D:livingness->live
D:livings->live
D:livity->live
D:in->in
D:inly->in
D:innage->in
D:innages->in
D:inness->in
D:innie->in
D:innies->in
D:ins->in
D:inscape->in
D:inscapes->in
D:inss->in
D:inward->in
D:inwardly->in
D:inwardmost->in
D:inwardness->in
D:inwards->in
D:alabama->alabama
D:alabaman->alabama
D:alabamans->alabama
D:alabamian->alabama
D:alabamians->alabama
D:alabamine->alabama
D:alabamium->alabama
<query> tribe formerly living in alabama</query><numhits>10</numhits><time>5662</time>
</ATIREsearch>
<ATIREsearch>
D:tornadic->tornado
D:tornado->tornado
D:tornadoes->tornado
D:tornadoesque->tornado
D:tornadoproof->tornado
D:tornados->tornado
<query> f5 tornado</query><numhits>10</numhits><time>262</time>
</ATIREsearch>
<ATIREsearch>
Q:symptoms->symptom
D:symptom->symptom
D:symptomatic->symptom
D:symptomatically->symptom
D:symptomaticity->symptom
D:symptomatics->symptom
D:symptomize->symptom
D:symptomized->symptom
D:symptomizing->symptom
D:symptomological->symptom
D:symptomologies->symptom
D:symptomology->symptom
D:symptoms->symptom
D:of->of
D:ofer->of
D:ofers->of
D:ofs->of
D:heart->heart
D:hearted->heart
D:heartedly->heart
D:heartedness->heart
D:heartednesses->heart
D:hearten->heart
D:heartened->heart
D:heartener->heart
D:hearteners->heart
D:heartening->heart
D:hearteningly->heart
D:heartful->heart
D:heartfully->heart
D:heartfulness->heart
D:heartfuls->heart
D:heartical->heart
D:hearties->heart
D:heartily->heart
D:heartiness->heart
D:heartinesses->heart
D:hearting->heart
D:heartings->heart
D:heartlet->heart
D:heartlets->heart
D:heartlike->heart
D:heartliness->heart
D:heartling->heart
D:heartly->heart
D:heartman->heart
D:heartmate->heart
D:heartmates->heart
D:heartmen->heart
D:hearts->heart
D:heartscape->heart
D:heartscapes->heart
D:heartsease->heart
D:heartseases->heart
D:heartsette->heart
D:heartsome->heart
D:heartsomely->heart
D:heartsomeness->heart
D:heartworthy->heart
D:hearty->heart
D:attack->attack
D:attackable->attack
D:attacked->attack
D:attackee->attack
D:attackees->attack
D:attacker->attack
D:attackers->attack
D:attackest->attack
D:attacketh->attack
D:attacking->attack
D:attackman->attack
D:attackmen->attack
D:attacks->attack
D:attackt->attack
<query> symptoms of heart attack</query><numhits>10</numhits><time>4579</time>
</ATIREsearch>
<ATIREsearch>
D:feliz->feliz
D:navidad->navidad
Q:lyrics->lyre
D:lyre->lyre
D:lyres->lyre
D:lyric->lyre
D:lyrical->lyre
D:lyrically->lyre
D:lyricalness->lyre
D:lyricism->lyre
D:lyricisms->lyre
D:lyricist->lyre
D:lyricists->lyre
D:lyricization->lyre
D:lyricize->lyre
D:lyricized->lyre
D:lyricizing->lyre
D:lyrics->lyre
D:lyriferous->lyre
D:lyriform->lyre
D:lyrism->lyre
D:lyrist->lyre
D:lyrists->lyre
<query> feliz navidad lyrics</query><numhits>10</numhits><time>649</time>
</ATIREsearch>
<ATIREsearch>
Q:benefits->benefit
D:benefit->benefit
D:benefitable->benefit
D:benefited->benefit
D:benefiter->benefit
D:benefiters->benefit
D:benefitest->benefit
D:benefiteth->benefit
D:benefiting->benefit
D:benefits->benefit
D:benefitting->benefit
D:of->of
D:ofer->of
D:ofers->of
D:ofs->of
Q:running->run
D:run->run
D:runaholic->run
D:runaholics->run
D:runathon->run
D:runathons->run
D:runlet->run
D:runlets->run
D:runman->run
D:runmen->run
D:runnable->run
D:runned->run
D:runnel->run
D:runneled->run
D:runneling->run
D:runnelled->run
D:runnelling->run
D:runnels->run
D:runner->run
D:runners->run
D:runnest->run
D:runneth->run
D:runniness->run
D:running->run
D:runningly->run
D:runnings->run
D:runny->run
D:runproof->run
D:runs->run
<query> benefits of running</query><numhits>10</numhits><time>4480</time>
</ATIREsearch>
<ATIREsearch>
D:marshall->marshall
D:marshallese->marshall
D:marshallian->marshall
D:marshalls->marshall
D:marshally->marshall
D:countian->county
D:countians->county
D:counties->county
D:county->county
D:countyhood->county
D:countylike->county
D:countywide->county
Q:schools->school
D:scholar->school
D:scholardom->school
D:scholared->school
D:scholarhood->school
D:scholarism->school
D:scholarlike->school
D:scholarliness->school
D:scholarly->school
D:scholars->school
D:scholarship->school
D:scholarshipped->school
D:scholarshipping->school
D:scholarships->school
D:school->school
D:schoolable->school
D:schooldom->school
D:schooled->school
D:schooler->school
D:schoolers->school
D:schoolery->school
D:schoolful->school
D:schoolie->school
D:schoolies->school
D:schooling->school
D:schoolings->school
D:schoolish->school
D:schoolishness->school
D:schoolitis->school
D:schoolman->school
D:schoolmate->school
D:schoolmates->school
D:schoolmen->school
D:schoolpeople->school
D:schoolperson->school
D:schoolphobia->school
D:schools->school
D:schoolscape->school
D:schoolscapes->school
D:schoolward->school
D:schoolwear->school
D:schoolwide->school
D:schoolwise->school
D:schooly->school
<query> marshall county schools</query><numhits>10</numhits><time>2394</time>
</ATIREsearch>
<ATIREsearch>
D:sun->sun
D:sunhood->sun
D:sunhoods->sun
D:sunland->sun
D:sunlands->sun
D:sunlike->sun
D:sunly->sun
D:sunned->sun
D:sunnies->sun
D:sunnily->sun
D:sunniness->sun
D:sunning->sun
D:sunnish->sun
D:sunny->sun
D:sunproof->sun
D:suns->sun
D:sunward->sun
D:sunwards->sun
D:sunways->sun
D:sunwear->sun
D:sunwise->sun
D:tzu->tzu
<query> sun tzu</query><numhits>10</numhits><time>754</time>
</ATIREsearch>
<ATIREsearch>
D:halloween->halloween
D:halloweener->halloween
D:halloweeners->halloween
D:halloweens->halloween
Q:activities->act
D:act->act
D:actabilities->act
D:actability->act
D:actable->act
D:actant->act
D:actants->act
D:acted->act
D:acteme->act
D:actemes->act
D:acter->act
D:acters->act
D:actest->act
D:acteth->act
D:actimetry->act
D:action->act
D:actionability->act
D:actionable->act
D:actionably->act
D:actional->act
D:actionality->act
D:actioned->act
D:actionee->act
D:actionees->act
D:actioner->act
D:actioners->act
D:actionfest->act
D:actioning->act
D:actionism->act
D:actionist->act
D:actionists->act
D:actionize->act
D:actionized->act
D:actionizing->act
D:actionlet->act
D:actionlike->act
D:actionness->act
D:actions->act
D:actiony->act
D:actious->act
D:activable->act
D:activase->act
D:activatable->act
D:activate->act
D:activated->act
D:activater->act
D:activaters->act
D:activating->act
D:activator->act
D:activators->act
D:active->act
D:actively->act
D:activeness->act
D:activenesses->act
D:actives->act
D:activewear->act
D:activism->act
D:activisms->act
D:activist->act
D:activistic->act
D:activists->act
D:activities->act
D:activity->act
D:activize->act
D:activized->act
D:activizing->act
D:actometry->act
D:actor->act
D:actoress->act
D:actoresses->act
D:actorial->act
D:actorine->act
D:actorines->act
D:actorish->act
D:actorlike->act
D:actorly->act
D:actorness->act
D:actors->act
D:actorship->act
D:actory->act
D:actress->act
D:actresses->act
D:actressy->act
D:acts->act
D:for->for
D:middle->middle
D:middled->middle
D:middlemost->middle
D:middleness->middle
D:middlepeople->middle
D:middleperson->middle
D:middlepersons->middle
D:middler->middle
D:middlers->middle
D:middles->middle
D:middleware->middle
D:middlewares->middle
D:middling->middle
D:middlingish->middle
D:middlingly->middle
D:middlingness->middle
D:middlings->middle
D:middlish->middle
D:midlings->middle
D:scholar->school
D:scholardom->school
D:scholared->school
D:scholarhood->school
D:scholarism->school
D:scholarlike->school
D:scholarliness->school
D:scholarly->school
D:scholars->school
D:scholarship->school
D:scholarshipped->school
D:scholarshipping->school
D:scholarships->school
D:school->school
D:schoolable->school
D:schooldom->school
D:schooled->school
D:schooler->school
D:schoolers->school
D:schoolery->school
D:schoolful->school
D:schoolie->school
D:schoolies->school
D:schooling->school
D:schoolings->school
D:schoolish->school
D:schoolishness->school
D:schoolitis->school
D:schoolman->school
D:schoolmate->school
D:schoolmates->school
D:schoolmen->school
D:schoolpeople->school
D:schoolperson->school
D:schoolphobia->school
D:schools->school
D:schoolscape->school
D:schoolscapes->school
D:schoolward->school
D:schoolwear->school
D:schoolwide->school
D:schoolwise->school
D:schooly->school
<query> halloween activities for middle school</query><numhits>10</numhits><time>5561</time>
</ATIREsearch>
<ATIREsearch>
D:dreams->dreams
Q:interpretation->interpret
D:interpret->interpret
D:interpretabilities->interpret
D:interpretability->interpret
D:interpretable->interpret
D:interpretableness->interpret
D:interpretably->interpret
D:interpretation->interpret
D:interpretational->interpret
D:interpretationally->interpret
D:interpretationism->interpret
D:interpretationist->interpret
D:interpretationists->interpret
D:interpretations->interpret
D:interpreted->interpret
D:interpreting->interpret
D:interpretings->interpret
D:interpretory->interpret
D:interpretted->interpret
D:interpretting->interpret
<query> dreams interpretation</query><numhits>10</numhits><time>745</time>
</ATIREsearch>
<ATIREsearch>
D:wilson->wilson
D:wilsonian->wilson
D:wilsonianism->wilson
D:s->s
D:disease->disease
D:diseased->disease
D:diseasedly->disease
D:diseasedness->disease
D:diseaseful->disease
D:diseaselike->disease
D:diseasement->disease
D:diseases->disease
D:diseaseth->disease
D:diseasing->disease
D:diseasome->disease
<query> wilson s disease</query><numhits>10</numhits><time>3109</time>
</ATIREsearch>
<ATIREsearch>
D:golf->golf
D:golfaholic->golf
D:golfaholics->golf
D:golfdom->golf
D:golfed->golf
D:golfer->golf
D:golfers->golf
D:golfiana->golf
D:golfing->golf
D:golfings->golf
D:golflike->golf
D:golfspeak->golf
D:golfwear->golf
D:golfwise->golf
D:golfy->golf
Q:instruction->instruct
D:instruct->instruct
D:instructability->instruct
D:instructable->instruct
D:instructed->instruct
D:instructee->instruct
D:instructees->instruct
D:instructer->instruct
D:instructers->instruct
D:instructest->instruct
D:instructeth->instruct
D:instructible->instruct
D:instructing->instruct
D:instruction->instruct
D:instructional->instruct
D:instructionally->instruct
D:instructionals->instruct
D:instructions->instruct
D:instructive->instruct
D:instructively->instruct
D:instructiveness->instruct
D:instructives->instruct
D:instructory->instruct
<query> golf instruction</query><numhits>10</numhits><time>904</time>
</ATIREsearch>
<ATIREsearch>
Q:uss->us
D:us->us
D:usian->us
D:usians->us
D:usie->us
D:usies->us
D:usness->us
D:uss->us
D:usself->us
D:ussie->us
D:ussies->us
D:usward->us
D:cole->cole
D:coles->cole
<query> uss cole</query><numhits>10</numhits><time>2007</time>
</ATIREsearch>
<ATIREsearch>
D:how->how
D:howness->how
D:hows->how
Q:has->have
D:had->have
D:haeing->have
D:has->have
D:hast->have
D:hath->have
D:havable->have
D:have->have
D:haveing->have
D:haver->have
D:havered->have
D:havering->have
D:havers->have
D:haversian->have
D:havest->have
D:having->have
D:havingness->have
D:havings->have
D:african->african
D:africanesque->african
D:africaness->african
D:africanisation->african
D:africanish->african
D:africanism->african
D:africanisms->african
D:africanist->african
D:africanistic->african
D:africanists->african
D:africanity->african
D:africanization->african
D:africanizations->african
D:africanize->african
D:africanized->african
D:africanizing->african
D:africanness->african
D:africanoid->african
D:africans->african
Q:american->america
D:america->america
D:american->america
D:americana->america
D:americanesque->america
D:americaness->america
D:americanian->america
D:americanisation->america
D:americanisations->america
D:americanise->america
D:americanised->america
D:americaniser->america
D:americanising->america
D:americanism->america
D:americanisms->america
D:americanist->america
D:americanistic->america
D:americanists->america
D:americanitis->america
D:americanization->america
D:americanizations->america
D:americanize->america
D:americanized->america
D:americanizer->america
D:americanizers->america
D:americanizing->america
D:americanly->america
D:americanness->america
D:americanocentric->america
D:americanoid->america
D:americanophobe->america
D:americanophobia->america
D:americansky->america
D:americentric->america
Q:music->muse
D:musal->muse
D:muse->muse
D:mused->muse
D:museful->muse
D:musefully->muse
D:musefulness->muse
D:muselike->muse
D:muser->muse
D:musers->muse
D:muses->muse
D:musest->muse
D:museth->muse
D:music->muse
D:musicaholic->muse
D:musical->muse
D:musicalise->muse
D:musicalised->muse
D:musicalising->muse
D:musicalities->muse
D:musicality->muse
D:musicalization->muse
D:musicalizations->muse
D:musicalize->muse
D:musicalized->muse
D:musicalizing->muse
D:musically->muse
D:musicalness->muse
D:musicals->muse
D:musicaster->muse
D:musicasters->muse
D:musician->muse
D:musicianer->muse
D:musicianers->muse
D:musicianly->muse
D:musicians->muse
D:musicianship->muse
D:musicianships->muse
D:musicing->muse
D:musicked->muse
D:musicker->muse
D:musickers->muse
D:musicking->muse
D:musiclike->muse
D:musicness->muse
D:musicographer->muse
D:musicographers->muse
D:musicography->muse
D:musicologic->muse
D:musicologies->muse
D:musicologist->muse
D:musicologists->muse
D:musicology->muse
D:musicophile->muse
D:musicophiles->muse
D:musics->muse
D:musicscape->muse
D:musicscapes->muse
D:musing->muse
D:musingly->muse
D:musings->muse
D:muso->muse
D:musos->muse
D:influence->influence
D:influenceability->influence
D:influenceable->influence
D:influenced->influence
D:influencee->influence
D:influencees->influence
D:influencer->influence
D:influencers->influence
D:influences->influence
D:influenceth->influence
D:influencing->influence
D:influencings->influence
D:influencive->influence
D:influential->influence
D:influentiality->influence
D:influentially->influence
D:influentialness->influence
D:influentials->influence
D:historiaster->history
D:historicide->history
D:historied->history
D:histories->history
D:historified->history
D:historify->history
D:historifying->history
D:historiology->history
D:historize->history
D:historized->history
D:historizing->history
D:history->history
D:historying->history
D:historylike->history
D:historywise->history
<query> how has african american music influence history</query><numhits>10</numhits><time>6755</time>
</ATIREsearch>
<ATIREsearch>
Q:bewitched->bewitch
D:bewitch->bewitch
D:bewitched->bewitch
D:bewitchedness->bewitch
D:bewitcher->bewitch
D:bewitcheries->bewitch
D:bewitchers->bewitch
D:bewitchery->bewitch
D:bewitchest->bewitch
D:bewitcheth->bewitch
D:bewitchful->bewitch
D:bewitching->bewitch
D:bewitchingly->bewitch
D:bewitchings->bewitch
D:bewitchment->bewitch
D:bewitchments->bewitch
D:cast->cast
D:castabilities->cast
D:castability->cast
D:castable->cast
D:castables->cast
D:casted->cast
D:casten->cast
D:caster->cast
D:castered->cast
D:castering->cast
D:casters->cast
D:casteth->cast
D:castful->cast
D:casting->cast
D:castings->cast
D:castling->cast
D:castlings->cast
D:castmate->cast
D:castmates->cast
D:castor->cast
D:castored->cast
D:castorin->cast
D:castoring->cast
D:castorite->cast
D:castors->cast
D:casts->cast
<query> bewitched cast</query><numhits>10</numhits><time>783</time>
</ATIREsearch>
<ATIREsearch>
Q:mister->mist
D:mist->mist
D:misted->mist
D:mister->mist
D:mistered->mist
D:mistering->mist
D:misters->mist
D:mistful->mist
D:mistified->mist
D:mistify->mist
D:mistifying->mist
D:mistily->mist
D:mistiness->mist
D:mistinesses->mist
D:misting->mist
D:mistings->mist
D:mistlike->mist
D:mistress->mist
D:mistressdom->mist
D:mistressed->mist
D:mistresses->mist
D:mistresshood->mist
D:mistressing->mist
D:mistressly->mist
D:mistressship->mist
D:mistressy->mist
D:mists->mist
D:misty->mist
D:mistyish->mist
D:rogers->rogers
<query> mister rogers</query><numhits>10</numhits><time>619</time>
</ATIREsearch>
<ATIREsearch>
D:gamble->game
D:gambled->game
D:gambler->game
D:gamblers->game
D:gambles->game
D:gamblesome->game
D:gamblest->game
D:gambling->game
D:gamblings->game
D:game->game
D:gameable->game
D:gamebot->game
D:gamebots->game
D:gamecraft->game
D:gamed->game
D:gameful->game
D:gamelike->game
D:gamely->game
D:gameness->game
D:gameography->game
D:gamer->game
D:gamers->game
D:gamery->game
D:games->game
D:gamescape->game
D:gamescapes->game
D:gamesman->game
D:gamesmen->game
D:gamesome->game
D:gamesomely->game
D:gamesomeness->game
D:gamester->game
D:gamesters->game
D:gamestress->game
D:gamesy->game
D:gameverse->game
D:gameverses->game
D:gameware->game
D:gamewise->game
D:gamey->game
D:gamification->game
D:gamifications->game
D:gamified->game
D:gamify->game
D:gamifying->game
D:gaming->game
D:gamings->game
D:theoretic->theory
D:theoreticize->theory
D:theories->theory
D:theorist->theory
D:theorists->theory
D:theory->theory
D:theorycraft->theory
D:theorycrafted->theory
D:theorycrafting->theory
D:theoryhead->theory
D:theoryheads->theory
<query> game theory</query><numhits>10</numhits><time>1506</time>
</ATIREsearch>
<ATIREsearch>
D:view->view
D:viewability->view
D:viewable->view
D:viewably->view
D:viewed->view
D:viewer->view
D:viewers->view
D:viewership->view
D:viewerships->view
D:viewest->view
D:vieweth->view
D:viewful->view
D:viewiness->view
D:viewing->view
D:viewings->view
D:viewlet->view
D:viewlets->view
D:viewly->view
D:views->view
D:viewscape->view
D:viewscapes->view
D:viewship->view
D:viewsome->view
D:viewy->view
D:my->my
D:mys->my
D:internaut->internet
D:internauts->internet
D:internet->internet
D:internetable->internet
D:internetlike->internet
D:internets->internet
D:internetted->internet
D:internetter->internet
D:internetters->internet
D:internetting->internet
D:historiaster->history
D:historicide->history
D:historied->history
D:histories->history
D:historified->history
D:historify->history
D:historifying->history
D:historiology->history
D:historize->history
D:historized->history
D:historizing->history
D:history->history
D:historying->history
D:historylike->history
D:historywise->history
<query> view my internet history</query><numhits>10</numhits><time>4331</time>
</ATIREsearch>
<ATIREsearch>
D:ketogenic->ketogenic
D:diet->diet
D:dieted->diet
D:dieter->diet
D:dieters->diet
D:dietic->diet
D:dieting->diet
D:dietings->diet
D:dietist->diet
D:dietists->diet
D:dietitian->diet
D:dietitians->diet
D:dietologist->diet
D:dietologists->diet
D:dietology->diet
D:diets->diet
D:dietwise->diet
D:diety->diet
<query> ketogenic diet</query><numhits>10</numhits><time>628</time>
</ATIREsearch>
<ATIREsearch>
D:nasa->nasa
D:interplanetary->interplanetary
Q:missions->mission
D:mission->mission
D:missional->mission
D:missionality->mission
D:missionaries->mission
D:missionary->mission
D:missionarying->mission
D:missionaryism->mission
D:missionaryship->mission
D:missioned->mission
D:missioner->mission
D:missioners->mission
D:missioning->mission
D:missionise->mission
D:missionised->mission
D:missionising->mission
D:missionization->mission
D:missionizations->mission
D:missionize->mission
D:missionized->mission
D:missionizer->mission
D:missionizers->mission
D:missionizing->mission
D:missions->mission
<query> nasa interplanetary missions</query><numhits>10</numhits><time>1035</time>
</ATIREsearch>
<ATIREsearch>
Q:hayrides->hayride
D:hayride->hayride
D:hayrides->hayride
D:in->in
D:inly->in
D:innage->in
D:innages->in
D:inness->in
D:innie->in
D:innies->in
D:ins->in
D:inscape->in
D:inscapes->in
D:inss->in
D:inward->in
D:inwardly->in
D:inwardmost->in
D:inwardness->in
D:inwards->in
D:pa->pa
D:pas->pa
<query> hayrides in pa</query><numhits>10</numhits><time>3729</time>
</ATIREsearch>
<ATIREsearch>
D:where->where
D:whereness->where
D:wherenesses->where
D:wheres->where
D:to->to
D:tos->to
D:toss->to
D:tossable->to
D:tossed->to
D:tosser->to
D:tosserish->to
D:tossers->to
D:tosses->to
D:tossest->to
D:tosseth->to
D:tossily->to
D:tossing->to
D:tossings->to
D:tossment->to
D:tossy->to
D:tost->to
D:toward->to
D:towardliness->to
D:towardly->to
D:towardness->to
D:towardnesses->to
D:towards->to
D:find->find
D:findability->find
D:findable->find
D:finded->find
D:finder->find
D:finders->find
D:finderscope->find
D:finderscopes->find
D:findest->find
D:finding->find
D:findings->find
D:finds->find
D:morel->morel
D:morels->morel
Q:mushrooms->mushroom
D:mushie->mushroom
D:mushies->mushroom
D:mushroom->mushroom
D:mushroomburger->mushroom
D:mushroomburgers->mushroom
D:mushroomed->mushroom
D:mushroomer->mushroom
D:mushroomers->mushroom
D:mushroomic->mushroom
D:mushrooming->mushroom
D:mushroomlike->mushroom
D:mushroomoid->mushroom
D:mushrooms->mushroom
D:mushroomy->mushroom
<query> where to find morel mushrooms</query><numhits>10</numhits><time>6180</time>
</ATIREsearch>
<ATIREsearch>
D:magnesaemia->magnesium
D:magnesemia->magnesium
D:magnesemic->magnesium
D:magnesium->magnesium
D:magnesuria->magnesium
D:magniferous->magnesium
D:rich->rich
D:richdom->rich
D:riched->rich
D:richen->rich
D:richened->rich
D:richening->rich
D:richery->rich
D:richian->rich
D:riching->rich
D:richish->rich
D:richling->rich
D:richlings->rich
D:richly->rich
Q:foods->food
D:food->food
D:foodaholic->food
D:foodaholics->food
D:fooderies->food
D:foodery->food
D:foodfest->food
D:foodfests->food
D:foodful->food
D:foodgasm->food
D:foodgasms->food
D:foodie->food
D:foodies->food
D:foodism->food
D:foodist->food
D:foodista->food
D:foodistas->food
D:foodists->food
D:foodlike->food
D:foodomics->food
D:foodophile->food
D:foodophiles->food
D:foodpreneur->food
D:foodpreneurs->food
D:foods->food
D:foodscape->food
D:foodscapes->food
D:foodware->food
D:foodwares->food
D:foodwise->food
D:foody->food
D:foodyism->food
<query> magnesium rich foods</query><numhits>10</numhits><time>1419</time>
</ATIREsearch>
<ATIREsearch>
D:common->common
D:commonable->common
D:commoned->common
D:commoner->common
D:commoners->common
D:commonership->common
D:commoning->common
D:commonised->common
D:commonish->common
D:commonize->common
D:commonized->common
D:commonizing->common
D:commonly->common
D:commonness->common
D:commonnesses->common
D:commons->common
D:commonship->common
D:schizophrenese->schizophrenia
D:schizophrenia->schizophrenia
D:schizophrenialike->schizophrenia
D:schizophrenias->schizophrenia
D:schizophrenic->schizophrenia
D:schizophrenically->schizophrenia
D:schizophrenics->schizophrenia
D:schizophreniform->schizophrenia
D:schizophrenogenic->schizophrenia
Q:drugs->drug
D:drug->drug
D:drugability->drug
D:drugfree->drug
D:druggability->drug
D:druggable->drug
D:drugged->drug
D:drugger->drug
D:druggers->drug
D:druggie->drug
D:druggies->drug
D:druggily->drug
D:drugginess->drug
D:drugging->drug
D:druggings->drug
D:druggo->drug
D:druggos->drug
D:druggy->drug
D:drughead->drug
D:drugheads->drug
D:druglike->drug
D:druglikeness->drug
D:drugome->drug
D:drugproof->drug
D:drugs->drug
D:drugsploitation->drug
D:drugster->drug
D:drugsters->drug
<query> common schizophrenia drugs</query><numhits>10</numhits><time>1345</time>
</ATIREsearch>
<ATIREsearch>
D:carotid->carotid
D:carotidal->carotid
D:carotids->carotid
D:carotidynia->carotid
Q:cavernous->cavern
D:cavern->cavern
D:caverned->cavern
D:cavernicolous->cavern
D:caverning->cavern
D:cavernlike->cavern
D:cavernoma->cavern
D:cavernomas->cavern
D:cavernous->cavern
D:cavernously->cavern
D:caverns->cavern
D:fistula->fistula
D:fistulae->fistula
D:fistular->fistula
D:fistulas->fistula
D:fistulation->fistula
D:fistuliform->fistula
D:fistulization->fistula
D:fistulize->fistula
D:fistulized->fistula
D:fistulizing->fistula
D:fistulogram->fistula
D:fistulograms->fistula
D:fistulotomy->fistula
D:fistulous->fistula
Q:treatment->treat
D:treat->treat
D:treatability->treat
D:treatable->treat
D:treatableness->treat
D:treatably->treat
D:treated->treat
D:treater->treat
D:treaters->treat
D:treatest->treat
D:treateth->treat
D:treating->treat
D:treatings->treat
D:treatment->treat
D:treatments->treat
D:treats->treat
D:treature->treat
D:treatures->treat
<query> carotid cavernous fistula treatment</query><numhits>10</numhits><time>1413</time>
</ATIREsearch>
<ATIREsearch>
D:fidel->fidel
D:fidelism->fidel
D:castrism->castro
D:castrist->castro
D:castrists->castro
D:castro->castro
D:castroist->castro
D:castroists->castro
D:castroite->castro
D:castroites->castro
D:castrophile->castro
<query> fidel castro</query><numhits>10</numhits><time>523</time>
</ATIREsearch>
<ATIREsearch>
Q:benefits->benefit
D:benefit->benefit
D:benefitable->benefit
D:benefited->benefit
D:benefiter->benefit
D:benefiters->benefit
D:benefitest->benefit
D:benefiteth->benefit
D:benefiting->benefit
D:benefits->benefit
D:benefitting->benefit
D:of->of
D:ofer->of
D:ofers->of
D:ofs->of
D:yoga->yoga
D:yogaholic->yoga
D:yogaholics->yoga
D:yogalike->yoga
D:yogas->yoga
D:yogathon->yoga
D:yogathons->yoga
D:yogawear->yoga
D:yogic->yoga
D:yogically->yoga
D:yogism->yoga
<query> benefits of yoga</query><numhits>10</numhits><time>4044</time>
</ATIREsearch>
<ATIREsearch>
D:norway->norway
D:norwayan->norway
D:norwayans->norway
D:norways->norway
D:spruce->spruce
D:spruced->spruce
D:sprucely->spruce
D:sprucen->spruce
D:spruceness->spruce
D:sprucery->spruce
D:spruces->spruce
D:sprucifying->spruce
D:sprucing->spruce
D:sprucy->spruce
<query> norway spruce</query><numhits>10</numhits><time>557</time>
</ATIREsearch>
<ATIREsearch>
D:sangre->sangre
D:de->de
D:dein->de
D:des->de
D:dess->de
D:desses->de
D:cristo->cristo
Q:mountains->mountain
D:mountain->mountain
D:mountained->mountain
D:mountaineer->mountain
D:mountaineered->mountain
D:mountaineering->mountain
D:mountaineerings->mountain
D:mountaineers->mountain
D:mountainer->mountain
D:mountainers->mountain
D:mountainet->mountain
D:mountainlike->mountain
D:mountainous->mountain
D:mountainously->mountain
D:mountainousness->mountain
D:mountains->mountain
D:mountainscape->mountain
D:mountainscapes->mountain
D:mountainward->mountain
D:mountainwards->mountain
D:mountainy->mountain
<query> sangre de cristo mountains</query><numhits>10</numhits><time>1717</time>
</ATIREsearch>
<ATIREsearch>
D:historiaster->history
D:historicide->history
D:historied->history
D:histories->history
D:historified->history
D:historify->history
D:historifying->history
D:historiology->history
D:historize->history
D:historized->history
D:historizing->history
D:history->history
D:historying->history
D:historylike->history
D:historywise->history
D:of->of
D:ofer->of
D:ofers->of
D:ofs->of
D:the->the
Q:electronic->electron
D:electrino->electron
D:electron->electron
D:electronation->electron
D:electronic->electron
D:electronically->electron
D:electronicist->electron
D:electronicists->electron
D:electronicky->electron
D:electronics->electron
D:electronification->electron
D:electronified->electron
D:electronify->electron
D:electronifying->electron
D:electronize->electron
D:electronized->electron
D:electronizing->electron
D:electronlike->electron
D:electrons->electron
D:medical->medical
D:medicalese->medical
D:medicalisation->medical
D:medicalise->medical
D:medicalised->medical
D:medicalising->medical
D:medicalization->medical
D:medicalizations->medical
D:medicalize->medical
D:medicalized->medical
D:medicalizing->medical
D:medically->medical
D:medicals->medical
D:record->record
D:recordability->record
D:recordable->record
D:recorded->record
D:recordedness->record
D:recordee->record
D:recordees->record
D:recordest->record
D:recordeth->record
D:recording->record
D:recordings->record
D:recordist->record
D:recordists->record
D:recordlike->record
D:records->record
D:recordwise->record
<query> history of the electronic medical record</query><numhits>10</numhits><time>9747</time>
</ATIREsearch>
<ATIREsearch>
Q:educational->educate
D:educatability->educate
D:educatable->educate
D:educate->educate
D:educated->educate
D:educatedness->educate
D:educatee->educate
D:educatees->educate
D:educateth->educate
D:educating->educate
D:education->educate
D:educationable->educate
D:educational->educate
D:educationalism->educate
D:educationalist->educate
D:educationalists->educate
D:educationalize->educate
D:educationalized->educate
D:educationalizing->educate
D:educationally->educate
D:educationals->educate
D:educationese->educate
D:educationism->educate
D:educationist->educate
D:educationists->educate
D:educations->educate
D:educative->educate
D:educatively->educate
D:educator->educate
D:educatorese->educate
D:educators->educate
D:educatory->educate
D:educatress->educate
D:educologically->educate
D:educology->educate
D:eduspeak->educate
Q:advantages->advantage
D:advantage->advantage
D:advantageable->advantage
D:advantaged->advantage
D:advantageous->advantage
D:advantageousness->advantage
D:advantages->advantage
D:advantageth->advantage
D:advantaging->advantage
D:of->of
D:ofer->of
D:ofers->of
D:ofs->of
D:social->social
D:socialise->social
D:socialised->social
D:socialising->social
D:socialism->social
D:socialisms->social
D:socialist->social
D:socialistic->social
D:socialistically->social
D:socialists->social
D:socialite->social
D:socialites->social
D:socialities->social
D:sociality->social
D:socializable->social
D:socialization->social
D:socializations->social
D:socialize->social
D:socialized->social
D:socializee->social
D:socializees->social
D:socializer->social
D:socializers->social
D:socializing->social
D:socially->social
D:socialness->social
D:socialpreneur->social
D:socialpreneurs->social
D:socials->social
D:socialscape->social
D:socialscapes->social
D:socie->social
D:socies->social
Q:networking->network
D:network->network
D:networkability->network
D:networkable->network
D:networked->network
D:networker->network
D:networkers->network
D:networking->network
D:networkings->network
D:networks->network
D:networkwide->network
Q:sites->site
D:site->site
D:siteable->site
D:sited->site
D:sitelet->site
D:sitelets->site
D:sites->site
D:sitewide->site
D:sitewise->site
D:siting->site
D:sitings->site
<query> educational advantages of social networking sites</query><numhits>10</numhits><time>7338</time>
</ATIREsearch>
<ATIREsearch>
Q:flowering->flow
D:flow->flow
D:flowability->flow
D:flowable->flow
D:flowage->flow
D:flowages->flow
D:flowant->flow
D:flowed->flow
D:flowen->flow
D:flower->flow
D:flowerage->flow
D:flowered->flow
D:flowerer->flow
D:flowerers->flow
D:flowerest->flow
D:flowereth->flow
D:flowerful->flow
D:flowerily->flow
D:floweriness->flow
D:flowerinesses->flow
D:flowering->flow
D:flowerings->flow
D:flowerkind->flow
D:flowerlet->flow
D:flowerlets->flow
D:flowerlike->flow
D:flowerly->flow
D:flowerness->flow
D:flowers->flow
D:flowery->flow
D:flowest->flow
D:floweth->flow
D:flowgram->flow
D:flowgrams->flow
D:flowing->flow
D:flowingly->flow
D:flowingness->flow
D:flowings->flow
D:flowlike->flow
D:flowmeter->flow
D:flowmeters->flow
D:flowmetric->flow
D:flows->flow
D:flowy->flow
Q:plants->plant
D:plant->plant
D:plantable->plant
D:plantage->plant
D:plantages->plant
D:plantal->plant
D:plantar->plant
D:plantarly->plant
D:planted->plant
D:planter->plant
D:planters->plant
D:plantership->plant
D:plantest->plant
D:planteth->plant
D:planthood->plant
D:planting->plant
D:plantings->plant
D:plantivorous->plant
D:plantlet->plant
D:plantlets->plant
D:plantlike->plant
D:plantling->plant
D:plantlings->plant
D:plantly->plant
D:plantocracies->plant
D:plantocracy->plant
D:plants->plant
D:plantsman->plant
D:plantsmen->plant
D:plantswoman->plant
D:plantswomen->plant
D:plantwide->plant
D:plantwise->plant
<query> flowering plants</query><numhits>10</numhits><time>1029</time>
</ATIREsearch>
<ATIREsearch>
D:how->how
D:howness->how
D:hows->how
D:to->to
D:tos->to
D:toss->to
D:tossable->to
D:tossed->to
D:tosser->to
D:tosserish->to
D:tossers->to
D:tosses->to
D:tossest->to
D:tosseth->to
D:tossily->to
D:tossing->to
D:tossings->to
D:tossment->to
D:tossy->to
D:tost->to
D:toward->to
D:towardliness->to
D:towardly->to
D:towardness->to
D:towardnesses->to
D:towards->to
D:tie->tie
D:tied->tie
D:tieing->tie
D:tier->tie
D:tiered->tie
D:tiering->tie
D:tierlike->tie
D:tiers->tie
D:ties->tie
D:a->a
D:windsor->windsor
D:knot->knot
D:knotlike->knot
D:knots->knot
D:knottable->knot
D:knotter->knot
D:knotters->knot
D:knottily->knot
D:knottin->knot
D:knottiness->knot
D:knotting->knot
D:knottings->knot
D:knottins->knot
D:knottles->knot
D:knotty->knot
D:knotwork->knot
D:knotworks->knot
<query> how to tie a windsor knot</query><numhits>10</numhits><time>8581</time>
</ATIREsearch>
<ATIREsearch>
Q:recycling->recycle
D:recyclability->recycle
D:recyclable->recycle
D:recyclables->recycle
D:recyclate->recycle
D:recyclates->recycle
D:recycle->recycle
D:recyclebot->recycle
D:recyclebots->recycle
D:recycled->recycle
D:recycler->recycle
D:recyclers->recycle
D:recyclic->recycle
D:recycling->recycle
D:recyclings->recycle
D:recyclist->recycle
D:recyclists->recycle
D:lead->lead
D:leadable->lead
D:leaded->lead
D:leaden->lead
D:leadened->lead
D:leadening->lead
D:leadenly->lead
D:leadenness->lead
D:leader->lead
D:leaderesses->lead
D:leaderette->lead
D:leaderettes->lead
D:leaderfag->lead
D:leaderful->lead
D:leaderine->lead
D:leaderish->lead
D:leaderlike->lead
D:leaderly->lead
D:leaders->lead
D:leadership->lead
D:leaderships->lead
D:leadest->lead
D:leadfree->lead
D:leading->lead
D:leadingly->lead
D:leadings->lead
D:leadite->lead
D:leadlike->lead
D:leadman->lead
D:leadmen->lead
D:leads->lead
D:leady->lead
D:led->lead
D:leddest->lead
D:ledish->lead
D:leds->lead
D:acid->acid
D:acidaemia->acid
D:acidaemias->acid
D:acidaemic->acid
D:acidcore->acid
D:acidemia->acid
D:acidemias->acid
D:acidergic->acid
D:acidhead->acid
D:acidheads->acid
D:acidic->acid
D:acidifiable->acid
D:acidific->acid
D:acidified->acid
D:acidifier->acid
D:acidifiers->acid
D:acidify->acid
D:acidifying->acid
D:acidimeter->acid
D:acidimeters->acid
D:acidimetric->acid
D:acidimetrically->acid
D:acidimetries->acid
D:acidimetry->acid
D:acidise->acid
D:acidised->acid
D:acidities->acid
D:acidity->acid
D:acidization->acid
D:acidize->acid
D:acidized->acid
D:acidizer->acid
D:acidizing->acid
D:acidly->acid
D:acidness->acid
D:acidocyte->acid
D:acidogenesis->acid
D:acidogenic->acid
D:acidoid->acid
D:acidolysis->acid
D:acidometer->acid
D:acidophil->acid
D:acidophile->acid
D:acidophiles->acid
D:acidophilia->acid
D:acidophilic->acid
D:acidophils->acid
D:acidophyte->acid
D:acidopore->acid
D:acidoses->acid
D:acidosis->acid
D:acidotropic->acid
D:acidproof->acid
D:acids->acid
D:aciduria->acid
D:acidurias->acid
D:acidy->acid
Q:batteries->battery
D:batteried->battery
D:batteries->battery
D:battery->battery
D:batterylike->battery
<query> recycling lead acid batteries</query><numhits>10</numhits><time>2152</time>
</ATIREsearch>
<ATIREsearch>
D:altimetries->altitude
D:altimetry->altitude
D:altitude->altitude
D:altitudes->altitude
D:altitudinous->altitude
Q:sickness->sick
D:sick->sick
D:sicked->sick
D:sickees->sick
D:sicken->sick
D:sickened->sick
D:sickener->sick
D:sickeners->sick
D:sickeneth->sick
D:sickening->sick
D:sickeningly->sick
D:sickeningness->sick
D:sicker->sick
D:sickering->sick
D:sickerly->sick
D:sickerness->sick
D:sickie->sick
D:sickies->sick
D:sicking->sick
D:sickish->sick
D:sickishly->sick
D:sickishness->sick
D:sicklied->sick
D:sicklily->sick
D:sickliness->sick
D:sicklinesses->sick
D:sickly->sick
D:sickness->sick
D:sicknesses->sick
D:sicknik->sick
D:sickniks->sick
D:sicko->sick
D:sickoes->sick
D:sickopath->sick
D:sickos->sick
D:sicky->sick
<query> altitude sickness</query><numhits>10</numhits><time>636</time>
</ATIREsearch>
<ATIREsearch>
D:medical->medical
D:medicalese->medical
D:medicalisation->medical
D:medicalise->medical
D:medicalised->medical
D:medicalising->medical
D:medicalization->medical
D:medicalizations->medical
D:medicalize->medical
D:medicalized->medical
D:medicalizing->medical
D:medically->medical
D:medicals->medical
D:care->care
D:cared->care
D:carefree->care
D:carefreedom->care
D:carefreely->care
D:carefreeness->care
D:careful->care
D:carefully->care
D:carefulness->care
D:carefulnesses->care
D:caren->care
D:carer->care
D:carers->care
D:cares->care
D:caresome->care
D:careth->care
D:careware->care
D:caring->care
D:caringly->care
D:caringness->care
D:carings->care
D:carling->care
D:carlings->care
D:and->and
D:anded->and
D:anding->and
D:ands->and
D:jehovah->jehovah
D:jehovahs->jehovah
D:jehovian->jehovah
D:jehovians->jehovah
D:jehovic->jehovah
D:jehovie->jehovah
D:jehovies->jehovah
D:jehovism->jehovah
D:jehovist->jehovah
D:jehovists->jehovah
D:jehovy->jehovah
D:s->s
Q:witnesses->wit
D:wit->wit
D:witcraft->wit
D:witful->wit
D:witfully->wit
D:witfulness->wit
D:witlet->wit
D:witling->wit
D:witlings->wit
D:witness->wit
D:witnessable->wit
D:witnessdom->wit
D:witnessed->wit
D:witnesser->wit
D:witnessers->wit
D:witnesses->wit
D:witnesseth->wit
D:witnessing->wit
D:witnessings->wit
D:wits->wit
D:witsome->wit
D:witted->wit
D:wittedness->wit
D:witticaster->wit
D:witticism->wit
D:witticisms->wit
D:wittily->wit
D:wittiness->wit
D:wittinesses->wit
D:witting->wit
D:wittingly->wit
D:witty->wit
<query> medical care and jehovah s witnesses</query><numhits>10</numhits><time>7881</time>
</ATIREsearch>
<ATIREsearch>
D:pink->pink
D:pinked->pink
D:pinkeen->pink
D:pinken->pink
D:pinkened->pink
D:pinkening->pink
D:pinkies->pink
D:pinkification->pink
D:pinkiness->pink
D:pinking->pink
D:pinkish->pink
D:pinkishly->pink
D:pinkishness->pink
D:pinkly->pink
D:pinkness->pink
D:pinknesses->pink
D:pinko->pink
D:pinkoes->pink
D:pinkos->pink
D:pinks->pink
D:pinkwash->pink
D:pinkwashed->pink
D:pinkwashing->pink
D:pinky->pink
D:slime->slime
D:slimed->slime
D:slimes->slime
D:slimewad->slime
D:slimewads->slime
D:slimicide->slime
D:slimicides->slime
D:slimies->slime
D:slimily->slime
D:sliminess->slime
D:sliming->slime
D:slimings->slime
D:slimish->slime
D:slimy->slime
D:in->in
D:inly->in
D:innage->in
D:innages->in
D:inness->in
D:innie->in
D:innies->in
D:ins->in
D:inscape->in
D:inscapes->in
D:inss->in
D:inward->in
D:inwardly->in
D:inwardmost->in
D:inwardness->in
D:inwards->in
D:ground->ground
D:groundable->ground
D:groundage->ground
D:groundages->ground
D:groundation->ground
D:groundations->ground
D:grounded->ground
D:groundedly->ground
D:groundedness->ground
D:grounder->ground
D:grounders->ground
D:grounding->ground
D:groundings->ground
D:groundling->ground
D:groundlings->ground
D:groundly->ground
D:grounds->ground
D:groundsman->ground
D:groundsmen->ground
D:groundward->ground
D:groundwards->ground
D:groundy->ground
D:beef->beef
D:beefburger->beef
D:beefburgers->beef
D:beefed->beef
D:beefer->beef
D:beefers->beef
D:beefily->beef
D:beefiness->beef
D:beefing->beef
D:beefish->beef
D:beefs->beef
D:beefy->beef
D:beeves->beef
<query> pink slime in ground beef</query><numhits>10</numhits><time>4384</time>
</ATIREsearch>
<ATIREsearch>
D:how->how
D:howness->how
D:hows->how
D:to->to
D:tos->to
D:toss->to
D:tossable->to
D:tossed->to
D:tosser->to
D:tosserish->to
D:tossers->to
D:tosses->to
D:tossest->to
D:tosseth->to
D:tossily->to
D:tossing->to
D:tossings->to
D:tossment->to
D:tossy->to
D:tost->to
D:toward->to
D:towardliness->to
D:towardly->to
D:towardness->to
D:towardnesses->to
D:towards->to
D:find->find
D:findability->find
D:findable->find
D:finded->find
D:finder->find
D:finders->find
D:finderscope->find
D:finderscopes->find
D:findest->find
D:finding->find
D:findings->find
D:finds->find
D:the->the
D:mean->mean
D:meanable->mean
D:meaned->mean
D:meanie->mean
D:meanies->mean
D:meaning->mean
D:meaninged->mean
D:meaningful->mean
D:meaningfully->mean
D:meaningfulness->mean
D:meaningly->mean
D:meaningness->mean
D:meanings->mean
D:meanish->mean
D:meanling->mean
D:meanly->mean
D:meanness->mean
D:meannesses->mean
D:meanship->mean
D:meant->mean
D:meantest->mean
D:meany->mean
<query> how to find the mean</query><numhits>10</numhits><time>10696</time>
</ATIREsearch>
Total elapsed time including startup and shutdown 04:59.313 minutes
Kernel: 2.040 seconds
  User: 282.240 seconds
